id,category,level,text,answer1,answer2,answer3,answer4,answer5,correctAnswerIndex,hint
bio-l1-001,Biology,1,What is the basic unit of life?,Organ,Cell,Tissue,Atom,Molecule,1,Consider Biology principles at level 1
bio-l1-002,Biology,1,Which organ pumps blood?,Liver,Heart,Kidney,Brain,Lungs,1,Consider Biology principles at level 1
bio-l1-003,Biology,1,What do plants need for photosynthesis?,Only water,Only sunlight,Only CO2,Sunlight water and CO2,Only oxygen,3,Consider Biology principles at level 1
bio-l1-004,Biology,1,How many chromosomes do humans have?,23,46,92,12,24,1,Consider Biology principles at level 1
bio-l1-005,Biology,1,What is DNA?,A protein,A carbohydrate,Genetic material,An enzyme,A lipid,2,Consider Biology principles at level 1
bio-l1-006,Biology,1,What is the basic unit of life? (variation 1),Atom,Molecule,Cell,Tissue,Organ,2,Consider Biology principles at level 1
bio-l1-007,Biology,1,Which organ pumps blood? (variation 1),Liver,Heart,Kidney,Brain,Lungs,1,Consider Biology principles at level 1
bio-l1-008,Biology,1,What do plants need for photosynthesis? (variation 1),Only water,Only sunlight,Only CO2,Sunlight water and CO2,Only oxygen,3,Consider Biology principles at level 1
bio-l1-009,Biology,1,How many chromosomes do humans have? (variation 1),23,46,92,12,24,1,Consider Biology principles at level 1
bio-l1-010,Biology,1,What is DNA? (variation 1),A protein,A carbohydrate,Genetic material,An enzyme,A lipid,2,Consider Biology principles at level 1
bio-l1-011,Biology,1,What is the basic unit of life? (variation 2),Atom,Molecule,Cell,Tissue,Organ,2,Consider Biology principles at level 1
bio-l1-012,Biology,1,Which organ pumps blood? (variation 2),Liver,Heart,Kidney,Brain,Lungs,1,Consider Biology principles at level 1
bio-l1-013,Biology,1,What do plants need for photosynthesis? (variation 2),Only water,Only sunlight,Only CO2,Sunlight water and CO2,Only oxygen,3,Consider Biology principles at level 1
bio-l1-014,Biology,1,How many chromosomes do humans have? (variation 2),23,46,92,12,24,1,Consider Biology principles at level 1
bio-l1-015,Biology,1,What is DNA? (variation 2),A protein,A carbohydrate,Genetic material,An enzyme,A lipid,2,Consider Biology principles at level 1
bio-l1-016,Biology,1,What is the basic unit of life? (variation 3),Atom,Molecule,Cell,Tissue,Organ,2,Consider Biology principles at level 1
bio-l1-017,Biology,1,Which organ pumps blood? (variation 3),Liver,Heart,Kidney,Brain,Lungs,1,Consider Biology principles at level 1
bio-l1-018,Biology,1,What do plants need for photosynthesis? (variation 3),Only sunlight,Only oxygen,Sunlight water and CO2,Only water,Only CO2,2,Consider Biology principles at level 1
bio-l1-019,Biology,1,How many chromosomes do humans have? (variation 3),24,92,12,46,23,3,Consider Biology principles at level 1
bio-l1-020,Biology,1,What is DNA? (variation 3),A protein,A carbohydrate,Genetic material,An enzyme,A lipid,2,Consider Biology principles at level 1
bio-l1-021,Biology,1,What is the basic unit of life? (variation 4),Atom,Molecule,Cell,Tissue,Organ,2,Consider Biology principles at level 1
bio-l1-022,Biology,1,Which organ pumps blood? (variation 4),Liver,Heart,Kidney,Brain,Lungs,1,Consider Biology principles at level 1
bio-l1-023,Biology,1,What do plants need for photosynthesis? (variation 4),Only water,Only sunlight,Only CO2,Sunlight water and CO2,Only oxygen,3,Consider Biology principles at level 1
bio-l1-024,Biology,1,How many chromosomes do humans have? (variation 4),23,46,92,12,24,1,Consider Biology principles at level 1
bio-l1-025,Biology,1,What is DNA? (variation 4),A protein,A carbohydrate,Genetic material,An enzyme,A lipid,2,Consider Biology principles at level 1
bio-l1-026,Biology,1,What is the basic unit of life? (variation 5),Atom,Molecule,Cell,Tissue,Organ,2,Consider Biology principles at level 1
bio-l1-027,Biology,1,Which organ pumps blood? (variation 5),Brain,Liver,Kidney,Heart,Lungs,3,Consider Biology principles at level 1
bio-l1-028,Biology,1,What do plants need for photosynthesis? (variation 5),Only water,Only sunlight,Only CO2,Sunlight water and CO2,Only oxygen,3,Consider Biology principles at level 1
bio-l1-029,Biology,1,How many chromosomes do humans have? (variation 5),24,92,23,12,46,4,Consider Biology principles at level 1
bio-l1-030,Biology,1,What is DNA? (variation 5),A carbohydrate,A protein,Genetic material,An enzyme,A lipid,2,Consider Biology principles at level 1
bio-l1-031,Biology,1,What is the basic unit of life? (variation 6),Tissue,Atom,Cell,Organ,Molecule,2,Consider Biology principles at level 1
bio-l1-032,Biology,1,Which organ pumps blood? (variation 6),Lungs,Liver,Brain,Heart,Kidney,3,Consider Biology principles at level 1
bio-l1-033,Biology,1,What do plants need for photosynthesis? (variation 6),Only CO2,Only water,Only oxygen,Only sunlight,Sunlight water and CO2,4,Consider Biology principles at level 1
bio-l1-034,Biology,1,How many chromosomes do humans have? (variation 6),23,46,92,12,24,1,Consider Biology principles at level 1
bio-l1-035,Biology,1,What is DNA? (variation 6),A protein,A carbohydrate,Genetic material,An enzyme,A lipid,2,Consider Biology principles at level 1
bio-l1-036,Biology,1,What is the basic unit of life? (variation 7),Atom,Molecule,Cell,Tissue,Organ,2,Consider Biology principles at level 1
bio-l1-037,Biology,1,Which organ pumps blood? (variation 7),Liver,Heart,Kidney,Brain,Lungs,1,Consider Biology principles at level 1
bio-l1-038,Biology,1,What do plants need for photosynthesis? (variation 7),Only water,Only sunlight,Only CO2,Sunlight water and CO2,Only oxygen,3,Consider Biology principles at level 1
bio-l1-039,Biology,1,How many chromosomes do humans have? (variation 7),23,46,92,12,24,1,Consider Biology principles at level 1
bio-l1-040,Biology,1,What is DNA? (variation 7),A protein,A carbohydrate,Genetic material,An enzyme,A lipid,2,Consider Biology principles at level 1
bio-l1-041,Biology,1,What is the basic unit of life? (variation 8),Atom,Molecule,Cell,Tissue,Organ,2,Consider Biology principles at level 1
bio-l1-042,Biology,1,Which organ pumps blood? (variation 8),Liver,Heart,Kidney,Brain,Lungs,1,Consider Biology principles at level 1
bio-l1-043,Biology,1,What do plants need for photosynthesis? (variation 8),Sunlight water and CO2,Only oxygen,Only CO2,Only water,Only sunlight,0,Consider Biology principles at level 1
bio-l1-044,Biology,1,How many chromosomes do humans have? (variation 8),23,46,92,12,24,1,Consider Biology principles at level 1
bio-l1-045,Biology,1,What is DNA? (variation 8),A protein,A carbohydrate,Genetic material,An enzyme,A lipid,2,Consider Biology principles at level 1
bio-l1-046,Biology,1,What is the basic unit of life? (variation 9),Molecule,Cell,Organ,Atom,Tissue,1,Consider Biology principles at level 1
bio-l1-047,Biology,1,Which organ pumps blood? (variation 9),Liver,Heart,Kidney,Brain,Lungs,1,Consider Biology principles at level 1
bio-l1-048,Biology,1,What do plants need for photosynthesis? (variation 9),Only water,Only sunlight,Only CO2,Sunlight water and CO2,Only oxygen,3,Consider Biology principles at level 1
bio-l1-049,Biology,1,How many chromosomes do humans have? (variation 9),23,46,92,12,24,1,Consider Biology principles at level 1
bio-l1-050,Biology,1,What is DNA? (variation 9),A protein,A carbohydrate,Genetic material,An enzyme,A lipid,2,Consider Biology principles at level 1
bio-l1-051,Biology,1,What is the basic unit of life? (variation 10),Organ,Molecule,Atom,Cell,Tissue,3,Consider Biology principles at level 1
bio-l1-052,Biology,1,Which organ pumps blood? (variation 10),Liver,Heart,Kidney,Brain,Lungs,1,Consider Biology principles at level 1
bio-l1-053,Biology,1,What do plants need for photosynthesis? (variation 10),Only water,Only sunlight,Only CO2,Sunlight water and CO2,Only oxygen,3,Consider Biology principles at level 1
bio-l1-054,Biology,1,How many chromosomes do humans have? (variation 10),23,46,92,12,24,1,Consider Biology principles at level 1
bio-l1-055,Biology,1,What is DNA? (variation 10),An enzyme,Genetic material,A protein,A carbohydrate,A lipid,1,Consider Biology principles at level 1
bio-l1-056,Biology,1,What is the basic unit of life? (variation 11),Atom,Molecule,Cell,Tissue,Organ,2,Consider Biology principles at level 1
bio-l1-057,Biology,1,Which organ pumps blood? (variation 11),Liver,Heart,Kidney,Brain,Lungs,1,Consider Biology principles at level 1
bio-l1-058,Biology,1,What do plants need for photosynthesis? (variation 11),Only water,Only sunlight,Only CO2,Sunlight water and CO2,Only oxygen,3,Consider Biology principles at level 1
bio-l1-059,Biology,1,How many chromosomes do humans have? (variation 11),23,46,92,12,24,1,Consider Biology principles at level 1
bio-l1-060,Biology,1,What is DNA? (variation 11),A protein,A carbohydrate,Genetic material,An enzyme,A lipid,2,Consider Biology principles at level 1
bio-l1-061,Biology,1,What is the basic unit of life? (variation 12),Molecule,Tissue,Cell,Atom,Organ,2,Consider Biology principles at level 1
bio-l1-062,Biology,1,Which organ pumps blood? (variation 12),Liver,Heart,Kidney,Brain,Lungs,1,Consider Biology principles at level 1
bio-l1-063,Biology,1,What do plants need for photosynthesis? (variation 12),Only water,Only sunlight,Only CO2,Sunlight water and CO2,Only oxygen,3,Consider Biology principles at level 1
bio-l1-064,Biology,1,How many chromosomes do humans have? (variation 12),24,46,23,12,92,1,Consider Biology principles at level 1
bio-l1-065,Biology,1,What is DNA? (variation 12),A protein,A carbohydrate,Genetic material,An enzyme,A lipid,2,Consider Biology principles at level 1
bio-l1-066,Biology,1,What is the basic unit of life? (variation 13),Organ,Atom,Molecule,Cell,Tissue,3,Consider Biology principles at level 1
bio-l1-067,Biology,1,Which organ pumps blood? (variation 13),Liver,Heart,Kidney,Brain,Lungs,1,Consider Biology principles at level 1
bio-l1-068,Biology,1,What do plants need for photosynthesis? (variation 13),Only water,Only sunlight,Only CO2,Sunlight water and CO2,Only oxygen,3,Consider Biology principles at level 1
bio-l1-069,Biology,1,How many chromosomes do humans have? (variation 13),46,23,24,12,92,0,Consider Biology principles at level 1
bio-l1-070,Biology,1,What is DNA? (variation 13),A protein,A carbohydrate,Genetic material,An enzyme,A lipid,2,Consider Biology principles at level 1
bio-l1-071,Biology,1,What is the basic unit of life? (variation 14),Atom,Molecule,Cell,Tissue,Organ,2,Consider Biology principles at level 1
bio-l1-072,Biology,1,Which organ pumps blood? (variation 14),Liver,Heart,Kidney,Brain,Lungs,1,Consider Biology principles at level 1
bio-l1-073,Biology,1,What do plants need for photosynthesis? (variation 14),Only water,Only sunlight,Only CO2,Sunlight water and CO2,Only oxygen,3,Consider Biology principles at level 1
bio-l1-074,Biology,1,How many chromosomes do humans have? (variation 14),23,46,92,12,24,1,Consider Biology principles at level 1
bio-l1-075,Biology,1,What is DNA? (variation 14),A carbohydrate,Genetic material,A lipid,An enzyme,A protein,1,Consider Biology principles at level 1
bio-l1-076,Biology,1,What is the basic unit of life? (variation 15),Organ,Tissue,Atom,Cell,Molecule,3,Consider Biology principles at level 1
bio-l1-077,Biology,1,Which organ pumps blood? (variation 15),Liver,Heart,Kidney,Brain,Lungs,1,Consider Biology principles at level 1
bio-l1-078,Biology,1,What do plants need for photosynthesis? (variation 15),Only water,Only sunlight,Only CO2,Sunlight water and CO2,Only oxygen,3,Consider Biology principles at level 1
bio-l1-079,Biology,1,How many chromosomes do humans have? (variation 15),23,46,92,12,24,1,Consider Biology principles at level 1
bio-l1-080,Biology,1,What is DNA? (variation 15),A protein,A carbohydrate,Genetic material,An enzyme,A lipid,2,Consider Biology principles at level 1
bio-l1-081,Biology,1,What is the basic unit of life? (variation 16),Atom,Molecule,Cell,Tissue,Organ,2,Consider Biology principles at level 1
bio-l1-082,Biology,1,Which organ pumps blood? (variation 16),Heart,Kidney,Brain,Liver,Lungs,0,Consider Biology principles at level 1
bio-l1-083,Biology,1,What do plants need for photosynthesis? (variation 16),Only water,Only sunlight,Only CO2,Sunlight water and CO2,Only oxygen,3,Consider Biology principles at level 1
bio-l1-084,Biology,1,How many chromosomes do humans have? (variation 16),23,46,92,12,24,1,Consider Biology principles at level 1
bio-l1-085,Biology,1,What is DNA? (variation 16),A protein,A carbohydrate,Genetic material,An enzyme,A lipid,2,Consider Biology principles at level 1
bio-l1-086,Biology,1,What is the basic unit of life? (variation 17),Atom,Molecule,Cell,Tissue,Organ,2,Consider Biology principles at level 1
bio-l1-087,Biology,1,Which organ pumps blood? (variation 17),Liver,Heart,Kidney,Brain,Lungs,1,Consider Biology principles at level 1
bio-l1-088,Biology,1,What do plants need for photosynthesis? (variation 17),Only water,Only sunlight,Only CO2,Sunlight water and CO2,Only oxygen,3,Consider Biology principles at level 1
bio-l1-089,Biology,1,How many chromosomes do humans have? (variation 17),23,46,92,12,24,1,Consider Biology principles at level 1
bio-l1-090,Biology,1,What is DNA? (variation 17),A lipid,Genetic material,A carbohydrate,An enzyme,A protein,1,Consider Biology principles at level 1
bio-l1-091,Biology,1,What is the basic unit of life? (variation 18),Atom,Molecule,Cell,Tissue,Organ,2,Consider Biology principles at level 1
bio-l1-092,Biology,1,Which organ pumps blood? (variation 18),Liver,Heart,Kidney,Brain,Lungs,1,Consider Biology principles at level 1
bio-l1-093,Biology,1,What do plants need for photosynthesis? (variation 18),Sunlight water and CO2,Only CO2,Only oxygen,Only sunlight,Only water,0,Consider Biology principles at level 1
bio-l1-094,Biology,1,How many chromosomes do humans have? (variation 18),23,46,92,12,24,1,Consider Biology principles at level 1
bio-l1-095,Biology,1,What is DNA? (variation 18),A protein,A carbohydrate,Genetic material,An enzyme,A lipid,2,Consider Biology principles at level 1
bio-l1-096,Biology,1,What is the basic unit of life? (variation 19),Atom,Molecule,Cell,Tissue,Organ,2,Consider Biology principles at level 1
bio-l1-097,Biology,1,Which organ pumps blood? (variation 19),Liver,Heart,Kidney,Brain,Lungs,1,Consider Biology principles at level 1
bio-l1-098,Biology,1,What do plants need for photosynthesis? (variation 19),Only water,Only sunlight,Only CO2,Sunlight water and CO2,Only oxygen,3,Consider Biology principles at level 1
bio-l1-099,Biology,1,How many chromosomes do humans have? (variation 19),23,46,92,12,24,1,Consider Biology principles at level 1
bio-l1-100,Biology,1,What is DNA? (variation 19),A carbohydrate,A protein,An enzyme,Genetic material,A lipid,3,Consider Biology principles at level 1
bio-l2-001,Biology,2,What is the powerhouse of the cell?,Nucleus,Mitochondria,Ribosome,Lysosome,Golgi body,1,Consider Biology principles at level 2
bio-l2-002,Biology,2,Which blood type is universal donor?,A,B,AB,O negative,AB positive,3,Consider Biology principles at level 2
bio-l2-003,Biology,2,What is homeostasis?,Cell division,Maintaining internal balance,Protein synthesis,Energy production,DNA replication,1,Consider Biology principles at level 2
bio-l2-004,Biology,2,What is an enzyme?,A vitamin,A biological catalyst,A hormone,A mineral,A carbohydrate,1,Consider Biology principles at level 2
bio-l2-005,Biology,2,What is osmosis?,Movement of water across membrane,Active transport,Protein synthesis,Cell division,Energy production,0,Consider Biology principles at level 2
bio-l2-006,Biology,2,What is the powerhouse of the cell? (variation 1),Mitochondria,Nucleus,Golgi body,Ribosome,Lysosome,0,Consider Biology principles at level 2
bio-l2-007,Biology,2,Which blood type is universal donor? (variation 1),A,B,AB,O negative,AB positive,3,Consider Biology principles at level 2
bio-l2-008,Biology,2,What is homeostasis? (variation 1),Cell division,Protein synthesis,Energy production,Maintaining internal balance,DNA replication,3,Consider Biology principles at level 2
bio-l2-009,Biology,2,What is an enzyme? (variation 1),A biological catalyst,A carbohydrate,A vitamin,A mineral,A hormone,0,Consider Biology principles at level 2
bio-l2-010,Biology,2,What is osmosis? (variation 1),Movement of water across membrane,Active transport,Protein synthesis,Cell division,Energy production,0,Consider Biology principles at level 2
bio-l2-011,Biology,2,What is the powerhouse of the cell? (variation 2),Nucleus,Mitochondria,Ribosome,Lysosome,Golgi body,1,Consider Biology principles at level 2
bio-l2-012,Biology,2,Which blood type is universal donor? (variation 2),O negative,B,A,AB positive,AB,0,Consider Biology principles at level 2
bio-l2-013,Biology,2,What is homeostasis? (variation 2),Protein synthesis,DNA replication,Maintaining internal balance,Energy production,Cell division,2,Consider Biology principles at level 2
bio-l2-014,Biology,2,What is an enzyme? (variation 2),A vitamin,A biological catalyst,A hormone,A mineral,A carbohydrate,1,Consider Biology principles at level 2
bio-l2-015,Biology,2,What is osmosis? (variation 2),Movement of water across membrane,Active transport,Protein synthesis,Cell division,Energy production,0,Consider Biology principles at level 2
bio-l2-016,Biology,2,What is the powerhouse of the cell? (variation 3),Nucleus,Mitochondria,Ribosome,Lysosome,Golgi body,1,Consider Biology principles at level 2
bio-l2-017,Biology,2,Which blood type is universal donor? (variation 3),AB positive,A,AB,B,O negative,4,Consider Biology principles at level 2
bio-l2-018,Biology,2,What is homeostasis? (variation 3),Cell division,Maintaining internal balance,Protein synthesis,Energy production,DNA replication,1,Consider Biology principles at level 2
bio-l2-019,Biology,2,What is an enzyme? (variation 3),A vitamin,A biological catalyst,A hormone,A mineral,A carbohydrate,1,Consider Biology principles at level 2
bio-l2-020,Biology,2,What is osmosis? (variation 3),Movement of water across membrane,Active transport,Protein synthesis,Cell division,Energy production,0,Consider Biology principles at level 2
bio-l2-021,Biology,2,What is the powerhouse of the cell? (variation 4),Nucleus,Mitochondria,Ribosome,Lysosome,Golgi body,1,Consider Biology principles at level 2
bio-l2-022,Biology,2,Which blood type is universal donor? (variation 4),A,B,AB,O negative,AB positive,3,Consider Biology principles at level 2
bio-l2-023,Biology,2,What is homeostasis? (variation 4),Protein synthesis,DNA replication,Cell division,Maintaining internal balance,Energy production,3,Consider Biology principles at level 2
bio-l2-024,Biology,2,What is an enzyme? (variation 4),A biological catalyst,A hormone,A carbohydrate,A vitamin,A mineral,0,Consider Biology principles at level 2
bio-l2-025,Biology,2,What is osmosis? (variation 4),Movement of water across membrane,Active transport,Protein synthesis,Cell division,Energy production,0,Consider Biology principles at level 2
bio-l2-026,Biology,2,What is the powerhouse of the cell? (variation 5),Mitochondria,Lysosome,Golgi body,Nucleus,Ribosome,0,Consider Biology principles at level 2
bio-l2-027,Biology,2,Which blood type is universal donor? (variation 5),A,B,AB,O negative,AB positive,3,Consider Biology principles at level 2
bio-l2-028,Biology,2,What is homeostasis? (variation 5),Cell division,Maintaining internal balance,Protein synthesis,Energy production,DNA replication,1,Consider Biology principles at level 2
bio-l2-029,Biology,2,What is an enzyme? (variation 5),A vitamin,A biological catalyst,A hormone,A mineral,A carbohydrate,1,Consider Biology principles at level 2
bio-l2-030,Biology,2,What is osmosis? (variation 5),Movement of water across membrane,Active transport,Protein synthesis,Cell division,Energy production,0,Consider Biology principles at level 2
bio-l2-031,Biology,2,What is the powerhouse of the cell? (variation 6),Nucleus,Mitochondria,Ribosome,Lysosome,Golgi body,1,Consider Biology principles at level 2
bio-l2-032,Biology,2,Which blood type is universal donor? (variation 6),A,B,AB,O negative,AB positive,3,Consider Biology principles at level 2
bio-l2-033,Biology,2,What is homeostasis? (variation 6),Cell division,Maintaining internal balance,Protein synthesis,Energy production,DNA replication,1,Consider Biology principles at level 2
bio-l2-034,Biology,2,What is an enzyme? (variation 6),A vitamin,A biological catalyst,A hormone,A mineral,A carbohydrate,1,Consider Biology principles at level 2
bio-l2-035,Biology,2,What is osmosis? (variation 6),Movement of water across membrane,Active transport,Protein synthesis,Cell division,Energy production,0,Consider Biology principles at level 2
bio-l2-036,Biology,2,What is the powerhouse of the cell? (variation 7),Nucleus,Mitochondria,Ribosome,Lysosome,Golgi body,1,Consider Biology principles at level 2
bio-l2-037,Biology,2,Which blood type is universal donor? (variation 7),A,B,AB,O negative,AB positive,3,Consider Biology principles at level 2
bio-l2-038,Biology,2,What is homeostasis? (variation 7),Cell division,Maintaining internal balance,Protein synthesis,Energy production,DNA replication,1,Consider Biology principles at level 2
bio-l2-039,Biology,2,What is an enzyme? (variation 7),A vitamin,A biological catalyst,A hormone,A mineral,A carbohydrate,1,Consider Biology principles at level 2
bio-l2-040,Biology,2,What is osmosis? (variation 7),Movement of water across membrane,Active transport,Protein synthesis,Cell division,Energy production,0,Consider Biology principles at level 2
bio-l2-041,Biology,2,What is the powerhouse of the cell? (variation 8),Nucleus,Mitochondria,Ribosome,Lysosome,Golgi body,1,Consider Biology principles at level 2
bio-l2-042,Biology,2,Which blood type is universal donor? (variation 8),AB positive,A,O negative,AB,B,2,Consider Biology principles at level 2
bio-l2-043,Biology,2,What is homeostasis? (variation 8),Cell division,Maintaining internal balance,Protein synthesis,Energy production,DNA replication,1,Consider Biology principles at level 2
bio-l2-044,Biology,2,What is an enzyme? (variation 8),A vitamin,A carbohydrate,A mineral,A biological catalyst,A hormone,3,Consider Biology principles at level 2
bio-l2-045,Biology,2,What is osmosis? (variation 8),Energy production,Protein synthesis,Cell division,Active transport,Movement of water across membrane,4,Consider Biology principles at level 2
bio-l2-046,Biology,2,What is the powerhouse of the cell? (variation 9),Nucleus,Mitochondria,Ribosome,Lysosome,Golgi body,1,Consider Biology principles at level 2
bio-l2-047,Biology,2,Which blood type is universal donor? (variation 9),A,B,AB,O negative,AB positive,3,Consider Biology principles at level 2
bio-l2-048,Biology,2,What is homeostasis? (variation 9),Maintaining internal balance,Energy production,DNA replication,Cell division,Protein synthesis,0,Consider Biology principles at level 2
bio-l2-049,Biology,2,What is an enzyme? (variation 9),A vitamin,A biological catalyst,A hormone,A mineral,A carbohydrate,1,Consider Biology principles at level 2
bio-l2-050,Biology,2,What is osmosis? (variation 9),Active transport,Protein synthesis,Cell division,Energy production,Movement of water across membrane,4,Consider Biology principles at level 2
bio-l2-051,Biology,2,What is the powerhouse of the cell? (variation 10),Nucleus,Mitochondria,Ribosome,Lysosome,Golgi body,1,Consider Biology principles at level 2
bio-l2-052,Biology,2,Which blood type is universal donor? (variation 10),A,B,AB,O negative,AB positive,3,Consider Biology principles at level 2
bio-l2-053,Biology,2,What is homeostasis? (variation 10),Cell division,Maintaining internal balance,Protein synthesis,Energy production,DNA replication,1,Consider Biology principles at level 2
bio-l2-054,Biology,2,What is an enzyme? (variation 10),A vitamin,A mineral,A biological catalyst,A hormone,A carbohydrate,2,Consider Biology principles at level 2
bio-l2-055,Biology,2,What is osmosis? (variation 10),Active transport,Protein synthesis,Movement of water across membrane,Energy production,Cell division,2,Consider Biology principles at level 2
bio-l2-056,Biology,2,What is the powerhouse of the cell? (variation 11),Nucleus,Mitochondria,Ribosome,Lysosome,Golgi body,1,Consider Biology principles at level 2
bio-l2-057,Biology,2,Which blood type is universal donor? (variation 11),A,B,AB,O negative,AB positive,3,Consider Biology principles at level 2
bio-l2-058,Biology,2,What is homeostasis? (variation 11),Cell division,Maintaining internal balance,Protein synthesis,Energy production,DNA replication,1,Consider Biology principles at level 2
bio-l2-059,Biology,2,What is an enzyme? (variation 11),A vitamin,A biological catalyst,A hormone,A mineral,A carbohydrate,1,Consider Biology principles at level 2
bio-l2-060,Biology,2,What is osmosis? (variation 11),Movement of water across membrane,Active transport,Protein synthesis,Cell division,Energy production,0,Consider Biology principles at level 2
bio-l2-061,Biology,2,What is the powerhouse of the cell? (variation 12),Nucleus,Mitochondria,Ribosome,Lysosome,Golgi body,1,Consider Biology principles at level 2
bio-l2-062,Biology,2,Which blood type is universal donor? (variation 12),AB positive,O negative,A,AB,B,1,Consider Biology principles at level 2
bio-l2-063,Biology,2,What is homeostasis? (variation 12),Cell division,Maintaining internal balance,Protein synthesis,Energy production,DNA replication,1,Consider Biology principles at level 2
bio-l2-064,Biology,2,What is an enzyme? (variation 12),A vitamin,A biological catalyst,A hormone,A mineral,A carbohydrate,1,Consider Biology principles at level 2
bio-l2-065,Biology,2,What is osmosis? (variation 12),Movement of water across membrane,Active transport,Protein synthesis,Cell division,Energy production,0,Consider Biology principles at level 2
bio-l2-066,Biology,2,What is the powerhouse of the cell? (variation 13),Nucleus,Mitochondria,Ribosome,Lysosome,Golgi body,1,Consider Biology principles at level 2
bio-l2-067,Biology,2,Which blood type is universal donor? (variation 13),A,B,AB,O negative,AB positive,3,Consider Biology principles at level 2
bio-l2-068,Biology,2,What is homeostasis? (variation 13),Energy production,DNA replication,Protein synthesis,Cell division,Maintaining internal balance,4,Consider Biology principles at level 2
bio-l2-069,Biology,2,What is an enzyme? (variation 13),A vitamin,A biological catalyst,A hormone,A mineral,A carbohydrate,1,Consider Biology principles at level 2
bio-l2-070,Biology,2,What is osmosis? (variation 13),Movement of water across membrane,Active transport,Protein synthesis,Cell division,Energy production,0,Consider Biology principles at level 2
bio-l2-071,Biology,2,What is the powerhouse of the cell? (variation 14),Mitochondria,Lysosome,Golgi body,Nucleus,Ribosome,0,Consider Biology principles at level 2
bio-l2-072,Biology,2,Which blood type is universal donor? (variation 14),A,B,AB,O negative,AB positive,3,Consider Biology principles at level 2
bio-l2-073,Biology,2,What is homeostasis? (variation 14),Cell division,Maintaining internal balance,Protein synthesis,Energy production,DNA replication,1,Consider Biology principles at level 2
bio-l2-074,Biology,2,What is an enzyme? (variation 14),A carbohydrate,A biological catalyst,A hormone,A vitamin,A mineral,1,Consider Biology principles at level 2
bio-l2-075,Biology,2,What is osmosis? (variation 14),Movement of water across membrane,Active transport,Protein synthesis,Cell division,Energy production,0,Consider Biology principles at level 2
bio-l2-076,Biology,2,What is the powerhouse of the cell? (variation 15),Nucleus,Lysosome,Golgi body,Ribosome,Mitochondria,4,Consider Biology principles at level 2
bio-l2-077,Biology,2,Which blood type is universal donor? (variation 15),B,A,AB positive,O negative,AB,3,Consider Biology principles at level 2
bio-l2-078,Biology,2,What is homeostasis? (variation 15),Cell division,Maintaining internal balance,Protein synthesis,Energy production,DNA replication,1,Consider Biology principles at level 2
bio-l2-079,Biology,2,What is an enzyme? (variation 15),A vitamin,A biological catalyst,A hormone,A mineral,A carbohydrate,1,Consider Biology principles at level 2
bio-l2-080,Biology,2,What is osmosis? (variation 15),Movement of water across membrane,Active transport,Protein synthesis,Cell division,Energy production,0,Consider Biology principles at level 2
bio-l2-081,Biology,2,What is the powerhouse of the cell? (variation 16),Lysosome,Ribosome,Nucleus,Mitochondria,Golgi body,3,Consider Biology principles at level 2
bio-l2-082,Biology,2,Which blood type is universal donor? (variation 16),AB positive,A,AB,O negative,B,3,Consider Biology principles at level 2
bio-l2-083,Biology,2,What is homeostasis? (variation 16),Cell division,DNA replication,Maintaining internal balance,Protein synthesis,Energy production,2,Consider Biology principles at level 2
bio-l2-084,Biology,2,What is an enzyme? (variation 16),A vitamin,A biological catalyst,A hormone,A mineral,A carbohydrate,1,Consider Biology principles at level 2
bio-l2-085,Biology,2,What is osmosis? (variation 16),Movement of water across membrane,Active transport,Protein synthesis,Cell division,Energy production,0,Consider Biology principles at level 2
bio-l2-086,Biology,2,What is the powerhouse of the cell? (variation 17),Nucleus,Mitochondria,Ribosome,Lysosome,Golgi body,1,Consider Biology principles at level 2
bio-l2-087,Biology,2,Which blood type is universal donor? (variation 17),A,B,AB,O negative,AB positive,3,Consider Biology principles at level 2
bio-l2-088,Biology,2,What is homeostasis? (variation 17),Cell division,Maintaining internal balance,Protein synthesis,Energy production,DNA replication,1,Consider Biology principles at level 2
bio-l2-089,Biology,2,What is an enzyme? (variation 17),A vitamin,A biological catalyst,A hormone,A mineral,A carbohydrate,1,Consider Biology principles at level 2
bio-l2-090,Biology,2,What is osmosis? (variation 17),Movement of water across membrane,Active transport,Protein synthesis,Cell division,Energy production,0,Consider Biology principles at level 2
bio-l2-091,Biology,2,What is the powerhouse of the cell? (variation 18),Nucleus,Mitochondria,Ribosome,Lysosome,Golgi body,1,Consider Biology principles at level 2
bio-l2-092,Biology,2,Which blood type is universal donor? (variation 18),A,B,AB,O negative,AB positive,3,Consider Biology principles at level 2
bio-l2-093,Biology,2,What is homeostasis? (variation 18),Cell division,Maintaining internal balance,Protein synthesis,Energy production,DNA replication,1,Consider Biology principles at level 2
bio-l2-094,Biology,2,What is an enzyme? (variation 18),A vitamin,A biological catalyst,A hormone,A mineral,A carbohydrate,1,Consider Biology principles at level 2
bio-l2-095,Biology,2,What is osmosis? (variation 18),Movement of water across membrane,Active transport,Protein synthesis,Cell division,Energy production,0,Consider Biology principles at level 2
bio-l2-096,Biology,2,What is the powerhouse of the cell? (variation 19),Golgi body,Mitochondria,Lysosome,Nucleus,Ribosome,1,Consider Biology principles at level 2
bio-l2-097,Biology,2,Which blood type is universal donor? (variation 19),A,B,AB,O negative,AB positive,3,Consider Biology principles at level 2
bio-l2-098,Biology,2,What is homeostasis? (variation 19),Cell division,Maintaining internal balance,Protein synthesis,Energy production,DNA replication,1,Consider Biology principles at level 2
bio-l2-099,Biology,2,What is an enzyme? (variation 19),A mineral,A hormone,A biological catalyst,A carbohydrate,A vitamin,2,Consider Biology principles at level 2
bio-l2-100,Biology,2,What is osmosis? (variation 19),Movement of water across membrane,Active transport,Protein synthesis,Cell division,Energy production,0,Consider Biology principles at level 2
bio-l3-001,Biology,3,What is the function of ribosomes?,DNA replication,Protein synthesis,Energy production,Lipid synthesis,Cell division,1,Consider Biology principles at level 3
bio-l3-002,Biology,3,What is meiosis?,Body cell division,Gamete formation,Protein synthesis,DNA replication,Cell growth,1,Consider Biology principles at level 3
bio-l3-003,Biology,3,What is the Krebs cycle?,Part of photosynthesis,Part of cellular respiration,DNA replication,Protein folding,Cell division,1,Consider Biology principles at level 3
bio-l3-004,Biology,3,What are phospholipids?,Proteins,Carbohydrates,Major component of cell membranes,Enzymes,Nucleic acids,2,Consider Biology principles at level 3
bio-l3-005,Biology,3,What is apoptosis?,Cell growth,Programmed cell death,Cell division,Protein synthesis,Energy production,1,Consider Biology principles at level 3
bio-l3-006,Biology,3,What is the function of ribosomes? (variation 1),DNA replication,Protein synthesis,Energy production,Lipid synthesis,Cell division,1,Consider Biology principles at level 3
bio-l3-007,Biology,3,What is meiosis? (variation 1),Body cell division,Gamete formation,Protein synthesis,DNA replication,Cell growth,1,Consider Biology principles at level 3
bio-l3-008,Biology,3,What is the Krebs cycle? (variation 1),DNA replication,Part of photosynthesis,Part of cellular respiration,Cell division,Protein folding,2,Consider Biology principles at level 3
bio-l3-009,Biology,3,What are phospholipids? (variation 1),Proteins,Carbohydrates,Major component of cell membranes,Enzymes,Nucleic acids,2,Consider Biology principles at level 3
bio-l3-010,Biology,3,What is apoptosis? (variation 1),Cell growth,Programmed cell death,Cell division,Protein synthesis,Energy production,1,Consider Biology principles at level 3
bio-l3-011,Biology,3,What is the function of ribosomes? (variation 2),DNA replication,Protein synthesis,Energy production,Lipid synthesis,Cell division,1,Consider Biology principles at level 3
bio-l3-012,Biology,3,What is meiosis? (variation 2),Body cell division,Gamete formation,Protein synthesis,DNA replication,Cell growth,1,Consider Biology principles at level 3
bio-l3-013,Biology,3,What is the Krebs cycle? (variation 2),Part of photosynthesis,Cell division,Part of cellular respiration,Protein folding,DNA replication,2,Consider Biology principles at level 3
bio-l3-014,Biology,3,What are phospholipids? (variation 2),Proteins,Carbohydrates,Major component of cell membranes,Enzymes,Nucleic acids,2,Consider Biology principles at level 3
bio-l3-015,Biology,3,What is apoptosis? (variation 2),Cell growth,Programmed cell death,Cell division,Protein synthesis,Energy production,1,Consider Biology principles at level 3
bio-l3-016,Biology,3,What is the function of ribosomes? (variation 3),DNA replication,Protein synthesis,Energy production,Lipid synthesis,Cell division,1,Consider Biology principles at level 3
bio-l3-017,Biology,3,What is meiosis? (variation 3),Body cell division,Gamete formation,Protein synthesis,DNA replication,Cell growth,1,Consider Biology principles at level 3
bio-l3-018,Biology,3,What is the Krebs cycle? (variation 3),Part of cellular respiration,Cell division,Protein folding,Part of photosynthesis,DNA replication,0,Consider Biology principles at level 3
bio-l3-019,Biology,3,What are phospholipids? (variation 3),Proteins,Carbohydrates,Major component of cell membranes,Enzymes,Nucleic acids,2,Consider Biology principles at level 3
bio-l3-020,Biology,3,What is apoptosis? (variation 3),Cell growth,Programmed cell death,Cell division,Protein synthesis,Energy production,1,Consider Biology principles at level 3
bio-l3-021,Biology,3,What is the function of ribosomes? (variation 4),DNA replication,Cell division,Energy production,Lipid synthesis,Protein synthesis,4,Consider Biology principles at level 3
bio-l3-022,Biology,3,What is meiosis? (variation 4),Body cell division,Gamete formation,Protein synthesis,DNA replication,Cell growth,1,Consider Biology principles at level 3
bio-l3-023,Biology,3,What is the Krebs cycle? (variation 4),Part of photosynthesis,Part of cellular respiration,DNA replication,Protein folding,Cell division,1,Consider Biology principles at level 3
bio-l3-024,Biology,3,What are phospholipids? (variation 4),Nucleic acids,Major component of cell membranes,Carbohydrates,Enzymes,Proteins,1,Consider Biology principles at level 3
bio-l3-025,Biology,3,What is apoptosis? (variation 4),Energy production,Programmed cell death,Cell growth,Protein synthesis,Cell division,1,Consider Biology principles at level 3
bio-l3-026,Biology,3,What is the function of ribosomes? (variation 5),DNA replication,Protein synthesis,Energy production,Lipid synthesis,Cell division,1,Consider Biology principles at level 3
bio-l3-027,Biology,3,What is meiosis? (variation 5),Body cell division,Gamete formation,Protein synthesis,DNA replication,Cell growth,1,Consider Biology principles at level 3
bio-l3-028,Biology,3,What is the Krebs cycle? (variation 5),Part of photosynthesis,Part of cellular respiration,DNA replication,Protein folding,Cell division,1,Consider Biology principles at level 3
bio-l3-029,Biology,3,What are phospholipids? (variation 5),Proteins,Carbohydrates,Major component of cell membranes,Enzymes,Nucleic acids,2,Consider Biology principles at level 3
bio-l3-030,Biology,3,What is apoptosis? (variation 5),Cell growth,Programmed cell death,Cell division,Protein synthesis,Energy production,1,Consider Biology principles at level 3
bio-l3-031,Biology,3,What is the function of ribosomes? (variation 6),DNA replication,Protein synthesis,Energy production,Lipid synthesis,Cell division,1,Consider Biology principles at level 3
bio-l3-032,Biology,3,What is meiosis? (variation 6),Body cell division,Gamete formation,Protein synthesis,DNA replication,Cell growth,1,Consider Biology principles at level 3
bio-l3-033,Biology,3,What is the Krebs cycle? (variation 6),Part of photosynthesis,Cell division,Protein folding,Part of cellular respiration,DNA replication,3,Consider Biology principles at level 3
bio-l3-034,Biology,3,What are phospholipids? (variation 6),Enzymes,Major component of cell membranes,Carbohydrates,Proteins,Nucleic acids,1,Consider Biology principles at level 3
bio-l3-035,Biology,3,What is apoptosis? (variation 6),Energy production,Protein synthesis,Cell division,Cell growth,Programmed cell death,4,Consider Biology principles at level 3
bio-l3-036,Biology,3,What is the function of ribosomes? (variation 7),DNA replication,Protein synthesis,Energy production,Lipid synthesis,Cell division,1,Consider Biology principles at level 3
bio-l3-037,Biology,3,What is meiosis? (variation 7),Body cell division,Gamete formation,Protein synthesis,DNA replication,Cell growth,1,Consider Biology principles at level 3
bio-l3-038,Biology,3,What is the Krebs cycle? (variation 7),Part of photosynthesis,Part of cellular respiration,DNA replication,Protein folding,Cell division,1,Consider Biology principles at level 3
bio-l3-039,Biology,3,What are phospholipids? (variation 7),Proteins,Carbohydrates,Major component of cell membranes,Enzymes,Nucleic acids,2,Consider Biology principles at level 3
bio-l3-040,Biology,3,What is apoptosis? (variation 7),Protein synthesis,Programmed cell death,Cell growth,Energy production,Cell division,1,Consider Biology principles at level 3
bio-l3-041,Biology,3,What is the function of ribosomes? (variation 8),DNA replication,Protein synthesis,Energy production,Lipid synthesis,Cell division,1,Consider Biology principles at level 3
bio-l3-042,Biology,3,What is meiosis? (variation 8),Body cell division,Gamete formation,Protein synthesis,DNA replication,Cell growth,1,Consider Biology principles at level 3
bio-l3-043,Biology,3,What is the Krebs cycle? (variation 8),Cell division,Protein folding,Part of photosynthesis,Part of cellular respiration,DNA replication,3,Consider Biology principles at level 3
bio-l3-044,Biology,3,What are phospholipids? (variation 8),Proteins,Carbohydrates,Major component of cell membranes,Enzymes,Nucleic acids,2,Consider Biology principles at level 3
bio-l3-045,Biology,3,What is apoptosis? (variation 8),Cell growth,Programmed cell death,Cell division,Protein synthesis,Energy production,1,Consider Biology principles at level 3
bio-l3-046,Biology,3,What is the function of ribosomes? (variation 9),DNA replication,Protein synthesis,Energy production,Lipid synthesis,Cell division,1,Consider Biology principles at level 3
bio-l3-047,Biology,3,What is meiosis? (variation 9),Body cell division,Gamete formation,Protein synthesis,DNA replication,Cell growth,1,Consider Biology principles at level 3
bio-l3-048,Biology,3,What is the Krebs cycle? (variation 9),Protein folding,DNA replication,Cell division,Part of cellular respiration,Part of photosynthesis,3,Consider Biology principles at level 3
bio-l3-049,Biology,3,What are phospholipids? (variation 9),Proteins,Carbohydrates,Major component of cell membranes,Enzymes,Nucleic acids,2,Consider Biology principles at level 3
bio-l3-050,Biology,3,What is apoptosis? (variation 9),Cell growth,Programmed cell death,Cell division,Protein synthesis,Energy production,1,Consider Biology principles at level 3
bio-l3-051,Biology,3,What is the function of ribosomes? (variation 10),DNA replication,Protein synthesis,Energy production,Lipid synthesis,Cell division,1,Consider Biology principles at level 3
bio-l3-052,Biology,3,What is meiosis? (variation 10),Body cell division,Gamete formation,Protein synthesis,DNA replication,Cell growth,1,Consider Biology principles at level 3
bio-l3-053,Biology,3,What is the Krebs cycle? (variation 10),Protein folding,Part of photosynthesis,Part of cellular respiration,Cell division,DNA replication,2,Consider Biology principles at level 3
bio-l3-054,Biology,3,What are phospholipids? (variation 10),Proteins,Carbohydrates,Major component of cell membranes,Enzymes,Nucleic acids,2,Consider Biology principles at level 3
bio-l3-055,Biology,3,What is apoptosis? (variation 10),Cell growth,Programmed cell death,Cell division,Protein synthesis,Energy production,1,Consider Biology principles at level 3
bio-l3-056,Biology,3,What is the function of ribosomes? (variation 11),DNA replication,Protein synthesis,Energy production,Lipid synthesis,Cell division,1,Consider Biology principles at level 3
bio-l3-057,Biology,3,What is meiosis? (variation 11),Body cell division,Gamete formation,Protein synthesis,DNA replication,Cell growth,1,Consider Biology principles at level 3
bio-l3-058,Biology,3,What is the Krebs cycle? (variation 11),Part of photosynthesis,Part of cellular respiration,Cell division,DNA replication,Protein folding,1,Consider Biology principles at level 3
bio-l3-059,Biology,3,What are phospholipids? (variation 11),Proteins,Carbohydrates,Major component of cell membranes,Enzymes,Nucleic acids,2,Consider Biology principles at level 3
bio-l3-060,Biology,3,What is apoptosis? (variation 11),Cell growth,Programmed cell death,Cell division,Protein synthesis,Energy production,1,Consider Biology principles at level 3
bio-l3-061,Biology,3,What is the function of ribosomes? (variation 12),Cell division,Protein synthesis,Energy production,Lipid synthesis,DNA replication,1,Consider Biology principles at level 3
bio-l3-062,Biology,3,What is meiosis? (variation 12),Body cell division,Gamete formation,Protein synthesis,DNA replication,Cell growth,1,Consider Biology principles at level 3
bio-l3-063,Biology,3,What is the Krebs cycle? (variation 12),Part of photosynthesis,Protein folding,Cell division,DNA replication,Part of cellular respiration,4,Consider Biology principles at level 3
bio-l3-064,Biology,3,What are phospholipids? (variation 12),Proteins,Carbohydrates,Major component of cell membranes,Enzymes,Nucleic acids,2,Consider Biology principles at level 3
bio-l3-065,Biology,3,What is apoptosis? (variation 12),Cell growth,Programmed cell death,Cell division,Protein synthesis,Energy production,1,Consider Biology principles at level 3
bio-l3-066,Biology,3,What is the function of ribosomes? (variation 13),DNA replication,Protein synthesis,Energy production,Lipid synthesis,Cell division,1,Consider Biology principles at level 3
bio-l3-067,Biology,3,What is meiosis? (variation 13),Body cell division,Gamete formation,Protein synthesis,DNA replication,Cell growth,1,Consider Biology principles at level 3
bio-l3-068,Biology,3,What is the Krebs cycle? (variation 13),Part of cellular respiration,Cell division,Part of photosynthesis,Protein folding,DNA replication,0,Consider Biology principles at level 3
bio-l3-069,Biology,3,What are phospholipids? (variation 13),Proteins,Carbohydrates,Major component of cell membranes,Enzymes,Nucleic acids,2,Consider Biology principles at level 3
bio-l3-070,Biology,3,What is apoptosis? (variation 13),Cell growth,Programmed cell death,Cell division,Protein synthesis,Energy production,1,Consider Biology principles at level 3
bio-l3-071,Biology,3,What is the function of ribosomes? (variation 14),DNA replication,Protein synthesis,Energy production,Lipid synthesis,Cell division,1,Consider Biology principles at level 3
bio-l3-072,Biology,3,What is meiosis? (variation 14),Body cell division,Gamete formation,Protein synthesis,DNA replication,Cell growth,1,Consider Biology principles at level 3
bio-l3-073,Biology,3,What is the Krebs cycle? (variation 14),Part of photosynthesis,Part of cellular respiration,DNA replication,Protein folding,Cell division,1,Consider Biology principles at level 3
bio-l3-074,Biology,3,What are phospholipids? (variation 14),Enzymes,Nucleic acids,Major component of cell membranes,Proteins,Carbohydrates,2,Consider Biology principles at level 3
bio-l3-075,Biology,3,What is apoptosis? (variation 14),Cell growth,Programmed cell death,Cell division,Protein synthesis,Energy production,1,Consider Biology principles at level 3
bio-l3-076,Biology,3,What is the function of ribosomes? (variation 15),DNA replication,Protein synthesis,Energy production,Lipid synthesis,Cell division,1,Consider Biology principles at level 3
bio-l3-077,Biology,3,What is meiosis? (variation 15),Body cell division,Gamete formation,Protein synthesis,DNA replication,Cell growth,1,Consider Biology principles at level 3
bio-l3-078,Biology,3,What is the Krebs cycle? (variation 15),Part of photosynthesis,Part of cellular respiration,DNA replication,Protein folding,Cell division,1,Consider Biology principles at level 3
bio-l3-079,Biology,3,What are phospholipids? (variation 15),Nucleic acids,Enzymes,Proteins,Carbohydrates,Major component of cell membranes,4,Consider Biology principles at level 3
bio-l3-080,Biology,3,What is apoptosis? (variation 15),Programmed cell death,Cell growth,Cell division,Energy production,Protein synthesis,0,Consider Biology principles at level 3
bio-l3-081,Biology,3,What is the function of ribosomes? (variation 16),DNA replication,Protein synthesis,Energy production,Lipid synthesis,Cell division,1,Consider Biology principles at level 3
bio-l3-082,Biology,3,What is meiosis? (variation 16),Body cell division,Gamete formation,Protein synthesis,DNA replication,Cell growth,1,Consider Biology principles at level 3
bio-l3-083,Biology,3,What is the Krebs cycle? (variation 16),Part of photosynthesis,Part of cellular respiration,DNA replication,Protein folding,Cell division,1,Consider Biology principles at level 3
bio-l3-084,Biology,3,What are phospholipids? (variation 16),Proteins,Carbohydrates,Major component of cell membranes,Enzymes,Nucleic acids,2,Consider Biology principles at level 3
bio-l3-085,Biology,3,What is apoptosis? (variation 16),Cell growth,Programmed cell death,Cell division,Protein synthesis,Energy production,1,Consider Biology principles at level 3
bio-l3-086,Biology,3,What is the function of ribosomes? (variation 17),Energy production,Protein synthesis,DNA replication,Cell division,Lipid synthesis,1,Consider Biology principles at level 3
bio-l3-087,Biology,3,What is meiosis? (variation 17),Body cell division,Gamete formation,Protein synthesis,DNA replication,Cell growth,1,Consider Biology principles at level 3
bio-l3-088,Biology,3,What is the Krebs cycle? (variation 17),Part of photosynthesis,Part of cellular respiration,DNA replication,Protein folding,Cell division,1,Consider Biology principles at level 3
bio-l3-089,Biology,3,What are phospholipids? (variation 17),Proteins,Carbohydrates,Major component of cell membranes,Enzymes,Nucleic acids,2,Consider Biology principles at level 3
bio-l3-090,Biology,3,What is apoptosis? (variation 17),Energy production,Programmed cell death,Cell growth,Protein synthesis,Cell division,1,Consider Biology principles at level 3
bio-l3-091,Biology,3,What is the function of ribosomes? (variation 18),Cell division,Lipid synthesis,Protein synthesis,DNA replication,Energy production,2,Consider Biology principles at level 3
bio-l3-092,Biology,3,What is meiosis? (variation 18),Cell growth,Gamete formation,Protein synthesis,Body cell division,DNA replication,1,Consider Biology principles at level 3
bio-l3-093,Biology,3,What is the Krebs cycle? (variation 18),Part of photosynthesis,Part of cellular respiration,DNA replication,Protein folding,Cell division,1,Consider Biology principles at level 3
bio-l3-094,Biology,3,What are phospholipids? (variation 18),Proteins,Carbohydrates,Major component of cell membranes,Enzymes,Nucleic acids,2,Consider Biology principles at level 3
bio-l3-095,Biology,3,What is apoptosis? (variation 18),Programmed cell death,Cell division,Cell growth,Protein synthesis,Energy production,0,Consider Biology principles at level 3
bio-l3-096,Biology,3,What is the function of ribosomes? (variation 19),DNA replication,Protein synthesis,Energy production,Lipid synthesis,Cell division,1,Consider Biology principles at level 3
bio-l3-097,Biology,3,What is meiosis? (variation 19),Body cell division,Gamete formation,Protein synthesis,DNA replication,Cell growth,1,Consider Biology principles at level 3
bio-l3-098,Biology,3,What is the Krebs cycle? (variation 19),DNA replication,Part of cellular respiration,Part of photosynthesis,Protein folding,Cell division,1,Consider Biology principles at level 3
bio-l3-099,Biology,3,What are phospholipids? (variation 19),Carbohydrates,Enzymes,Nucleic acids,Proteins,Major component of cell membranes,4,Consider Biology principles at level 3
bio-l3-100,Biology,3,What is apoptosis? (variation 19),Cell growth,Programmed cell death,Cell division,Protein synthesis,Energy production,1,Consider Biology principles at level 3
bio-l4-001,Biology,4,What is the function of telomeres?,Protein synthesis,Protect chromosome ends,Energy production,Cell division,DNA repair,1,Consider Biology principles at level 4
bio-l4-002,Biology,4,What is the lac operon?,A cell organelle,Gene regulation system,A protein,An enzyme,A chromosome,1,Consider Biology principles at level 4
bio-l4-003,Biology,4,What causes sickle cell anemia?,Viral infection,Point mutation in hemoglobin gene,Chromosomal deletion,Environmental factors,Bacterial infection,1,Consider Biology principles at level 4
bio-l4-004,Biology,4,What is RNA interference?,Protein synthesis,Gene silencing mechanism,DNA replication,Cell division,Energy production,1,Consider Biology principles at level 4
bio-l4-005,Biology,4,What is alternative splicing?,DNA replication method,Producing multiple proteins from one gene,Cell division type,Energy production pathway,Protein degradation,1,Consider Biology principles at level 4
bio-l4-006,Biology,4,What is the function of telomeres? (variation 1),Protect chromosome ends,Protein synthesis,Energy production,DNA repair,Cell division,0,Consider Biology principles at level 4
bio-l4-007,Biology,4,What is the lac operon? (variation 1),A protein,Gene regulation system,An enzyme,A chromosome,A cell organelle,1,Consider Biology principles at level 4
bio-l4-008,Biology,4,What causes sickle cell anemia? (variation 1),Viral infection,Point mutation in hemoglobin gene,Chromosomal deletion,Environmental factors,Bacterial infection,1,Consider Biology principles at level 4
bio-l4-009,Biology,4,What is RNA interference? (variation 1),Protein synthesis,Gene silencing mechanism,DNA replication,Cell division,Energy production,1,Consider Biology principles at level 4
bio-l4-010,Biology,4,What is alternative splicing? (variation 1),Producing multiple proteins from one gene,DNA replication method,Protein degradation,Energy production pathway,Cell division type,0,Consider Biology principles at level 4
bio-l4-011,Biology,4,What is the function of telomeres? (variation 2),Protein synthesis,Protect chromosome ends,Energy production,Cell division,DNA repair,1,Consider Biology principles at level 4
bio-l4-012,Biology,4,What is the lac operon? (variation 2),A protein,Gene regulation system,An enzyme,A chromosome,A cell organelle,1,Consider Biology principles at level 4
bio-l4-013,Biology,4,What causes sickle cell anemia? (variation 2),Viral infection,Point mutation in hemoglobin gene,Chromosomal deletion,Environmental factors,Bacterial infection,1,Consider Biology principles at level 4
bio-l4-014,Biology,4,What is RNA interference? (variation 2),Protein synthesis,Gene silencing mechanism,DNA replication,Cell division,Energy production,1,Consider Biology principles at level 4
bio-l4-015,Biology,4,What is alternative splicing? (variation 2),DNA replication method,Producing multiple proteins from one gene,Cell division type,Energy production pathway,Protein degradation,1,Consider Biology principles at level 4
bio-l4-016,Biology,4,What is the function of telomeres? (variation 3),Protein synthesis,Protect chromosome ends,Energy production,Cell division,DNA repair,1,Consider Biology principles at level 4
bio-l4-017,Biology,4,What is the lac operon? (variation 3),A protein,Gene regulation system,An enzyme,A chromosome,A cell organelle,1,Consider Biology principles at level 4
bio-l4-018,Biology,4,What causes sickle cell anemia? (variation 3),Bacterial infection,Point mutation in hemoglobin gene,Environmental factors,Chromosomal deletion,Viral infection,1,Consider Biology principles at level 4
bio-l4-019,Biology,4,What is RNA interference? (variation 3),Protein synthesis,Gene silencing mechanism,DNA replication,Cell division,Energy production,1,Consider Biology principles at level 4
bio-l4-020,Biology,4,What is alternative splicing? (variation 3),DNA replication method,Producing multiple proteins from one gene,Cell division type,Energy production pathway,Protein degradation,1,Consider Biology principles at level 4
bio-l4-021,Biology,4,What is the function of telomeres? (variation 4),Protect chromosome ends,Energy production,DNA repair,Cell division,Protein synthesis,0,Consider Biology principles at level 4
bio-l4-022,Biology,4,What is the lac operon? (variation 4),A protein,Gene regulation system,An enzyme,A chromosome,A cell organelle,1,Consider Biology principles at level 4
bio-l4-023,Biology,4,What causes sickle cell anemia? (variation 4),Viral infection,Point mutation in hemoglobin gene,Chromosomal deletion,Environmental factors,Bacterial infection,1,Consider Biology principles at level 4
bio-l4-024,Biology,4,What is RNA interference? (variation 4),DNA replication,Gene silencing mechanism,Protein synthesis,Energy production,Cell division,1,Consider Biology principles at level 4
bio-l4-025,Biology,4,What is alternative splicing? (variation 4),DNA replication method,Energy production pathway,Protein degradation,Producing multiple proteins from one gene,Cell division type,3,Consider Biology principles at level 4
bio-l4-026,Biology,4,What is the function of telomeres? (variation 5),Protein synthesis,Protect chromosome ends,Energy production,Cell division,DNA repair,1,Consider Biology principles at level 4
bio-l4-027,Biology,4,What is the lac operon? (variation 5),A protein,Gene regulation system,An enzyme,A chromosome,A cell organelle,1,Consider Biology principles at level 4
bio-l4-028,Biology,4,What causes sickle cell anemia? (variation 5),Bacterial infection,Environmental factors,Viral infection,Chromosomal deletion,Point mutation in hemoglobin gene,4,Consider Biology principles at level 4
bio-l4-029,Biology,4,What is RNA interference? (variation 5),Energy production,Gene silencing mechanism,Protein synthesis,DNA replication,Cell division,1,Consider Biology principles at level 4
bio-l4-030,Biology,4,What is alternative splicing? (variation 5),DNA replication method,Producing multiple proteins from one gene,Cell division type,Energy production pathway,Protein degradation,1,Consider Biology principles at level 4
bio-l4-031,Biology,4,What is the function of telomeres? (variation 6),Cell division,Energy production,Protein synthesis,Protect chromosome ends,DNA repair,3,Consider Biology principles at level 4
bio-l4-032,Biology,4,What is the lac operon? (variation 6),A cell organelle,A chromosome,An enzyme,A protein,Gene regulation system,4,Consider Biology principles at level 4
bio-l4-033,Biology,4,What causes sickle cell anemia? (variation 6),Viral infection,Point mutation in hemoglobin gene,Chromosomal deletion,Environmental factors,Bacterial infection,1,Consider Biology principles at level 4
bio-l4-034,Biology,4,What is RNA interference? (variation 6),DNA replication,Gene silencing mechanism,Energy production,Cell division,Protein synthesis,1,Consider Biology principles at level 4
bio-l4-035,Biology,4,What is alternative splicing? (variation 6),Energy production pathway,Cell division type,Protein degradation,DNA replication method,Producing multiple proteins from one gene,4,Consider Biology principles at level 4
bio-l4-036,Biology,4,What is the function of telomeres? (variation 7),Protein synthesis,Protect chromosome ends,Energy production,Cell division,DNA repair,1,Consider Biology principles at level 4
bio-l4-037,Biology,4,What is the lac operon? (variation 7),A protein,A cell organelle,Gene regulation system,An enzyme,A chromosome,2,Consider Biology principles at level 4
bio-l4-038,Biology,4,What causes sickle cell anemia? (variation 7),Viral infection,Point mutation in hemoglobin gene,Chromosomal deletion,Environmental factors,Bacterial infection,1,Consider Biology principles at level 4
bio-l4-039,Biology,4,What is RNA interference? (variation 7),Protein synthesis,Gene silencing mechanism,DNA replication,Cell division,Energy production,1,Consider Biology principles at level 4
bio-l4-040,Biology,4,What is alternative splicing? (variation 7),DNA replication method,Producing multiple proteins from one gene,Cell division type,Energy production pathway,Protein degradation,1,Consider Biology principles at level 4
bio-l4-041,Biology,4,What is the function of telomeres? (variation 8),Protein synthesis,Protect chromosome ends,Energy production,Cell division,DNA repair,1,Consider Biology principles at level 4
bio-l4-042,Biology,4,What is the lac operon? (variation 8),A protein,Gene regulation system,An enzyme,A chromosome,A cell organelle,1,Consider Biology principles at level 4
bio-l4-043,Biology,4,What causes sickle cell anemia? (variation 8),Viral infection,Point mutation in hemoglobin gene,Chromosomal deletion,Environmental factors,Bacterial infection,1,Consider Biology principles at level 4
bio-l4-044,Biology,4,What is RNA interference? (variation 8),Protein synthesis,Gene silencing mechanism,DNA replication,Cell division,Energy production,1,Consider Biology principles at level 4
bio-l4-045,Biology,4,What is alternative splicing? (variation 8),DNA replication method,Cell division type,Energy production pathway,Producing multiple proteins from one gene,Protein degradation,3,Consider Biology principles at level 4
bio-l4-046,Biology,4,What is the function of telomeres? (variation 9),Protein synthesis,Protect chromosome ends,Energy production,Cell division,DNA repair,1,Consider Biology principles at level 4
bio-l4-047,Biology,4,What is the lac operon? (variation 9),A protein,A chromosome,Gene regulation system,An enzyme,A cell organelle,2,Consider Biology principles at level 4
bio-l4-048,Biology,4,What causes sickle cell anemia? (variation 9),Point mutation in hemoglobin gene,Chromosomal deletion,Environmental factors,Viral infection,Bacterial infection,0,Consider Biology principles at level 4
bio-l4-049,Biology,4,What is RNA interference? (variation 9),Protein synthesis,Gene silencing mechanism,DNA replication,Cell division,Energy production,1,Consider Biology principles at level 4
bio-l4-050,Biology,4,What is alternative splicing? (variation 9),DNA replication method,Producing multiple proteins from one gene,Cell division type,Energy production pathway,Protein degradation,1,Consider Biology principles at level 4
bio-l4-051,Biology,4,What is the function of telomeres? (variation 10),Protein synthesis,Protect chromosome ends,Energy production,Cell division,DNA repair,1,Consider Biology principles at level 4
bio-l4-052,Biology,4,What is the lac operon? (variation 10),A cell organelle,Gene regulation system,An enzyme,A chromosome,A protein,1,Consider Biology principles at level 4
bio-l4-053,Biology,4,What causes sickle cell anemia? (variation 10),Viral infection,Point mutation in hemoglobin gene,Chromosomal deletion,Environmental factors,Bacterial infection,1,Consider Biology principles at level 4
bio-l4-054,Biology,4,What is RNA interference? (variation 10),Protein synthesis,Gene silencing mechanism,DNA replication,Cell division,Energy production,1,Consider Biology principles at level 4
bio-l4-055,Biology,4,What is alternative splicing? (variation 10),DNA replication method,Producing multiple proteins from one gene,Cell division type,Energy production pathway,Protein degradation,1,Consider Biology principles at level 4
bio-l4-056,Biology,4,What is the function of telomeres? (variation 11),Protein synthesis,Protect chromosome ends,Energy production,Cell division,DNA repair,1,Consider Biology principles at level 4
bio-l4-057,Biology,4,What is the lac operon? (variation 11),A protein,Gene regulation system,An enzyme,A chromosome,A cell organelle,1,Consider Biology principles at level 4
bio-l4-058,Biology,4,What causes sickle cell anemia? (variation 11),Viral infection,Chromosomal deletion,Bacterial infection,Environmental factors,Point mutation in hemoglobin gene,4,Consider Biology principles at level 4
bio-l4-059,Biology,4,What is RNA interference? (variation 11),Protein synthesis,Gene silencing mechanism,DNA replication,Cell division,Energy production,1,Consider Biology principles at level 4
bio-l4-060,Biology,4,What is alternative splicing? (variation 11),DNA replication method,Producing multiple proteins from one gene,Cell division type,Energy production pathway,Protein degradation,1,Consider Biology principles at level 4
bio-l4-061,Biology,4,What is the function of telomeres? (variation 12),Protein synthesis,Protect chromosome ends,Energy production,Cell division,DNA repair,1,Consider Biology principles at level 4
bio-l4-062,Biology,4,What is the lac operon? (variation 12),A protein,An enzyme,A chromosome,A cell organelle,Gene regulation system,4,Consider Biology principles at level 4
bio-l4-063,Biology,4,What causes sickle cell anemia? (variation 12),Viral infection,Point mutation in hemoglobin gene,Chromosomal deletion,Environmental factors,Bacterial infection,1,Consider Biology principles at level 4
bio-l4-064,Biology,4,What is RNA interference? (variation 12),Protein synthesis,Gene silencing mechanism,DNA replication,Cell division,Energy production,1,Consider Biology principles at level 4
bio-l4-065,Biology,4,What is alternative splicing? (variation 12),DNA replication method,Producing multiple proteins from one gene,Cell division type,Energy production pathway,Protein degradation,1,Consider Biology principles at level 4
bio-l4-066,Biology,4,What is the function of telomeres? (variation 13),Protein synthesis,Protect chromosome ends,Energy production,Cell division,DNA repair,1,Consider Biology principles at level 4
bio-l4-067,Biology,4,What is the lac operon? (variation 13),A protein,Gene regulation system,An enzyme,A chromosome,A cell organelle,1,Consider Biology principles at level 4
bio-l4-068,Biology,4,What causes sickle cell anemia? (variation 13),Viral infection,Point mutation in hemoglobin gene,Chromosomal deletion,Environmental factors,Bacterial infection,1,Consider Biology principles at level 4
bio-l4-069,Biology,4,What is RNA interference? (variation 13),Protein synthesis,Gene silencing mechanism,DNA replication,Cell division,Energy production,1,Consider Biology principles at level 4
bio-l4-070,Biology,4,What is alternative splicing? (variation 13),DNA replication method,Producing multiple proteins from one gene,Cell division type,Energy production pathway,Protein degradation,1,Consider Biology principles at level 4
bio-l4-071,Biology,4,What is the function of telomeres? (variation 14),Cell division,DNA repair,Protect chromosome ends,Protein synthesis,Energy production,2,Consider Biology principles at level 4
bio-l4-072,Biology,4,What is the lac operon? (variation 14),A cell organelle,An enzyme,A chromosome,Gene regulation system,A protein,3,Consider Biology principles at level 4
bio-l4-073,Biology,4,What causes sickle cell anemia? (variation 14),Viral infection,Point mutation in hemoglobin gene,Chromosomal deletion,Environmental factors,Bacterial infection,1,Consider Biology principles at level 4
bio-l4-074,Biology,4,What is RNA interference? (variation 14),Protein synthesis,Gene silencing mechanism,DNA replication,Cell division,Energy production,1,Consider Biology principles at level 4
bio-l4-075,Biology,4,What is alternative splicing? (variation 14),DNA replication method,Protein degradation,Producing multiple proteins from one gene,Energy production pathway,Cell division type,2,Consider Biology principles at level 4
bio-l4-076,Biology,4,What is the function of telomeres? (variation 15),Protein synthesis,Energy production,Cell division,Protect chromosome ends,DNA repair,3,Consider Biology principles at level 4
bio-l4-077,Biology,4,What is the lac operon? (variation 15),A protein,Gene regulation system,An enzyme,A chromosome,A cell organelle,1,Consider Biology principles at level 4
bio-l4-078,Biology,4,What causes sickle cell anemia? (variation 15),Viral infection,Point mutation in hemoglobin gene,Chromosomal deletion,Environmental factors,Bacterial infection,1,Consider Biology principles at level 4
bio-l4-079,Biology,4,What is RNA interference? (variation 15),Protein synthesis,Gene silencing mechanism,DNA replication,Cell division,Energy production,1,Consider Biology principles at level 4
bio-l4-080,Biology,4,What is alternative splicing? (variation 15),DNA replication method,Energy production pathway,Cell division type,Producing multiple proteins from one gene,Protein degradation,3,Consider Biology principles at level 4
bio-l4-081,Biology,4,What is the function of telomeres? (variation 16),Protein synthesis,Protect chromosome ends,Energy production,Cell division,DNA repair,1,Consider Biology principles at level 4
bio-l4-082,Biology,4,What is the lac operon? (variation 16),A protein,Gene regulation system,An enzyme,A chromosome,A cell organelle,1,Consider Biology principles at level 4
bio-l4-083,Biology,4,What causes sickle cell anemia? (variation 16),Chromosomal deletion,Environmental factors,Bacterial infection,Point mutation in hemoglobin gene,Viral infection,3,Consider Biology principles at level 4
bio-l4-084,Biology,4,What is RNA interference? (variation 16),DNA replication,Gene silencing mechanism,Protein synthesis,Energy production,Cell division,1,Consider Biology principles at level 4
bio-l4-085,Biology,4,What is alternative splicing? (variation 16),DNA replication method,Producing multiple proteins from one gene,Cell division type,Energy production pathway,Protein degradation,1,Consider Biology principles at level 4
bio-l4-086,Biology,4,What is the function of telomeres? (variation 17),Protein synthesis,Protect chromosome ends,Energy production,Cell division,DNA repair,1,Consider Biology principles at level 4
bio-l4-087,Biology,4,What is the lac operon? (variation 17),A cell organelle,A protein,A chromosome,Gene regulation system,An enzyme,3,Consider Biology principles at level 4
bio-l4-088,Biology,4,What causes sickle cell anemia? (variation 17),Viral infection,Environmental factors,Point mutation in hemoglobin gene,Bacterial infection,Chromosomal deletion,2,Consider Biology principles at level 4
bio-l4-089,Biology,4,What is RNA interference? (variation 17),Energy production,DNA replication,Cell division,Gene silencing mechanism,Protein synthesis,3,Consider Biology principles at level 4
bio-l4-090,Biology,4,What is alternative splicing? (variation 17),DNA replication method,Producing multiple proteins from one gene,Cell division type,Energy production pathway,Protein degradation,1,Consider Biology principles at level 4
bio-l4-091,Biology,4,What is the function of telomeres? (variation 18),Protein synthesis,Protect chromosome ends,Energy production,Cell division,DNA repair,1,Consider Biology principles at level 4
bio-l4-092,Biology,4,What is the lac operon? (variation 18),A protein,Gene regulation system,An enzyme,A chromosome,A cell organelle,1,Consider Biology principles at level 4
bio-l4-093,Biology,4,What causes sickle cell anemia? (variation 18),Viral infection,Point mutation in hemoglobin gene,Chromosomal deletion,Environmental factors,Bacterial infection,1,Consider Biology principles at level 4
bio-l4-094,Biology,4,What is RNA interference? (variation 18),DNA replication,Cell division,Protein synthesis,Energy production,Gene silencing mechanism,4,Consider Biology principles at level 4
bio-l4-095,Biology,4,What is alternative splicing? (variation 18),Cell division type,Protein degradation,Producing multiple proteins from one gene,Energy production pathway,DNA replication method,2,Consider Biology principles at level 4
bio-l4-096,Biology,4,What is the function of telomeres? (variation 19),Protein synthesis,Protect chromosome ends,Energy production,Cell division,DNA repair,1,Consider Biology principles at level 4
bio-l4-097,Biology,4,What is the lac operon? (variation 19),A protein,Gene regulation system,An enzyme,A chromosome,A cell organelle,1,Consider Biology principles at level 4
bio-l4-098,Biology,4,What causes sickle cell anemia? (variation 19),Point mutation in hemoglobin gene,Chromosomal deletion,Viral infection,Environmental factors,Bacterial infection,0,Consider Biology principles at level 4
bio-l4-099,Biology,4,What is RNA interference? (variation 19),Protein synthesis,Gene silencing mechanism,DNA replication,Cell division,Energy production,1,Consider Biology principles at level 4
bio-l4-100,Biology,4,What is alternative splicing? (variation 19),DNA replication method,Producing multiple proteins from one gene,Cell division type,Energy production pathway,Protein degradation,1,Consider Biology principles at level 4
bio-l5-001,Biology,5,What is CRISPR-Cas9?,Microscopy technique,Gene editing tool,Protein analysis method,Cell culture technique,DNA sequencing method,1,Consider Biology principles at level 5
bio-l5-002,Biology,5,What is the wobble hypothesis?,DNA structure theory,Codon-anticodon pairing flexibility,Protein folding theory,Cell membrane model,Evolution theory,1,Consider Biology principles at level 5
bio-l5-003,Biology,5,What is epigenetic inheritance?,Mendelian genetics,Non-DNA sequence-based inheritance,Chromosomal abnormalities,Genetic mutations,Protein inheritance,1,Consider Biology principles at level 5
bio-l5-004,Biology,5,What is the endosymbiotic theory?,Cell division theory,Origin of organelles theory,DNA replication theory,Protein synthesis theory,Evolution theory,1,Consider Biology principles at level 5
bio-l5-005,Biology,5,What is proteomics?,Study of proteins,Study of DNA,Study of RNA,Study of lipids,Study of carbohydrates,0,Consider Biology principles at level 5
bio-l5-006,Biology,5,What is CRISPR-Cas9? (variation 1),Microscopy technique,Gene editing tool,Protein analysis method,Cell culture technique,DNA sequencing method,1,Consider Biology principles at level 5
bio-l5-007,Biology,5,What is the wobble hypothesis? (variation 1),DNA structure theory,Codon-anticodon pairing flexibility,Protein folding theory,Cell membrane model,Evolution theory,1,Consider Biology principles at level 5
bio-l5-008,Biology,5,What is epigenetic inheritance? (variation 1),Mendelian genetics,Non-DNA sequence-based inheritance,Chromosomal abnormalities,Genetic mutations,Protein inheritance,1,Consider Biology principles at level 5
bio-l5-009,Biology,5,What is the endosymbiotic theory? (variation 1),DNA replication theory,Cell division theory,Origin of organelles theory,Evolution theory,Protein synthesis theory,2,Consider Biology principles at level 5
bio-l5-010,Biology,5,What is proteomics? (variation 1),Study of proteins,Study of DNA,Study of RNA,Study of lipids,Study of carbohydrates,0,Consider Biology principles at level 5
bio-l5-011,Biology,5,What is CRISPR-Cas9? (variation 2),Microscopy technique,Gene editing tool,Protein analysis method,Cell culture technique,DNA sequencing method,1,Consider Biology principles at level 5
bio-l5-012,Biology,5,What is the wobble hypothesis? (variation 2),Evolution theory,Codon-anticodon pairing flexibility,DNA structure theory,Protein folding theory,Cell membrane model,1,Consider Biology principles at level 5
bio-l5-013,Biology,5,What is epigenetic inheritance? (variation 2),Genetic mutations,Protein inheritance,Mendelian genetics,Chromosomal abnormalities,Non-DNA sequence-based inheritance,4,Consider Biology principles at level 5
bio-l5-014,Biology,5,What is the endosymbiotic theory? (variation 2),Origin of organelles theory,DNA replication theory,Protein synthesis theory,Evolution theory,Cell division theory,0,Consider Biology principles at level 5
bio-l5-015,Biology,5,What is proteomics? (variation 2),Study of proteins,Study of DNA,Study of RNA,Study of lipids,Study of carbohydrates,0,Consider Biology principles at level 5
bio-l5-016,Biology,5,What is CRISPR-Cas9? (variation 3),Cell culture technique,Microscopy technique,DNA sequencing method,Gene editing tool,Protein analysis method,3,Consider Biology principles at level 5
bio-l5-017,Biology,5,What is the wobble hypothesis? (variation 3),DNA structure theory,Codon-anticodon pairing flexibility,Protein folding theory,Cell membrane model,Evolution theory,1,Consider Biology principles at level 5
bio-l5-018,Biology,5,What is epigenetic inheritance? (variation 3),Mendelian genetics,Non-DNA sequence-based inheritance,Chromosomal abnormalities,Genetic mutations,Protein inheritance,1,Consider Biology principles at level 5
bio-l5-019,Biology,5,What is the endosymbiotic theory? (variation 3),Cell division theory,Origin of organelles theory,DNA replication theory,Protein synthesis theory,Evolution theory,1,Consider Biology principles at level 5
bio-l5-020,Biology,5,What is proteomics? (variation 3),Study of proteins,Study of DNA,Study of RNA,Study of lipids,Study of carbohydrates,0,Consider Biology principles at level 5
bio-l5-021,Biology,5,What is CRISPR-Cas9? (variation 4),Microscopy technique,Gene editing tool,Protein analysis method,Cell culture technique,DNA sequencing method,1,Consider Biology principles at level 5
bio-l5-022,Biology,5,What is the wobble hypothesis? (variation 4),DNA structure theory,Codon-anticodon pairing flexibility,Protein folding theory,Cell membrane model,Evolution theory,1,Consider Biology principles at level 5
bio-l5-023,Biology,5,What is epigenetic inheritance? (variation 4),Mendelian genetics,Non-DNA sequence-based inheritance,Chromosomal abnormalities,Genetic mutations,Protein inheritance,1,Consider Biology principles at level 5
bio-l5-024,Biology,5,What is the endosymbiotic theory? (variation 4),Origin of organelles theory,Cell division theory,DNA replication theory,Evolution theory,Protein synthesis theory,0,Consider Biology principles at level 5
bio-l5-025,Biology,5,What is proteomics? (variation 4),Study of proteins,Study of DNA,Study of RNA,Study of lipids,Study of carbohydrates,0,Consider Biology principles at level 5
bio-l5-026,Biology,5,What is CRISPR-Cas9? (variation 5),Microscopy technique,Gene editing tool,Protein analysis method,Cell culture technique,DNA sequencing method,1,Consider Biology principles at level 5
bio-l5-027,Biology,5,What is the wobble hypothesis? (variation 5),DNA structure theory,Protein folding theory,Evolution theory,Codon-anticodon pairing flexibility,Cell membrane model,3,Consider Biology principles at level 5
bio-l5-028,Biology,5,What is epigenetic inheritance? (variation 5),Mendelian genetics,Non-DNA sequence-based inheritance,Chromosomal abnormalities,Genetic mutations,Protein inheritance,1,Consider Biology principles at level 5
bio-l5-029,Biology,5,What is the endosymbiotic theory? (variation 5),Origin of organelles theory,Cell division theory,Protein synthesis theory,Evolution theory,DNA replication theory,0,Consider Biology principles at level 5
bio-l5-030,Biology,5,What is proteomics? (variation 5),Study of DNA,Study of carbohydrates,Study of proteins,Study of RNA,Study of lipids,2,Consider Biology principles at level 5
bio-l5-031,Biology,5,What is CRISPR-Cas9? (variation 6),Microscopy technique,Gene editing tool,Protein analysis method,Cell culture technique,DNA sequencing method,1,Consider Biology principles at level 5
bio-l5-032,Biology,5,What is the wobble hypothesis? (variation 6),Evolution theory,DNA structure theory,Protein folding theory,Cell membrane model,Codon-anticodon pairing flexibility,4,Consider Biology principles at level 5
bio-l5-033,Biology,5,What is epigenetic inheritance? (variation 6),Mendelian genetics,Non-DNA sequence-based inheritance,Chromosomal abnormalities,Genetic mutations,Protein inheritance,1,Consider Biology principles at level 5
bio-l5-034,Biology,5,What is the endosymbiotic theory? (variation 6),Cell division theory,Origin of organelles theory,Evolution theory,DNA replication theory,Protein synthesis theory,1,Consider Biology principles at level 5
bio-l5-035,Biology,5,What is proteomics? (variation 6),Study of proteins,Study of DNA,Study of RNA,Study of lipids,Study of carbohydrates,0,Consider Biology principles at level 5
bio-l5-036,Biology,5,What is CRISPR-Cas9? (variation 7),Microscopy technique,Gene editing tool,Protein analysis method,Cell culture technique,DNA sequencing method,1,Consider Biology principles at level 5
bio-l5-037,Biology,5,What is the wobble hypothesis? (variation 7),DNA structure theory,Codon-anticodon pairing flexibility,Protein folding theory,Cell membrane model,Evolution theory,1,Consider Biology principles at level 5
bio-l5-038,Biology,5,What is epigenetic inheritance? (variation 7),Mendelian genetics,Non-DNA sequence-based inheritance,Chromosomal abnormalities,Genetic mutations,Protein inheritance,1,Consider Biology principles at level 5
bio-l5-039,Biology,5,What is the endosymbiotic theory? (variation 7),Protein synthesis theory,DNA replication theory,Cell division theory,Evolution theory,Origin of organelles theory,4,Consider Biology principles at level 5
bio-l5-040,Biology,5,What is proteomics? (variation 7),Study of proteins,Study of DNA,Study of RNA,Study of lipids,Study of carbohydrates,0,Consider Biology principles at level 5
bio-l5-041,Biology,5,What is CRISPR-Cas9? (variation 8),Microscopy technique,Gene editing tool,Protein analysis method,Cell culture technique,DNA sequencing method,1,Consider Biology principles at level 5
bio-l5-042,Biology,5,What is the wobble hypothesis? (variation 8),DNA structure theory,Codon-anticodon pairing flexibility,Protein folding theory,Cell membrane model,Evolution theory,1,Consider Biology principles at level 5
bio-l5-043,Biology,5,What is epigenetic inheritance? (variation 8),Mendelian genetics,Non-DNA sequence-based inheritance,Chromosomal abnormalities,Genetic mutations,Protein inheritance,1,Consider Biology principles at level 5
bio-l5-044,Biology,5,What is the endosymbiotic theory? (variation 8),Cell division theory,Origin of organelles theory,DNA replication theory,Protein synthesis theory,Evolution theory,1,Consider Biology principles at level 5
bio-l5-045,Biology,5,What is proteomics? (variation 8),Study of proteins,Study of RNA,Study of carbohydrates,Study of lipids,Study of DNA,0,Consider Biology principles at level 5
bio-l5-046,Biology,5,What is CRISPR-Cas9? (variation 9),Microscopy technique,Gene editing tool,Protein analysis method,Cell culture technique,DNA sequencing method,1,Consider Biology principles at level 5
bio-l5-047,Biology,5,What is the wobble hypothesis? (variation 9),Evolution theory,Protein folding theory,DNA structure theory,Codon-anticodon pairing flexibility,Cell membrane model,3,Consider Biology principles at level 5
bio-l5-048,Biology,5,What is epigenetic inheritance? (variation 9),Mendelian genetics,Non-DNA sequence-based inheritance,Chromosomal abnormalities,Genetic mutations,Protein inheritance,1,Consider Biology principles at level 5
bio-l5-049,Biology,5,What is the endosymbiotic theory? (variation 9),Cell division theory,Origin of organelles theory,DNA replication theory,Protein synthesis theory,Evolution theory,1,Consider Biology principles at level 5
bio-l5-050,Biology,5,What is proteomics? (variation 9),Study of proteins,Study of DNA,Study of RNA,Study of lipids,Study of carbohydrates,0,Consider Biology principles at level 5
bio-l5-051,Biology,5,What is CRISPR-Cas9? (variation 10),Microscopy technique,Gene editing tool,Protein analysis method,Cell culture technique,DNA sequencing method,1,Consider Biology principles at level 5
bio-l5-052,Biology,5,What is the wobble hypothesis? (variation 10),DNA structure theory,Codon-anticodon pairing flexibility,Protein folding theory,Cell membrane model,Evolution theory,1,Consider Biology principles at level 5
bio-l5-053,Biology,5,What is epigenetic inheritance? (variation 10),Mendelian genetics,Non-DNA sequence-based inheritance,Chromosomal abnormalities,Genetic mutations,Protein inheritance,1,Consider Biology principles at level 5
bio-l5-054,Biology,5,What is the endosymbiotic theory? (variation 10),Evolution theory,DNA replication theory,Origin of organelles theory,Protein synthesis theory,Cell division theory,2,Consider Biology principles at level 5
bio-l5-055,Biology,5,What is proteomics? (variation 10),Study of proteins,Study of DNA,Study of RNA,Study of lipids,Study of carbohydrates,0,Consider Biology principles at level 5
bio-l5-056,Biology,5,What is CRISPR-Cas9? (variation 11),Microscopy technique,Gene editing tool,Protein analysis method,Cell culture technique,DNA sequencing method,1,Consider Biology principles at level 5
bio-l5-057,Biology,5,What is the wobble hypothesis? (variation 11),DNA structure theory,Codon-anticodon pairing flexibility,Protein folding theory,Cell membrane model,Evolution theory,1,Consider Biology principles at level 5
bio-l5-058,Biology,5,What is epigenetic inheritance? (variation 11),Non-DNA sequence-based inheritance,Genetic mutations,Chromosomal abnormalities,Protein inheritance,Mendelian genetics,0,Consider Biology principles at level 5
bio-l5-059,Biology,5,What is the endosymbiotic theory? (variation 11),Cell division theory,DNA replication theory,Origin of organelles theory,Evolution theory,Protein synthesis theory,2,Consider Biology principles at level 5
bio-l5-060,Biology,5,What is proteomics? (variation 11),Study of carbohydrates,Study of lipids,Study of RNA,Study of DNA,Study of proteins,4,Consider Biology principles at level 5
bio-l5-061,Biology,5,What is CRISPR-Cas9? (variation 12),Microscopy technique,Gene editing tool,Protein analysis method,Cell culture technique,DNA sequencing method,1,Consider Biology principles at level 5
bio-l5-062,Biology,5,What is the wobble hypothesis? (variation 12),DNA structure theory,Codon-anticodon pairing flexibility,Protein folding theory,Cell membrane model,Evolution theory,1,Consider Biology principles at level 5
bio-l5-063,Biology,5,What is epigenetic inheritance? (variation 12),Mendelian genetics,Non-DNA sequence-based inheritance,Chromosomal abnormalities,Genetic mutations,Protein inheritance,1,Consider Biology principles at level 5
bio-l5-064,Biology,5,What is the endosymbiotic theory? (variation 12),Cell division theory,Origin of organelles theory,DNA replication theory,Protein synthesis theory,Evolution theory,1,Consider Biology principles at level 5
bio-l5-065,Biology,5,What is proteomics? (variation 12),Study of proteins,Study of DNA,Study of lipids,Study of carbohydrates,Study of RNA,0,Consider Biology principles at level 5
bio-l5-066,Biology,5,What is CRISPR-Cas9? (variation 13),Microscopy technique,Protein analysis method,Gene editing tool,DNA sequencing method,Cell culture technique,2,Consider Biology principles at level 5
bio-l5-067,Biology,5,What is the wobble hypothesis? (variation 13),DNA structure theory,Codon-anticodon pairing flexibility,Protein folding theory,Cell membrane model,Evolution theory,1,Consider Biology principles at level 5
bio-l5-068,Biology,5,What is epigenetic inheritance? (variation 13),Mendelian genetics,Non-DNA sequence-based inheritance,Chromosomal abnormalities,Genetic mutations,Protein inheritance,1,Consider Biology principles at level 5
bio-l5-069,Biology,5,What is the endosymbiotic theory? (variation 13),Cell division theory,Origin of organelles theory,DNA replication theory,Protein synthesis theory,Evolution theory,1,Consider Biology principles at level 5
bio-l5-070,Biology,5,What is proteomics? (variation 13),Study of proteins,Study of DNA,Study of RNA,Study of lipids,Study of carbohydrates,0,Consider Biology principles at level 5
bio-l5-071,Biology,5,What is CRISPR-Cas9? (variation 14),Protein analysis method,Gene editing tool,DNA sequencing method,Cell culture technique,Microscopy technique,1,Consider Biology principles at level 5
bio-l5-072,Biology,5,What is the wobble hypothesis? (variation 14),Codon-anticodon pairing flexibility,DNA structure theory,Protein folding theory,Evolution theory,Cell membrane model,0,Consider Biology principles at level 5
bio-l5-073,Biology,5,What is epigenetic inheritance? (variation 14),Mendelian genetics,Non-DNA sequence-based inheritance,Chromosomal abnormalities,Genetic mutations,Protein inheritance,1,Consider Biology principles at level 5
bio-l5-074,Biology,5,What is the endosymbiotic theory? (variation 14),Cell division theory,Evolution theory,DNA replication theory,Origin of organelles theory,Protein synthesis theory,3,Consider Biology principles at level 5
bio-l5-075,Biology,5,What is proteomics? (variation 14),Study of proteins,Study of DNA,Study of RNA,Study of lipids,Study of carbohydrates,0,Consider Biology principles at level 5
bio-l5-076,Biology,5,What is CRISPR-Cas9? (variation 15),Microscopy technique,Gene editing tool,Protein analysis method,Cell culture technique,DNA sequencing method,1,Consider Biology principles at level 5
bio-l5-077,Biology,5,What is the wobble hypothesis? (variation 15),DNA structure theory,Codon-anticodon pairing flexibility,Protein folding theory,Cell membrane model,Evolution theory,1,Consider Biology principles at level 5
bio-l5-078,Biology,5,What is epigenetic inheritance? (variation 15),Mendelian genetics,Non-DNA sequence-based inheritance,Chromosomal abnormalities,Genetic mutations,Protein inheritance,1,Consider Biology principles at level 5
bio-l5-079,Biology,5,What is the endosymbiotic theory? (variation 15),Cell division theory,Origin of organelles theory,DNA replication theory,Protein synthesis theory,Evolution theory,1,Consider Biology principles at level 5
bio-l5-080,Biology,5,What is proteomics? (variation 15),Study of proteins,Study of DNA,Study of RNA,Study of lipids,Study of carbohydrates,0,Consider Biology principles at level 5
bio-l5-081,Biology,5,What is CRISPR-Cas9? (variation 16),Microscopy technique,Gene editing tool,Protein analysis method,Cell culture technique,DNA sequencing method,1,Consider Biology principles at level 5
bio-l5-082,Biology,5,What is the wobble hypothesis? (variation 16),Evolution theory,DNA structure theory,Protein folding theory,Cell membrane model,Codon-anticodon pairing flexibility,4,Consider Biology principles at level 5
bio-l5-083,Biology,5,What is epigenetic inheritance? (variation 16),Mendelian genetics,Non-DNA sequence-based inheritance,Chromosomal abnormalities,Genetic mutations,Protein inheritance,1,Consider Biology principles at level 5
bio-l5-084,Biology,5,What is the endosymbiotic theory? (variation 16),Cell division theory,Origin of organelles theory,DNA replication theory,Protein synthesis theory,Evolution theory,1,Consider Biology principles at level 5
bio-l5-085,Biology,5,What is proteomics? (variation 16),Study of proteins,Study of lipids,Study of RNA,Study of DNA,Study of carbohydrates,0,Consider Biology principles at level 5
bio-l5-086,Biology,5,What is CRISPR-Cas9? (variation 17),Gene editing tool,Microscopy technique,Cell culture technique,Protein analysis method,DNA sequencing method,0,Consider Biology principles at level 5
bio-l5-087,Biology,5,What is the wobble hypothesis? (variation 17),Evolution theory,Codon-anticodon pairing flexibility,Protein folding theory,Cell membrane model,DNA structure theory,1,Consider Biology principles at level 5
bio-l5-088,Biology,5,What is epigenetic inheritance? (variation 17),Mendelian genetics,Non-DNA sequence-based inheritance,Chromosomal abnormalities,Genetic mutations,Protein inheritance,1,Consider Biology principles at level 5
bio-l5-089,Biology,5,What is the endosymbiotic theory? (variation 17),Cell division theory,Origin of organelles theory,DNA replication theory,Protein synthesis theory,Evolution theory,1,Consider Biology principles at level 5
bio-l5-090,Biology,5,What is proteomics? (variation 17),Study of proteins,Study of DNA,Study of RNA,Study of lipids,Study of carbohydrates,0,Consider Biology principles at level 5
bio-l5-091,Biology,5,What is CRISPR-Cas9? (variation 18),Gene editing tool,Protein analysis method,Microscopy technique,Cell culture technique,DNA sequencing method,0,Consider Biology principles at level 5
bio-l5-092,Biology,5,What is the wobble hypothesis? (variation 18),DNA structure theory,Codon-anticodon pairing flexibility,Protein folding theory,Cell membrane model,Evolution theory,1,Consider Biology principles at level 5
bio-l5-093,Biology,5,What is epigenetic inheritance? (variation 18),Mendelian genetics,Non-DNA sequence-based inheritance,Chromosomal abnormalities,Genetic mutations,Protein inheritance,1,Consider Biology principles at level 5
bio-l5-094,Biology,5,What is the endosymbiotic theory? (variation 18),Protein synthesis theory,Evolution theory,Cell division theory,Origin of organelles theory,DNA replication theory,3,Consider Biology principles at level 5
bio-l5-095,Biology,5,What is proteomics? (variation 18),Study of proteins,Study of lipids,Study of DNA,Study of carbohydrates,Study of RNA,0,Consider Biology principles at level 5
bio-l5-096,Biology,5,What is CRISPR-Cas9? (variation 19),Protein analysis method,Microscopy technique,DNA sequencing method,Gene editing tool,Cell culture technique,3,Consider Biology principles at level 5
bio-l5-097,Biology,5,What is the wobble hypothesis? (variation 19),DNA structure theory,Codon-anticodon pairing flexibility,Protein folding theory,Cell membrane model,Evolution theory,1,Consider Biology principles at level 5
bio-l5-098,Biology,5,What is epigenetic inheritance? (variation 19),Mendelian genetics,Non-DNA sequence-based inheritance,Chromosomal abnormalities,Genetic mutations,Protein inheritance,1,Consider Biology principles at level 5
bio-l5-099,Biology,5,What is the endosymbiotic theory? (variation 19),Cell division theory,Protein synthesis theory,Evolution theory,Origin of organelles theory,DNA replication theory,3,Consider Biology principles at level 5
bio-l5-100,Biology,5,What is proteomics? (variation 19),Study of DNA,Study of proteins,Study of lipids,Study of carbohydrates,Study of RNA,1,Consider Biology principles at level 5
geo-l1-001,Geography,1,What is the largest ocean?,Atlantic,Indian,Pacific,Arctic,Southern,2,Consider Geography principles at level 1
geo-l1-002,Geography,1,How many continents are there?,5,6,7,8,9,2,Consider Geography principles at level 1
geo-l1-003,Geography,1,What is the capital of France?,London,Berlin,Paris,Madrid,Rome,2,Consider Geography principles at level 1
geo-l1-004,Geography,1,Which river is longest?,Amazon,Nile,Yangtze,Mississippi,Congo,1,Consider Geography principles at level 1
geo-l1-005,Geography,1,What is the largest country?,Canada,USA,China,Russia,Brazil,3,Consider Geography principles at level 1
geo-l1-006,Geography,1,What is the largest ocean? (variation 1),Atlantic,Indian,Pacific,Arctic,Southern,2,Consider Geography principles at level 1
geo-l1-007,Geography,1,How many continents are there? (variation 1),6,7,9,8,5,1,Consider Geography principles at level 1
geo-l1-008,Geography,1,What is the capital of France? (variation 1),London,Berlin,Paris,Madrid,Rome,2,Consider Geography principles at level 1
geo-l1-009,Geography,1,Which river is longest? (variation 1),Amazon,Nile,Yangtze,Mississippi,Congo,1,Consider Geography principles at level 1
geo-l1-010,Geography,1,What is the largest country? (variation 1),Russia,China,Brazil,Canada,USA,0,Consider Geography principles at level 1
geo-l1-011,Geography,1,What is the largest ocean? (variation 2),Atlantic,Indian,Pacific,Arctic,Southern,2,Consider Geography principles at level 1
geo-l1-012,Geography,1,How many continents are there? (variation 2),5,6,7,8,9,2,Consider Geography principles at level 1
geo-l1-013,Geography,1,What is the capital of France? (variation 2),Rome,Madrid,Paris,London,Berlin,2,Consider Geography principles at level 1
geo-l1-014,Geography,1,Which river is longest? (variation 2),Amazon,Nile,Yangtze,Mississippi,Congo,1,Consider Geography principles at level 1
geo-l1-015,Geography,1,What is the largest country? (variation 2),Canada,USA,China,Russia,Brazil,3,Consider Geography principles at level 1
geo-l1-016,Geography,1,What is the largest ocean? (variation 3),Atlantic,Indian,Pacific,Arctic,Southern,2,Consider Geography principles at level 1
geo-l1-017,Geography,1,How many continents are there? (variation 3),9,5,6,8,7,4,Consider Geography principles at level 1
geo-l1-018,Geography,1,What is the capital of France? (variation 3),London,Berlin,Paris,Madrid,Rome,2,Consider Geography principles at level 1
geo-l1-019,Geography,1,Which river is longest? (variation 3),Amazon,Nile,Yangtze,Mississippi,Congo,1,Consider Geography principles at level 1
geo-l1-020,Geography,1,What is the largest country? (variation 3),Canada,USA,China,Russia,Brazil,3,Consider Geography principles at level 1
geo-l1-021,Geography,1,What is the largest ocean? (variation 4),Indian,Arctic,Southern,Pacific,Atlantic,3,Consider Geography principles at level 1
geo-l1-022,Geography,1,How many continents are there? (variation 4),6,9,5,8,7,4,Consider Geography principles at level 1
geo-l1-023,Geography,1,What is the capital of France? (variation 4),London,Berlin,Paris,Madrid,Rome,2,Consider Geography principles at level 1
geo-l1-024,Geography,1,Which river is longest? (variation 4),Amazon,Nile,Yangtze,Mississippi,Congo,1,Consider Geography principles at level 1
geo-l1-025,Geography,1,What is the largest country? (variation 4),Canada,USA,China,Russia,Brazil,3,Consider Geography principles at level 1
geo-l1-026,Geography,1,What is the largest ocean? (variation 5),Indian,Arctic,Pacific,Southern,Atlantic,2,Consider Geography principles at level 1
geo-l1-027,Geography,1,How many continents are there? (variation 5),5,6,7,8,9,2,Consider Geography principles at level 1
geo-l1-028,Geography,1,What is the capital of France? (variation 5),London,Berlin,Paris,Madrid,Rome,2,Consider Geography principles at level 1
geo-l1-029,Geography,1,Which river is longest? (variation 5),Amazon,Nile,Yangtze,Mississippi,Congo,1,Consider Geography principles at level 1
geo-l1-030,Geography,1,What is the largest country? (variation 5),Russia,Brazil,China,Canada,USA,0,Consider Geography principles at level 1
geo-l1-031,Geography,1,What is the largest ocean? (variation 6),Atlantic,Indian,Pacific,Arctic,Southern,2,Consider Geography principles at level 1
geo-l1-032,Geography,1,How many continents are there? (variation 6),8,7,5,6,9,1,Consider Geography principles at level 1
geo-l1-033,Geography,1,What is the capital of France? (variation 6),Rome,Berlin,Paris,London,Madrid,2,Consider Geography principles at level 1
geo-l1-034,Geography,1,Which river is longest? (variation 6),Amazon,Nile,Yangtze,Mississippi,Congo,1,Consider Geography principles at level 1
geo-l1-035,Geography,1,What is the largest country? (variation 6),Canada,USA,China,Russia,Brazil,3,Consider Geography principles at level 1
geo-l1-036,Geography,1,What is the largest ocean? (variation 7),Atlantic,Indian,Pacific,Arctic,Southern,2,Consider Geography principles at level 1
geo-l1-037,Geography,1,How many continents are there? (variation 7),5,6,7,8,9,2,Consider Geography principles at level 1
geo-l1-038,Geography,1,What is the capital of France? (variation 7),London,Berlin,Paris,Madrid,Rome,2,Consider Geography principles at level 1
geo-l1-039,Geography,1,Which river is longest? (variation 7),Amazon,Nile,Yangtze,Mississippi,Congo,1,Consider Geography principles at level 1
geo-l1-040,Geography,1,What is the largest country? (variation 7),China,Brazil,Canada,USA,Russia,4,Consider Geography principles at level 1
geo-l1-041,Geography,1,What is the largest ocean? (variation 8),Atlantic,Indian,Pacific,Arctic,Southern,2,Consider Geography principles at level 1
geo-l1-042,Geography,1,How many continents are there? (variation 8),5,6,7,8,9,2,Consider Geography principles at level 1
geo-l1-043,Geography,1,What is the capital of France? (variation 8),London,Berlin,Paris,Madrid,Rome,2,Consider Geography principles at level 1
geo-l1-044,Geography,1,Which river is longest? (variation 8),Amazon,Nile,Yangtze,Mississippi,Congo,1,Consider Geography principles at level 1
geo-l1-045,Geography,1,What is the largest country? (variation 8),Canada,USA,China,Russia,Brazil,3,Consider Geography principles at level 1
geo-l1-046,Geography,1,What is the largest ocean? (variation 9),Atlantic,Indian,Pacific,Arctic,Southern,2,Consider Geography principles at level 1
geo-l1-047,Geography,1,How many continents are there? (variation 9),5,6,7,8,9,2,Consider Geography principles at level 1
geo-l1-048,Geography,1,What is the capital of France? (variation 9),Madrid,Rome,Paris,Berlin,London,2,Consider Geography principles at level 1
geo-l1-049,Geography,1,Which river is longest? (variation 9),Amazon,Nile,Yangtze,Mississippi,Congo,1,Consider Geography principles at level 1
geo-l1-050,Geography,1,What is the largest country? (variation 9),Canada,USA,China,Russia,Brazil,3,Consider Geography principles at level 1
geo-l1-051,Geography,1,What is the largest ocean? (variation 10),Atlantic,Indian,Pacific,Arctic,Southern,2,Consider Geography principles at level 1
geo-l1-052,Geography,1,How many continents are there? (variation 10),5,6,7,8,9,2,Consider Geography principles at level 1
geo-l1-053,Geography,1,What is the capital of France? (variation 10),Madrid,Rome,Berlin,London,Paris,4,Consider Geography principles at level 1
geo-l1-054,Geography,1,Which river is longest? (variation 10),Congo,Nile,Mississippi,Amazon,Yangtze,1,Consider Geography principles at level 1
geo-l1-055,Geography,1,What is the largest country? (variation 10),Canada,USA,China,Russia,Brazil,3,Consider Geography principles at level 1
geo-l1-056,Geography,1,What is the largest ocean? (variation 11),Atlantic,Indian,Pacific,Arctic,Southern,2,Consider Geography principles at level 1
geo-l1-057,Geography,1,How many continents are there? (variation 11),6,9,5,8,7,4,Consider Geography principles at level 1
geo-l1-058,Geography,1,What is the capital of France? (variation 11),London,Berlin,Paris,Madrid,Rome,2,Consider Geography principles at level 1
geo-l1-059,Geography,1,Which river is longest? (variation 11),Amazon,Nile,Yangtze,Mississippi,Congo,1,Consider Geography principles at level 1
geo-l1-060,Geography,1,What is the largest country? (variation 11),Canada,USA,China,Russia,Brazil,3,Consider Geography principles at level 1
geo-l1-061,Geography,1,What is the largest ocean? (variation 12),Arctic,Southern,Pacific,Atlantic,Indian,2,Consider Geography principles at level 1
geo-l1-062,Geography,1,How many continents are there? (variation 12),9,5,6,8,7,4,Consider Geography principles at level 1
geo-l1-063,Geography,1,What is the capital of France? (variation 12),Paris,Madrid,London,Rome,Berlin,0,Consider Geography principles at level 1
geo-l1-064,Geography,1,Which river is longest? (variation 12),Amazon,Nile,Yangtze,Mississippi,Congo,1,Consider Geography principles at level 1
geo-l1-065,Geography,1,What is the largest country? (variation 12),Russia,USA,Brazil,Canada,China,0,Consider Geography principles at level 1
geo-l1-066,Geography,1,What is the largest ocean? (variation 13),Pacific,Indian,Southern,Arctic,Atlantic,0,Consider Geography principles at level 1
geo-l1-067,Geography,1,How many continents are there? (variation 13),5,6,7,8,9,2,Consider Geography principles at level 1
geo-l1-068,Geography,1,What is the capital of France? (variation 13),Berlin,Paris,London,Rome,Madrid,1,Consider Geography principles at level 1
geo-l1-069,Geography,1,Which river is longest? (variation 13),Amazon,Nile,Yangtze,Mississippi,Congo,1,Consider Geography principles at level 1
geo-l1-070,Geography,1,What is the largest country? (variation 13),Canada,USA,China,Russia,Brazil,3,Consider Geography principles at level 1
geo-l1-071,Geography,1,What is the largest ocean? (variation 14),Atlantic,Indian,Pacific,Arctic,Southern,2,Consider Geography principles at level 1
geo-l1-072,Geography,1,How many continents are there? (variation 14),5,6,7,8,9,2,Consider Geography principles at level 1
geo-l1-073,Geography,1,What is the capital of France? (variation 14),Rome,London,Madrid,Berlin,Paris,4,Consider Geography principles at level 1
geo-l1-074,Geography,1,Which river is longest? (variation 14),Amazon,Nile,Yangtze,Mississippi,Congo,1,Consider Geography principles at level 1
geo-l1-075,Geography,1,What is the largest country? (variation 14),Canada,USA,China,Russia,Brazil,3,Consider Geography principles at level 1
geo-l1-076,Geography,1,What is the largest ocean? (variation 15),Atlantic,Indian,Pacific,Arctic,Southern,2,Consider Geography principles at level 1
geo-l1-077,Geography,1,How many continents are there? (variation 15),8,9,6,5,7,4,Consider Geography principles at level 1
geo-l1-078,Geography,1,What is the capital of France? (variation 15),London,Berlin,Paris,Madrid,Rome,2,Consider Geography principles at level 1
geo-l1-079,Geography,1,Which river is longest? (variation 15),Amazon,Nile,Yangtze,Mississippi,Congo,1,Consider Geography principles at level 1
geo-l1-080,Geography,1,What is the largest country? (variation 15),Canada,USA,China,Russia,Brazil,3,Consider Geography principles at level 1
geo-l1-081,Geography,1,What is the largest ocean? (variation 16),Atlantic,Indian,Pacific,Arctic,Southern,2,Consider Geography principles at level 1
geo-l1-082,Geography,1,How many continents are there? (variation 16),5,6,7,8,9,2,Consider Geography principles at level 1
geo-l1-083,Geography,1,What is the capital of France? (variation 16),Berlin,Rome,London,Madrid,Paris,4,Consider Geography principles at level 1
geo-l1-084,Geography,1,Which river is longest? (variation 16),Amazon,Nile,Yangtze,Mississippi,Congo,1,Consider Geography principles at level 1
geo-l1-085,Geography,1,What is the largest country? (variation 16),Canada,USA,China,Russia,Brazil,3,Consider Geography principles at level 1
geo-l1-086,Geography,1,What is the largest ocean? (variation 17),Arctic,Atlantic,Indian,Pacific,Southern,3,Consider Geography principles at level 1
geo-l1-087,Geography,1,How many continents are there? (variation 17),5,6,7,8,9,2,Consider Geography principles at level 1
geo-l1-088,Geography,1,What is the capital of France? (variation 17),London,Berlin,Paris,Madrid,Rome,2,Consider Geography principles at level 1
geo-l1-089,Geography,1,Which river is longest? (variation 17),Amazon,Nile,Yangtze,Mississippi,Congo,1,Consider Geography principles at level 1
geo-l1-090,Geography,1,What is the largest country? (variation 17),Canada,USA,China,Russia,Brazil,3,Consider Geography principles at level 1
geo-l1-091,Geography,1,What is the largest ocean? (variation 18),Atlantic,Indian,Pacific,Arctic,Southern,2,Consider Geography principles at level 1
geo-l1-092,Geography,1,How many continents are there? (variation 18),5,6,7,8,9,2,Consider Geography principles at level 1
geo-l1-093,Geography,1,What is the capital of France? (variation 18),Rome,Berlin,Paris,London,Madrid,2,Consider Geography principles at level 1
geo-l1-094,Geography,1,Which river is longest? (variation 18),Mississippi,Nile,Yangtze,Amazon,Congo,1,Consider Geography principles at level 1
geo-l1-095,Geography,1,What is the largest country? (variation 18),Canada,USA,Russia,Brazil,China,2,Consider Geography principles at level 1
geo-l1-096,Geography,1,What is the largest ocean? (variation 19),Atlantic,Indian,Pacific,Arctic,Southern,2,Consider Geography principles at level 1
geo-l1-097,Geography,1,How many continents are there? (variation 19),5,6,7,8,9,2,Consider Geography principles at level 1
geo-l1-098,Geography,1,What is the capital of France? (variation 19),Rome,Berlin,Madrid,Paris,London,3,Consider Geography principles at level 1
geo-l1-099,Geography,1,Which river is longest? (variation 19),Amazon,Congo,Nile,Mississippi,Yangtze,2,Consider Geography principles at level 1
geo-l1-100,Geography,1,What is the largest country? (variation 19),Canada,Brazil,China,USA,Russia,4,Consider Geography principles at level 1
geo-l2-001,Geography,2,What is the capital of Australia?,Sydney,Melbourne,Canberra,Brisbane,Perth,2,Consider Geography principles at level 2
geo-l2-002,Geography,2,Which desert is largest?,Kalahari,Gobi,Arabian,Antarctic,Sahara,3,Consider Geography principles at level 2
geo-l2-003,Geography,2,What separates Africa from Europe?,Suez Canal,Mediterranean Sea,Red Sea,Gibraltar Strait,Bosphorus,1,Consider Geography principles at level 2
geo-l2-004,Geography,2,What is the deepest ocean point?,Tonga Trench,Java Trench,Mariana Trench,Puerto Rico Trench,Peru-Chile Trench,2,Consider Geography principles at level 2
geo-l2-005,Geography,2,Which mountain range is longest?,Urals,Himalayas,Rockies,Andes,Alps,3,Consider Geography principles at level 2
geo-l2-006,Geography,2,What is the capital of Australia? (variation 1),Sydney,Melbourne,Canberra,Brisbane,Perth,2,Consider Geography principles at level 2
geo-l2-007,Geography,2,Which desert is largest? (variation 1),Kalahari,Antarctic,Sahara,Arabian,Gobi,1,Consider Geography principles at level 2
geo-l2-008,Geography,2,What separates Africa from Europe? (variation 1),Suez Canal,Mediterranean Sea,Red Sea,Gibraltar Strait,Bosphorus,1,Consider Geography principles at level 2
geo-l2-009,Geography,2,What is the deepest ocean point? (variation 1),Tonga Trench,Java Trench,Mariana Trench,Puerto Rico Trench,Peru-Chile Trench,2,Consider Geography principles at level 2
geo-l2-010,Geography,2,Which mountain range is longest? (variation 1),Alps,Himalayas,Rockies,Andes,Urals,3,Consider Geography principles at level 2
geo-l2-011,Geography,2,What is the capital of Australia? (variation 2),Sydney,Melbourne,Canberra,Brisbane,Perth,2,Consider Geography principles at level 2
geo-l2-012,Geography,2,Which desert is largest? (variation 2),Arabian,Antarctic,Sahara,Gobi,Kalahari,1,Consider Geography principles at level 2
geo-l2-013,Geography,2,What separates Africa from Europe? (variation 2),Suez Canal,Mediterranean Sea,Red Sea,Gibraltar Strait,Bosphorus,1,Consider Geography principles at level 2
geo-l2-014,Geography,2,What is the deepest ocean point? (variation 2),Tonga Trench,Java Trench,Mariana Trench,Puerto Rico Trench,Peru-Chile Trench,2,Consider Geography principles at level 2
geo-l2-015,Geography,2,Which mountain range is longest? (variation 2),Himalayas,Rockies,Urals,Alps,Andes,4,Consider Geography principles at level 2
geo-l2-016,Geography,2,What is the capital of Australia? (variation 3),Brisbane,Perth,Canberra,Sydney,Melbourne,2,Consider Geography principles at level 2
geo-l2-017,Geography,2,Which desert is largest? (variation 3),Sahara,Antarctic,Gobi,Arabian,Kalahari,1,Consider Geography principles at level 2
geo-l2-018,Geography,2,What separates Africa from Europe? (variation 3),Suez Canal,Mediterranean Sea,Red Sea,Gibraltar Strait,Bosphorus,1,Consider Geography principles at level 2
geo-l2-019,Geography,2,What is the deepest ocean point? (variation 3),Tonga Trench,Java Trench,Mariana Trench,Puerto Rico Trench,Peru-Chile Trench,2,Consider Geography principles at level 2
geo-l2-020,Geography,2,Which mountain range is longest? (variation 3),Himalayas,Andes,Rockies,Alps,Urals,1,Consider Geography principles at level 2
geo-l2-021,Geography,2,What is the capital of Australia? (variation 4),Sydney,Melbourne,Canberra,Brisbane,Perth,2,Consider Geography principles at level 2
geo-l2-022,Geography,2,Which desert is largest? (variation 4),Antarctic,Arabian,Sahara,Kalahari,Gobi,0,Consider Geography principles at level 2
geo-l2-023,Geography,2,What separates Africa from Europe? (variation 4),Suez Canal,Gibraltar Strait,Mediterranean Sea,Red Sea,Bosphorus,2,Consider Geography principles at level 2
geo-l2-024,Geography,2,What is the deepest ocean point? (variation 4),Tonga Trench,Java Trench,Mariana Trench,Puerto Rico Trench,Peru-Chile Trench,2,Consider Geography principles at level 2
geo-l2-025,Geography,2,Which mountain range is longest? (variation 4),Himalayas,Andes,Rockies,Alps,Urals,1,Consider Geography principles at level 2
geo-l2-026,Geography,2,What is the capital of Australia? (variation 5),Sydney,Melbourne,Canberra,Brisbane,Perth,2,Consider Geography principles at level 2
geo-l2-027,Geography,2,Which desert is largest? (variation 5),Gobi,Sahara,Arabian,Antarctic,Kalahari,3,Consider Geography principles at level 2
geo-l2-028,Geography,2,What separates Africa from Europe? (variation 5),Suez Canal,Mediterranean Sea,Red Sea,Gibraltar Strait,Bosphorus,1,Consider Geography principles at level 2
geo-l2-029,Geography,2,What is the deepest ocean point? (variation 5),Java Trench,Mariana Trench,Puerto Rico Trench,Peru-Chile Trench,Tonga Trench,1,Consider Geography principles at level 2
geo-l2-030,Geography,2,Which mountain range is longest? (variation 5),Himalayas,Andes,Rockies,Alps,Urals,1,Consider Geography principles at level 2
geo-l2-031,Geography,2,What is the capital of Australia? (variation 6),Brisbane,Canberra,Perth,Melbourne,Sydney,1,Consider Geography principles at level 2
geo-l2-032,Geography,2,Which desert is largest? (variation 6),Antarctic,Arabian,Sahara,Kalahari,Gobi,0,Consider Geography principles at level 2
geo-l2-033,Geography,2,What separates Africa from Europe? (variation 6),Suez Canal,Mediterranean Sea,Red Sea,Gibraltar Strait,Bosphorus,1,Consider Geography principles at level 2
geo-l2-034,Geography,2,What is the deepest ocean point? (variation 6),Tonga Trench,Java Trench,Mariana Trench,Puerto Rico Trench,Peru-Chile Trench,2,Consider Geography principles at level 2
geo-l2-035,Geography,2,Which mountain range is longest? (variation 6),Himalayas,Andes,Rockies,Alps,Urals,1,Consider Geography principles at level 2
geo-l2-036,Geography,2,What is the capital of Australia? (variation 7),Sydney,Melbourne,Canberra,Brisbane,Perth,2,Consider Geography principles at level 2
geo-l2-037,Geography,2,Which desert is largest? (variation 7),Kalahari,Sahara,Arabian,Gobi,Antarctic,4,Consider Geography principles at level 2
geo-l2-038,Geography,2,What separates Africa from Europe? (variation 7),Suez Canal,Mediterranean Sea,Red Sea,Gibraltar Strait,Bosphorus,1,Consider Geography principles at level 2
geo-l2-039,Geography,2,What is the deepest ocean point? (variation 7),Tonga Trench,Java Trench,Mariana Trench,Puerto Rico Trench,Peru-Chile Trench,2,Consider Geography principles at level 2
geo-l2-040,Geography,2,Which mountain range is longest? (variation 7),Himalayas,Andes,Rockies,Alps,Urals,1,Consider Geography principles at level 2
geo-l2-041,Geography,2,What is the capital of Australia? (variation 8),Sydney,Melbourne,Canberra,Brisbane,Perth,2,Consider Geography principles at level 2
geo-l2-042,Geography,2,Which desert is largest? (variation 8),Gobi,Sahara,Arabian,Antarctic,Kalahari,3,Consider Geography principles at level 2
geo-l2-043,Geography,2,What separates Africa from Europe? (variation 8),Suez Canal,Mediterranean Sea,Red Sea,Gibraltar Strait,Bosphorus,1,Consider Geography principles at level 2
geo-l2-044,Geography,2,What is the deepest ocean point? (variation 8),Tonga Trench,Java Trench,Mariana Trench,Puerto Rico Trench,Peru-Chile Trench,2,Consider Geography principles at level 2
geo-l2-045,Geography,2,Which mountain range is longest? (variation 8),Andes,Alps,Rockies,Urals,Himalayas,0,Consider Geography principles at level 2
geo-l2-046,Geography,2,What is the capital of Australia? (variation 9),Sydney,Melbourne,Canberra,Brisbane,Perth,2,Consider Geography principles at level 2
geo-l2-047,Geography,2,Which desert is largest? (variation 9),Arabian,Antarctic,Kalahari,Gobi,Sahara,1,Consider Geography principles at level 2
geo-l2-048,Geography,2,What separates Africa from Europe? (variation 9),Suez Canal,Mediterranean Sea,Red Sea,Gibraltar Strait,Bosphorus,1,Consider Geography principles at level 2
geo-l2-049,Geography,2,What is the deepest ocean point? (variation 9),Peru-Chile Trench,Tonga Trench,Mariana Trench,Puerto Rico Trench,Java Trench,2,Consider Geography principles at level 2
geo-l2-050,Geography,2,Which mountain range is longest? (variation 9),Himalayas,Andes,Rockies,Alps,Urals,1,Consider Geography principles at level 2
geo-l2-051,Geography,2,What is the capital of Australia? (variation 10),Sydney,Melbourne,Canberra,Brisbane,Perth,2,Consider Geography principles at level 2
geo-l2-052,Geography,2,Which desert is largest? (variation 10),Arabian,Sahara,Gobi,Kalahari,Antarctic,4,Consider Geography principles at level 2
geo-l2-053,Geography,2,What separates Africa from Europe? (variation 10),Mediterranean Sea,Gibraltar Strait,Suez Canal,Bosphorus,Red Sea,0,Consider Geography principles at level 2
geo-l2-054,Geography,2,What is the deepest ocean point? (variation 10),Tonga Trench,Java Trench,Mariana Trench,Puerto Rico Trench,Peru-Chile Trench,2,Consider Geography principles at level 2
geo-l2-055,Geography,2,Which mountain range is longest? (variation 10),Himalayas,Andes,Rockies,Alps,Urals,1,Consider Geography principles at level 2
geo-l2-056,Geography,2,What is the capital of Australia? (variation 11),Sydney,Melbourne,Canberra,Brisbane,Perth,2,Consider Geography principles at level 2
geo-l2-057,Geography,2,Which desert is largest? (variation 11),Sahara,Antarctic,Arabian,Kalahari,Gobi,1,Consider Geography principles at level 2
geo-l2-058,Geography,2,What separates Africa from Europe? (variation 11),Suez Canal,Mediterranean Sea,Red Sea,Gibraltar Strait,Bosphorus,1,Consider Geography principles at level 2
geo-l2-059,Geography,2,What is the deepest ocean point? (variation 11),Tonga Trench,Java Trench,Mariana Trench,Puerto Rico Trench,Peru-Chile Trench,2,Consider Geography principles at level 2
geo-l2-060,Geography,2,Which mountain range is longest? (variation 11),Himalayas,Andes,Rockies,Alps,Urals,1,Consider Geography principles at level 2
geo-l2-061,Geography,2,What is the capital of Australia? (variation 12),Sydney,Melbourne,Canberra,Brisbane,Perth,2,Consider Geography principles at level 2
geo-l2-062,Geography,2,Which desert is largest? (variation 12),Gobi,Sahara,Arabian,Antarctic,Kalahari,3,Consider Geography principles at level 2
geo-l2-063,Geography,2,What separates Africa from Europe? (variation 12),Suez Canal,Mediterranean Sea,Red Sea,Gibraltar Strait,Bosphorus,1,Consider Geography principles at level 2
geo-l2-064,Geography,2,What is the deepest ocean point? (variation 12),Tonga Trench,Java Trench,Mariana Trench,Puerto Rico Trench,Peru-Chile Trench,2,Consider Geography principles at level 2
geo-l2-065,Geography,2,Which mountain range is longest? (variation 12),Himalayas,Andes,Urals,Alps,Rockies,1,Consider Geography principles at level 2
geo-l2-066,Geography,2,What is the capital of Australia? (variation 13),Perth,Sydney,Brisbane,Canberra,Melbourne,3,Consider Geography principles at level 2
geo-l2-067,Geography,2,Which desert is largest? (variation 13),Arabian,Gobi,Antarctic,Sahara,Kalahari,2,Consider Geography principles at level 2
geo-l2-068,Geography,2,What separates Africa from Europe? (variation 13),Suez Canal,Mediterranean Sea,Red Sea,Gibraltar Strait,Bosphorus,1,Consider Geography principles at level 2
geo-l2-069,Geography,2,What is the deepest ocean point? (variation 13),Puerto Rico Trench,Tonga Trench,Mariana Trench,Peru-Chile Trench,Java Trench,2,Consider Geography principles at level 2
geo-l2-070,Geography,2,Which mountain range is longest? (variation 13),Himalayas,Andes,Rockies,Alps,Urals,1,Consider Geography principles at level 2
geo-l2-071,Geography,2,What is the capital of Australia? (variation 14),Sydney,Melbourne,Canberra,Brisbane,Perth,2,Consider Geography principles at level 2
geo-l2-072,Geography,2,Which desert is largest? (variation 14),Arabian,Gobi,Antarctic,Kalahari,Sahara,2,Consider Geography principles at level 2
geo-l2-073,Geography,2,What separates Africa from Europe? (variation 14),Suez Canal,Mediterranean Sea,Red Sea,Gibraltar Strait,Bosphorus,1,Consider Geography principles at level 2
geo-l2-074,Geography,2,What is the deepest ocean point? (variation 14),Puerto Rico Trench,Peru-Chile Trench,Mariana Trench,Tonga Trench,Java Trench,2,Consider Geography principles at level 2
geo-l2-075,Geography,2,Which mountain range is longest? (variation 14),Himalayas,Andes,Rockies,Alps,Urals,1,Consider Geography principles at level 2
geo-l2-076,Geography,2,What is the capital of Australia? (variation 15),Sydney,Melbourne,Canberra,Brisbane,Perth,2,Consider Geography principles at level 2
geo-l2-077,Geography,2,Which desert is largest? (variation 15),Antarctic,Sahara,Kalahari,Arabian,Gobi,0,Consider Geography principles at level 2
geo-l2-078,Geography,2,What separates Africa from Europe? (variation 15),Suez Canal,Mediterranean Sea,Red Sea,Gibraltar Strait,Bosphorus,1,Consider Geography principles at level 2
geo-l2-079,Geography,2,What is the deepest ocean point? (variation 15),Tonga Trench,Mariana Trench,Puerto Rico Trench,Peru-Chile Trench,Java Trench,1,Consider Geography principles at level 2
geo-l2-080,Geography,2,Which mountain range is longest? (variation 15),Himalayas,Andes,Rockies,Alps,Urals,1,Consider Geography principles at level 2
geo-l2-081,Geography,2,What is the capital of Australia? (variation 16),Sydney,Melbourne,Canberra,Brisbane,Perth,2,Consider Geography principles at level 2
geo-l2-082,Geography,2,Which desert is largest? (variation 16),Gobi,Sahara,Arabian,Antarctic,Kalahari,3,Consider Geography principles at level 2
geo-l2-083,Geography,2,What separates Africa from Europe? (variation 16),Suez Canal,Mediterranean Sea,Red Sea,Gibraltar Strait,Bosphorus,1,Consider Geography principles at level 2
geo-l2-084,Geography,2,What is the deepest ocean point? (variation 16),Tonga Trench,Puerto Rico Trench,Mariana Trench,Java Trench,Peru-Chile Trench,2,Consider Geography principles at level 2
geo-l2-085,Geography,2,Which mountain range is longest? (variation 16),Alps,Andes,Rockies,Urals,Himalayas,1,Consider Geography principles at level 2
geo-l2-086,Geography,2,What is the capital of Australia? (variation 17),Sydney,Melbourne,Canberra,Brisbane,Perth,2,Consider Geography principles at level 2
geo-l2-087,Geography,2,Which desert is largest? (variation 17),Gobi,Sahara,Arabian,Antarctic,Kalahari,3,Consider Geography principles at level 2
geo-l2-088,Geography,2,What separates Africa from Europe? (variation 17),Mediterranean Sea,Suez Canal,Gibraltar Strait,Red Sea,Bosphorus,0,Consider Geography principles at level 2
geo-l2-089,Geography,2,What is the deepest ocean point? (variation 17),Mariana Trench,Java Trench,Peru-Chile Trench,Puerto Rico Trench,Tonga Trench,0,Consider Geography principles at level 2
geo-l2-090,Geography,2,Which mountain range is longest? (variation 17),Himalayas,Andes,Rockies,Alps,Urals,1,Consider Geography principles at level 2
geo-l2-091,Geography,2,What is the capital of Australia? (variation 18),Melbourne,Sydney,Canberra,Brisbane,Perth,2,Consider Geography principles at level 2
geo-l2-092,Geography,2,Which desert is largest? (variation 18),Gobi,Sahara,Arabian,Antarctic,Kalahari,3,Consider Geography principles at level 2
geo-l2-093,Geography,2,What separates Africa from Europe? (variation 18),Suez Canal,Mediterranean Sea,Red Sea,Gibraltar Strait,Bosphorus,1,Consider Geography principles at level 2
geo-l2-094,Geography,2,What is the deepest ocean point? (variation 18),Tonga Trench,Java Trench,Mariana Trench,Puerto Rico Trench,Peru-Chile Trench,2,Consider Geography principles at level 2
geo-l2-095,Geography,2,Which mountain range is longest? (variation 18),Himalayas,Andes,Rockies,Alps,Urals,1,Consider Geography principles at level 2
geo-l2-096,Geography,2,What is the capital of Australia? (variation 19),Sydney,Melbourne,Canberra,Brisbane,Perth,2,Consider Geography principles at level 2
geo-l2-097,Geography,2,Which desert is largest? (variation 19),Antarctic,Arabian,Gobi,Kalahari,Sahara,0,Consider Geography principles at level 2
geo-l2-098,Geography,2,What separates Africa from Europe? (variation 19),Suez Canal,Red Sea,Gibraltar Strait,Mediterranean Sea,Bosphorus,3,Consider Geography principles at level 2
geo-l2-099,Geography,2,What is the deepest ocean point? (variation 19),Puerto Rico Trench,Peru-Chile Trench,Mariana Trench,Tonga Trench,Java Trench,2,Consider Geography principles at level 2
geo-l2-100,Geography,2,Which mountain range is longest? (variation 19),Andes,Urals,Himalayas,Rockies,Alps,0,Consider Geography principles at level 2
geo-l3-001,Geography,3,What is a fjord?,Desert valley,Glacially carved inlet,Volcanic crater,River delta,Mountain peak,1,Consider Geography principles at level 3
geo-l3-002,Geography,3,What causes monsoons?,Ocean currents,Seasonal wind patterns,Volcanic activity,Tectonic movements,Solar flares,1,Consider Geography principles at level 3
geo-l3-003,Geography,3,What is the Ring of Fire?,Mountain range,Desert region,Volcanic belt around Pacific,Ice formation,Ocean current,2,Consider Geography principles at level 3
geo-l3-004,Geography,3,What is an oxbow lake?,Glacial lake,Meander cutoff,Volcanic crater lake,Underground lake,Artificial reservoir,1,Consider Geography principles at level 3
geo-l3-005,Geography,3,What is the Coriolis effect?,Ocean warming,Tidal force,Wind deflection by rotation,Volcanic activity,Ice formation,2,Consider Geography principles at level 3
geo-l3-006,Geography,3,What is a fjord? (variation 1),Desert valley,Glacially carved inlet,Volcanic crater,River delta,Mountain peak,1,Consider Geography principles at level 3
geo-l3-007,Geography,3,What causes monsoons? (variation 1),Ocean currents,Seasonal wind patterns,Volcanic activity,Tectonic movements,Solar flares,1,Consider Geography principles at level 3
geo-l3-008,Geography,3,What is the Ring of Fire? (variation 1),Desert region,Volcanic belt around Pacific,Ocean current,Mountain range,Ice formation,1,Consider Geography principles at level 3
geo-l3-009,Geography,3,What is an oxbow lake? (variation 1),Underground lake,Volcanic crater lake,Artificial reservoir,Glacial lake,Meander cutoff,4,Consider Geography principles at level 3
geo-l3-010,Geography,3,What is the Coriolis effect? (variation 1),Ice formation,Tidal force,Volcanic activity,Wind deflection by rotation,Ocean warming,3,Consider Geography principles at level 3
geo-l3-011,Geography,3,What is a fjord? (variation 2),Desert valley,Glacially carved inlet,Volcanic crater,River delta,Mountain peak,1,Consider Geography principles at level 3
geo-l3-012,Geography,3,What causes monsoons? (variation 2),Ocean currents,Seasonal wind patterns,Volcanic activity,Tectonic movements,Solar flares,1,Consider Geography principles at level 3
geo-l3-013,Geography,3,What is the Ring of Fire? (variation 2),Desert region,Volcanic belt around Pacific,Ocean current,Mountain range,Ice formation,1,Consider Geography principles at level 3
geo-l3-014,Geography,3,What is an oxbow lake? (variation 2),Underground lake,Artificial reservoir,Glacial lake,Volcanic crater lake,Meander cutoff,4,Consider Geography principles at level 3
geo-l3-015,Geography,3,What is the Coriolis effect? (variation 2),Ocean warming,Wind deflection by rotation,Tidal force,Volcanic activity,Ice formation,1,Consider Geography principles at level 3
geo-l3-016,Geography,3,What is a fjord? (variation 3),Desert valley,Glacially carved inlet,Volcanic crater,River delta,Mountain peak,1,Consider Geography principles at level 3
geo-l3-017,Geography,3,What causes monsoons? (variation 3),Solar flares,Ocean currents,Tectonic movements,Seasonal wind patterns,Volcanic activity,3,Consider Geography principles at level 3
geo-l3-018,Geography,3,What is the Ring of Fire? (variation 3),Desert region,Volcanic belt around Pacific,Ocean current,Mountain range,Ice formation,1,Consider Geography principles at level 3
geo-l3-019,Geography,3,What is an oxbow lake? (variation 3),Artificial reservoir,Underground lake,Meander cutoff,Volcanic crater lake,Glacial lake,2,Consider Geography principles at level 3
geo-l3-020,Geography,3,What is the Coriolis effect? (variation 3),Ocean warming,Wind deflection by rotation,Tidal force,Volcanic activity,Ice formation,1,Consider Geography principles at level 3
geo-l3-021,Geography,3,What is a fjord? (variation 4),Desert valley,Glacially carved inlet,Volcanic crater,River delta,Mountain peak,1,Consider Geography principles at level 3
geo-l3-022,Geography,3,What causes monsoons? (variation 4),Seasonal wind patterns,Volcanic activity,Ocean currents,Solar flares,Tectonic movements,0,Consider Geography principles at level 3
geo-l3-023,Geography,3,What is the Ring of Fire? (variation 4),Desert region,Volcanic belt around Pacific,Ocean current,Mountain range,Ice formation,1,Consider Geography principles at level 3
geo-l3-024,Geography,3,What is an oxbow lake? (variation 4),Glacial lake,Meander cutoff,Volcanic crater lake,Underground lake,Artificial reservoir,1,Consider Geography principles at level 3
geo-l3-025,Geography,3,What is the Coriolis effect? (variation 4),Ocean warming,Volcanic activity,Ice formation,Tidal force,Wind deflection by rotation,4,Consider Geography principles at level 3
geo-l3-026,Geography,3,What is a fjord? (variation 5),Desert valley,Glacially carved inlet,Volcanic crater,River delta,Mountain peak,1,Consider Geography principles at level 3
geo-l3-027,Geography,3,What causes monsoons? (variation 5),Ocean currents,Seasonal wind patterns,Volcanic activity,Tectonic movements,Solar flares,1,Consider Geography principles at level 3
geo-l3-028,Geography,3,What is the Ring of Fire? (variation 5),Desert region,Ocean current,Ice formation,Volcanic belt around Pacific,Mountain range,3,Consider Geography principles at level 3
geo-l3-029,Geography,3,What is an oxbow lake? (variation 5),Glacial lake,Meander cutoff,Artificial reservoir,Volcanic crater lake,Underground lake,1,Consider Geography principles at level 3
geo-l3-030,Geography,3,What is the Coriolis effect? (variation 5),Ocean warming,Wind deflection by rotation,Tidal force,Volcanic activity,Ice formation,1,Consider Geography principles at level 3
geo-l3-031,Geography,3,What is a fjord? (variation 6),Desert valley,Glacially carved inlet,Volcanic crater,River delta,Mountain peak,1,Consider Geography principles at level 3
geo-l3-032,Geography,3,What causes monsoons? (variation 6),Ocean currents,Seasonal wind patterns,Volcanic activity,Tectonic movements,Solar flares,1,Consider Geography principles at level 3
geo-l3-033,Geography,3,What is the Ring of Fire? (variation 6),Desert region,Volcanic belt around Pacific,Ocean current,Mountain range,Ice formation,1,Consider Geography principles at level 3
geo-l3-034,Geography,3,What is an oxbow lake? (variation 6),Glacial lake,Meander cutoff,Volcanic crater lake,Underground lake,Artificial reservoir,1,Consider Geography principles at level 3
geo-l3-035,Geography,3,What is the Coriolis effect? (variation 6),Ice formation,Wind deflection by rotation,Tidal force,Volcanic activity,Ocean warming,1,Consider Geography principles at level 3
geo-l3-036,Geography,3,What is a fjord? (variation 7),Volcanic crater,River delta,Mountain peak,Glacially carved inlet,Desert valley,3,Consider Geography principles at level 3
geo-l3-037,Geography,3,What causes monsoons? (variation 7),Ocean currents,Seasonal wind patterns,Volcanic activity,Tectonic movements,Solar flares,1,Consider Geography principles at level 3
geo-l3-038,Geography,3,What is the Ring of Fire? (variation 7),Desert region,Volcanic belt around Pacific,Ocean current,Mountain range,Ice formation,1,Consider Geography principles at level 3
geo-l3-039,Geography,3,What is an oxbow lake? (variation 7),Glacial lake,Meander cutoff,Volcanic crater lake,Underground lake,Artificial reservoir,1,Consider Geography principles at level 3
geo-l3-040,Geography,3,What is the Coriolis effect? (variation 7),Wind deflection by rotation,Ocean warming,Volcanic activity,Ice formation,Tidal force,0,Consider Geography principles at level 3
geo-l3-041,Geography,3,What is a fjord? (variation 8),River delta,Glacially carved inlet,Mountain peak,Volcanic crater,Desert valley,1,Consider Geography principles at level 3
geo-l3-042,Geography,3,What causes monsoons? (variation 8),Ocean currents,Seasonal wind patterns,Volcanic activity,Tectonic movements,Solar flares,1,Consider Geography principles at level 3
geo-l3-043,Geography,3,What is the Ring of Fire? (variation 8),Desert region,Volcanic belt around Pacific,Ocean current,Mountain range,Ice formation,1,Consider Geography principles at level 3
geo-l3-044,Geography,3,What is an oxbow lake? (variation 8),Glacial lake,Underground lake,Artificial reservoir,Volcanic crater lake,Meander cutoff,4,Consider Geography principles at level 3
geo-l3-045,Geography,3,What is the Coriolis effect? (variation 8),Ice formation,Tidal force,Volcanic activity,Wind deflection by rotation,Ocean warming,3,Consider Geography principles at level 3
geo-l3-046,Geography,3,What is a fjord? (variation 9),Desert valley,Glacially carved inlet,Mountain peak,River delta,Volcanic crater,1,Consider Geography principles at level 3
geo-l3-047,Geography,3,What causes monsoons? (variation 9),Ocean currents,Seasonal wind patterns,Volcanic activity,Tectonic movements,Solar flares,1,Consider Geography principles at level 3
geo-l3-048,Geography,3,What is the Ring of Fire? (variation 9),Desert region,Volcanic belt around Pacific,Ocean current,Mountain range,Ice formation,1,Consider Geography principles at level 3
geo-l3-049,Geography,3,What is an oxbow lake? (variation 9),Glacial lake,Meander cutoff,Volcanic crater lake,Underground lake,Artificial reservoir,1,Consider Geography principles at level 3
geo-l3-050,Geography,3,What is the Coriolis effect? (variation 9),Volcanic activity,Wind deflection by rotation,Ice formation,Ocean warming,Tidal force,1,Consider Geography principles at level 3
geo-l3-051,Geography,3,What is a fjord? (variation 10),Desert valley,Mountain peak,Volcanic crater,River delta,Glacially carved inlet,4,Consider Geography principles at level 3
geo-l3-052,Geography,3,What causes monsoons? (variation 10),Ocean currents,Seasonal wind patterns,Volcanic activity,Tectonic movements,Solar flares,1,Consider Geography principles at level 3
geo-l3-053,Geography,3,What is the Ring of Fire? (variation 10),Volcanic belt around Pacific,Ice formation,Desert region,Mountain range,Ocean current,0,Consider Geography principles at level 3
geo-l3-054,Geography,3,What is an oxbow lake? (variation 10),Underground lake,Artificial reservoir,Glacial lake,Meander cutoff,Volcanic crater lake,3,Consider Geography principles at level 3
geo-l3-055,Geography,3,What is the Coriolis effect? (variation 10),Ocean warming,Wind deflection by rotation,Tidal force,Volcanic activity,Ice formation,1,Consider Geography principles at level 3
geo-l3-056,Geography,3,What is a fjord? (variation 11),Desert valley,Glacially carved inlet,Volcanic crater,River delta,Mountain peak,1,Consider Geography principles at level 3
geo-l3-057,Geography,3,What causes monsoons? (variation 11),Ocean currents,Seasonal wind patterns,Volcanic activity,Tectonic movements,Solar flares,1,Consider Geography principles at level 3
geo-l3-058,Geography,3,What is the Ring of Fire? (variation 11),Desert region,Volcanic belt around Pacific,Ocean current,Mountain range,Ice formation,1,Consider Geography principles at level 3
geo-l3-059,Geography,3,What is an oxbow lake? (variation 11),Glacial lake,Meander cutoff,Volcanic crater lake,Underground lake,Artificial reservoir,1,Consider Geography principles at level 3
geo-l3-060,Geography,3,What is the Coriolis effect? (variation 11),Ocean warming,Wind deflection by rotation,Tidal force,Volcanic activity,Ice formation,1,Consider Geography principles at level 3
geo-l3-061,Geography,3,What is a fjord? (variation 12),Desert valley,Glacially carved inlet,Volcanic crater,River delta,Mountain peak,1,Consider Geography principles at level 3
geo-l3-062,Geography,3,What causes monsoons? (variation 12),Ocean currents,Seasonal wind patterns,Volcanic activity,Solar flares,Tectonic movements,1,Consider Geography principles at level 3
geo-l3-063,Geography,3,What is the Ring of Fire? (variation 12),Desert region,Volcanic belt around Pacific,Ocean current,Mountain range,Ice formation,1,Consider Geography principles at level 3
geo-l3-064,Geography,3,What is an oxbow lake? (variation 12),Underground lake,Meander cutoff,Artificial reservoir,Volcanic crater lake,Glacial lake,1,Consider Geography principles at level 3
geo-l3-065,Geography,3,What is the Coriolis effect? (variation 12),Volcanic activity,Wind deflection by rotation,Ice formation,Ocean warming,Tidal force,1,Consider Geography principles at level 3
geo-l3-066,Geography,3,What is a fjord? (variation 13),Desert valley,Glacially carved inlet,Volcanic crater,River delta,Mountain peak,1,Consider Geography principles at level 3
geo-l3-067,Geography,3,What causes monsoons? (variation 13),Ocean currents,Seasonal wind patterns,Volcanic activity,Tectonic movements,Solar flares,1,Consider Geography principles at level 3
geo-l3-068,Geography,3,What is the Ring of Fire? (variation 13),Desert region,Volcanic belt around Pacific,Ocean current,Mountain range,Ice formation,1,Consider Geography principles at level 3
geo-l3-069,Geography,3,What is an oxbow lake? (variation 13),Glacial lake,Meander cutoff,Volcanic crater lake,Underground lake,Artificial reservoir,1,Consider Geography principles at level 3
geo-l3-070,Geography,3,What is the Coriolis effect? (variation 13),Ocean warming,Wind deflection by rotation,Tidal force,Volcanic activity,Ice formation,1,Consider Geography principles at level 3
geo-l3-071,Geography,3,What is a fjord? (variation 14),Mountain peak,River delta,Volcanic crater,Desert valley,Glacially carved inlet,4,Consider Geography principles at level 3
geo-l3-072,Geography,3,What causes monsoons? (variation 14),Ocean currents,Seasonal wind patterns,Volcanic activity,Tectonic movements,Solar flares,1,Consider Geography principles at level 3
geo-l3-073,Geography,3,What is the Ring of Fire? (variation 14),Desert region,Volcanic belt around Pacific,Ocean current,Mountain range,Ice formation,1,Consider Geography principles at level 3
geo-l3-074,Geography,3,What is an oxbow lake? (variation 14),Glacial lake,Meander cutoff,Volcanic crater lake,Underground lake,Artificial reservoir,1,Consider Geography principles at level 3
geo-l3-075,Geography,3,What is the Coriolis effect? (variation 14),Ocean warming,Wind deflection by rotation,Tidal force,Volcanic activity,Ice formation,1,Consider Geography principles at level 3
geo-l3-076,Geography,3,What is a fjord? (variation 15),Desert valley,Glacially carved inlet,Volcanic crater,River delta,Mountain peak,1,Consider Geography principles at level 3
geo-l3-077,Geography,3,What causes monsoons? (variation 15),Solar flares,Tectonic movements,Volcanic activity,Ocean currents,Seasonal wind patterns,4,Consider Geography principles at level 3
geo-l3-078,Geography,3,What is the Ring of Fire? (variation 15),Desert region,Volcanic belt around Pacific,Ocean current,Mountain range,Ice formation,1,Consider Geography principles at level 3
geo-l3-079,Geography,3,What is an oxbow lake? (variation 15),Artificial reservoir,Volcanic crater lake,Meander cutoff,Underground lake,Glacial lake,2,Consider Geography principles at level 3
geo-l3-080,Geography,3,What is the Coriolis effect? (variation 15),Ocean warming,Wind deflection by rotation,Tidal force,Volcanic activity,Ice formation,1,Consider Geography principles at level 3
geo-l3-081,Geography,3,What is a fjord? (variation 16),Mountain peak,Desert valley,Glacially carved inlet,Volcanic crater,River delta,2,Consider Geography principles at level 3
geo-l3-082,Geography,3,What causes monsoons? (variation 16),Ocean currents,Seasonal wind patterns,Volcanic activity,Tectonic movements,Solar flares,1,Consider Geography principles at level 3
geo-l3-083,Geography,3,What is the Ring of Fire? (variation 16),Desert region,Volcanic belt around Pacific,Ocean current,Mountain range,Ice formation,1,Consider Geography principles at level 3
geo-l3-084,Geography,3,What is an oxbow lake? (variation 16),Glacial lake,Meander cutoff,Volcanic crater lake,Underground lake,Artificial reservoir,1,Consider Geography principles at level 3
geo-l3-085,Geography,3,What is the Coriolis effect? (variation 16),Ocean warming,Wind deflection by rotation,Ice formation,Volcanic activity,Tidal force,1,Consider Geography principles at level 3
geo-l3-086,Geography,3,What is a fjord? (variation 17),Desert valley,Glacially carved inlet,Volcanic crater,River delta,Mountain peak,1,Consider Geography principles at level 3
geo-l3-087,Geography,3,What causes monsoons? (variation 17),Ocean currents,Seasonal wind patterns,Volcanic activity,Tectonic movements,Solar flares,1,Consider Geography principles at level 3
geo-l3-088,Geography,3,What is the Ring of Fire? (variation 17),Desert region,Volcanic belt around Pacific,Ocean current,Mountain range,Ice formation,1,Consider Geography principles at level 3
geo-l3-089,Geography,3,What is an oxbow lake? (variation 17),Volcanic crater lake,Glacial lake,Underground lake,Meander cutoff,Artificial reservoir,3,Consider Geography principles at level 3
geo-l3-090,Geography,3,What is the Coriolis effect? (variation 17),Ocean warming,Wind deflection by rotation,Tidal force,Volcanic activity,Ice formation,1,Consider Geography principles at level 3
geo-l3-091,Geography,3,What is a fjord? (variation 18),Mountain peak,Desert valley,Glacially carved inlet,Volcanic crater,River delta,2,Consider Geography principles at level 3
geo-l3-092,Geography,3,What causes monsoons? (variation 18),Ocean currents,Seasonal wind patterns,Volcanic activity,Tectonic movements,Solar flares,1,Consider Geography principles at level 3
geo-l3-093,Geography,3,What is the Ring of Fire? (variation 18),Mountain range,Ocean current,Desert region,Ice formation,Volcanic belt around Pacific,4,Consider Geography principles at level 3
geo-l3-094,Geography,3,What is an oxbow lake? (variation 18),Glacial lake,Meander cutoff,Volcanic crater lake,Underground lake,Artificial reservoir,1,Consider Geography principles at level 3
geo-l3-095,Geography,3,What is the Coriolis effect? (variation 18),Ocean warming,Wind deflection by rotation,Tidal force,Volcanic activity,Ice formation,1,Consider Geography principles at level 3
geo-l3-096,Geography,3,What is a fjord? (variation 19),Glacially carved inlet,River delta,Volcanic crater,Desert valley,Mountain peak,0,Consider Geography principles at level 3
geo-l3-097,Geography,3,What causes monsoons? (variation 19),Ocean currents,Seasonal wind patterns,Volcanic activity,Tectonic movements,Solar flares,1,Consider Geography principles at level 3
geo-l3-098,Geography,3,What is the Ring of Fire? (variation 19),Desert region,Volcanic belt around Pacific,Ocean current,Mountain range,Ice formation,1,Consider Geography principles at level 3
geo-l3-099,Geography,3,What is an oxbow lake? (variation 19),Underground lake,Volcanic crater lake,Artificial reservoir,Meander cutoff,Glacial lake,3,Consider Geography principles at level 3
geo-l3-100,Geography,3,What is the Coriolis effect? (variation 19),Ocean warming,Wind deflection by rotation,Tidal force,Volcanic activity,Ice formation,1,Consider Geography principles at level 3
geo-l4-001,Geography,4,What is isostasy?,Mountain formation,Crustal equilibrium,Ocean current,Weather pattern,River system,1,Consider Geography principles at level 4
geo-l4-002,Geography,4,What is a karst landscape?,Volcanic terrain,Limestone dissolution features,Glacial formations,Desert landforms,Coastal features,1,Consider Geography principles at level 4
geo-l4-003,Geography,4,What is the Ekman spiral?,Ocean current pattern,Atmospheric circulation,Glacier movement,River flow,Tectonic drift,0,Consider Geography principles at level 4
geo-l4-004,Geography,4,What is orographic precipitation?,Desert storms,Ocean rain,Polar snow,Tropical rain,Mountain-induced rainfall,4,Consider Geography principles at level 4
geo-l4-005,Geography,4,What is a halocline?,Pressure layer,Ice boundary,Temperature boundary,Current boundary,Salinity gradient,4,Consider Geography principles at level 4
geo-l4-006,Geography,4,What is isostasy? (variation 1),Mountain formation,Crustal equilibrium,Ocean current,Weather pattern,River system,1,Consider Geography principles at level 4
geo-l4-007,Geography,4,What is a karst landscape? (variation 1),Volcanic terrain,Limestone dissolution features,Glacial formations,Desert landforms,Coastal features,1,Consider Geography principles at level 4
geo-l4-008,Geography,4,What is the Ekman spiral? (variation 1),Ocean current pattern,Atmospheric circulation,River flow,Glacier movement,Tectonic drift,0,Consider Geography principles at level 4
geo-l4-009,Geography,4,What is orographic precipitation? (variation 1),Ocean rain,Mountain-induced rainfall,Desert storms,Polar snow,Tropical rain,1,Consider Geography principles at level 4
geo-l4-010,Geography,4,What is a halocline? (variation 1),Temperature boundary,Salinity gradient,Pressure layer,Current boundary,Ice boundary,1,Consider Geography principles at level 4
geo-l4-011,Geography,4,What is isostasy? (variation 2),Mountain formation,Crustal equilibrium,Ocean current,Weather pattern,River system,1,Consider Geography principles at level 4
geo-l4-012,Geography,4,What is a karst landscape? (variation 2),Volcanic terrain,Limestone dissolution features,Glacial formations,Desert landforms,Coastal features,1,Consider Geography principles at level 4
geo-l4-013,Geography,4,What is the Ekman spiral? (variation 2),Ocean current pattern,Atmospheric circulation,River flow,Glacier movement,Tectonic drift,0,Consider Geography principles at level 4
geo-l4-014,Geography,4,What is orographic precipitation? (variation 2),Ocean rain,Mountain-induced rainfall,Desert storms,Polar snow,Tropical rain,1,Consider Geography principles at level 4
geo-l4-015,Geography,4,What is a halocline? (variation 2),Temperature boundary,Salinity gradient,Pressure layer,Current boundary,Ice boundary,1,Consider Geography principles at level 4
geo-l4-016,Geography,4,What is isostasy? (variation 3),Mountain formation,Crustal equilibrium,Ocean current,Weather pattern,River system,1,Consider Geography principles at level 4
geo-l4-017,Geography,4,What is a karst landscape? (variation 3),Volcanic terrain,Limestone dissolution features,Glacial formations,Desert landforms,Coastal features,1,Consider Geography principles at level 4
geo-l4-018,Geography,4,What is the Ekman spiral? (variation 3),River flow,Ocean current pattern,Glacier movement,Tectonic drift,Atmospheric circulation,1,Consider Geography principles at level 4
geo-l4-019,Geography,4,What is orographic precipitation? (variation 3),Ocean rain,Mountain-induced rainfall,Desert storms,Polar snow,Tropical rain,1,Consider Geography principles at level 4
geo-l4-020,Geography,4,What is a halocline? (variation 3),Temperature boundary,Salinity gradient,Pressure layer,Current boundary,Ice boundary,1,Consider Geography principles at level 4
geo-l4-021,Geography,4,What is isostasy? (variation 4),Mountain formation,Crustal equilibrium,Ocean current,Weather pattern,River system,1,Consider Geography principles at level 4
geo-l4-022,Geography,4,What is a karst landscape? (variation 4),Volcanic terrain,Limestone dissolution features,Glacial formations,Desert landforms,Coastal features,1,Consider Geography principles at level 4
geo-l4-023,Geography,4,What is the Ekman spiral? (variation 4),Ocean current pattern,Atmospheric circulation,River flow,Glacier movement,Tectonic drift,0,Consider Geography principles at level 4
geo-l4-024,Geography,4,What is orographic precipitation? (variation 4),Ocean rain,Mountain-induced rainfall,Desert storms,Polar snow,Tropical rain,1,Consider Geography principles at level 4
geo-l4-025,Geography,4,What is a halocline? (variation 4),Temperature boundary,Salinity gradient,Pressure layer,Current boundary,Ice boundary,1,Consider Geography principles at level 4
geo-l4-026,Geography,4,What is isostasy? (variation 5),Mountain formation,Crustal equilibrium,Ocean current,Weather pattern,River system,1,Consider Geography principles at level 4
geo-l4-027,Geography,4,What is a karst landscape? (variation 5),Coastal features,Volcanic terrain,Desert landforms,Limestone dissolution features,Glacial formations,3,Consider Geography principles at level 4
geo-l4-028,Geography,4,What is the Ekman spiral? (variation 5),Ocean current pattern,Atmospheric circulation,River flow,Glacier movement,Tectonic drift,0,Consider Geography principles at level 4
geo-l4-029,Geography,4,What is orographic precipitation? (variation 5),Desert storms,Tropical rain,Mountain-induced rainfall,Polar snow,Ocean rain,2,Consider Geography principles at level 4
geo-l4-030,Geography,4,What is a halocline? (variation 5),Temperature boundary,Ice boundary,Pressure layer,Current boundary,Salinity gradient,4,Consider Geography principles at level 4
geo-l4-031,Geography,4,What is isostasy? (variation 6),Mountain formation,Crustal equilibrium,Ocean current,River system,Weather pattern,1,Consider Geography principles at level 4
geo-l4-032,Geography,4,What is a karst landscape? (variation 6),Volcanic terrain,Limestone dissolution features,Glacial formations,Desert landforms,Coastal features,1,Consider Geography principles at level 4
geo-l4-033,Geography,4,What is the Ekman spiral? (variation 6),Ocean current pattern,Atmospheric circulation,River flow,Glacier movement,Tectonic drift,0,Consider Geography principles at level 4
geo-l4-034,Geography,4,What is orographic precipitation? (variation 6),Ocean rain,Mountain-induced rainfall,Desert storms,Polar snow,Tropical rain,1,Consider Geography principles at level 4
geo-l4-035,Geography,4,What is a halocline? (variation 6),Temperature boundary,Salinity gradient,Pressure layer,Current boundary,Ice boundary,1,Consider Geography principles at level 4
geo-l4-036,Geography,4,What is isostasy? (variation 7),Mountain formation,Crustal equilibrium,Ocean current,Weather pattern,River system,1,Consider Geography principles at level 4
geo-l4-037,Geography,4,What is a karst landscape? (variation 7),Volcanic terrain,Limestone dissolution features,Glacial formations,Desert landforms,Coastal features,1,Consider Geography principles at level 4
geo-l4-038,Geography,4,What is the Ekman spiral? (variation 7),Ocean current pattern,Atmospheric circulation,River flow,Glacier movement,Tectonic drift,0,Consider Geography principles at level 4
geo-l4-039,Geography,4,What is orographic precipitation? (variation 7),Ocean rain,Mountain-induced rainfall,Desert storms,Polar snow,Tropical rain,1,Consider Geography principles at level 4
geo-l4-040,Geography,4,What is a halocline? (variation 7),Ice boundary,Current boundary,Pressure layer,Temperature boundary,Salinity gradient,4,Consider Geography principles at level 4
geo-l4-041,Geography,4,What is isostasy? (variation 8),Weather pattern,River system,Mountain formation,Ocean current,Crustal equilibrium,4,Consider Geography principles at level 4
geo-l4-042,Geography,4,What is a karst landscape? (variation 8),Volcanic terrain,Limestone dissolution features,Glacial formations,Desert landforms,Coastal features,1,Consider Geography principles at level 4
geo-l4-043,Geography,4,What is the Ekman spiral? (variation 8),Ocean current pattern,Atmospheric circulation,River flow,Glacier movement,Tectonic drift,0,Consider Geography principles at level 4
geo-l4-044,Geography,4,What is orographic precipitation? (variation 8),Ocean rain,Mountain-induced rainfall,Desert storms,Polar snow,Tropical rain,1,Consider Geography principles at level 4
geo-l4-045,Geography,4,What is a halocline? (variation 8),Temperature boundary,Salinity gradient,Pressure layer,Current boundary,Ice boundary,1,Consider Geography principles at level 4
geo-l4-046,Geography,4,What is isostasy? (variation 9),River system,Weather pattern,Mountain formation,Ocean current,Crustal equilibrium,4,Consider Geography principles at level 4
geo-l4-047,Geography,4,What is a karst landscape? (variation 9),Volcanic terrain,Limestone dissolution features,Glacial formations,Desert landforms,Coastal features,1,Consider Geography principles at level 4
geo-l4-048,Geography,4,What is the Ekman spiral? (variation 9),River flow,Atmospheric circulation,Glacier movement,Ocean current pattern,Tectonic drift,3,Consider Geography principles at level 4
geo-l4-049,Geography,4,What is orographic precipitation? (variation 9),Ocean rain,Mountain-induced rainfall,Desert storms,Polar snow,Tropical rain,1,Consider Geography principles at level 4
geo-l4-050,Geography,4,What is a halocline? (variation 9),Temperature boundary,Salinity gradient,Pressure layer,Current boundary,Ice boundary,1,Consider Geography principles at level 4
geo-l4-051,Geography,4,What is isostasy? (variation 10),Ocean current,Weather pattern,River system,Mountain formation,Crustal equilibrium,4,Consider Geography principles at level 4
geo-l4-052,Geography,4,What is a karst landscape? (variation 10),Glacial formations,Limestone dissolution features,Coastal features,Volcanic terrain,Desert landforms,1,Consider Geography principles at level 4
geo-l4-053,Geography,4,What is the Ekman spiral? (variation 10),Ocean current pattern,Atmospheric circulation,River flow,Glacier movement,Tectonic drift,0,Consider Geography principles at level 4
geo-l4-054,Geography,4,What is orographic precipitation? (variation 10),Desert storms,Polar snow,Tropical rain,Ocean rain,Mountain-induced rainfall,4,Consider Geography principles at level 4
geo-l4-055,Geography,4,What is a halocline? (variation 10),Temperature boundary,Salinity gradient,Pressure layer,Current boundary,Ice boundary,1,Consider Geography principles at level 4
geo-l4-056,Geography,4,What is isostasy? (variation 11),Mountain formation,Crustal equilibrium,Ocean current,Weather pattern,River system,1,Consider Geography principles at level 4
geo-l4-057,Geography,4,What is a karst landscape? (variation 11),Volcanic terrain,Coastal features,Limestone dissolution features,Desert landforms,Glacial formations,2,Consider Geography principles at level 4
geo-l4-058,Geography,4,What is the Ekman spiral? (variation 11),Ocean current pattern,Atmospheric circulation,River flow,Glacier movement,Tectonic drift,0,Consider Geography principles at level 4
geo-l4-059,Geography,4,What is orographic precipitation? (variation 11),Mountain-induced rainfall,Ocean rain,Polar snow,Desert storms,Tropical rain,0,Consider Geography principles at level 4
geo-l4-060,Geography,4,What is a halocline? (variation 11),Temperature boundary,Ice boundary,Current boundary,Salinity gradient,Pressure layer,3,Consider Geography principles at level 4
geo-l4-061,Geography,4,What is isostasy? (variation 12),Mountain formation,Crustal equilibrium,Ocean current,Weather pattern,River system,1,Consider Geography principles at level 4
geo-l4-062,Geography,4,What is a karst landscape? (variation 12),Volcanic terrain,Limestone dissolution features,Glacial formations,Desert landforms,Coastal features,1,Consider Geography principles at level 4
geo-l4-063,Geography,4,What is the Ekman spiral? (variation 12),River flow,Atmospheric circulation,Glacier movement,Tectonic drift,Ocean current pattern,4,Consider Geography principles at level 4
geo-l4-064,Geography,4,What is orographic precipitation? (variation 12),Ocean rain,Mountain-induced rainfall,Desert storms,Polar snow,Tropical rain,1,Consider Geography principles at level 4
geo-l4-065,Geography,4,What is a halocline? (variation 12),Temperature boundary,Salinity gradient,Pressure layer,Current boundary,Ice boundary,1,Consider Geography principles at level 4
geo-l4-066,Geography,4,What is isostasy? (variation 13),Mountain formation,Crustal equilibrium,Ocean current,Weather pattern,River system,1,Consider Geography principles at level 4
geo-l4-067,Geography,4,What is a karst landscape? (variation 13),Desert landforms,Coastal features,Glacial formations,Volcanic terrain,Limestone dissolution features,4,Consider Geography principles at level 4
geo-l4-068,Geography,4,What is the Ekman spiral? (variation 13),Tectonic drift,Atmospheric circulation,Ocean current pattern,Glacier movement,River flow,2,Consider Geography principles at level 4
geo-l4-069,Geography,4,What is orographic precipitation? (variation 13),Tropical rain,Ocean rain,Polar snow,Desert storms,Mountain-induced rainfall,4,Consider Geography principles at level 4
geo-l4-070,Geography,4,What is a halocline? (variation 13),Temperature boundary,Salinity gradient,Pressure layer,Current boundary,Ice boundary,1,Consider Geography principles at level 4
geo-l4-071,Geography,4,What is isostasy? (variation 14),Mountain formation,Crustal equilibrium,Ocean current,Weather pattern,River system,1,Consider Geography principles at level 4
geo-l4-072,Geography,4,What is a karst landscape? (variation 14),Volcanic terrain,Limestone dissolution features,Glacial formations,Desert landforms,Coastal features,1,Consider Geography principles at level 4
geo-l4-073,Geography,4,What is the Ekman spiral? (variation 14),Ocean current pattern,Atmospheric circulation,River flow,Glacier movement,Tectonic drift,0,Consider Geography principles at level 4
geo-l4-074,Geography,4,What is orographic precipitation? (variation 14),Ocean rain,Polar snow,Mountain-induced rainfall,Desert storms,Tropical rain,2,Consider Geography principles at level 4
geo-l4-075,Geography,4,What is a halocline? (variation 14),Temperature boundary,Salinity gradient,Pressure layer,Current boundary,Ice boundary,1,Consider Geography principles at level 4
geo-l4-076,Geography,4,What is isostasy? (variation 15),Crustal equilibrium,Ocean current,River system,Mountain formation,Weather pattern,0,Consider Geography principles at level 4
geo-l4-077,Geography,4,What is a karst landscape? (variation 15),Volcanic terrain,Limestone dissolution features,Glacial formations,Desert landforms,Coastal features,1,Consider Geography principles at level 4
geo-l4-078,Geography,4,What is the Ekman spiral? (variation 15),Ocean current pattern,Atmospheric circulation,River flow,Glacier movement,Tectonic drift,0,Consider Geography principles at level 4
geo-l4-079,Geography,4,What is orographic precipitation? (variation 15),Ocean rain,Mountain-induced rainfall,Desert storms,Polar snow,Tropical rain,1,Consider Geography principles at level 4
geo-l4-080,Geography,4,What is a halocline? (variation 15),Temperature boundary,Salinity gradient,Pressure layer,Current boundary,Ice boundary,1,Consider Geography principles at level 4
geo-l4-081,Geography,4,What is isostasy? (variation 16),Weather pattern,Ocean current,Mountain formation,River system,Crustal equilibrium,4,Consider Geography principles at level 4
geo-l4-082,Geography,4,What is a karst landscape? (variation 16),Volcanic terrain,Limestone dissolution features,Glacial formations,Desert landforms,Coastal features,1,Consider Geography principles at level 4
geo-l4-083,Geography,4,What is the Ekman spiral? (variation 16),Ocean current pattern,Atmospheric circulation,River flow,Glacier movement,Tectonic drift,0,Consider Geography principles at level 4
geo-l4-084,Geography,4,What is orographic precipitation? (variation 16),Ocean rain,Mountain-induced rainfall,Desert storms,Polar snow,Tropical rain,1,Consider Geography principles at level 4
geo-l4-085,Geography,4,What is a halocline? (variation 16),Ice boundary,Temperature boundary,Salinity gradient,Current boundary,Pressure layer,2,Consider Geography principles at level 4
geo-l4-086,Geography,4,What is isostasy? (variation 17),Mountain formation,Crustal equilibrium,Ocean current,Weather pattern,River system,1,Consider Geography principles at level 4
geo-l4-087,Geography,4,What is a karst landscape? (variation 17),Coastal features,Glacial formations,Limestone dissolution features,Desert landforms,Volcanic terrain,2,Consider Geography principles at level 4
geo-l4-088,Geography,4,What is the Ekman spiral? (variation 17),Ocean current pattern,Atmospheric circulation,River flow,Glacier movement,Tectonic drift,0,Consider Geography principles at level 4
geo-l4-089,Geography,4,What is orographic precipitation? (variation 17),Ocean rain,Mountain-induced rainfall,Desert storms,Polar snow,Tropical rain,1,Consider Geography principles at level 4
geo-l4-090,Geography,4,What is a halocline? (variation 17),Temperature boundary,Salinity gradient,Pressure layer,Current boundary,Ice boundary,1,Consider Geography principles at level 4
geo-l4-091,Geography,4,What is isostasy? (variation 18),Mountain formation,Ocean current,Weather pattern,River system,Crustal equilibrium,4,Consider Geography principles at level 4
geo-l4-092,Geography,4,What is a karst landscape? (variation 18),Volcanic terrain,Glacial formations,Limestone dissolution features,Coastal features,Desert landforms,2,Consider Geography principles at level 4
geo-l4-093,Geography,4,What is the Ekman spiral? (variation 18),Ocean current pattern,Atmospheric circulation,River flow,Glacier movement,Tectonic drift,0,Consider Geography principles at level 4
geo-l4-094,Geography,4,What is orographic precipitation? (variation 18),Ocean rain,Mountain-induced rainfall,Desert storms,Polar snow,Tropical rain,1,Consider Geography principles at level 4
geo-l4-095,Geography,4,What is a halocline? (variation 18),Temperature boundary,Salinity gradient,Pressure layer,Current boundary,Ice boundary,1,Consider Geography principles at level 4
geo-l4-096,Geography,4,What is isostasy? (variation 19),Mountain formation,Crustal equilibrium,Ocean current,Weather pattern,River system,1,Consider Geography principles at level 4
geo-l4-097,Geography,4,What is a karst landscape? (variation 19),Volcanic terrain,Glacial formations,Desert landforms,Limestone dissolution features,Coastal features,3,Consider Geography principles at level 4
geo-l4-098,Geography,4,What is the Ekman spiral? (variation 19),Ocean current pattern,Atmospheric circulation,River flow,Glacier movement,Tectonic drift,0,Consider Geography principles at level 4
geo-l4-099,Geography,4,What is orographic precipitation? (variation 19),Ocean rain,Polar snow,Desert storms,Mountain-induced rainfall,Tropical rain,3,Consider Geography principles at level 4
geo-l4-100,Geography,4,What is a halocline? (variation 19),Temperature boundary,Salinity gradient,Pressure layer,Current boundary,Ice boundary,1,Consider Geography principles at level 4
geo-l5-001,Geography,5,What is anastomosis in rivers?,Meandering,Braided channel pattern,Waterfall formation,Delta building,Oxbow creation,1,Consider Geography principles at level 5
geo-l5-002,Geography,5,What is the Bergeron process?,Ice crystal precipitation,Volcanic activity,Tectonic uplift,Erosion,Ocean mixing,0,Consider Geography principles at level 5
geo-l5-003,Geography,5,What is a nunatak?,Underwater volcano,Peak protruding through ice,Coastal cliff,Desert formation,River island,1,Consider Geography principles at level 5
geo-l5-004,Geography,5,What is the geoid?,Earth's shape,Equipotential surface,Ocean floor map,Atmospheric layer,Magnetic field,1,Consider Geography principles at level 5
geo-l5-005,Geography,5,What is the antipode?,Pole region,Opposite side of Earth,Equator point,Prime meridian,Date line,1,Consider Geography principles at level 5
geo-l5-006,Geography,5,What is anastomosis in rivers? (variation 1),Meandering,Braided channel pattern,Waterfall formation,Delta building,Oxbow creation,1,Consider Geography principles at level 5
geo-l5-007,Geography,5,What is the Bergeron process? (variation 1),Ice crystal precipitation,Volcanic activity,Tectonic uplift,Erosion,Ocean mixing,0,Consider Geography principles at level 5
geo-l5-008,Geography,5,What is a nunatak? (variation 1),Underwater volcano,Peak protruding through ice,Coastal cliff,River island,Desert formation,1,Consider Geography principles at level 5
geo-l5-009,Geography,5,What is the geoid? (variation 1),Earth's shape,Equipotential surface,Ocean floor map,Atmospheric layer,Magnetic field,1,Consider Geography principles at level 5
geo-l5-010,Geography,5,What is the antipode? (variation 1),Pole region,Opposite side of Earth,Equator point,Prime meridian,Date line,1,Consider Geography principles at level 5
geo-l5-011,Geography,5,What is anastomosis in rivers? (variation 2),Meandering,Braided channel pattern,Waterfall formation,Delta building,Oxbow creation,1,Consider Geography principles at level 5
geo-l5-012,Geography,5,What is the Bergeron process? (variation 2),Ice crystal precipitation,Ocean mixing,Tectonic uplift,Erosion,Volcanic activity,0,Consider Geography principles at level 5
geo-l5-013,Geography,5,What is a nunatak? (variation 2),Underwater volcano,Peak protruding through ice,Coastal cliff,River island,Desert formation,1,Consider Geography principles at level 5
geo-l5-014,Geography,5,What is the geoid? (variation 2),Earth's shape,Equipotential surface,Ocean floor map,Atmospheric layer,Magnetic field,1,Consider Geography principles at level 5
geo-l5-015,Geography,5,What is the antipode? (variation 2),Pole region,Opposite side of Earth,Equator point,Prime meridian,Date line,1,Consider Geography principles at level 5
geo-l5-016,Geography,5,What is anastomosis in rivers? (variation 3),Meandering,Braided channel pattern,Waterfall formation,Delta building,Oxbow creation,1,Consider Geography principles at level 5
geo-l5-017,Geography,5,What is the Bergeron process? (variation 3),Ice crystal precipitation,Volcanic activity,Tectonic uplift,Erosion,Ocean mixing,0,Consider Geography principles at level 5
geo-l5-018,Geography,5,What is a nunatak? (variation 3),Coastal cliff,Underwater volcano,River island,Peak protruding through ice,Desert formation,3,Consider Geography principles at level 5
geo-l5-019,Geography,5,What is the geoid? (variation 3),Earth's shape,Equipotential surface,Ocean floor map,Atmospheric layer,Magnetic field,1,Consider Geography principles at level 5
geo-l5-020,Geography,5,What is the antipode? (variation 3),Opposite side of Earth,Equator point,Date line,Prime meridian,Pole region,0,Consider Geography principles at level 5
geo-l5-021,Geography,5,What is anastomosis in rivers? (variation 4),Meandering,Braided channel pattern,Waterfall formation,Delta building,Oxbow creation,1,Consider Geography principles at level 5
geo-l5-022,Geography,5,What is the Bergeron process? (variation 4),Ice crystal precipitation,Volcanic activity,Tectonic uplift,Erosion,Ocean mixing,0,Consider Geography principles at level 5
geo-l5-023,Geography,5,What is a nunatak? (variation 4),Desert formation,Coastal cliff,River island,Underwater volcano,Peak protruding through ice,4,Consider Geography principles at level 5
geo-l5-024,Geography,5,What is the geoid? (variation 4),Earth's shape,Ocean floor map,Equipotential surface,Magnetic field,Atmospheric layer,2,Consider Geography principles at level 5
geo-l5-025,Geography,5,What is the antipode? (variation 4),Pole region,Opposite side of Earth,Equator point,Prime meridian,Date line,1,Consider Geography principles at level 5
geo-l5-026,Geography,5,What is anastomosis in rivers? (variation 5),Meandering,Braided channel pattern,Waterfall formation,Delta building,Oxbow creation,1,Consider Geography principles at level 5
geo-l5-027,Geography,5,What is the Bergeron process? (variation 5),Ice crystal precipitation,Tectonic uplift,Ocean mixing,Erosion,Volcanic activity,0,Consider Geography principles at level 5
geo-l5-028,Geography,5,What is a nunatak? (variation 5),Coastal cliff,Desert formation,Underwater volcano,Peak protruding through ice,River island,3,Consider Geography principles at level 5
geo-l5-029,Geography,5,What is the geoid? (variation 5),Earth's shape,Equipotential surface,Ocean floor map,Atmospheric layer,Magnetic field,1,Consider Geography principles at level 5
geo-l5-030,Geography,5,What is the antipode? (variation 5),Pole region,Opposite side of Earth,Equator point,Prime meridian,Date line,1,Consider Geography principles at level 5
geo-l5-031,Geography,5,What is anastomosis in rivers? (variation 6),Delta building,Waterfall formation,Oxbow creation,Meandering,Braided channel pattern,4,Consider Geography principles at level 5
geo-l5-032,Geography,5,What is the Bergeron process? (variation 6),Ice crystal precipitation,Volcanic activity,Tectonic uplift,Erosion,Ocean mixing,0,Consider Geography principles at level 5
geo-l5-033,Geography,5,What is a nunatak? (variation 6),Underwater volcano,River island,Desert formation,Peak protruding through ice,Coastal cliff,3,Consider Geography principles at level 5
geo-l5-034,Geography,5,What is the geoid? (variation 6),Earth's shape,Equipotential surface,Ocean floor map,Atmospheric layer,Magnetic field,1,Consider Geography principles at level 5
geo-l5-035,Geography,5,What is the antipode? (variation 6),Opposite side of Earth,Prime meridian,Equator point,Date line,Pole region,0,Consider Geography principles at level 5
geo-l5-036,Geography,5,What is anastomosis in rivers? (variation 7),Waterfall formation,Meandering,Delta building,Braided channel pattern,Oxbow creation,3,Consider Geography principles at level 5
geo-l5-037,Geography,5,What is the Bergeron process? (variation 7),Ice crystal precipitation,Tectonic uplift,Ocean mixing,Erosion,Volcanic activity,0,Consider Geography principles at level 5
geo-l5-038,Geography,5,What is a nunatak? (variation 7),Underwater volcano,Peak protruding through ice,Coastal cliff,River island,Desert formation,1,Consider Geography principles at level 5
geo-l5-039,Geography,5,What is the geoid? (variation 7),Ocean floor map,Equipotential surface,Atmospheric layer,Earth's shape,Magnetic field,1,Consider Geography principles at level 5
geo-l5-040,Geography,5,What is the antipode? (variation 7),Pole region,Opposite side of Earth,Prime meridian,Date line,Equator point,1,Consider Geography principles at level 5
geo-l5-041,Geography,5,What is anastomosis in rivers? (variation 8),Delta building,Waterfall formation,Meandering,Braided channel pattern,Oxbow creation,3,Consider Geography principles at level 5
geo-l5-042,Geography,5,What is the Bergeron process? (variation 8),Ice crystal precipitation,Volcanic activity,Tectonic uplift,Erosion,Ocean mixing,0,Consider Geography principles at level 5
geo-l5-043,Geography,5,What is a nunatak? (variation 8),Underwater volcano,Peak protruding through ice,Coastal cliff,River island,Desert formation,1,Consider Geography principles at level 5
geo-l5-044,Geography,5,What is the geoid? (variation 8),Ocean floor map,Equipotential surface,Earth's shape,Magnetic field,Atmospheric layer,1,Consider Geography principles at level 5
geo-l5-045,Geography,5,What is the antipode? (variation 8),Pole region,Opposite side of Earth,Equator point,Prime meridian,Date line,1,Consider Geography principles at level 5
geo-l5-046,Geography,5,What is anastomosis in rivers? (variation 9),Meandering,Braided channel pattern,Waterfall formation,Delta building,Oxbow creation,1,Consider Geography principles at level 5
geo-l5-047,Geography,5,What is the Bergeron process? (variation 9),Tectonic uplift,Volcanic activity,Erosion,Ocean mixing,Ice crystal precipitation,4,Consider Geography principles at level 5
geo-l5-048,Geography,5,What is a nunatak? (variation 9),Underwater volcano,Peak protruding through ice,Coastal cliff,River island,Desert formation,1,Consider Geography principles at level 5
geo-l5-049,Geography,5,What is the geoid? (variation 9),Earth's shape,Equipotential surface,Ocean floor map,Atmospheric layer,Magnetic field,1,Consider Geography principles at level 5
geo-l5-050,Geography,5,What is the antipode? (variation 9),Pole region,Opposite side of Earth,Equator point,Prime meridian,Date line,1,Consider Geography principles at level 5
geo-l5-051,Geography,5,What is anastomosis in rivers? (variation 10),Meandering,Braided channel pattern,Waterfall formation,Delta building,Oxbow creation,1,Consider Geography principles at level 5
geo-l5-052,Geography,5,What is the Bergeron process? (variation 10),Ice crystal precipitation,Volcanic activity,Tectonic uplift,Erosion,Ocean mixing,0,Consider Geography principles at level 5
geo-l5-053,Geography,5,What is a nunatak? (variation 10),River island,Desert formation,Underwater volcano,Coastal cliff,Peak protruding through ice,4,Consider Geography principles at level 5
geo-l5-054,Geography,5,What is the geoid? (variation 10),Earth's shape,Equipotential surface,Ocean floor map,Atmospheric layer,Magnetic field,1,Consider Geography principles at level 5
geo-l5-055,Geography,5,What is the antipode? (variation 10),Pole region,Opposite side of Earth,Equator point,Prime meridian,Date line,1,Consider Geography principles at level 5
geo-l5-056,Geography,5,What is anastomosis in rivers? (variation 11),Meandering,Braided channel pattern,Waterfall formation,Delta building,Oxbow creation,1,Consider Geography principles at level 5
geo-l5-057,Geography,5,What is the Bergeron process? (variation 11),Tectonic uplift,Volcanic activity,Erosion,Ice crystal precipitation,Ocean mixing,3,Consider Geography principles at level 5
geo-l5-058,Geography,5,What is a nunatak? (variation 11),Underwater volcano,Peak protruding through ice,Coastal cliff,River island,Desert formation,1,Consider Geography principles at level 5
geo-l5-059,Geography,5,What is the geoid? (variation 11),Earth's shape,Equipotential surface,Ocean floor map,Atmospheric layer,Magnetic field,1,Consider Geography principles at level 5
geo-l5-060,Geography,5,What is the antipode? (variation 11),Equator point,Prime meridian,Pole region,Opposite side of Earth,Date line,3,Consider Geography principles at level 5
geo-l5-061,Geography,5,What is anastomosis in rivers? (variation 12),Meandering,Braided channel pattern,Waterfall formation,Delta building,Oxbow creation,1,Consider Geography principles at level 5
geo-l5-062,Geography,5,What is the Bergeron process? (variation 12),Tectonic uplift,Ice crystal precipitation,Erosion,Volcanic activity,Ocean mixing,1,Consider Geography principles at level 5
geo-l5-063,Geography,5,What is a nunatak? (variation 12),Underwater volcano,Peak protruding through ice,Coastal cliff,River island,Desert formation,1,Consider Geography principles at level 5
geo-l5-064,Geography,5,What is the geoid? (variation 12),Ocean floor map,Earth's shape,Equipotential surface,Atmospheric layer,Magnetic field,2,Consider Geography principles at level 5
geo-l5-065,Geography,5,What is the antipode? (variation 12),Prime meridian,Date line,Opposite side of Earth,Equator point,Pole region,2,Consider Geography principles at level 5
geo-l5-066,Geography,5,What is anastomosis in rivers? (variation 13),Meandering,Braided channel pattern,Waterfall formation,Delta building,Oxbow creation,1,Consider Geography principles at level 5
geo-l5-067,Geography,5,What is the Bergeron process? (variation 13),Ice crystal precipitation,Volcanic activity,Tectonic uplift,Erosion,Ocean mixing,0,Consider Geography principles at level 5
geo-l5-068,Geography,5,What is a nunatak? (variation 13),River island,Underwater volcano,Desert formation,Peak protruding through ice,Coastal cliff,3,Consider Geography principles at level 5
geo-l5-069,Geography,5,What is the geoid? (variation 13),Earth's shape,Equipotential surface,Ocean floor map,Atmospheric layer,Magnetic field,1,Consider Geography principles at level 5
geo-l5-070,Geography,5,What is the antipode? (variation 13),Pole region,Opposite side of Earth,Equator point,Prime meridian,Date line,1,Consider Geography principles at level 5
geo-l5-071,Geography,5,What is anastomosis in rivers? (variation 14),Meandering,Braided channel pattern,Waterfall formation,Delta building,Oxbow creation,1,Consider Geography principles at level 5
geo-l5-072,Geography,5,What is the Bergeron process? (variation 14),Erosion,Tectonic uplift,Volcanic activity,Ocean mixing,Ice crystal precipitation,4,Consider Geography principles at level 5
geo-l5-073,Geography,5,What is a nunatak? (variation 14),Desert formation,River island,Underwater volcano,Coastal cliff,Peak protruding through ice,4,Consider Geography principles at level 5
geo-l5-074,Geography,5,What is the geoid? (variation 14),Earth's shape,Equipotential surface,Ocean floor map,Atmospheric layer,Magnetic field,1,Consider Geography principles at level 5
geo-l5-075,Geography,5,What is the antipode? (variation 14),Pole region,Opposite side of Earth,Equator point,Prime meridian,Date line,1,Consider Geography principles at level 5
geo-l5-076,Geography,5,What is anastomosis in rivers? (variation 15),Oxbow creation,Waterfall formation,Meandering,Delta building,Braided channel pattern,4,Consider Geography principles at level 5
geo-l5-077,Geography,5,What is the Bergeron process? (variation 15),Ice crystal precipitation,Volcanic activity,Tectonic uplift,Erosion,Ocean mixing,0,Consider Geography principles at level 5
geo-l5-078,Geography,5,What is a nunatak? (variation 15),Underwater volcano,Peak protruding through ice,Coastal cliff,River island,Desert formation,1,Consider Geography principles at level 5
geo-l5-079,Geography,5,What is the geoid? (variation 15),Earth's shape,Equipotential surface,Ocean floor map,Atmospheric layer,Magnetic field,1,Consider Geography principles at level 5
geo-l5-080,Geography,5,What is the antipode? (variation 15),Opposite side of Earth,Equator point,Prime meridian,Pole region,Date line,0,Consider Geography principles at level 5
geo-l5-081,Geography,5,What is anastomosis in rivers? (variation 16),Meandering,Braided channel pattern,Waterfall formation,Delta building,Oxbow creation,1,Consider Geography principles at level 5
geo-l5-082,Geography,5,What is the Bergeron process? (variation 16),Ice crystal precipitation,Volcanic activity,Tectonic uplift,Erosion,Ocean mixing,0,Consider Geography principles at level 5
geo-l5-083,Geography,5,What is a nunatak? (variation 16),Underwater volcano,Peak protruding through ice,Coastal cliff,River island,Desert formation,1,Consider Geography principles at level 5
geo-l5-084,Geography,5,What is the geoid? (variation 16),Earth's shape,Equipotential surface,Ocean floor map,Atmospheric layer,Magnetic field,1,Consider Geography principles at level 5
geo-l5-085,Geography,5,What is the antipode? (variation 16),Pole region,Opposite side of Earth,Equator point,Prime meridian,Date line,1,Consider Geography principles at level 5
geo-l5-086,Geography,5,What is anastomosis in rivers? (variation 17),Meandering,Braided channel pattern,Waterfall formation,Delta building,Oxbow creation,1,Consider Geography principles at level 5
geo-l5-087,Geography,5,What is the Bergeron process? (variation 17),Ice crystal precipitation,Volcanic activity,Tectonic uplift,Erosion,Ocean mixing,0,Consider Geography principles at level 5
geo-l5-088,Geography,5,What is a nunatak? (variation 17),Underwater volcano,Peak protruding through ice,Coastal cliff,River island,Desert formation,1,Consider Geography principles at level 5
geo-l5-089,Geography,5,What is the geoid? (variation 17),Earth's shape,Equipotential surface,Ocean floor map,Atmospheric layer,Magnetic field,1,Consider Geography principles at level 5
geo-l5-090,Geography,5,What is the antipode? (variation 17),Pole region,Opposite side of Earth,Equator point,Prime meridian,Date line,1,Consider Geography principles at level 5
geo-l5-091,Geography,5,What is anastomosis in rivers? (variation 18),Meandering,Braided channel pattern,Waterfall formation,Delta building,Oxbow creation,1,Consider Geography principles at level 5
geo-l5-092,Geography,5,What is the Bergeron process? (variation 18),Ice crystal precipitation,Volcanic activity,Tectonic uplift,Erosion,Ocean mixing,0,Consider Geography principles at level 5
geo-l5-093,Geography,5,What is a nunatak? (variation 18),River island,Underwater volcano,Peak protruding through ice,Coastal cliff,Desert formation,2,Consider Geography principles at level 5
geo-l5-094,Geography,5,What is the geoid? (variation 18),Earth's shape,Equipotential surface,Ocean floor map,Atmospheric layer,Magnetic field,1,Consider Geography principles at level 5
geo-l5-095,Geography,5,What is the antipode? (variation 18),Pole region,Opposite side of Earth,Equator point,Prime meridian,Date line,1,Consider Geography principles at level 5
geo-l5-096,Geography,5,What is anastomosis in rivers? (variation 19),Meandering,Braided channel pattern,Waterfall formation,Delta building,Oxbow creation,1,Consider Geography principles at level 5
geo-l5-097,Geography,5,What is the Bergeron process? (variation 19),Ice crystal precipitation,Ocean mixing,Volcanic activity,Tectonic uplift,Erosion,0,Consider Geography principles at level 5
geo-l5-098,Geography,5,What is a nunatak? (variation 19),Underwater volcano,Peak protruding through ice,Coastal cliff,River island,Desert formation,1,Consider Geography principles at level 5
geo-l5-099,Geography,5,What is the geoid? (variation 19),Atmospheric layer,Equipotential surface,Magnetic field,Earth's shape,Ocean floor map,1,Consider Geography principles at level 5
geo-l5-100,Geography,5,What is the antipode? (variation 19),Pole region,Opposite side of Earth,Equator point,Prime meridian,Date line,1,Consider Geography principles at level 5
math-l1-001,Math,1,What is a key concept in Math at level 1?,Option A,Option B,Option C,Option D,Option E,2,Consider Math principles at level 1
math-l1-002,Math,1,What is a key concept in Math at level 1? (variation 1),Option D,Option E,Option B,Option A,Option C,4,Consider Math principles at level 1
math-l1-003,Math,1,What is a key concept in Math at level 1? (variation 2),Option A,Option B,Option C,Option D,Option E,2,Consider Math principles at level 1
math-l1-004,Math,1,What is a key concept in Math at level 1? (variation 3),Option D,Option E,Option A,Option B,Option C,4,Consider Math principles at level 1
math-l1-005,Math,1,What is a key concept in Math at level 1? (variation 4),Option A,Option B,Option C,Option D,Option E,2,Consider Math principles at level 1
math-l1-006,Math,1,What is a key concept in Math at level 1? (variation 5),Option A,Option B,Option C,Option D,Option E,2,Consider Math principles at level 1
math-l1-007,Math,1,What is a key concept in Math at level 1? (variation 6),Option A,Option B,Option C,Option D,Option E,2,Consider Math principles at level 1
math-l1-008,Math,1,What is a key concept in Math at level 1? (variation 7),Option A,Option B,Option C,Option D,Option E,2,Consider Math principles at level 1
math-l1-009,Math,1,What is a key concept in Math at level 1? (variation 8),Option E,Option C,Option A,Option D,Option B,1,Consider Math principles at level 1
math-l1-010,Math,1,What is a key concept in Math at level 1? (variation 9),Option B,Option D,Option A,Option C,Option E,3,Consider Math principles at level 1
math-l1-011,Math,1,What is a key concept in Math at level 1? (variation 10),Option A,Option B,Option C,Option D,Option E,2,Consider Math principles at level 1
math-l1-012,Math,1,What is a key concept in Math at level 1? (variation 11),Option C,Option B,Option E,Option D,Option A,0,Consider Math principles at level 1
math-l1-013,Math,1,What is a key concept in Math at level 1? (variation 12),Option A,Option B,Option C,Option D,Option E,2,Consider Math principles at level 1
math-l1-014,Math,1,What is a key concept in Math at level 1? (variation 13),Option A,Option B,Option C,Option D,Option E,2,Consider Math principles at level 1
math-l1-015,Math,1,What is a key concept in Math at level 1? (variation 14),Option A,Option B,Option C,Option D,Option E,2,Consider Math principles at level 1
math-l1-016,Math,1,What is a key concept in Math at level 1? (variation 15),Option B,Option D,Option E,Option A,Option C,4,Consider Math principles at level 1
math-l1-017,Math,1,What is a key concept in Math at level 1? (variation 16),Option A,Option B,Option C,Option D,Option E,2,Consider Math principles at level 1
math-l1-018,Math,1,What is a key concept in Math at level 1? (variation 17),Option A,Option C,Option B,Option E,Option D,1,Consider Math principles at level 1
math-l1-019,Math,1,What is a key concept in Math at level 1? (variation 18),Option A,Option B,Option C,Option D,Option E,2,Consider Math principles at level 1
math-l1-020,Math,1,What is a key concept in Math at level 1? (variation 19),Option A,Option B,Option C,Option D,Option E,2,Consider Math principles at level 1
math-l1-021,Math,1,What is a key concept in Math at level 1? (variation 20),Option A,Option B,Option C,Option D,Option E,2,Consider Math principles at level 1
math-l1-022,Math,1,What is a key concept in Math at level 1? (variation 21),Option A,Option B,Option C,Option D,Option E,2,Consider Math principles at level 1
math-l1-023,Math,1,What is a key concept in Math at level 1? (variation 22),Option A,Option B,Option C,Option D,Option E,2,Consider Math principles at level 1
math-l1-024,Math,1,What is a key concept in Math at level 1? (variation 23),Option A,Option B,Option C,Option D,Option E,2,Consider Math principles at level 1
math-l1-025,Math,1,What is a key concept in Math at level 1? (variation 24),Option A,Option B,Option C,Option D,Option E,2,Consider Math principles at level 1
math-l1-026,Math,1,What is a key concept in Math at level 1? (variation 25),Option C,Option A,Option B,Option E,Option D,0,Consider Math principles at level 1
math-l1-027,Math,1,What is a key concept in Math at level 1? (variation 26),Option A,Option B,Option C,Option D,Option E,2,Consider Math principles at level 1
math-l1-028,Math,1,What is a key concept in Math at level 1? (variation 27),Option B,Option C,Option A,Option D,Option E,1,Consider Math principles at level 1
math-l1-029,Math,1,What is a key concept in Math at level 1? (variation 28),Option A,Option B,Option C,Option D,Option E,2,Consider Math principles at level 1
math-l1-030,Math,1,What is a key concept in Math at level 1? (variation 29),Option D,Option A,Option E,Option C,Option B,3,Consider Math principles at level 1
math-l1-031,Math,1,What is a key concept in Math at level 1? (variation 30),Option D,Option C,Option E,Option A,Option B,1,Consider Math principles at level 1
math-l1-032,Math,1,What is a key concept in Math at level 1? (variation 31),Option A,Option B,Option C,Option D,Option E,2,Consider Math principles at level 1
math-l1-033,Math,1,What is a key concept in Math at level 1? (variation 32),Option B,Option C,Option A,Option E,Option D,1,Consider Math principles at level 1
math-l1-034,Math,1,What is a key concept in Math at level 1? (variation 33),Option A,Option B,Option C,Option D,Option E,2,Consider Math principles at level 1
math-l1-035,Math,1,What is a key concept in Math at level 1? (variation 34),Option A,Option B,Option C,Option D,Option E,2,Consider Math principles at level 1
math-l1-036,Math,1,What is a key concept in Math at level 1? (variation 35),Option A,Option B,Option C,Option D,Option E,2,Consider Math principles at level 1
math-l1-037,Math,1,What is a key concept in Math at level 1? (variation 36),Option D,Option B,Option E,Option A,Option C,4,Consider Math principles at level 1
math-l1-038,Math,1,What is a key concept in Math at level 1? (variation 37),Option A,Option B,Option C,Option D,Option E,2,Consider Math principles at level 1
math-l1-039,Math,1,What is a key concept in Math at level 1? (variation 38),Option A,Option B,Option C,Option D,Option E,2,Consider Math principles at level 1
math-l1-040,Math,1,What is a key concept in Math at level 1? (variation 39),Option A,Option B,Option C,Option D,Option E,2,Consider Math principles at level 1
math-l1-041,Math,1,What is a key concept in Math at level 1? (variation 40),Option A,Option B,Option C,Option D,Option E,2,Consider Math principles at level 1
math-l1-042,Math,1,What is a key concept in Math at level 1? (variation 41),Option A,Option B,Option C,Option D,Option E,2,Consider Math principles at level 1
math-l1-043,Math,1,What is a key concept in Math at level 1? (variation 42),Option A,Option B,Option C,Option D,Option E,2,Consider Math principles at level 1
math-l1-044,Math,1,What is a key concept in Math at level 1? (variation 43),Option E,Option B,Option D,Option C,Option A,3,Consider Math principles at level 1
math-l1-045,Math,1,What is a key concept in Math at level 1? (variation 44),Option A,Option B,Option C,Option D,Option E,2,Consider Math principles at level 1
math-l1-046,Math,1,What is a key concept in Math at level 1? (variation 45),Option A,Option B,Option C,Option D,Option E,2,Consider Math principles at level 1
math-l1-047,Math,1,What is a key concept in Math at level 1? (variation 46),Option A,Option B,Option C,Option D,Option E,2,Consider Math principles at level 1
math-l1-048,Math,1,What is a key concept in Math at level 1? (variation 47),Option A,Option B,Option C,Option D,Option E,2,Consider Math principles at level 1
math-l1-049,Math,1,What is a key concept in Math at level 1? (variation 48),Option A,Option B,Option C,Option D,Option E,2,Consider Math principles at level 1
math-l1-050,Math,1,What is a key concept in Math at level 1? (variation 49),Option A,Option B,Option C,Option D,Option E,2,Consider Math principles at level 1
math-l1-051,Math,1,What is a key concept in Math at level 1? (variation 50),Option A,Option B,Option C,Option D,Option E,2,Consider Math principles at level 1
math-l1-052,Math,1,What is a key concept in Math at level 1? (variation 51),Option A,Option B,Option C,Option D,Option E,2,Consider Math principles at level 1
math-l1-053,Math,1,What is a key concept in Math at level 1? (variation 52),Option A,Option B,Option C,Option D,Option E,2,Consider Math principles at level 1
math-l1-054,Math,1,What is a key concept in Math at level 1? (variation 53),Option A,Option B,Option C,Option D,Option E,2,Consider Math principles at level 1
math-l1-055,Math,1,What is a key concept in Math at level 1? (variation 54),Option A,Option B,Option C,Option D,Option E,2,Consider Math principles at level 1
math-l1-056,Math,1,What is a key concept in Math at level 1? (variation 55),Option A,Option B,Option C,Option D,Option E,2,Consider Math principles at level 1
math-l1-057,Math,1,What is a key concept in Math at level 1? (variation 56),Option A,Option B,Option C,Option D,Option E,2,Consider Math principles at level 1
math-l1-058,Math,1,What is a key concept in Math at level 1? (variation 57),Option A,Option B,Option C,Option D,Option E,2,Consider Math principles at level 1
math-l1-059,Math,1,What is a key concept in Math at level 1? (variation 58),Option A,Option B,Option C,Option D,Option E,2,Consider Math principles at level 1
math-l1-060,Math,1,What is a key concept in Math at level 1? (variation 59),Option A,Option B,Option C,Option D,Option E,2,Consider Math principles at level 1
math-l1-061,Math,1,What is a key concept in Math at level 1? (variation 60),Option A,Option B,Option C,Option D,Option E,2,Consider Math principles at level 1
math-l1-062,Math,1,What is a key concept in Math at level 1? (variation 61),Option A,Option B,Option C,Option D,Option E,2,Consider Math principles at level 1
math-l1-063,Math,1,What is a key concept in Math at level 1? (variation 62),Option A,Option B,Option C,Option D,Option E,2,Consider Math principles at level 1
math-l1-064,Math,1,What is a key concept in Math at level 1? (variation 63),Option A,Option B,Option C,Option D,Option E,2,Consider Math principles at level 1
math-l1-065,Math,1,What is a key concept in Math at level 1? (variation 64),Option A,Option B,Option C,Option D,Option E,2,Consider Math principles at level 1
math-l1-066,Math,1,What is a key concept in Math at level 1? (variation 65),Option A,Option B,Option C,Option D,Option E,2,Consider Math principles at level 1
math-l1-067,Math,1,What is a key concept in Math at level 1? (variation 66),Option C,Option B,Option A,Option D,Option E,0,Consider Math principles at level 1
math-l1-068,Math,1,What is a key concept in Math at level 1? (variation 67),Option A,Option B,Option C,Option D,Option E,2,Consider Math principles at level 1
math-l1-069,Math,1,What is a key concept in Math at level 1? (variation 68),Option A,Option B,Option C,Option D,Option E,2,Consider Math principles at level 1
math-l1-070,Math,1,What is a key concept in Math at level 1? (variation 69),Option A,Option B,Option C,Option D,Option E,2,Consider Math principles at level 1
math-l1-071,Math,1,What is a key concept in Math at level 1? (variation 70),Option D,Option C,Option B,Option E,Option A,1,Consider Math principles at level 1
math-l1-072,Math,1,What is a key concept in Math at level 1? (variation 71),Option A,Option B,Option C,Option D,Option E,2,Consider Math principles at level 1
math-l1-073,Math,1,What is a key concept in Math at level 1? (variation 72),Option D,Option A,Option B,Option C,Option E,3,Consider Math principles at level 1
math-l1-074,Math,1,What is a key concept in Math at level 1? (variation 73),Option B,Option E,Option D,Option A,Option C,4,Consider Math principles at level 1
math-l1-075,Math,1,What is a key concept in Math at level 1? (variation 74),Option A,Option B,Option C,Option D,Option E,2,Consider Math principles at level 1
math-l1-076,Math,1,What is a key concept in Math at level 1? (variation 75),Option B,Option C,Option A,Option E,Option D,1,Consider Math principles at level 1
math-l1-077,Math,1,What is a key concept in Math at level 1? (variation 76),Option D,Option C,Option A,Option B,Option E,1,Consider Math principles at level 1
math-l1-078,Math,1,What is a key concept in Math at level 1? (variation 77),Option E,Option D,Option C,Option A,Option B,2,Consider Math principles at level 1
math-l1-079,Math,1,What is a key concept in Math at level 1? (variation 78),Option A,Option B,Option C,Option D,Option E,2,Consider Math principles at level 1
math-l1-080,Math,1,What is a key concept in Math at level 1? (variation 79),Option A,Option B,Option C,Option D,Option E,2,Consider Math principles at level 1
math-l1-081,Math,1,What is a key concept in Math at level 1? (variation 80),Option A,Option B,Option C,Option D,Option E,2,Consider Math principles at level 1
math-l1-082,Math,1,What is a key concept in Math at level 1? (variation 81),Option A,Option B,Option C,Option D,Option E,2,Consider Math principles at level 1
math-l1-083,Math,1,What is a key concept in Math at level 1? (variation 82),Option A,Option B,Option C,Option D,Option E,2,Consider Math principles at level 1
math-l1-084,Math,1,What is a key concept in Math at level 1? (variation 83),Option C,Option E,Option B,Option A,Option D,0,Consider Math principles at level 1
math-l1-085,Math,1,What is a key concept in Math at level 1? (variation 84),Option A,Option B,Option C,Option D,Option E,2,Consider Math principles at level 1
math-l1-086,Math,1,What is a key concept in Math at level 1? (variation 85),Option E,Option B,Option D,Option C,Option A,3,Consider Math principles at level 1
math-l1-087,Math,1,What is a key concept in Math at level 1? (variation 86),Option A,Option B,Option C,Option D,Option E,2,Consider Math principles at level 1
math-l1-088,Math,1,What is a key concept in Math at level 1? (variation 87),Option A,Option B,Option C,Option D,Option E,2,Consider Math principles at level 1
math-l1-089,Math,1,What is a key concept in Math at level 1? (variation 88),Option A,Option B,Option C,Option D,Option E,2,Consider Math principles at level 1
math-l1-090,Math,1,What is a key concept in Math at level 1? (variation 89),Option A,Option B,Option C,Option D,Option E,2,Consider Math principles at level 1
math-l1-091,Math,1,What is a key concept in Math at level 1? (variation 90),Option A,Option B,Option C,Option D,Option E,2,Consider Math principles at level 1
math-l1-092,Math,1,What is a key concept in Math at level 1? (variation 91),Option A,Option B,Option C,Option D,Option E,2,Consider Math principles at level 1
math-l1-093,Math,1,What is a key concept in Math at level 1? (variation 92),Option A,Option B,Option C,Option D,Option E,2,Consider Math principles at level 1
math-l1-094,Math,1,What is a key concept in Math at level 1? (variation 93),Option E,Option D,Option C,Option A,Option B,2,Consider Math principles at level 1
math-l1-095,Math,1,What is a key concept in Math at level 1? (variation 94),Option B,Option E,Option A,Option C,Option D,3,Consider Math principles at level 1
math-l1-096,Math,1,What is a key concept in Math at level 1? (variation 95),Option A,Option B,Option C,Option D,Option E,2,Consider Math principles at level 1
math-l1-097,Math,1,What is a key concept in Math at level 1? (variation 96),Option A,Option B,Option C,Option D,Option E,2,Consider Math principles at level 1
math-l1-098,Math,1,What is a key concept in Math at level 1? (variation 97),Option B,Option C,Option A,Option D,Option E,1,Consider Math principles at level 1
math-l1-099,Math,1,What is a key concept in Math at level 1? (variation 98),Option A,Option B,Option C,Option D,Option E,2,Consider Math principles at level 1
math-l1-100,Math,1,What is a key concept in Math at level 1? (variation 99),Option B,Option C,Option E,Option A,Option D,1,Consider Math principles at level 1
math-l2-001,Math,2,What is a key concept in Math at level 2?,Option A,Option B,Option C,Option D,Option E,2,Consider Math principles at level 2
math-l2-002,Math,2,What is a key concept in Math at level 2? (variation 1),Option A,Option B,Option C,Option D,Option E,2,Consider Math principles at level 2
math-l2-003,Math,2,What is a key concept in Math at level 2? (variation 2),Option A,Option B,Option C,Option D,Option E,2,Consider Math principles at level 2
math-l2-004,Math,2,What is a key concept in Math at level 2? (variation 3),Option A,Option B,Option C,Option D,Option E,2,Consider Math principles at level 2
math-l2-005,Math,2,What is a key concept in Math at level 2? (variation 4),Option A,Option B,Option C,Option D,Option E,2,Consider Math principles at level 2
math-l2-006,Math,2,What is a key concept in Math at level 2? (variation 5),Option E,Option C,Option D,Option A,Option B,1,Consider Math principles at level 2
math-l2-007,Math,2,What is a key concept in Math at level 2? (variation 6),Option A,Option B,Option C,Option D,Option E,2,Consider Math principles at level 2
math-l2-008,Math,2,What is a key concept in Math at level 2? (variation 7),Option A,Option B,Option C,Option D,Option E,2,Consider Math principles at level 2
math-l2-009,Math,2,What is a key concept in Math at level 2? (variation 8),Option A,Option B,Option C,Option D,Option E,2,Consider Math principles at level 2
math-l2-010,Math,2,What is a key concept in Math at level 2? (variation 9),Option A,Option B,Option C,Option D,Option E,2,Consider Math principles at level 2
math-l2-011,Math,2,What is a key concept in Math at level 2? (variation 10),Option A,Option B,Option C,Option D,Option E,2,Consider Math principles at level 2
math-l2-012,Math,2,What is a key concept in Math at level 2? (variation 11),Option C,Option E,Option D,Option B,Option A,0,Consider Math principles at level 2
math-l2-013,Math,2,What is a key concept in Math at level 2? (variation 12),Option A,Option B,Option C,Option D,Option E,2,Consider Math principles at level 2
math-l2-014,Math,2,What is a key concept in Math at level 2? (variation 13),Option A,Option B,Option C,Option D,Option E,2,Consider Math principles at level 2
math-l2-015,Math,2,What is a key concept in Math at level 2? (variation 14),Option A,Option B,Option C,Option D,Option E,2,Consider Math principles at level 2
math-l2-016,Math,2,What is a key concept in Math at level 2? (variation 15),Option A,Option B,Option C,Option D,Option E,2,Consider Math principles at level 2
math-l2-017,Math,2,What is a key concept in Math at level 2? (variation 16),Option A,Option B,Option C,Option D,Option E,2,Consider Math principles at level 2
math-l2-018,Math,2,What is a key concept in Math at level 2? (variation 17),Option D,Option E,Option C,Option A,Option B,2,Consider Math principles at level 2
math-l2-019,Math,2,What is a key concept in Math at level 2? (variation 18),Option A,Option B,Option C,Option D,Option E,2,Consider Math principles at level 2
math-l2-020,Math,2,What is a key concept in Math at level 2? (variation 19),Option A,Option B,Option C,Option D,Option E,2,Consider Math principles at level 2
math-l2-021,Math,2,What is a key concept in Math at level 2? (variation 20),Option A,Option B,Option C,Option D,Option E,2,Consider Math principles at level 2
math-l2-022,Math,2,What is a key concept in Math at level 2? (variation 21),Option A,Option B,Option C,Option D,Option E,2,Consider Math principles at level 2
math-l2-023,Math,2,What is a key concept in Math at level 2? (variation 22),Option A,Option B,Option C,Option D,Option E,2,Consider Math principles at level 2
math-l2-024,Math,2,What is a key concept in Math at level 2? (variation 23),Option A,Option B,Option C,Option D,Option E,2,Consider Math principles at level 2
math-l2-025,Math,2,What is a key concept in Math at level 2? (variation 24),Option C,Option D,Option A,Option B,Option E,0,Consider Math principles at level 2
math-l2-026,Math,2,What is a key concept in Math at level 2? (variation 25),Option B,Option D,Option A,Option C,Option E,3,Consider Math principles at level 2
math-l2-027,Math,2,What is a key concept in Math at level 2? (variation 26),Option C,Option E,Option B,Option A,Option D,0,Consider Math principles at level 2
math-l2-028,Math,2,What is a key concept in Math at level 2? (variation 27),Option A,Option B,Option C,Option D,Option E,2,Consider Math principles at level 2
math-l2-029,Math,2,What is a key concept in Math at level 2? (variation 28),Option A,Option B,Option C,Option D,Option E,2,Consider Math principles at level 2
math-l2-030,Math,2,What is a key concept in Math at level 2? (variation 29),Option E,Option D,Option C,Option B,Option A,2,Consider Math principles at level 2
math-l2-031,Math,2,What is a key concept in Math at level 2? (variation 30),Option A,Option B,Option C,Option D,Option E,2,Consider Math principles at level 2
math-l2-032,Math,2,What is a key concept in Math at level 2? (variation 31),Option A,Option B,Option C,Option D,Option E,2,Consider Math principles at level 2
math-l2-033,Math,2,What is a key concept in Math at level 2? (variation 32),Option E,Option B,Option A,Option C,Option D,3,Consider Math principles at level 2
math-l2-034,Math,2,What is a key concept in Math at level 2? (variation 33),Option A,Option B,Option C,Option D,Option E,2,Consider Math principles at level 2
math-l2-035,Math,2,What is a key concept in Math at level 2? (variation 34),Option C,Option B,Option D,Option E,Option A,0,Consider Math principles at level 2
math-l2-036,Math,2,What is a key concept in Math at level 2? (variation 35),Option A,Option B,Option C,Option D,Option E,2,Consider Math principles at level 2
math-l2-037,Math,2,What is a key concept in Math at level 2? (variation 36),Option A,Option B,Option C,Option D,Option E,2,Consider Math principles at level 2
math-l2-038,Math,2,What is a key concept in Math at level 2? (variation 37),Option A,Option B,Option C,Option D,Option E,2,Consider Math principles at level 2
math-l2-039,Math,2,What is a key concept in Math at level 2? (variation 38),Option D,Option B,Option A,Option E,Option C,4,Consider Math principles at level 2
math-l2-040,Math,2,What is a key concept in Math at level 2? (variation 39),Option A,Option B,Option C,Option D,Option E,2,Consider Math principles at level 2
math-l2-041,Math,2,What is a key concept in Math at level 2? (variation 40),Option A,Option B,Option C,Option D,Option E,2,Consider Math principles at level 2
math-l2-042,Math,2,What is a key concept in Math at level 2? (variation 41),Option A,Option B,Option C,Option D,Option E,2,Consider Math principles at level 2
math-l2-043,Math,2,What is a key concept in Math at level 2? (variation 42),Option A,Option B,Option C,Option D,Option E,2,Consider Math principles at level 2
math-l2-044,Math,2,What is a key concept in Math at level 2? (variation 43),Option A,Option B,Option C,Option D,Option E,2,Consider Math principles at level 2
math-l2-045,Math,2,What is a key concept in Math at level 2? (variation 44),Option D,Option B,Option C,Option A,Option E,2,Consider Math principles at level 2
math-l2-046,Math,2,What is a key concept in Math at level 2? (variation 45),Option A,Option B,Option C,Option D,Option E,2,Consider Math principles at level 2
math-l2-047,Math,2,What is a key concept in Math at level 2? (variation 46),Option A,Option B,Option C,Option D,Option E,2,Consider Math principles at level 2
math-l2-048,Math,2,What is a key concept in Math at level 2? (variation 47),Option A,Option B,Option C,Option D,Option E,2,Consider Math principles at level 2
math-l2-049,Math,2,What is a key concept in Math at level 2? (variation 48),Option A,Option B,Option C,Option D,Option E,2,Consider Math principles at level 2
math-l2-050,Math,2,What is a key concept in Math at level 2? (variation 49),Option A,Option B,Option C,Option D,Option E,2,Consider Math principles at level 2
math-l2-051,Math,2,What is a key concept in Math at level 2? (variation 50),Option A,Option B,Option C,Option D,Option E,2,Consider Math principles at level 2
math-l2-052,Math,2,What is a key concept in Math at level 2? (variation 51),Option A,Option B,Option C,Option D,Option E,2,Consider Math principles at level 2
math-l2-053,Math,2,What is a key concept in Math at level 2? (variation 52),Option A,Option B,Option C,Option D,Option E,2,Consider Math principles at level 2
math-l2-054,Math,2,What is a key concept in Math at level 2? (variation 53),Option A,Option B,Option C,Option D,Option E,2,Consider Math principles at level 2
math-l2-055,Math,2,What is a key concept in Math at level 2? (variation 54),Option D,Option B,Option C,Option A,Option E,2,Consider Math principles at level 2
math-l2-056,Math,2,What is a key concept in Math at level 2? (variation 55),Option A,Option B,Option C,Option D,Option E,2,Consider Math principles at level 2
math-l2-057,Math,2,What is a key concept in Math at level 2? (variation 56),Option A,Option B,Option C,Option D,Option E,2,Consider Math principles at level 2
math-l2-058,Math,2,What is a key concept in Math at level 2? (variation 57),Option A,Option B,Option C,Option D,Option E,2,Consider Math principles at level 2
math-l2-059,Math,2,What is a key concept in Math at level 2? (variation 58),Option A,Option B,Option C,Option D,Option E,2,Consider Math principles at level 2
math-l2-060,Math,2,What is a key concept in Math at level 2? (variation 59),Option A,Option B,Option C,Option D,Option E,2,Consider Math principles at level 2
math-l2-061,Math,2,What is a key concept in Math at level 2? (variation 60),Option A,Option B,Option C,Option D,Option E,2,Consider Math principles at level 2
math-l2-062,Math,2,What is a key concept in Math at level 2? (variation 61),Option A,Option B,Option C,Option D,Option E,2,Consider Math principles at level 2
math-l2-063,Math,2,What is a key concept in Math at level 2? (variation 62),Option A,Option B,Option C,Option D,Option E,2,Consider Math principles at level 2
math-l2-064,Math,2,What is a key concept in Math at level 2? (variation 63),Option A,Option B,Option C,Option D,Option E,2,Consider Math principles at level 2
math-l2-065,Math,2,What is a key concept in Math at level 2? (variation 64),Option A,Option B,Option C,Option D,Option E,2,Consider Math principles at level 2
math-l2-066,Math,2,What is a key concept in Math at level 2? (variation 65),Option A,Option B,Option C,Option D,Option E,2,Consider Math principles at level 2
math-l2-067,Math,2,What is a key concept in Math at level 2? (variation 66),Option A,Option B,Option E,Option D,Option C,4,Consider Math principles at level 2
math-l2-068,Math,2,What is a key concept in Math at level 2? (variation 67),Option A,Option B,Option C,Option D,Option E,2,Consider Math principles at level 2
math-l2-069,Math,2,What is a key concept in Math at level 2? (variation 68),Option A,Option B,Option C,Option D,Option E,2,Consider Math principles at level 2
math-l2-070,Math,2,What is a key concept in Math at level 2? (variation 69),Option A,Option B,Option C,Option D,Option E,2,Consider Math principles at level 2
math-l2-071,Math,2,What is a key concept in Math at level 2? (variation 70),Option A,Option B,Option C,Option D,Option E,2,Consider Math principles at level 2
math-l2-072,Math,2,What is a key concept in Math at level 2? (variation 71),Option A,Option B,Option C,Option D,Option E,2,Consider Math principles at level 2
math-l2-073,Math,2,What is a key concept in Math at level 2? (variation 72),Option C,Option B,Option E,Option D,Option A,0,Consider Math principles at level 2
math-l2-074,Math,2,What is a key concept in Math at level 2? (variation 73),Option A,Option B,Option C,Option D,Option E,2,Consider Math principles at level 2
math-l2-075,Math,2,What is a key concept in Math at level 2? (variation 74),Option B,Option E,Option A,Option C,Option D,3,Consider Math principles at level 2
math-l2-076,Math,2,What is a key concept in Math at level 2? (variation 75),Option A,Option B,Option C,Option D,Option E,2,Consider Math principles at level 2
math-l2-077,Math,2,What is a key concept in Math at level 2? (variation 76),Option A,Option B,Option C,Option D,Option E,2,Consider Math principles at level 2
math-l2-078,Math,2,What is a key concept in Math at level 2? (variation 77),Option A,Option E,Option D,Option B,Option C,4,Consider Math principles at level 2
math-l2-079,Math,2,What is a key concept in Math at level 2? (variation 78),Option E,Option B,Option D,Option C,Option A,3,Consider Math principles at level 2
math-l2-080,Math,2,What is a key concept in Math at level 2? (variation 79),Option C,Option A,Option D,Option B,Option E,0,Consider Math principles at level 2
math-l2-081,Math,2,What is a key concept in Math at level 2? (variation 80),Option A,Option B,Option C,Option D,Option E,2,Consider Math principles at level 2
math-l2-082,Math,2,What is a key concept in Math at level 2? (variation 81),Option A,Option B,Option C,Option D,Option E,2,Consider Math principles at level 2
math-l2-083,Math,2,What is a key concept in Math at level 2? (variation 82),Option A,Option B,Option C,Option D,Option E,2,Consider Math principles at level 2
math-l2-084,Math,2,What is a key concept in Math at level 2? (variation 83),Option A,Option B,Option C,Option D,Option E,2,Consider Math principles at level 2
math-l2-085,Math,2,What is a key concept in Math at level 2? (variation 84),Option A,Option B,Option C,Option D,Option E,2,Consider Math principles at level 2
math-l2-086,Math,2,What is a key concept in Math at level 2? (variation 85),Option B,Option E,Option A,Option D,Option C,4,Consider Math principles at level 2
math-l2-087,Math,2,What is a key concept in Math at level 2? (variation 86),Option A,Option B,Option C,Option D,Option E,2,Consider Math principles at level 2
math-l2-088,Math,2,What is a key concept in Math at level 2? (variation 87),Option A,Option B,Option C,Option D,Option E,2,Consider Math principles at level 2
math-l2-089,Math,2,What is a key concept in Math at level 2? (variation 88),Option A,Option B,Option C,Option D,Option E,2,Consider Math principles at level 2
math-l2-090,Math,2,What is a key concept in Math at level 2? (variation 89),Option A,Option B,Option C,Option D,Option E,2,Consider Math principles at level 2
math-l2-091,Math,2,What is a key concept in Math at level 2? (variation 90),Option B,Option A,Option E,Option C,Option D,3,Consider Math principles at level 2
math-l2-092,Math,2,What is a key concept in Math at level 2? (variation 91),Option A,Option B,Option C,Option D,Option E,2,Consider Math principles at level 2
math-l2-093,Math,2,What is a key concept in Math at level 2? (variation 92),Option A,Option B,Option C,Option D,Option E,2,Consider Math principles at level 2
math-l2-094,Math,2,What is a key concept in Math at level 2? (variation 93),Option A,Option B,Option C,Option D,Option E,2,Consider Math principles at level 2
math-l2-095,Math,2,What is a key concept in Math at level 2? (variation 94),Option A,Option B,Option C,Option D,Option E,2,Consider Math principles at level 2
math-l2-096,Math,2,What is a key concept in Math at level 2? (variation 95),Option A,Option B,Option C,Option D,Option E,2,Consider Math principles at level 2
math-l2-097,Math,2,What is a key concept in Math at level 2? (variation 96),Option A,Option B,Option C,Option D,Option E,2,Consider Math principles at level 2
math-l2-098,Math,2,What is a key concept in Math at level 2? (variation 97),Option A,Option B,Option C,Option D,Option E,2,Consider Math principles at level 2
math-l2-099,Math,2,What is a key concept in Math at level 2? (variation 98),Option E,Option B,Option D,Option C,Option A,3,Consider Math principles at level 2
math-l2-100,Math,2,What is a key concept in Math at level 2? (variation 99),Option B,Option A,Option D,Option C,Option E,3,Consider Math principles at level 2
math-l3-001,Math,3,What is a key concept in Math at level 3?,Option A,Option B,Option C,Option D,Option E,2,Consider Math principles at level 3
math-l3-002,Math,3,What is a key concept in Math at level 3? (variation 1),Option A,Option B,Option C,Option D,Option E,2,Consider Math principles at level 3
math-l3-003,Math,3,What is a key concept in Math at level 3? (variation 2),Option A,Option B,Option C,Option D,Option E,2,Consider Math principles at level 3
math-l3-004,Math,3,What is a key concept in Math at level 3? (variation 3),Option C,Option B,Option D,Option E,Option A,0,Consider Math principles at level 3
math-l3-005,Math,3,What is a key concept in Math at level 3? (variation 4),Option C,Option A,Option D,Option E,Option B,0,Consider Math principles at level 3
math-l3-006,Math,3,What is a key concept in Math at level 3? (variation 5),Option A,Option B,Option C,Option D,Option E,2,Consider Math principles at level 3
math-l3-007,Math,3,What is a key concept in Math at level 3? (variation 6),Option A,Option B,Option C,Option D,Option E,2,Consider Math principles at level 3
math-l3-008,Math,3,What is a key concept in Math at level 3? (variation 7),Option A,Option B,Option C,Option D,Option E,2,Consider Math principles at level 3
math-l3-009,Math,3,What is a key concept in Math at level 3? (variation 8),Option A,Option C,Option E,Option D,Option B,1,Consider Math principles at level 3
math-l3-010,Math,3,What is a key concept in Math at level 3? (variation 9),Option E,Option B,Option D,Option C,Option A,3,Consider Math principles at level 3
math-l3-011,Math,3,What is a key concept in Math at level 3? (variation 10),Option A,Option B,Option C,Option D,Option E,2,Consider Math principles at level 3
math-l3-012,Math,3,What is a key concept in Math at level 3? (variation 11),Option A,Option B,Option C,Option D,Option E,2,Consider Math principles at level 3
math-l3-013,Math,3,What is a key concept in Math at level 3? (variation 12),Option A,Option B,Option C,Option D,Option E,2,Consider Math principles at level 3
math-l3-014,Math,3,What is a key concept in Math at level 3? (variation 13),Option A,Option B,Option C,Option D,Option E,2,Consider Math principles at level 3
math-l3-015,Math,3,What is a key concept in Math at level 3? (variation 14),Option A,Option B,Option C,Option D,Option E,2,Consider Math principles at level 3
math-l3-016,Math,3,What is a key concept in Math at level 3? (variation 15),Option A,Option B,Option C,Option D,Option E,2,Consider Math principles at level 3
math-l3-017,Math,3,What is a key concept in Math at level 3? (variation 16),Option A,Option B,Option C,Option D,Option E,2,Consider Math principles at level 3
math-l3-018,Math,3,What is a key concept in Math at level 3? (variation 17),Option A,Option B,Option C,Option D,Option E,2,Consider Math principles at level 3
math-l3-019,Math,3,What is a key concept in Math at level 3? (variation 18),Option C,Option B,Option A,Option E,Option D,0,Consider Math principles at level 3
math-l3-020,Math,3,What is a key concept in Math at level 3? (variation 19),Option A,Option B,Option C,Option D,Option E,2,Consider Math principles at level 3
math-l3-021,Math,3,What is a key concept in Math at level 3? (variation 20),Option A,Option B,Option C,Option D,Option E,2,Consider Math principles at level 3
math-l3-022,Math,3,What is a key concept in Math at level 3? (variation 21),Option A,Option B,Option C,Option D,Option E,2,Consider Math principles at level 3
math-l3-023,Math,3,What is a key concept in Math at level 3? (variation 22),Option A,Option B,Option C,Option D,Option E,2,Consider Math principles at level 3
math-l3-024,Math,3,What is a key concept in Math at level 3? (variation 23),Option A,Option B,Option C,Option D,Option E,2,Consider Math principles at level 3
math-l3-025,Math,3,What is a key concept in Math at level 3? (variation 24),Option A,Option E,Option C,Option D,Option B,2,Consider Math principles at level 3
math-l3-026,Math,3,What is a key concept in Math at level 3? (variation 25),Option A,Option B,Option C,Option D,Option E,2,Consider Math principles at level 3
math-l3-027,Math,3,What is a key concept in Math at level 3? (variation 26),Option B,Option D,Option A,Option E,Option C,4,Consider Math principles at level 3
math-l3-028,Math,3,What is a key concept in Math at level 3? (variation 27),Option B,Option C,Option E,Option D,Option A,1,Consider Math principles at level 3
math-l3-029,Math,3,What is a key concept in Math at level 3? (variation 28),Option A,Option B,Option C,Option D,Option E,2,Consider Math principles at level 3
math-l3-030,Math,3,What is a key concept in Math at level 3? (variation 29),Option A,Option B,Option C,Option D,Option E,2,Consider Math principles at level 3
math-l3-031,Math,3,What is a key concept in Math at level 3? (variation 30),Option A,Option B,Option C,Option D,Option E,2,Consider Math principles at level 3
math-l3-032,Math,3,What is a key concept in Math at level 3? (variation 31),Option A,Option B,Option C,Option D,Option E,2,Consider Math principles at level 3
math-l3-033,Math,3,What is a key concept in Math at level 3? (variation 32),Option A,Option B,Option D,Option C,Option E,3,Consider Math principles at level 3
math-l3-034,Math,3,What is a key concept in Math at level 3? (variation 33),Option A,Option B,Option C,Option D,Option E,2,Consider Math principles at level 3
math-l3-035,Math,3,What is a key concept in Math at level 3? (variation 34),Option A,Option B,Option C,Option D,Option E,2,Consider Math principles at level 3
math-l3-036,Math,3,What is a key concept in Math at level 3? (variation 35),Option A,Option B,Option C,Option D,Option E,2,Consider Math principles at level 3
math-l3-037,Math,3,What is a key concept in Math at level 3? (variation 36),Option A,Option B,Option C,Option D,Option E,2,Consider Math principles at level 3
math-l3-038,Math,3,What is a key concept in Math at level 3? (variation 37),Option C,Option B,Option A,Option D,Option E,0,Consider Math principles at level 3
math-l3-039,Math,3,What is a key concept in Math at level 3? (variation 38),Option B,Option D,Option E,Option C,Option A,3,Consider Math principles at level 3
math-l3-040,Math,3,What is a key concept in Math at level 3? (variation 39),Option A,Option B,Option C,Option D,Option E,2,Consider Math principles at level 3
math-l3-041,Math,3,What is a key concept in Math at level 3? (variation 40),Option A,Option D,Option E,Option C,Option B,3,Consider Math principles at level 3
math-l3-042,Math,3,What is a key concept in Math at level 3? (variation 41),Option A,Option B,Option C,Option D,Option E,2,Consider Math principles at level 3
math-l3-043,Math,3,What is a key concept in Math at level 3? (variation 42),Option A,Option B,Option C,Option D,Option E,2,Consider Math principles at level 3
math-l3-044,Math,3,What is a key concept in Math at level 3? (variation 43),Option A,Option B,Option C,Option D,Option E,2,Consider Math principles at level 3
math-l3-045,Math,3,What is a key concept in Math at level 3? (variation 44),Option A,Option B,Option C,Option D,Option E,2,Consider Math principles at level 3
math-l3-046,Math,3,What is a key concept in Math at level 3? (variation 45),Option E,Option D,Option C,Option B,Option A,2,Consider Math principles at level 3
math-l3-047,Math,3,What is a key concept in Math at level 3? (variation 46),Option A,Option B,Option C,Option D,Option E,2,Consider Math principles at level 3
math-l3-048,Math,3,What is a key concept in Math at level 3? (variation 47),Option A,Option B,Option C,Option D,Option E,2,Consider Math principles at level 3
math-l3-049,Math,3,What is a key concept in Math at level 3? (variation 48),Option A,Option B,Option C,Option D,Option E,2,Consider Math principles at level 3
math-l3-050,Math,3,What is a key concept in Math at level 3? (variation 49),Option E,Option A,Option D,Option B,Option C,4,Consider Math principles at level 3
math-l3-051,Math,3,What is a key concept in Math at level 3? (variation 50),Option A,Option B,Option C,Option D,Option E,2,Consider Math principles at level 3
math-l3-052,Math,3,What is a key concept in Math at level 3? (variation 51),Option A,Option D,Option C,Option E,Option B,2,Consider Math principles at level 3
math-l3-053,Math,3,What is a key concept in Math at level 3? (variation 52),Option A,Option B,Option C,Option D,Option E,2,Consider Math principles at level 3
math-l3-054,Math,3,What is a key concept in Math at level 3? (variation 53),Option A,Option B,Option C,Option D,Option E,2,Consider Math principles at level 3
math-l3-055,Math,3,What is a key concept in Math at level 3? (variation 54),Option A,Option B,Option C,Option D,Option E,2,Consider Math principles at level 3
math-l3-056,Math,3,What is a key concept in Math at level 3? (variation 55),Option A,Option B,Option C,Option D,Option E,2,Consider Math principles at level 3
math-l3-057,Math,3,What is a key concept in Math at level 3? (variation 56),Option A,Option B,Option C,Option D,Option E,2,Consider Math principles at level 3
math-l3-058,Math,3,What is a key concept in Math at level 3? (variation 57),Option E,Option D,Option C,Option B,Option A,2,Consider Math principles at level 3
math-l3-059,Math,3,What is a key concept in Math at level 3? (variation 58),Option A,Option B,Option C,Option D,Option E,2,Consider Math principles at level 3
math-l3-060,Math,3,What is a key concept in Math at level 3? (variation 59),Option C,Option D,Option E,Option B,Option A,0,Consider Math principles at level 3
math-l3-061,Math,3,What is a key concept in Math at level 3? (variation 60),Option A,Option B,Option C,Option D,Option E,2,Consider Math principles at level 3
math-l3-062,Math,3,What is a key concept in Math at level 3? (variation 61),Option A,Option B,Option C,Option D,Option E,2,Consider Math principles at level 3
math-l3-063,Math,3,What is a key concept in Math at level 3? (variation 62),Option B,Option D,Option E,Option A,Option C,4,Consider Math principles at level 3
math-l3-064,Math,3,What is a key concept in Math at level 3? (variation 63),Option A,Option B,Option C,Option D,Option E,2,Consider Math principles at level 3
math-l3-065,Math,3,What is a key concept in Math at level 3? (variation 64),Option A,Option B,Option C,Option D,Option E,2,Consider Math principles at level 3
math-l3-066,Math,3,What is a key concept in Math at level 3? (variation 65),Option A,Option B,Option C,Option E,Option D,2,Consider Math principles at level 3
math-l3-067,Math,3,What is a key concept in Math at level 3? (variation 66),Option A,Option B,Option C,Option D,Option E,2,Consider Math principles at level 3
math-l3-068,Math,3,What is a key concept in Math at level 3? (variation 67),Option A,Option B,Option C,Option D,Option E,2,Consider Math principles at level 3
math-l3-069,Math,3,What is a key concept in Math at level 3? (variation 68),Option A,Option B,Option C,Option D,Option E,2,Consider Math principles at level 3
math-l3-070,Math,3,What is a key concept in Math at level 3? (variation 69),Option C,Option A,Option E,Option B,Option D,0,Consider Math principles at level 3
math-l3-071,Math,3,What is a key concept in Math at level 3? (variation 70),Option A,Option B,Option C,Option D,Option E,2,Consider Math principles at level 3
math-l3-072,Math,3,What is a key concept in Math at level 3? (variation 71),Option A,Option B,Option C,Option D,Option E,2,Consider Math principles at level 3
math-l3-073,Math,3,What is a key concept in Math at level 3? (variation 72),Option A,Option B,Option C,Option D,Option E,2,Consider Math principles at level 3
math-l3-074,Math,3,What is a key concept in Math at level 3? (variation 73),Option A,Option B,Option C,Option D,Option E,2,Consider Math principles at level 3
math-l3-075,Math,3,What is a key concept in Math at level 3? (variation 74),Option A,Option B,Option C,Option D,Option E,2,Consider Math principles at level 3
math-l3-076,Math,3,What is a key concept in Math at level 3? (variation 75),Option A,Option B,Option C,Option D,Option E,2,Consider Math principles at level 3
math-l3-077,Math,3,What is a key concept in Math at level 3? (variation 76),Option E,Option D,Option A,Option B,Option C,4,Consider Math principles at level 3
math-l3-078,Math,3,What is a key concept in Math at level 3? (variation 77),Option A,Option B,Option C,Option D,Option E,2,Consider Math principles at level 3
math-l3-079,Math,3,What is a key concept in Math at level 3? (variation 78),Option A,Option B,Option C,Option D,Option E,2,Consider Math principles at level 3
math-l3-080,Math,3,What is a key concept in Math at level 3? (variation 79),Option A,Option B,Option C,Option D,Option E,2,Consider Math principles at level 3
math-l3-081,Math,3,What is a key concept in Math at level 3? (variation 80),Option A,Option B,Option C,Option D,Option E,2,Consider Math principles at level 3
math-l3-082,Math,3,What is a key concept in Math at level 3? (variation 81),Option A,Option D,Option C,Option E,Option B,2,Consider Math principles at level 3
math-l3-083,Math,3,What is a key concept in Math at level 3? (variation 82),Option A,Option B,Option C,Option D,Option E,2,Consider Math principles at level 3
math-l3-084,Math,3,What is a key concept in Math at level 3? (variation 83),Option A,Option B,Option C,Option D,Option E,2,Consider Math principles at level 3
math-l3-085,Math,3,What is a key concept in Math at level 3? (variation 84),Option A,Option B,Option C,Option D,Option E,2,Consider Math principles at level 3
math-l3-086,Math,3,What is a key concept in Math at level 3? (variation 85),Option A,Option B,Option C,Option D,Option E,2,Consider Math principles at level 3
math-l3-087,Math,3,What is a key concept in Math at level 3? (variation 86),Option A,Option B,Option C,Option D,Option E,2,Consider Math principles at level 3
math-l3-088,Math,3,What is a key concept in Math at level 3? (variation 87),Option A,Option B,Option C,Option D,Option E,2,Consider Math principles at level 3
math-l3-089,Math,3,What is a key concept in Math at level 3? (variation 88),Option A,Option B,Option C,Option D,Option E,2,Consider Math principles at level 3
math-l3-090,Math,3,What is a key concept in Math at level 3? (variation 89),Option E,Option B,Option A,Option D,Option C,4,Consider Math principles at level 3
math-l3-091,Math,3,What is a key concept in Math at level 3? (variation 90),Option C,Option A,Option D,Option B,Option E,0,Consider Math principles at level 3
math-l3-092,Math,3,What is a key concept in Math at level 3? (variation 91),Option A,Option B,Option C,Option D,Option E,2,Consider Math principles at level 3
math-l3-093,Math,3,What is a key concept in Math at level 3? (variation 92),Option A,Option B,Option C,Option D,Option E,2,Consider Math principles at level 3
math-l3-094,Math,3,What is a key concept in Math at level 3? (variation 93),Option A,Option B,Option C,Option D,Option E,2,Consider Math principles at level 3
math-l3-095,Math,3,What is a key concept in Math at level 3? (variation 94),Option A,Option B,Option C,Option D,Option E,2,Consider Math principles at level 3
math-l3-096,Math,3,What is a key concept in Math at level 3? (variation 95),Option A,Option B,Option C,Option D,Option E,2,Consider Math principles at level 3
math-l3-097,Math,3,What is a key concept in Math at level 3? (variation 96),Option A,Option B,Option C,Option D,Option E,2,Consider Math principles at level 3
math-l3-098,Math,3,What is a key concept in Math at level 3? (variation 97),Option A,Option B,Option C,Option D,Option E,2,Consider Math principles at level 3
math-l3-099,Math,3,What is a key concept in Math at level 3? (variation 98),Option A,Option B,Option C,Option D,Option E,2,Consider Math principles at level 3
math-l3-100,Math,3,What is a key concept in Math at level 3? (variation 99),Option A,Option B,Option C,Option D,Option E,2,Consider Math principles at level 3
math-l4-001,Math,4,What is a key concept in Math at level 4?,Option A,Option B,Option C,Option D,Option E,2,Consider Math principles at level 4
math-l4-002,Math,4,What is a key concept in Math at level 4? (variation 1),Option A,Option B,Option C,Option D,Option E,2,Consider Math principles at level 4
math-l4-003,Math,4,What is a key concept in Math at level 4? (variation 2),Option C,Option B,Option D,Option A,Option E,0,Consider Math principles at level 4
math-l4-004,Math,4,What is a key concept in Math at level 4? (variation 3),Option A,Option B,Option C,Option D,Option E,2,Consider Math principles at level 4
math-l4-005,Math,4,What is a key concept in Math at level 4? (variation 4),Option A,Option B,Option C,Option D,Option E,2,Consider Math principles at level 4
math-l4-006,Math,4,What is a key concept in Math at level 4? (variation 5),Option A,Option B,Option C,Option D,Option E,2,Consider Math principles at level 4
math-l4-007,Math,4,What is a key concept in Math at level 4? (variation 6),Option A,Option B,Option C,Option D,Option E,2,Consider Math principles at level 4
math-l4-008,Math,4,What is a key concept in Math at level 4? (variation 7),Option C,Option A,Option B,Option E,Option D,0,Consider Math principles at level 4
math-l4-009,Math,4,What is a key concept in Math at level 4? (variation 8),Option A,Option B,Option C,Option D,Option E,2,Consider Math principles at level 4
math-l4-010,Math,4,What is a key concept in Math at level 4? (variation 9),Option A,Option B,Option C,Option D,Option E,2,Consider Math principles at level 4
math-l4-011,Math,4,What is a key concept in Math at level 4? (variation 10),Option A,Option C,Option D,Option E,Option B,1,Consider Math principles at level 4
math-l4-012,Math,4,What is a key concept in Math at level 4? (variation 11),Option C,Option D,Option A,Option E,Option B,0,Consider Math principles at level 4
math-l4-013,Math,4,What is a key concept in Math at level 4? (variation 12),Option A,Option B,Option C,Option D,Option E,2,Consider Math principles at level 4
math-l4-014,Math,4,What is a key concept in Math at level 4? (variation 13),Option E,Option B,Option A,Option D,Option C,4,Consider Math principles at level 4
math-l4-015,Math,4,What is a key concept in Math at level 4? (variation 14),Option A,Option B,Option C,Option D,Option E,2,Consider Math principles at level 4
math-l4-016,Math,4,What is a key concept in Math at level 4? (variation 15),Option A,Option B,Option C,Option D,Option E,2,Consider Math principles at level 4
math-l4-017,Math,4,What is a key concept in Math at level 4? (variation 16),Option D,Option E,Option A,Option B,Option C,4,Consider Math principles at level 4
math-l4-018,Math,4,What is a key concept in Math at level 4? (variation 17),Option A,Option B,Option C,Option D,Option E,2,Consider Math principles at level 4
math-l4-019,Math,4,What is a key concept in Math at level 4? (variation 18),Option A,Option B,Option C,Option D,Option E,2,Consider Math principles at level 4
math-l4-020,Math,4,What is a key concept in Math at level 4? (variation 19),Option A,Option B,Option C,Option D,Option E,2,Consider Math principles at level 4
math-l4-021,Math,4,What is a key concept in Math at level 4? (variation 20),Option A,Option B,Option C,Option D,Option E,2,Consider Math principles at level 4
math-l4-022,Math,4,What is a key concept in Math at level 4? (variation 21),Option C,Option E,Option A,Option B,Option D,0,Consider Math principles at level 4
math-l4-023,Math,4,What is a key concept in Math at level 4? (variation 22),Option A,Option B,Option C,Option D,Option E,2,Consider Math principles at level 4
math-l4-024,Math,4,What is a key concept in Math at level 4? (variation 23),Option A,Option B,Option C,Option D,Option E,2,Consider Math principles at level 4
math-l4-025,Math,4,What is a key concept in Math at level 4? (variation 24),Option E,Option A,Option B,Option C,Option D,3,Consider Math principles at level 4
math-l4-026,Math,4,What is a key concept in Math at level 4? (variation 25),Option B,Option C,Option A,Option E,Option D,1,Consider Math principles at level 4
math-l4-027,Math,4,What is a key concept in Math at level 4? (variation 26),Option A,Option B,Option C,Option D,Option E,2,Consider Math principles at level 4
math-l4-028,Math,4,What is a key concept in Math at level 4? (variation 27),Option A,Option B,Option C,Option D,Option E,2,Consider Math principles at level 4
math-l4-029,Math,4,What is a key concept in Math at level 4? (variation 28),Option A,Option E,Option D,Option B,Option C,4,Consider Math principles at level 4
math-l4-030,Math,4,What is a key concept in Math at level 4? (variation 29),Option A,Option B,Option C,Option D,Option E,2,Consider Math principles at level 4
math-l4-031,Math,4,What is a key concept in Math at level 4? (variation 30),Option A,Option B,Option C,Option D,Option E,2,Consider Math principles at level 4
math-l4-032,Math,4,What is a key concept in Math at level 4? (variation 31),Option A,Option B,Option C,Option D,Option E,2,Consider Math principles at level 4
math-l4-033,Math,4,What is a key concept in Math at level 4? (variation 32),Option A,Option B,Option C,Option D,Option E,2,Consider Math principles at level 4
math-l4-034,Math,4,What is a key concept in Math at level 4? (variation 33),Option A,Option C,Option E,Option D,Option B,1,Consider Math principles at level 4
math-l4-035,Math,4,What is a key concept in Math at level 4? (variation 34),Option A,Option B,Option C,Option D,Option E,2,Consider Math principles at level 4
math-l4-036,Math,4,What is a key concept in Math at level 4? (variation 35),Option E,Option A,Option B,Option D,Option C,4,Consider Math principles at level 4
math-l4-037,Math,4,What is a key concept in Math at level 4? (variation 36),Option A,Option B,Option C,Option D,Option E,2,Consider Math principles at level 4
math-l4-038,Math,4,What is a key concept in Math at level 4? (variation 37),Option A,Option B,Option C,Option D,Option E,2,Consider Math principles at level 4
math-l4-039,Math,4,What is a key concept in Math at level 4? (variation 38),Option A,Option B,Option C,Option D,Option E,2,Consider Math principles at level 4
math-l4-040,Math,4,What is a key concept in Math at level 4? (variation 39),Option E,Option C,Option B,Option D,Option A,1,Consider Math principles at level 4
math-l4-041,Math,4,What is a key concept in Math at level 4? (variation 40),Option A,Option B,Option C,Option D,Option E,2,Consider Math principles at level 4
math-l4-042,Math,4,What is a key concept in Math at level 4? (variation 41),Option A,Option B,Option C,Option D,Option E,2,Consider Math principles at level 4
math-l4-043,Math,4,What is a key concept in Math at level 4? (variation 42),Option A,Option D,Option E,Option B,Option C,4,Consider Math principles at level 4
math-l4-044,Math,4,What is a key concept in Math at level 4? (variation 43),Option A,Option B,Option C,Option D,Option E,2,Consider Math principles at level 4
math-l4-045,Math,4,What is a key concept in Math at level 4? (variation 44),Option A,Option B,Option C,Option D,Option E,2,Consider Math principles at level 4
math-l4-046,Math,4,What is a key concept in Math at level 4? (variation 45),Option A,Option B,Option C,Option D,Option E,2,Consider Math principles at level 4
math-l4-047,Math,4,What is a key concept in Math at level 4? (variation 46),Option A,Option B,Option C,Option D,Option E,2,Consider Math principles at level 4
math-l4-048,Math,4,What is a key concept in Math at level 4? (variation 47),Option A,Option B,Option C,Option D,Option E,2,Consider Math principles at level 4
math-l4-049,Math,4,What is a key concept in Math at level 4? (variation 48),Option A,Option B,Option C,Option D,Option E,2,Consider Math principles at level 4
math-l4-050,Math,4,What is a key concept in Math at level 4? (variation 49),Option E,Option C,Option B,Option D,Option A,1,Consider Math principles at level 4
math-l4-051,Math,4,What is a key concept in Math at level 4? (variation 50),Option A,Option B,Option C,Option D,Option E,2,Consider Math principles at level 4
math-l4-052,Math,4,What is a key concept in Math at level 4? (variation 51),Option A,Option B,Option C,Option D,Option E,2,Consider Math principles at level 4
math-l4-053,Math,4,What is a key concept in Math at level 4? (variation 52),Option A,Option B,Option C,Option D,Option E,2,Consider Math principles at level 4
math-l4-054,Math,4,What is a key concept in Math at level 4? (variation 53),Option A,Option B,Option C,Option D,Option E,2,Consider Math principles at level 4
math-l4-055,Math,4,What is a key concept in Math at level 4? (variation 54),Option C,Option E,Option D,Option A,Option B,0,Consider Math principles at level 4
math-l4-056,Math,4,What is a key concept in Math at level 4? (variation 55),Option B,Option D,Option E,Option C,Option A,3,Consider Math principles at level 4
math-l4-057,Math,4,What is a key concept in Math at level 4? (variation 56),Option A,Option B,Option C,Option D,Option E,2,Consider Math principles at level 4
math-l4-058,Math,4,What is a key concept in Math at level 4? (variation 57),Option A,Option B,Option C,Option D,Option E,2,Consider Math principles at level 4
math-l4-059,Math,4,What is a key concept in Math at level 4? (variation 58),Option A,Option B,Option C,Option D,Option E,2,Consider Math principles at level 4
math-l4-060,Math,4,What is a key concept in Math at level 4? (variation 59),Option A,Option B,Option C,Option D,Option E,2,Consider Math principles at level 4
math-l4-061,Math,4,What is a key concept in Math at level 4? (variation 60),Option A,Option B,Option C,Option D,Option E,2,Consider Math principles at level 4
math-l4-062,Math,4,What is a key concept in Math at level 4? (variation 61),Option A,Option B,Option C,Option D,Option E,2,Consider Math principles at level 4
math-l4-063,Math,4,What is a key concept in Math at level 4? (variation 62),Option A,Option B,Option C,Option D,Option E,2,Consider Math principles at level 4
math-l4-064,Math,4,What is a key concept in Math at level 4? (variation 63),Option A,Option B,Option C,Option D,Option E,2,Consider Math principles at level 4
math-l4-065,Math,4,What is a key concept in Math at level 4? (variation 64),Option A,Option B,Option C,Option D,Option E,2,Consider Math principles at level 4
math-l4-066,Math,4,What is a key concept in Math at level 4? (variation 65),Option A,Option B,Option C,Option D,Option E,2,Consider Math principles at level 4
math-l4-067,Math,4,What is a key concept in Math at level 4? (variation 66),Option D,Option A,Option B,Option E,Option C,4,Consider Math principles at level 4
math-l4-068,Math,4,What is a key concept in Math at level 4? (variation 67),Option A,Option B,Option C,Option D,Option E,2,Consider Math principles at level 4
math-l4-069,Math,4,What is a key concept in Math at level 4? (variation 68),Option A,Option B,Option C,Option D,Option E,2,Consider Math principles at level 4
math-l4-070,Math,4,What is a key concept in Math at level 4? (variation 69),Option A,Option B,Option C,Option D,Option E,2,Consider Math principles at level 4
math-l4-071,Math,4,What is a key concept in Math at level 4? (variation 70),Option A,Option B,Option C,Option D,Option E,2,Consider Math principles at level 4
math-l4-072,Math,4,What is a key concept in Math at level 4? (variation 71),Option E,Option A,Option D,Option B,Option C,4,Consider Math principles at level 4
math-l4-073,Math,4,What is a key concept in Math at level 4? (variation 72),Option A,Option B,Option C,Option D,Option E,2,Consider Math principles at level 4
math-l4-074,Math,4,What is a key concept in Math at level 4? (variation 73),Option A,Option B,Option C,Option D,Option E,2,Consider Math principles at level 4
math-l4-075,Math,4,What is a key concept in Math at level 4? (variation 74),Option A,Option B,Option C,Option D,Option E,2,Consider Math principles at level 4
math-l4-076,Math,4,What is a key concept in Math at level 4? (variation 75),Option B,Option C,Option E,Option A,Option D,1,Consider Math principles at level 4
math-l4-077,Math,4,What is a key concept in Math at level 4? (variation 76),Option A,Option B,Option C,Option D,Option E,2,Consider Math principles at level 4
math-l4-078,Math,4,What is a key concept in Math at level 4? (variation 77),Option B,Option E,Option C,Option A,Option D,2,Consider Math principles at level 4
math-l4-079,Math,4,What is a key concept in Math at level 4? (variation 78),Option A,Option B,Option C,Option D,Option E,2,Consider Math principles at level 4
math-l4-080,Math,4,What is a key concept in Math at level 4? (variation 79),Option A,Option B,Option C,Option D,Option E,2,Consider Math principles at level 4
math-l4-081,Math,4,What is a key concept in Math at level 4? (variation 80),Option A,Option B,Option C,Option D,Option E,2,Consider Math principles at level 4
math-l4-082,Math,4,What is a key concept in Math at level 4? (variation 81),Option A,Option E,Option C,Option B,Option D,2,Consider Math principles at level 4
math-l4-083,Math,4,What is a key concept in Math at level 4? (variation 82),Option A,Option B,Option C,Option D,Option E,2,Consider Math principles at level 4
math-l4-084,Math,4,What is a key concept in Math at level 4? (variation 83),Option A,Option B,Option C,Option D,Option E,2,Consider Math principles at level 4
math-l4-085,Math,4,What is a key concept in Math at level 4? (variation 84),Option E,Option B,Option C,Option A,Option D,2,Consider Math principles at level 4
math-l4-086,Math,4,What is a key concept in Math at level 4? (variation 85),Option A,Option B,Option C,Option D,Option E,2,Consider Math principles at level 4
math-l4-087,Math,4,What is a key concept in Math at level 4? (variation 86),Option A,Option B,Option C,Option D,Option E,2,Consider Math principles at level 4
math-l4-088,Math,4,What is a key concept in Math at level 4? (variation 87),Option A,Option B,Option C,Option D,Option E,2,Consider Math principles at level 4
math-l4-089,Math,4,What is a key concept in Math at level 4? (variation 88),Option A,Option B,Option C,Option D,Option E,2,Consider Math principles at level 4
math-l4-090,Math,4,What is a key concept in Math at level 4? (variation 89),Option A,Option B,Option C,Option D,Option E,2,Consider Math principles at level 4
math-l4-091,Math,4,What is a key concept in Math at level 4? (variation 90),Option A,Option B,Option C,Option D,Option E,2,Consider Math principles at level 4
math-l4-092,Math,4,What is a key concept in Math at level 4? (variation 91),Option B,Option D,Option C,Option E,Option A,2,Consider Math principles at level 4
math-l4-093,Math,4,What is a key concept in Math at level 4? (variation 92),Option A,Option B,Option C,Option D,Option E,2,Consider Math principles at level 4
math-l4-094,Math,4,What is a key concept in Math at level 4? (variation 93),Option A,Option B,Option C,Option D,Option E,2,Consider Math principles at level 4
math-l4-095,Math,4,What is a key concept in Math at level 4? (variation 94),Option A,Option B,Option C,Option D,Option E,2,Consider Math principles at level 4
math-l4-096,Math,4,What is a key concept in Math at level 4? (variation 95),Option A,Option B,Option C,Option D,Option E,2,Consider Math principles at level 4
math-l4-097,Math,4,What is a key concept in Math at level 4? (variation 96),Option A,Option C,Option D,Option E,Option B,1,Consider Math principles at level 4
math-l4-098,Math,4,What is a key concept in Math at level 4? (variation 97),Option A,Option E,Option B,Option D,Option C,4,Consider Math principles at level 4
math-l4-099,Math,4,What is a key concept in Math at level 4? (variation 98),Option A,Option B,Option C,Option D,Option E,2,Consider Math principles at level 4
math-l4-100,Math,4,What is a key concept in Math at level 4? (variation 99),Option D,Option A,Option C,Option B,Option E,2,Consider Math principles at level 4
math-l5-001,Math,5,What is a key concept in Math at level 5?,Option A,Option B,Option C,Option D,Option E,2,Consider Math principles at level 5
math-l5-002,Math,5,What is a key concept in Math at level 5? (variation 1),Option A,Option B,Option C,Option D,Option E,2,Consider Math principles at level 5
math-l5-003,Math,5,What is a key concept in Math at level 5? (variation 2),Option D,Option E,Option C,Option A,Option B,2,Consider Math principles at level 5
math-l5-004,Math,5,What is a key concept in Math at level 5? (variation 3),Option A,Option B,Option C,Option D,Option E,2,Consider Math principles at level 5
math-l5-005,Math,5,What is a key concept in Math at level 5? (variation 4),Option A,Option B,Option C,Option D,Option E,2,Consider Math principles at level 5
math-l5-006,Math,5,What is a key concept in Math at level 5? (variation 5),Option A,Option B,Option C,Option D,Option E,2,Consider Math principles at level 5
math-l5-007,Math,5,What is a key concept in Math at level 5? (variation 6),Option A,Option B,Option C,Option D,Option E,2,Consider Math principles at level 5
math-l5-008,Math,5,What is a key concept in Math at level 5? (variation 7),Option A,Option B,Option C,Option D,Option E,2,Consider Math principles at level 5
math-l5-009,Math,5,What is a key concept in Math at level 5? (variation 8),Option A,Option B,Option C,Option D,Option E,2,Consider Math principles at level 5
math-l5-010,Math,5,What is a key concept in Math at level 5? (variation 9),Option A,Option B,Option C,Option D,Option E,2,Consider Math principles at level 5
math-l5-011,Math,5,What is a key concept in Math at level 5? (variation 10),Option A,Option B,Option C,Option D,Option E,2,Consider Math principles at level 5
math-l5-012,Math,5,What is a key concept in Math at level 5? (variation 11),Option D,Option C,Option A,Option B,Option E,1,Consider Math principles at level 5
math-l5-013,Math,5,What is a key concept in Math at level 5? (variation 12),Option A,Option B,Option C,Option D,Option E,2,Consider Math principles at level 5
math-l5-014,Math,5,What is a key concept in Math at level 5? (variation 13),Option D,Option E,Option B,Option A,Option C,4,Consider Math principles at level 5
math-l5-015,Math,5,What is a key concept in Math at level 5? (variation 14),Option E,Option D,Option C,Option B,Option A,2,Consider Math principles at level 5
math-l5-016,Math,5,What is a key concept in Math at level 5? (variation 15),Option A,Option B,Option C,Option D,Option E,2,Consider Math principles at level 5
math-l5-017,Math,5,What is a key concept in Math at level 5? (variation 16),Option A,Option B,Option C,Option D,Option E,2,Consider Math principles at level 5
math-l5-018,Math,5,What is a key concept in Math at level 5? (variation 17),Option A,Option B,Option C,Option D,Option E,2,Consider Math principles at level 5
math-l5-019,Math,5,What is a key concept in Math at level 5? (variation 18),Option A,Option B,Option C,Option D,Option E,2,Consider Math principles at level 5
math-l5-020,Math,5,What is a key concept in Math at level 5? (variation 19),Option A,Option E,Option B,Option D,Option C,4,Consider Math principles at level 5
math-l5-021,Math,5,What is a key concept in Math at level 5? (variation 20),Option D,Option B,Option A,Option E,Option C,4,Consider Math principles at level 5
math-l5-022,Math,5,What is a key concept in Math at level 5? (variation 21),Option A,Option B,Option C,Option D,Option E,2,Consider Math principles at level 5
math-l5-023,Math,5,What is a key concept in Math at level 5? (variation 22),Option D,Option C,Option A,Option B,Option E,1,Consider Math principles at level 5
math-l5-024,Math,5,What is a key concept in Math at level 5? (variation 23),Option A,Option B,Option C,Option D,Option E,2,Consider Math principles at level 5
math-l5-025,Math,5,What is a key concept in Math at level 5? (variation 24),Option A,Option B,Option C,Option D,Option E,2,Consider Math principles at level 5
math-l5-026,Math,5,What is a key concept in Math at level 5? (variation 25),Option C,Option E,Option A,Option B,Option D,0,Consider Math principles at level 5
math-l5-027,Math,5,What is a key concept in Math at level 5? (variation 26),Option A,Option B,Option C,Option D,Option E,2,Consider Math principles at level 5
math-l5-028,Math,5,What is a key concept in Math at level 5? (variation 27),Option A,Option B,Option C,Option D,Option E,2,Consider Math principles at level 5
math-l5-029,Math,5,What is a key concept in Math at level 5? (variation 28),Option C,Option A,Option E,Option D,Option B,0,Consider Math principles at level 5
math-l5-030,Math,5,What is a key concept in Math at level 5? (variation 29),Option E,Option D,Option C,Option A,Option B,2,Consider Math principles at level 5
math-l5-031,Math,5,What is a key concept in Math at level 5? (variation 30),Option A,Option B,Option C,Option D,Option E,2,Consider Math principles at level 5
math-l5-032,Math,5,What is a key concept in Math at level 5? (variation 31),Option A,Option B,Option C,Option D,Option E,2,Consider Math principles at level 5
math-l5-033,Math,5,What is a key concept in Math at level 5? (variation 32),Option A,Option B,Option C,Option D,Option E,2,Consider Math principles at level 5
math-l5-034,Math,5,What is a key concept in Math at level 5? (variation 33),Option A,Option B,Option C,Option D,Option E,2,Consider Math principles at level 5
math-l5-035,Math,5,What is a key concept in Math at level 5? (variation 34),Option C,Option B,Option A,Option E,Option D,0,Consider Math principles at level 5
math-l5-036,Math,5,What is a key concept in Math at level 5? (variation 35),Option A,Option B,Option C,Option D,Option E,2,Consider Math principles at level 5
math-l5-037,Math,5,What is a key concept in Math at level 5? (variation 36),Option A,Option B,Option C,Option D,Option E,2,Consider Math principles at level 5
math-l5-038,Math,5,What is a key concept in Math at level 5? (variation 37),Option A,Option B,Option C,Option D,Option E,2,Consider Math principles at level 5
math-l5-039,Math,5,What is a key concept in Math at level 5? (variation 38),Option A,Option B,Option C,Option D,Option E,2,Consider Math principles at level 5
math-l5-040,Math,5,What is a key concept in Math at level 5? (variation 39),Option A,Option B,Option C,Option D,Option E,2,Consider Math principles at level 5
math-l5-041,Math,5,What is a key concept in Math at level 5? (variation 40),Option A,Option B,Option C,Option D,Option E,2,Consider Math principles at level 5
math-l5-042,Math,5,What is a key concept in Math at level 5? (variation 41),Option A,Option B,Option C,Option D,Option E,2,Consider Math principles at level 5
math-l5-043,Math,5,What is a key concept in Math at level 5? (variation 42),Option D,Option E,Option B,Option A,Option C,4,Consider Math principles at level 5
math-l5-044,Math,5,What is a key concept in Math at level 5? (variation 43),Option A,Option B,Option C,Option D,Option E,2,Consider Math principles at level 5
math-l5-045,Math,5,What is a key concept in Math at level 5? (variation 44),Option A,Option E,Option B,Option C,Option D,3,Consider Math principles at level 5
math-l5-046,Math,5,What is a key concept in Math at level 5? (variation 45),Option A,Option B,Option C,Option D,Option E,2,Consider Math principles at level 5
math-l5-047,Math,5,What is a key concept in Math at level 5? (variation 46),Option A,Option B,Option C,Option D,Option E,2,Consider Math principles at level 5
math-l5-048,Math,5,What is a key concept in Math at level 5? (variation 47),Option C,Option E,Option D,Option A,Option B,0,Consider Math principles at level 5
math-l5-049,Math,5,What is a key concept in Math at level 5? (variation 48),Option B,Option A,Option D,Option E,Option C,4,Consider Math principles at level 5
math-l5-050,Math,5,What is a key concept in Math at level 5? (variation 49),Option D,Option C,Option E,Option B,Option A,1,Consider Math principles at level 5
math-l5-051,Math,5,What is a key concept in Math at level 5? (variation 50),Option A,Option B,Option C,Option D,Option E,2,Consider Math principles at level 5
math-l5-052,Math,5,What is a key concept in Math at level 5? (variation 51),Option A,Option B,Option C,Option D,Option E,2,Consider Math principles at level 5
math-l5-053,Math,5,What is a key concept in Math at level 5? (variation 52),Option A,Option B,Option C,Option D,Option E,2,Consider Math principles at level 5
math-l5-054,Math,5,What is a key concept in Math at level 5? (variation 53),Option A,Option B,Option C,Option D,Option E,2,Consider Math principles at level 5
math-l5-055,Math,5,What is a key concept in Math at level 5? (variation 54),Option C,Option E,Option D,Option A,Option B,0,Consider Math principles at level 5
math-l5-056,Math,5,What is a key concept in Math at level 5? (variation 55),Option C,Option D,Option B,Option E,Option A,0,Consider Math principles at level 5
math-l5-057,Math,5,What is a key concept in Math at level 5? (variation 56),Option A,Option B,Option C,Option D,Option E,2,Consider Math principles at level 5
math-l5-058,Math,5,What is a key concept in Math at level 5? (variation 57),Option A,Option B,Option C,Option D,Option E,2,Consider Math principles at level 5
math-l5-059,Math,5,What is a key concept in Math at level 5? (variation 58),Option E,Option D,Option B,Option A,Option C,4,Consider Math principles at level 5
math-l5-060,Math,5,What is a key concept in Math at level 5? (variation 59),Option A,Option B,Option C,Option D,Option E,2,Consider Math principles at level 5
math-l5-061,Math,5,What is a key concept in Math at level 5? (variation 60),Option A,Option B,Option C,Option D,Option E,2,Consider Math principles at level 5
math-l5-062,Math,5,What is a key concept in Math at level 5? (variation 61),Option E,Option A,Option C,Option D,Option B,2,Consider Math principles at level 5
math-l5-063,Math,5,What is a key concept in Math at level 5? (variation 62),Option A,Option B,Option C,Option D,Option E,2,Consider Math principles at level 5
math-l5-064,Math,5,What is a key concept in Math at level 5? (variation 63),Option B,Option E,Option A,Option D,Option C,4,Consider Math principles at level 5
math-l5-065,Math,5,What is a key concept in Math at level 5? (variation 64),Option D,Option C,Option A,Option E,Option B,1,Consider Math principles at level 5
math-l5-066,Math,5,What is a key concept in Math at level 5? (variation 65),Option A,Option C,Option E,Option B,Option D,1,Consider Math principles at level 5
math-l5-067,Math,5,What is a key concept in Math at level 5? (variation 66),Option A,Option B,Option C,Option D,Option E,2,Consider Math principles at level 5
math-l5-068,Math,5,What is a key concept in Math at level 5? (variation 67),Option A,Option B,Option C,Option D,Option E,2,Consider Math principles at level 5
math-l5-069,Math,5,What is a key concept in Math at level 5? (variation 68),Option B,Option C,Option E,Option A,Option D,1,Consider Math principles at level 5
math-l5-070,Math,5,What is a key concept in Math at level 5? (variation 69),Option A,Option B,Option C,Option D,Option E,2,Consider Math principles at level 5
math-l5-071,Math,5,What is a key concept in Math at level 5? (variation 70),Option A,Option B,Option C,Option D,Option E,2,Consider Math principles at level 5
math-l5-072,Math,5,What is a key concept in Math at level 5? (variation 71),Option A,Option B,Option C,Option D,Option E,2,Consider Math principles at level 5
math-l5-073,Math,5,What is a key concept in Math at level 5? (variation 72),Option A,Option B,Option C,Option D,Option E,2,Consider Math principles at level 5
math-l5-074,Math,5,What is a key concept in Math at level 5? (variation 73),Option C,Option A,Option B,Option E,Option D,0,Consider Math principles at level 5
math-l5-075,Math,5,What is a key concept in Math at level 5? (variation 74),Option A,Option B,Option C,Option D,Option E,2,Consider Math principles at level 5
math-l5-076,Math,5,What is a key concept in Math at level 5? (variation 75),Option A,Option B,Option C,Option D,Option E,2,Consider Math principles at level 5
math-l5-077,Math,5,What is a key concept in Math at level 5? (variation 76),Option A,Option B,Option C,Option D,Option E,2,Consider Math principles at level 5
math-l5-078,Math,5,What is a key concept in Math at level 5? (variation 77),Option A,Option B,Option C,Option D,Option E,2,Consider Math principles at level 5
math-l5-079,Math,5,What is a key concept in Math at level 5? (variation 78),Option A,Option B,Option C,Option D,Option E,2,Consider Math principles at level 5
math-l5-080,Math,5,What is a key concept in Math at level 5? (variation 79),Option A,Option B,Option C,Option D,Option E,2,Consider Math principles at level 5
math-l5-081,Math,5,What is a key concept in Math at level 5? (variation 80),Option A,Option B,Option C,Option D,Option E,2,Consider Math principles at level 5
math-l5-082,Math,5,What is a key concept in Math at level 5? (variation 81),Option A,Option B,Option C,Option D,Option E,2,Consider Math principles at level 5
math-l5-083,Math,5,What is a key concept in Math at level 5? (variation 82),Option A,Option B,Option C,Option D,Option E,2,Consider Math principles at level 5
math-l5-084,Math,5,What is a key concept in Math at level 5? (variation 83),Option A,Option B,Option C,Option D,Option E,2,Consider Math principles at level 5
math-l5-085,Math,5,What is a key concept in Math at level 5? (variation 84),Option A,Option B,Option C,Option D,Option E,2,Consider Math principles at level 5
math-l5-086,Math,5,What is a key concept in Math at level 5? (variation 85),Option A,Option B,Option C,Option D,Option E,2,Consider Math principles at level 5
math-l5-087,Math,5,What is a key concept in Math at level 5? (variation 86),Option A,Option B,Option C,Option D,Option E,2,Consider Math principles at level 5
math-l5-088,Math,5,What is a key concept in Math at level 5? (variation 87),Option B,Option D,Option A,Option C,Option E,3,Consider Math principles at level 5
math-l5-089,Math,5,What is a key concept in Math at level 5? (variation 88),Option D,Option C,Option B,Option A,Option E,1,Consider Math principles at level 5
math-l5-090,Math,5,What is a key concept in Math at level 5? (variation 89),Option A,Option B,Option C,Option D,Option E,2,Consider Math principles at level 5
math-l5-091,Math,5,What is a key concept in Math at level 5? (variation 90),Option D,Option E,Option B,Option A,Option C,4,Consider Math principles at level 5
math-l5-092,Math,5,What is a key concept in Math at level 5? (variation 91),Option A,Option B,Option C,Option D,Option E,2,Consider Math principles at level 5
math-l5-093,Math,5,What is a key concept in Math at level 5? (variation 92),Option E,Option A,Option C,Option B,Option D,2,Consider Math principles at level 5
math-l5-094,Math,5,What is a key concept in Math at level 5? (variation 93),Option A,Option B,Option C,Option D,Option E,2,Consider Math principles at level 5
math-l5-095,Math,5,What is a key concept in Math at level 5? (variation 94),Option A,Option B,Option C,Option D,Option E,2,Consider Math principles at level 5
math-l5-096,Math,5,What is a key concept in Math at level 5? (variation 95),Option A,Option B,Option C,Option D,Option E,2,Consider Math principles at level 5
math-l5-097,Math,5,What is a key concept in Math at level 5? (variation 96),Option A,Option B,Option C,Option D,Option E,2,Consider Math principles at level 5
math-l5-098,Math,5,What is a key concept in Math at level 5? (variation 97),Option A,Option B,Option C,Option D,Option E,2,Consider Math principles at level 5
math-l5-099,Math,5,What is a key concept in Math at level 5? (variation 98),Option A,Option B,Option C,Option D,Option E,2,Consider Math principles at level 5
math-l5-100,Math,5,What is a key concept in Math at level 5? (variation 99),Option A,Option B,Option C,Option D,Option E,2,Consider Math principles at level 5
sci-l1-001,Science,1,What is a key concept in Science at level 1?,Option B,Option A,Option E,Option C,Option D,3,Consider Science principles at level 1
sci-l1-002,Science,1,What is a key concept in Science at level 1? (variation 1),Option A,Option B,Option C,Option D,Option E,2,Consider Science principles at level 1
sci-l1-003,Science,1,What is a key concept in Science at level 1? (variation 2),Option E,Option C,Option D,Option A,Option B,1,Consider Science principles at level 1
sci-l1-004,Science,1,What is a key concept in Science at level 1? (variation 3),Option A,Option E,Option C,Option D,Option B,2,Consider Science principles at level 1
sci-l1-005,Science,1,What is a key concept in Science at level 1? (variation 4),Option A,Option B,Option C,Option D,Option E,2,Consider Science principles at level 1
sci-l1-006,Science,1,What is a key concept in Science at level 1? (variation 5),Option A,Option B,Option C,Option D,Option E,2,Consider Science principles at level 1
sci-l1-007,Science,1,What is a key concept in Science at level 1? (variation 6),Option A,Option B,Option C,Option D,Option E,2,Consider Science principles at level 1
sci-l1-008,Science,1,What is a key concept in Science at level 1? (variation 7),Option A,Option B,Option C,Option D,Option E,2,Consider Science principles at level 1
sci-l1-009,Science,1,What is a key concept in Science at level 1? (variation 8),Option A,Option B,Option C,Option D,Option E,2,Consider Science principles at level 1
sci-l1-010,Science,1,What is a key concept in Science at level 1? (variation 9),Option C,Option B,Option D,Option E,Option A,0,Consider Science principles at level 1
sci-l1-011,Science,1,What is a key concept in Science at level 1? (variation 10),Option A,Option B,Option C,Option D,Option E,2,Consider Science principles at level 1
sci-l1-012,Science,1,What is a key concept in Science at level 1? (variation 11),Option A,Option B,Option C,Option D,Option E,2,Consider Science principles at level 1
sci-l1-013,Science,1,What is a key concept in Science at level 1? (variation 12),Option A,Option B,Option C,Option D,Option E,2,Consider Science principles at level 1
sci-l1-014,Science,1,What is a key concept in Science at level 1? (variation 13),Option A,Option B,Option C,Option D,Option E,2,Consider Science principles at level 1
sci-l1-015,Science,1,What is a key concept in Science at level 1? (variation 14),Option A,Option B,Option C,Option D,Option E,2,Consider Science principles at level 1
sci-l1-016,Science,1,What is a key concept in Science at level 1? (variation 15),Option A,Option B,Option C,Option D,Option E,2,Consider Science principles at level 1
sci-l1-017,Science,1,What is a key concept in Science at level 1? (variation 16),Option A,Option B,Option C,Option D,Option E,2,Consider Science principles at level 1
sci-l1-018,Science,1,What is a key concept in Science at level 1? (variation 17),Option A,Option B,Option C,Option D,Option E,2,Consider Science principles at level 1
sci-l1-019,Science,1,What is a key concept in Science at level 1? (variation 18),Option E,Option B,Option A,Option C,Option D,3,Consider Science principles at level 1
sci-l1-020,Science,1,What is a key concept in Science at level 1? (variation 19),Option B,Option E,Option D,Option A,Option C,4,Consider Science principles at level 1
sci-l1-021,Science,1,What is a key concept in Science at level 1? (variation 20),Option A,Option B,Option C,Option D,Option E,2,Consider Science principles at level 1
sci-l1-022,Science,1,What is a key concept in Science at level 1? (variation 21),Option A,Option B,Option C,Option D,Option E,2,Consider Science principles at level 1
sci-l1-023,Science,1,What is a key concept in Science at level 1? (variation 22),Option A,Option B,Option C,Option D,Option E,2,Consider Science principles at level 1
sci-l1-024,Science,1,What is a key concept in Science at level 1? (variation 23),Option A,Option B,Option C,Option D,Option E,2,Consider Science principles at level 1
sci-l1-025,Science,1,What is a key concept in Science at level 1? (variation 24),Option E,Option D,Option C,Option A,Option B,2,Consider Science principles at level 1
sci-l1-026,Science,1,What is a key concept in Science at level 1? (variation 25),Option E,Option D,Option A,Option B,Option C,4,Consider Science principles at level 1
sci-l1-027,Science,1,What is a key concept in Science at level 1? (variation 26),Option A,Option B,Option C,Option D,Option E,2,Consider Science principles at level 1
sci-l1-028,Science,1,What is a key concept in Science at level 1? (variation 27),Option A,Option B,Option C,Option D,Option E,2,Consider Science principles at level 1
sci-l1-029,Science,1,What is a key concept in Science at level 1? (variation 28),Option A,Option B,Option C,Option D,Option E,2,Consider Science principles at level 1
sci-l1-030,Science,1,What is a key concept in Science at level 1? (variation 29),Option A,Option B,Option C,Option D,Option E,2,Consider Science principles at level 1
sci-l1-031,Science,1,What is a key concept in Science at level 1? (variation 30),Option A,Option B,Option C,Option D,Option E,2,Consider Science principles at level 1
sci-l1-032,Science,1,What is a key concept in Science at level 1? (variation 31),Option A,Option B,Option C,Option D,Option E,2,Consider Science principles at level 1
sci-l1-033,Science,1,What is a key concept in Science at level 1? (variation 32),Option A,Option D,Option B,Option E,Option C,4,Consider Science principles at level 1
sci-l1-034,Science,1,What is a key concept in Science at level 1? (variation 33),Option A,Option B,Option C,Option D,Option E,2,Consider Science principles at level 1
sci-l1-035,Science,1,What is a key concept in Science at level 1? (variation 34),Option A,Option B,Option C,Option D,Option E,2,Consider Science principles at level 1
sci-l1-036,Science,1,What is a key concept in Science at level 1? (variation 35),Option A,Option B,Option C,Option D,Option E,2,Consider Science principles at level 1
sci-l1-037,Science,1,What is a key concept in Science at level 1? (variation 36),Option A,Option B,Option C,Option D,Option E,2,Consider Science principles at level 1
sci-l1-038,Science,1,What is a key concept in Science at level 1? (variation 37),Option A,Option B,Option C,Option D,Option E,2,Consider Science principles at level 1
sci-l1-039,Science,1,What is a key concept in Science at level 1? (variation 38),Option A,Option B,Option C,Option D,Option E,2,Consider Science principles at level 1
sci-l1-040,Science,1,What is a key concept in Science at level 1? (variation 39),Option A,Option B,Option C,Option D,Option E,2,Consider Science principles at level 1
sci-l1-041,Science,1,What is a key concept in Science at level 1? (variation 40),Option A,Option B,Option E,Option D,Option C,4,Consider Science principles at level 1
sci-l1-042,Science,1,What is a key concept in Science at level 1? (variation 41),Option E,Option A,Option D,Option B,Option C,4,Consider Science principles at level 1
sci-l1-043,Science,1,What is a key concept in Science at level 1? (variation 42),Option B,Option C,Option D,Option E,Option A,1,Consider Science principles at level 1
sci-l1-044,Science,1,What is a key concept in Science at level 1? (variation 43),Option D,Option E,Option C,Option B,Option A,2,Consider Science principles at level 1
sci-l1-045,Science,1,What is a key concept in Science at level 1? (variation 44),Option A,Option B,Option C,Option D,Option E,2,Consider Science principles at level 1
sci-l1-046,Science,1,What is a key concept in Science at level 1? (variation 45),Option A,Option B,Option C,Option D,Option E,2,Consider Science principles at level 1
sci-l1-047,Science,1,What is a key concept in Science at level 1? (variation 46),Option A,Option B,Option C,Option D,Option E,2,Consider Science principles at level 1
sci-l1-048,Science,1,What is a key concept in Science at level 1? (variation 47),Option A,Option B,Option C,Option D,Option E,2,Consider Science principles at level 1
sci-l1-049,Science,1,What is a key concept in Science at level 1? (variation 48),Option A,Option B,Option C,Option D,Option E,2,Consider Science principles at level 1
sci-l1-050,Science,1,What is a key concept in Science at level 1? (variation 49),Option A,Option B,Option C,Option D,Option E,2,Consider Science principles at level 1
sci-l1-051,Science,1,What is a key concept in Science at level 1? (variation 50),Option A,Option B,Option C,Option D,Option E,2,Consider Science principles at level 1
sci-l1-052,Science,1,What is a key concept in Science at level 1? (variation 51),Option D,Option E,Option B,Option C,Option A,3,Consider Science principles at level 1
sci-l1-053,Science,1,What is a key concept in Science at level 1? (variation 52),Option A,Option B,Option C,Option D,Option E,2,Consider Science principles at level 1
sci-l1-054,Science,1,What is a key concept in Science at level 1? (variation 53),Option A,Option B,Option C,Option D,Option E,2,Consider Science principles at level 1
sci-l1-055,Science,1,What is a key concept in Science at level 1? (variation 54),Option A,Option B,Option C,Option D,Option E,2,Consider Science principles at level 1
sci-l1-056,Science,1,What is a key concept in Science at level 1? (variation 55),Option A,Option B,Option C,Option D,Option E,2,Consider Science principles at level 1
sci-l1-057,Science,1,What is a key concept in Science at level 1? (variation 56),Option A,Option B,Option C,Option D,Option E,2,Consider Science principles at level 1
sci-l1-058,Science,1,What is a key concept in Science at level 1? (variation 57),Option A,Option B,Option C,Option D,Option E,2,Consider Science principles at level 1
sci-l1-059,Science,1,What is a key concept in Science at level 1? (variation 58),Option B,Option E,Option D,Option A,Option C,4,Consider Science principles at level 1
sci-l1-060,Science,1,What is a key concept in Science at level 1? (variation 59),Option A,Option B,Option C,Option D,Option E,2,Consider Science principles at level 1
sci-l1-061,Science,1,What is a key concept in Science at level 1? (variation 60),Option B,Option E,Option D,Option C,Option A,3,Consider Science principles at level 1
sci-l1-062,Science,1,What is a key concept in Science at level 1? (variation 61),Option A,Option E,Option D,Option C,Option B,3,Consider Science principles at level 1
sci-l1-063,Science,1,What is a key concept in Science at level 1? (variation 62),Option C,Option B,Option E,Option A,Option D,0,Consider Science principles at level 1
sci-l1-064,Science,1,What is a key concept in Science at level 1? (variation 63),Option A,Option B,Option C,Option D,Option E,2,Consider Science principles at level 1
sci-l1-065,Science,1,What is a key concept in Science at level 1? (variation 64),Option A,Option B,Option C,Option D,Option E,2,Consider Science principles at level 1
sci-l1-066,Science,1,What is a key concept in Science at level 1? (variation 65),Option A,Option B,Option C,Option D,Option E,2,Consider Science principles at level 1
sci-l1-067,Science,1,What is a key concept in Science at level 1? (variation 66),Option A,Option B,Option C,Option D,Option E,2,Consider Science principles at level 1
sci-l1-068,Science,1,What is a key concept in Science at level 1? (variation 67),Option E,Option D,Option B,Option C,Option A,3,Consider Science principles at level 1
sci-l1-069,Science,1,What is a key concept in Science at level 1? (variation 68),Option A,Option B,Option C,Option D,Option E,2,Consider Science principles at level 1
sci-l1-070,Science,1,What is a key concept in Science at level 1? (variation 69),Option E,Option B,Option D,Option A,Option C,4,Consider Science principles at level 1
sci-l1-071,Science,1,What is a key concept in Science at level 1? (variation 70),Option C,Option B,Option D,Option A,Option E,0,Consider Science principles at level 1
sci-l1-072,Science,1,What is a key concept in Science at level 1? (variation 71),Option A,Option B,Option C,Option D,Option E,2,Consider Science principles at level 1
sci-l1-073,Science,1,What is a key concept in Science at level 1? (variation 72),Option A,Option B,Option C,Option D,Option E,2,Consider Science principles at level 1
sci-l1-074,Science,1,What is a key concept in Science at level 1? (variation 73),Option A,Option B,Option C,Option D,Option E,2,Consider Science principles at level 1
sci-l1-075,Science,1,What is a key concept in Science at level 1? (variation 74),Option A,Option B,Option C,Option D,Option E,2,Consider Science principles at level 1
sci-l1-076,Science,1,What is a key concept in Science at level 1? (variation 75),Option A,Option B,Option C,Option D,Option E,2,Consider Science principles at level 1
sci-l1-077,Science,1,What is a key concept in Science at level 1? (variation 76),Option A,Option B,Option C,Option D,Option E,2,Consider Science principles at level 1
sci-l1-078,Science,1,What is a key concept in Science at level 1? (variation 77),Option A,Option B,Option C,Option D,Option E,2,Consider Science principles at level 1
sci-l1-079,Science,1,What is a key concept in Science at level 1? (variation 78),Option A,Option B,Option C,Option D,Option E,2,Consider Science principles at level 1
sci-l1-080,Science,1,What is a key concept in Science at level 1? (variation 79),Option A,Option B,Option C,Option D,Option E,2,Consider Science principles at level 1
sci-l1-081,Science,1,What is a key concept in Science at level 1? (variation 80),Option C,Option B,Option A,Option E,Option D,0,Consider Science principles at level 1
sci-l1-082,Science,1,What is a key concept in Science at level 1? (variation 81),Option A,Option B,Option C,Option D,Option E,2,Consider Science principles at level 1
sci-l1-083,Science,1,What is a key concept in Science at level 1? (variation 82),Option A,Option B,Option C,Option D,Option E,2,Consider Science principles at level 1
sci-l1-084,Science,1,What is a key concept in Science at level 1? (variation 83),Option A,Option B,Option C,Option D,Option E,2,Consider Science principles at level 1
sci-l1-085,Science,1,What is a key concept in Science at level 1? (variation 84),Option A,Option B,Option C,Option D,Option E,2,Consider Science principles at level 1
sci-l1-086,Science,1,What is a key concept in Science at level 1? (variation 85),Option A,Option B,Option C,Option D,Option E,2,Consider Science principles at level 1
sci-l1-087,Science,1,What is a key concept in Science at level 1? (variation 86),Option C,Option E,Option B,Option D,Option A,0,Consider Science principles at level 1
sci-l1-088,Science,1,What is a key concept in Science at level 1? (variation 87),Option A,Option B,Option C,Option D,Option E,2,Consider Science principles at level 1
sci-l1-089,Science,1,What is a key concept in Science at level 1? (variation 88),Option A,Option B,Option C,Option D,Option E,2,Consider Science principles at level 1
sci-l1-090,Science,1,What is a key concept in Science at level 1? (variation 89),Option A,Option B,Option C,Option D,Option E,2,Consider Science principles at level 1
sci-l1-091,Science,1,What is a key concept in Science at level 1? (variation 90),Option A,Option B,Option C,Option D,Option E,2,Consider Science principles at level 1
sci-l1-092,Science,1,What is a key concept in Science at level 1? (variation 91),Option A,Option B,Option C,Option D,Option E,2,Consider Science principles at level 1
sci-l1-093,Science,1,What is a key concept in Science at level 1? (variation 92),Option A,Option B,Option C,Option D,Option E,2,Consider Science principles at level 1
sci-l1-094,Science,1,What is a key concept in Science at level 1? (variation 93),Option D,Option B,Option E,Option C,Option A,3,Consider Science principles at level 1
sci-l1-095,Science,1,What is a key concept in Science at level 1? (variation 94),Option A,Option B,Option C,Option D,Option E,2,Consider Science principles at level 1
sci-l1-096,Science,1,What is a key concept in Science at level 1? (variation 95),Option E,Option A,Option C,Option D,Option B,2,Consider Science principles at level 1
sci-l1-097,Science,1,What is a key concept in Science at level 1? (variation 96),Option E,Option C,Option D,Option A,Option B,1,Consider Science principles at level 1
sci-l1-098,Science,1,What is a key concept in Science at level 1? (variation 97),Option A,Option B,Option C,Option D,Option E,2,Consider Science principles at level 1
sci-l1-099,Science,1,What is a key concept in Science at level 1? (variation 98),Option E,Option D,Option B,Option A,Option C,4,Consider Science principles at level 1
sci-l1-100,Science,1,What is a key concept in Science at level 1? (variation 99),Option A,Option B,Option C,Option D,Option E,2,Consider Science principles at level 1
sci-l2-001,Science,2,What is a key concept in Science at level 2?,Option A,Option B,Option C,Option D,Option E,2,Consider Science principles at level 2
sci-l2-002,Science,2,What is a key concept in Science at level 2? (variation 1),Option A,Option B,Option C,Option D,Option E,2,Consider Science principles at level 2
sci-l2-003,Science,2,What is a key concept in Science at level 2? (variation 2),Option A,Option B,Option C,Option D,Option E,2,Consider Science principles at level 2
sci-l2-004,Science,2,What is a key concept in Science at level 2? (variation 3),Option C,Option A,Option B,Option D,Option E,0,Consider Science principles at level 2
sci-l2-005,Science,2,What is a key concept in Science at level 2? (variation 4),Option C,Option A,Option E,Option D,Option B,0,Consider Science principles at level 2
sci-l2-006,Science,2,What is a key concept in Science at level 2? (variation 5),Option A,Option B,Option C,Option D,Option E,2,Consider Science principles at level 2
sci-l2-007,Science,2,What is a key concept in Science at level 2? (variation 6),Option A,Option E,Option D,Option B,Option C,4,Consider Science principles at level 2
sci-l2-008,Science,2,What is a key concept in Science at level 2? (variation 7),Option A,Option B,Option C,Option D,Option E,2,Consider Science principles at level 2
sci-l2-009,Science,2,What is a key concept in Science at level 2? (variation 8),Option A,Option E,Option B,Option D,Option C,4,Consider Science principles at level 2
sci-l2-010,Science,2,What is a key concept in Science at level 2? (variation 9),Option E,Option A,Option C,Option B,Option D,2,Consider Science principles at level 2
sci-l2-011,Science,2,What is a key concept in Science at level 2? (variation 10),Option D,Option B,Option C,Option E,Option A,2,Consider Science principles at level 2
sci-l2-012,Science,2,What is a key concept in Science at level 2? (variation 11),Option A,Option B,Option C,Option D,Option E,2,Consider Science principles at level 2
sci-l2-013,Science,2,What is a key concept in Science at level 2? (variation 12),Option A,Option B,Option C,Option D,Option E,2,Consider Science principles at level 2
sci-l2-014,Science,2,What is a key concept in Science at level 2? (variation 13),Option A,Option D,Option C,Option B,Option E,2,Consider Science principles at level 2
sci-l2-015,Science,2,What is a key concept in Science at level 2? (variation 14),Option D,Option B,Option E,Option A,Option C,4,Consider Science principles at level 2
sci-l2-016,Science,2,What is a key concept in Science at level 2? (variation 15),Option A,Option B,Option C,Option D,Option E,2,Consider Science principles at level 2
sci-l2-017,Science,2,What is a key concept in Science at level 2? (variation 16),Option A,Option B,Option C,Option D,Option E,2,Consider Science principles at level 2
sci-l2-018,Science,2,What is a key concept in Science at level 2? (variation 17),Option B,Option E,Option D,Option A,Option C,4,Consider Science principles at level 2
sci-l2-019,Science,2,What is a key concept in Science at level 2? (variation 18),Option A,Option B,Option C,Option D,Option E,2,Consider Science principles at level 2
sci-l2-020,Science,2,What is a key concept in Science at level 2? (variation 19),Option A,Option B,Option C,Option D,Option E,2,Consider Science principles at level 2
sci-l2-021,Science,2,What is a key concept in Science at level 2? (variation 20),Option A,Option C,Option E,Option D,Option B,1,Consider Science principles at level 2
sci-l2-022,Science,2,What is a key concept in Science at level 2? (variation 21),Option B,Option E,Option C,Option D,Option A,2,Consider Science principles at level 2
sci-l2-023,Science,2,What is a key concept in Science at level 2? (variation 22),Option A,Option B,Option C,Option D,Option E,2,Consider Science principles at level 2
sci-l2-024,Science,2,What is a key concept in Science at level 2? (variation 23),Option E,Option A,Option D,Option B,Option C,4,Consider Science principles at level 2
sci-l2-025,Science,2,What is a key concept in Science at level 2? (variation 24),Option E,Option C,Option D,Option A,Option B,1,Consider Science principles at level 2
sci-l2-026,Science,2,What is a key concept in Science at level 2? (variation 25),Option A,Option B,Option C,Option D,Option E,2,Consider Science principles at level 2
sci-l2-027,Science,2,What is a key concept in Science at level 2? (variation 26),Option A,Option B,Option C,Option D,Option E,2,Consider Science principles at level 2
sci-l2-028,Science,2,What is a key concept in Science at level 2? (variation 27),Option A,Option C,Option B,Option D,Option E,1,Consider Science principles at level 2
sci-l2-029,Science,2,What is a key concept in Science at level 2? (variation 28),Option A,Option B,Option C,Option D,Option E,2,Consider Science principles at level 2
sci-l2-030,Science,2,What is a key concept in Science at level 2? (variation 29),Option A,Option B,Option C,Option D,Option E,2,Consider Science principles at level 2
sci-l2-031,Science,2,What is a key concept in Science at level 2? (variation 30),Option A,Option B,Option C,Option D,Option E,2,Consider Science principles at level 2
sci-l2-032,Science,2,What is a key concept in Science at level 2? (variation 31),Option A,Option B,Option C,Option D,Option E,2,Consider Science principles at level 2
sci-l2-033,Science,2,What is a key concept in Science at level 2? (variation 32),Option B,Option C,Option E,Option A,Option D,1,Consider Science principles at level 2
sci-l2-034,Science,2,What is a key concept in Science at level 2? (variation 33),Option A,Option B,Option C,Option D,Option E,2,Consider Science principles at level 2
sci-l2-035,Science,2,What is a key concept in Science at level 2? (variation 34),Option A,Option B,Option C,Option D,Option E,2,Consider Science principles at level 2
sci-l2-036,Science,2,What is a key concept in Science at level 2? (variation 35),Option A,Option B,Option C,Option D,Option E,2,Consider Science principles at level 2
sci-l2-037,Science,2,What is a key concept in Science at level 2? (variation 36),Option A,Option B,Option C,Option D,Option E,2,Consider Science principles at level 2
sci-l2-038,Science,2,What is a key concept in Science at level 2? (variation 37),Option C,Option B,Option E,Option D,Option A,0,Consider Science principles at level 2
sci-l2-039,Science,2,What is a key concept in Science at level 2? (variation 38),Option A,Option B,Option C,Option D,Option E,2,Consider Science principles at level 2
sci-l2-040,Science,2,What is a key concept in Science at level 2? (variation 39),Option A,Option B,Option C,Option D,Option E,2,Consider Science principles at level 2
sci-l2-041,Science,2,What is a key concept in Science at level 2? (variation 40),Option A,Option C,Option B,Option D,Option E,1,Consider Science principles at level 2
sci-l2-042,Science,2,What is a key concept in Science at level 2? (variation 41),Option A,Option D,Option B,Option E,Option C,4,Consider Science principles at level 2
sci-l2-043,Science,2,What is a key concept in Science at level 2? (variation 42),Option A,Option E,Option B,Option D,Option C,4,Consider Science principles at level 2
sci-l2-044,Science,2,What is a key concept in Science at level 2? (variation 43),Option A,Option B,Option C,Option D,Option E,2,Consider Science principles at level 2
sci-l2-045,Science,2,What is a key concept in Science at level 2? (variation 44),Option E,Option B,Option C,Option D,Option A,2,Consider Science principles at level 2
sci-l2-046,Science,2,What is a key concept in Science at level 2? (variation 45),Option A,Option B,Option C,Option D,Option E,2,Consider Science principles at level 2
sci-l2-047,Science,2,What is a key concept in Science at level 2? (variation 46),Option A,Option B,Option C,Option D,Option E,2,Consider Science principles at level 2
sci-l2-048,Science,2,What is a key concept in Science at level 2? (variation 47),Option A,Option B,Option C,Option D,Option E,2,Consider Science principles at level 2
sci-l2-049,Science,2,What is a key concept in Science at level 2? (variation 48),Option C,Option A,Option B,Option E,Option D,0,Consider Science principles at level 2
sci-l2-050,Science,2,What is a key concept in Science at level 2? (variation 49),Option A,Option D,Option E,Option B,Option C,4,Consider Science principles at level 2
sci-l2-051,Science,2,What is a key concept in Science at level 2? (variation 50),Option E,Option A,Option D,Option C,Option B,3,Consider Science principles at level 2
sci-l2-052,Science,2,What is a key concept in Science at level 2? (variation 51),Option A,Option B,Option C,Option D,Option E,2,Consider Science principles at level 2
sci-l2-053,Science,2,What is a key concept in Science at level 2? (variation 52),Option A,Option B,Option C,Option D,Option E,2,Consider Science principles at level 2
sci-l2-054,Science,2,What is a key concept in Science at level 2? (variation 53),Option C,Option B,Option E,Option A,Option D,0,Consider Science principles at level 2
sci-l2-055,Science,2,What is a key concept in Science at level 2? (variation 54),Option A,Option B,Option C,Option D,Option E,2,Consider Science principles at level 2
sci-l2-056,Science,2,What is a key concept in Science at level 2? (variation 55),Option A,Option B,Option C,Option D,Option E,2,Consider Science principles at level 2
sci-l2-057,Science,2,What is a key concept in Science at level 2? (variation 56),Option A,Option B,Option C,Option D,Option E,2,Consider Science principles at level 2
sci-l2-058,Science,2,What is a key concept in Science at level 2? (variation 57),Option A,Option B,Option C,Option D,Option E,2,Consider Science principles at level 2
sci-l2-059,Science,2,What is a key concept in Science at level 2? (variation 58),Option A,Option B,Option C,Option D,Option E,2,Consider Science principles at level 2
sci-l2-060,Science,2,What is a key concept in Science at level 2? (variation 59),Option D,Option B,Option C,Option A,Option E,2,Consider Science principles at level 2
sci-l2-061,Science,2,What is a key concept in Science at level 2? (variation 60),Option A,Option B,Option C,Option D,Option E,2,Consider Science principles at level 2
sci-l2-062,Science,2,What is a key concept in Science at level 2? (variation 61),Option A,Option B,Option C,Option D,Option E,2,Consider Science principles at level 2
sci-l2-063,Science,2,What is a key concept in Science at level 2? (variation 62),Option A,Option B,Option C,Option D,Option E,2,Consider Science principles at level 2
sci-l2-064,Science,2,What is a key concept in Science at level 2? (variation 63),Option A,Option B,Option C,Option D,Option E,2,Consider Science principles at level 2
sci-l2-065,Science,2,What is a key concept in Science at level 2? (variation 64),Option A,Option B,Option C,Option D,Option E,2,Consider Science principles at level 2
sci-l2-066,Science,2,What is a key concept in Science at level 2? (variation 65),Option A,Option B,Option C,Option D,Option E,2,Consider Science principles at level 2
sci-l2-067,Science,2,What is a key concept in Science at level 2? (variation 66),Option B,Option C,Option D,Option E,Option A,1,Consider Science principles at level 2
sci-l2-068,Science,2,What is a key concept in Science at level 2? (variation 67),Option D,Option E,Option C,Option A,Option B,2,Consider Science principles at level 2
sci-l2-069,Science,2,What is a key concept in Science at level 2? (variation 68),Option A,Option B,Option C,Option D,Option E,2,Consider Science principles at level 2
sci-l2-070,Science,2,What is a key concept in Science at level 2? (variation 69),Option A,Option B,Option C,Option D,Option E,2,Consider Science principles at level 2
sci-l2-071,Science,2,What is a key concept in Science at level 2? (variation 70),Option A,Option B,Option C,Option D,Option E,2,Consider Science principles at level 2
sci-l2-072,Science,2,What is a key concept in Science at level 2? (variation 71),Option A,Option B,Option C,Option D,Option E,2,Consider Science principles at level 2
sci-l2-073,Science,2,What is a key concept in Science at level 2? (variation 72),Option A,Option B,Option C,Option D,Option E,2,Consider Science principles at level 2
sci-l2-074,Science,2,What is a key concept in Science at level 2? (variation 73),Option A,Option B,Option C,Option D,Option E,2,Consider Science principles at level 2
sci-l2-075,Science,2,What is a key concept in Science at level 2? (variation 74),Option A,Option B,Option C,Option D,Option E,2,Consider Science principles at level 2
sci-l2-076,Science,2,What is a key concept in Science at level 2? (variation 75),Option E,Option B,Option A,Option C,Option D,3,Consider Science principles at level 2
sci-l2-077,Science,2,What is a key concept in Science at level 2? (variation 76),Option A,Option B,Option C,Option D,Option E,2,Consider Science principles at level 2
sci-l2-078,Science,2,What is a key concept in Science at level 2? (variation 77),Option A,Option B,Option C,Option D,Option E,2,Consider Science principles at level 2
sci-l2-079,Science,2,What is a key concept in Science at level 2? (variation 78),Option A,Option B,Option C,Option D,Option E,2,Consider Science principles at level 2
sci-l2-080,Science,2,What is a key concept in Science at level 2? (variation 79),Option A,Option B,Option C,Option D,Option E,2,Consider Science principles at level 2
sci-l2-081,Science,2,What is a key concept in Science at level 2? (variation 80),Option A,Option B,Option C,Option D,Option E,2,Consider Science principles at level 2
sci-l2-082,Science,2,What is a key concept in Science at level 2? (variation 81),Option A,Option B,Option C,Option D,Option E,2,Consider Science principles at level 2
sci-l2-083,Science,2,What is a key concept in Science at level 2? (variation 82),Option A,Option B,Option C,Option D,Option E,2,Consider Science principles at level 2
sci-l2-084,Science,2,What is a key concept in Science at level 2? (variation 83),Option A,Option B,Option C,Option D,Option E,2,Consider Science principles at level 2
sci-l2-085,Science,2,What is a key concept in Science at level 2? (variation 84),Option A,Option B,Option C,Option D,Option E,2,Consider Science principles at level 2
sci-l2-086,Science,2,What is a key concept in Science at level 2? (variation 85),Option A,Option B,Option C,Option D,Option E,2,Consider Science principles at level 2
sci-l2-087,Science,2,What is a key concept in Science at level 2? (variation 86),Option A,Option C,Option E,Option B,Option D,1,Consider Science principles at level 2
sci-l2-088,Science,2,What is a key concept in Science at level 2? (variation 87),Option A,Option B,Option C,Option D,Option E,2,Consider Science principles at level 2
sci-l2-089,Science,2,What is a key concept in Science at level 2? (variation 88),Option E,Option B,Option D,Option C,Option A,3,Consider Science principles at level 2
sci-l2-090,Science,2,What is a key concept in Science at level 2? (variation 89),Option C,Option E,Option A,Option D,Option B,0,Consider Science principles at level 2
sci-l2-091,Science,2,What is a key concept in Science at level 2? (variation 90),Option D,Option E,Option C,Option B,Option A,2,Consider Science principles at level 2
sci-l2-092,Science,2,What is a key concept in Science at level 2? (variation 91),Option A,Option B,Option C,Option D,Option E,2,Consider Science principles at level 2
sci-l2-093,Science,2,What is a key concept in Science at level 2? (variation 92),Option B,Option E,Option C,Option D,Option A,2,Consider Science principles at level 2
sci-l2-094,Science,2,What is a key concept in Science at level 2? (variation 93),Option A,Option B,Option C,Option D,Option E,2,Consider Science principles at level 2
sci-l2-095,Science,2,What is a key concept in Science at level 2? (variation 94),Option B,Option E,Option C,Option A,Option D,2,Consider Science principles at level 2
sci-l2-096,Science,2,What is a key concept in Science at level 2? (variation 95),Option A,Option B,Option C,Option D,Option E,2,Consider Science principles at level 2
sci-l2-097,Science,2,What is a key concept in Science at level 2? (variation 96),Option A,Option B,Option C,Option D,Option E,2,Consider Science principles at level 2
sci-l2-098,Science,2,What is a key concept in Science at level 2? (variation 97),Option C,Option E,Option B,Option D,Option A,0,Consider Science principles at level 2
sci-l2-099,Science,2,What is a key concept in Science at level 2? (variation 98),Option A,Option B,Option C,Option D,Option E,2,Consider Science principles at level 2
sci-l2-100,Science,2,What is a key concept in Science at level 2? (variation 99),Option A,Option B,Option C,Option D,Option E,2,Consider Science principles at level 2
sci-l3-001,Science,3,What is a key concept in Science at level 3?,Option A,Option B,Option C,Option D,Option E,2,Consider Science principles at level 3
sci-l3-002,Science,3,What is a key concept in Science at level 3? (variation 1),Option D,Option C,Option E,Option A,Option B,1,Consider Science principles at level 3
sci-l3-003,Science,3,What is a key concept in Science at level 3? (variation 2),Option C,Option E,Option B,Option A,Option D,0,Consider Science principles at level 3
sci-l3-004,Science,3,What is a key concept in Science at level 3? (variation 3),Option A,Option B,Option C,Option D,Option E,2,Consider Science principles at level 3
sci-l3-005,Science,3,What is a key concept in Science at level 3? (variation 4),Option B,Option D,Option C,Option E,Option A,2,Consider Science principles at level 3
sci-l3-006,Science,3,What is a key concept in Science at level 3? (variation 5),Option B,Option A,Option D,Option E,Option C,4,Consider Science principles at level 3
sci-l3-007,Science,3,What is a key concept in Science at level 3? (variation 6),Option A,Option B,Option C,Option D,Option E,2,Consider Science principles at level 3
sci-l3-008,Science,3,What is a key concept in Science at level 3? (variation 7),Option A,Option B,Option C,Option D,Option E,2,Consider Science principles at level 3
sci-l3-009,Science,3,What is a key concept in Science at level 3? (variation 8),Option E,Option A,Option D,Option C,Option B,3,Consider Science principles at level 3
sci-l3-010,Science,3,What is a key concept in Science at level 3? (variation 9),Option C,Option E,Option D,Option B,Option A,0,Consider Science principles at level 3
sci-l3-011,Science,3,What is a key concept in Science at level 3? (variation 10),Option A,Option B,Option C,Option D,Option E,2,Consider Science principles at level 3
sci-l3-012,Science,3,What is a key concept in Science at level 3? (variation 11),Option A,Option B,Option C,Option D,Option E,2,Consider Science principles at level 3
sci-l3-013,Science,3,What is a key concept in Science at level 3? (variation 12),Option E,Option D,Option C,Option A,Option B,2,Consider Science principles at level 3
sci-l3-014,Science,3,What is a key concept in Science at level 3? (variation 13),Option A,Option B,Option C,Option D,Option E,2,Consider Science principles at level 3
sci-l3-015,Science,3,What is a key concept in Science at level 3? (variation 14),Option A,Option B,Option C,Option D,Option E,2,Consider Science principles at level 3
sci-l3-016,Science,3,What is a key concept in Science at level 3? (variation 15),Option A,Option B,Option C,Option D,Option E,2,Consider Science principles at level 3
sci-l3-017,Science,3,What is a key concept in Science at level 3? (variation 16),Option A,Option B,Option C,Option D,Option E,2,Consider Science principles at level 3
sci-l3-018,Science,3,What is a key concept in Science at level 3? (variation 17),Option C,Option E,Option A,Option B,Option D,0,Consider Science principles at level 3
sci-l3-019,Science,3,What is a key concept in Science at level 3? (variation 18),Option A,Option B,Option C,Option D,Option E,2,Consider Science principles at level 3
sci-l3-020,Science,3,What is a key concept in Science at level 3? (variation 19),Option A,Option B,Option C,Option D,Option E,2,Consider Science principles at level 3
sci-l3-021,Science,3,What is a key concept in Science at level 3? (variation 20),Option A,Option B,Option C,Option D,Option E,2,Consider Science principles at level 3
sci-l3-022,Science,3,What is a key concept in Science at level 3? (variation 21),Option A,Option B,Option C,Option D,Option E,2,Consider Science principles at level 3
sci-l3-023,Science,3,What is a key concept in Science at level 3? (variation 22),Option A,Option B,Option C,Option D,Option E,2,Consider Science principles at level 3
sci-l3-024,Science,3,What is a key concept in Science at level 3? (variation 23),Option A,Option B,Option C,Option D,Option E,2,Consider Science principles at level 3
sci-l3-025,Science,3,What is a key concept in Science at level 3? (variation 24),Option A,Option B,Option C,Option D,Option E,2,Consider Science principles at level 3
sci-l3-026,Science,3,What is a key concept in Science at level 3? (variation 25),Option A,Option B,Option C,Option D,Option E,2,Consider Science principles at level 3
sci-l3-027,Science,3,What is a key concept in Science at level 3? (variation 26),Option A,Option B,Option C,Option D,Option E,2,Consider Science principles at level 3
sci-l3-028,Science,3,What is a key concept in Science at level 3? (variation 27),Option A,Option B,Option C,Option D,Option E,2,Consider Science principles at level 3
sci-l3-029,Science,3,What is a key concept in Science at level 3? (variation 28),Option A,Option B,Option C,Option D,Option E,2,Consider Science principles at level 3
sci-l3-030,Science,3,What is a key concept in Science at level 3? (variation 29),Option A,Option B,Option C,Option D,Option E,2,Consider Science principles at level 3
sci-l3-031,Science,3,What is a key concept in Science at level 3? (variation 30),Option B,Option C,Option A,Option D,Option E,1,Consider Science principles at level 3
sci-l3-032,Science,3,What is a key concept in Science at level 3? (variation 31),Option A,Option B,Option C,Option D,Option E,2,Consider Science principles at level 3
sci-l3-033,Science,3,What is a key concept in Science at level 3? (variation 32),Option A,Option B,Option C,Option D,Option E,2,Consider Science principles at level 3
sci-l3-034,Science,3,What is a key concept in Science at level 3? (variation 33),Option A,Option E,Option D,Option B,Option C,4,Consider Science principles at level 3
sci-l3-035,Science,3,What is a key concept in Science at level 3? (variation 34),Option A,Option B,Option C,Option D,Option E,2,Consider Science principles at level 3
sci-l3-036,Science,3,What is a key concept in Science at level 3? (variation 35),Option A,Option B,Option C,Option D,Option E,2,Consider Science principles at level 3
sci-l3-037,Science,3,What is a key concept in Science at level 3? (variation 36),Option A,Option B,Option C,Option D,Option E,2,Consider Science principles at level 3
sci-l3-038,Science,3,What is a key concept in Science at level 3? (variation 37),Option A,Option B,Option C,Option D,Option E,2,Consider Science principles at level 3
sci-l3-039,Science,3,What is a key concept in Science at level 3? (variation 38),Option E,Option B,Option A,Option C,Option D,3,Consider Science principles at level 3
sci-l3-040,Science,3,What is a key concept in Science at level 3? (variation 39),Option A,Option B,Option C,Option D,Option E,2,Consider Science principles at level 3
sci-l3-041,Science,3,What is a key concept in Science at level 3? (variation 40),Option A,Option B,Option C,Option D,Option E,2,Consider Science principles at level 3
sci-l3-042,Science,3,What is a key concept in Science at level 3? (variation 41),Option A,Option B,Option C,Option D,Option E,2,Consider Science principles at level 3
sci-l3-043,Science,3,What is a key concept in Science at level 3? (variation 42),Option A,Option B,Option C,Option D,Option E,2,Consider Science principles at level 3
sci-l3-044,Science,3,What is a key concept in Science at level 3? (variation 43),Option A,Option B,Option C,Option D,Option E,2,Consider Science principles at level 3
sci-l3-045,Science,3,What is a key concept in Science at level 3? (variation 44),Option A,Option D,Option B,Option C,Option E,3,Consider Science principles at level 3
sci-l3-046,Science,3,What is a key concept in Science at level 3? (variation 45),Option E,Option C,Option D,Option A,Option B,1,Consider Science principles at level 3
sci-l3-047,Science,3,What is a key concept in Science at level 3? (variation 46),Option A,Option B,Option C,Option D,Option E,2,Consider Science principles at level 3
sci-l3-048,Science,3,What is a key concept in Science at level 3? (variation 47),Option A,Option B,Option C,Option D,Option E,2,Consider Science principles at level 3
sci-l3-049,Science,3,What is a key concept in Science at level 3? (variation 48),Option C,Option D,Option E,Option A,Option B,0,Consider Science principles at level 3
sci-l3-050,Science,3,What is a key concept in Science at level 3? (variation 49),Option A,Option B,Option C,Option D,Option E,2,Consider Science principles at level 3
sci-l3-051,Science,3,What is a key concept in Science at level 3? (variation 50),Option E,Option A,Option B,Option D,Option C,4,Consider Science principles at level 3
sci-l3-052,Science,3,What is a key concept in Science at level 3? (variation 51),Option A,Option B,Option C,Option D,Option E,2,Consider Science principles at level 3
sci-l3-053,Science,3,What is a key concept in Science at level 3? (variation 52),Option D,Option A,Option C,Option E,Option B,2,Consider Science principles at level 3
sci-l3-054,Science,3,What is a key concept in Science at level 3? (variation 53),Option A,Option B,Option C,Option D,Option E,2,Consider Science principles at level 3
sci-l3-055,Science,3,What is a key concept in Science at level 3? (variation 54),Option A,Option B,Option C,Option D,Option E,2,Consider Science principles at level 3
sci-l3-056,Science,3,What is a key concept in Science at level 3? (variation 55),Option A,Option B,Option C,Option D,Option E,2,Consider Science principles at level 3
sci-l3-057,Science,3,What is a key concept in Science at level 3? (variation 56),Option A,Option B,Option C,Option D,Option E,2,Consider Science principles at level 3
sci-l3-058,Science,3,What is a key concept in Science at level 3? (variation 57),Option A,Option B,Option C,Option D,Option E,2,Consider Science principles at level 3
sci-l3-059,Science,3,What is a key concept in Science at level 3? (variation 58),Option C,Option E,Option B,Option A,Option D,0,Consider Science principles at level 3
sci-l3-060,Science,3,What is a key concept in Science at level 3? (variation 59),Option A,Option B,Option C,Option D,Option E,2,Consider Science principles at level 3
sci-l3-061,Science,3,What is a key concept in Science at level 3? (variation 60),Option A,Option B,Option C,Option D,Option E,2,Consider Science principles at level 3
sci-l3-062,Science,3,What is a key concept in Science at level 3? (variation 61),Option A,Option B,Option C,Option D,Option E,2,Consider Science principles at level 3
sci-l3-063,Science,3,What is a key concept in Science at level 3? (variation 62),Option A,Option B,Option C,Option D,Option E,2,Consider Science principles at level 3
sci-l3-064,Science,3,What is a key concept in Science at level 3? (variation 63),Option E,Option B,Option C,Option D,Option A,2,Consider Science principles at level 3
sci-l3-065,Science,3,What is a key concept in Science at level 3? (variation 64),Option A,Option B,Option C,Option D,Option E,2,Consider Science principles at level 3
sci-l3-066,Science,3,What is a key concept in Science at level 3? (variation 65),Option A,Option B,Option C,Option D,Option E,2,Consider Science principles at level 3
sci-l3-067,Science,3,What is a key concept in Science at level 3? (variation 66),Option A,Option B,Option C,Option D,Option E,2,Consider Science principles at level 3
sci-l3-068,Science,3,What is a key concept in Science at level 3? (variation 67),Option E,Option B,Option A,Option C,Option D,3,Consider Science principles at level 3
sci-l3-069,Science,3,What is a key concept in Science at level 3? (variation 68),Option A,Option B,Option C,Option D,Option E,2,Consider Science principles at level 3
sci-l3-070,Science,3,What is a key concept in Science at level 3? (variation 69),Option A,Option C,Option B,Option D,Option E,1,Consider Science principles at level 3
sci-l3-071,Science,3,What is a key concept in Science at level 3? (variation 70),Option A,Option B,Option C,Option D,Option E,2,Consider Science principles at level 3
sci-l3-072,Science,3,What is a key concept in Science at level 3? (variation 71),Option A,Option B,Option C,Option D,Option E,2,Consider Science principles at level 3
sci-l3-073,Science,3,What is a key concept in Science at level 3? (variation 72),Option D,Option A,Option E,Option B,Option C,4,Consider Science principles at level 3
sci-l3-074,Science,3,What is a key concept in Science at level 3? (variation 73),Option A,Option B,Option C,Option D,Option E,2,Consider Science principles at level 3
sci-l3-075,Science,3,What is a key concept in Science at level 3? (variation 74),Option B,Option D,Option A,Option C,Option E,3,Consider Science principles at level 3
sci-l3-076,Science,3,What is a key concept in Science at level 3? (variation 75),Option A,Option B,Option C,Option D,Option E,2,Consider Science principles at level 3
sci-l3-077,Science,3,What is a key concept in Science at level 3? (variation 76),Option A,Option B,Option C,Option D,Option E,2,Consider Science principles at level 3
sci-l3-078,Science,3,What is a key concept in Science at level 3? (variation 77),Option A,Option B,Option C,Option D,Option E,2,Consider Science principles at level 3
sci-l3-079,Science,3,What is a key concept in Science at level 3? (variation 78),Option A,Option B,Option C,Option D,Option E,2,Consider Science principles at level 3
sci-l3-080,Science,3,What is a key concept in Science at level 3? (variation 79),Option A,Option B,Option C,Option D,Option E,2,Consider Science principles at level 3
sci-l3-081,Science,3,What is a key concept in Science at level 3? (variation 80),Option A,Option B,Option C,Option D,Option E,2,Consider Science principles at level 3
sci-l3-082,Science,3,What is a key concept in Science at level 3? (variation 81),Option A,Option B,Option C,Option D,Option E,2,Consider Science principles at level 3
sci-l3-083,Science,3,What is a key concept in Science at level 3? (variation 82),Option A,Option B,Option C,Option D,Option E,2,Consider Science principles at level 3
sci-l3-084,Science,3,What is a key concept in Science at level 3? (variation 83),Option A,Option B,Option C,Option D,Option E,2,Consider Science principles at level 3
sci-l3-085,Science,3,What is a key concept in Science at level 3? (variation 84),Option A,Option B,Option E,Option D,Option C,4,Consider Science principles at level 3
sci-l3-086,Science,3,What is a key concept in Science at level 3? (variation 85),Option A,Option B,Option C,Option D,Option E,2,Consider Science principles at level 3
sci-l3-087,Science,3,What is a key concept in Science at level 3? (variation 86),Option A,Option B,Option C,Option D,Option E,2,Consider Science principles at level 3
sci-l3-088,Science,3,What is a key concept in Science at level 3? (variation 87),Option A,Option B,Option C,Option D,Option E,2,Consider Science principles at level 3
sci-l3-089,Science,3,What is a key concept in Science at level 3? (variation 88),Option A,Option C,Option B,Option D,Option E,1,Consider Science principles at level 3
sci-l3-090,Science,3,What is a key concept in Science at level 3? (variation 89),Option D,Option B,Option A,Option E,Option C,4,Consider Science principles at level 3
sci-l3-091,Science,3,What is a key concept in Science at level 3? (variation 90),Option A,Option B,Option C,Option D,Option E,2,Consider Science principles at level 3
sci-l3-092,Science,3,What is a key concept in Science at level 3? (variation 91),Option A,Option B,Option C,Option D,Option E,2,Consider Science principles at level 3
sci-l3-093,Science,3,What is a key concept in Science at level 3? (variation 92),Option A,Option B,Option C,Option D,Option E,2,Consider Science principles at level 3
sci-l3-094,Science,3,What is a key concept in Science at level 3? (variation 93),Option A,Option B,Option C,Option D,Option E,2,Consider Science principles at level 3
sci-l3-095,Science,3,What is a key concept in Science at level 3? (variation 94),Option A,Option B,Option C,Option D,Option E,2,Consider Science principles at level 3
sci-l3-096,Science,3,What is a key concept in Science at level 3? (variation 95),Option A,Option B,Option C,Option D,Option E,2,Consider Science principles at level 3
sci-l3-097,Science,3,What is a key concept in Science at level 3? (variation 96),Option A,Option B,Option C,Option D,Option E,2,Consider Science principles at level 3
sci-l3-098,Science,3,What is a key concept in Science at level 3? (variation 97),Option A,Option B,Option C,Option D,Option E,2,Consider Science principles at level 3
sci-l3-099,Science,3,What is a key concept in Science at level 3? (variation 98),Option A,Option B,Option C,Option D,Option E,2,Consider Science principles at level 3
sci-l3-100,Science,3,What is a key concept in Science at level 3? (variation 99),Option A,Option B,Option C,Option D,Option E,2,Consider Science principles at level 3
sci-l4-001,Science,4,What is a key concept in Science at level 4?,Option A,Option B,Option C,Option D,Option E,2,Consider Science principles at level 4
sci-l4-002,Science,4,What is a key concept in Science at level 4? (variation 1),Option A,Option B,Option C,Option D,Option E,2,Consider Science principles at level 4
sci-l4-003,Science,4,What is a key concept in Science at level 4? (variation 2),Option A,Option B,Option C,Option D,Option E,2,Consider Science principles at level 4
sci-l4-004,Science,4,What is a key concept in Science at level 4? (variation 3),Option A,Option C,Option B,Option D,Option E,1,Consider Science principles at level 4
sci-l4-005,Science,4,What is a key concept in Science at level 4? (variation 4),Option B,Option D,Option C,Option A,Option E,2,Consider Science principles at level 4
sci-l4-006,Science,4,What is a key concept in Science at level 4? (variation 5),Option A,Option B,Option C,Option D,Option E,2,Consider Science principles at level 4
sci-l4-007,Science,4,What is a key concept in Science at level 4? (variation 6),Option A,Option B,Option C,Option D,Option E,2,Consider Science principles at level 4
sci-l4-008,Science,4,What is a key concept in Science at level 4? (variation 7),Option C,Option B,Option A,Option E,Option D,0,Consider Science principles at level 4
sci-l4-009,Science,4,What is a key concept in Science at level 4? (variation 8),Option A,Option B,Option C,Option D,Option E,2,Consider Science principles at level 4
sci-l4-010,Science,4,What is a key concept in Science at level 4? (variation 9),Option A,Option D,Option C,Option B,Option E,2,Consider Science principles at level 4
sci-l4-011,Science,4,What is a key concept in Science at level 4? (variation 10),Option A,Option B,Option C,Option D,Option E,2,Consider Science principles at level 4
sci-l4-012,Science,4,What is a key concept in Science at level 4? (variation 11),Option A,Option B,Option C,Option D,Option E,2,Consider Science principles at level 4
sci-l4-013,Science,4,What is a key concept in Science at level 4? (variation 12),Option A,Option B,Option C,Option D,Option E,2,Consider Science principles at level 4
sci-l4-014,Science,4,What is a key concept in Science at level 4? (variation 13),Option A,Option B,Option C,Option D,Option E,2,Consider Science principles at level 4
sci-l4-015,Science,4,What is a key concept in Science at level 4? (variation 14),Option A,Option B,Option C,Option D,Option E,2,Consider Science principles at level 4
sci-l4-016,Science,4,What is a key concept in Science at level 4? (variation 15),Option A,Option B,Option C,Option D,Option E,2,Consider Science principles at level 4
sci-l4-017,Science,4,What is a key concept in Science at level 4? (variation 16),Option A,Option B,Option C,Option D,Option E,2,Consider Science principles at level 4
sci-l4-018,Science,4,What is a key concept in Science at level 4? (variation 17),Option A,Option B,Option C,Option D,Option E,2,Consider Science principles at level 4
sci-l4-019,Science,4,What is a key concept in Science at level 4? (variation 18),Option A,Option B,Option C,Option D,Option E,2,Consider Science principles at level 4
sci-l4-020,Science,4,What is a key concept in Science at level 4? (variation 19),Option E,Option D,Option A,Option C,Option B,3,Consider Science principles at level 4
sci-l4-021,Science,4,What is a key concept in Science at level 4? (variation 20),Option A,Option B,Option C,Option D,Option E,2,Consider Science principles at level 4
sci-l4-022,Science,4,What is a key concept in Science at level 4? (variation 21),Option A,Option B,Option C,Option D,Option E,2,Consider Science principles at level 4
sci-l4-023,Science,4,What is a key concept in Science at level 4? (variation 22),Option A,Option B,Option C,Option D,Option E,2,Consider Science principles at level 4
sci-l4-024,Science,4,What is a key concept in Science at level 4? (variation 23),Option E,Option A,Option C,Option D,Option B,2,Consider Science principles at level 4
sci-l4-025,Science,4,What is a key concept in Science at level 4? (variation 24),Option A,Option B,Option C,Option D,Option E,2,Consider Science principles at level 4
sci-l4-026,Science,4,What is a key concept in Science at level 4? (variation 25),Option A,Option B,Option C,Option D,Option E,2,Consider Science principles at level 4
sci-l4-027,Science,4,What is a key concept in Science at level 4? (variation 26),Option A,Option B,Option C,Option D,Option E,2,Consider Science principles at level 4
sci-l4-028,Science,4,What is a key concept in Science at level 4? (variation 27),Option E,Option B,Option D,Option A,Option C,4,Consider Science principles at level 4
sci-l4-029,Science,4,What is a key concept in Science at level 4? (variation 28),Option A,Option B,Option C,Option D,Option E,2,Consider Science principles at level 4
sci-l4-030,Science,4,What is a key concept in Science at level 4? (variation 29),Option B,Option A,Option C,Option E,Option D,2,Consider Science principles at level 4
sci-l4-031,Science,4,What is a key concept in Science at level 4? (variation 30),Option A,Option B,Option C,Option D,Option E,2,Consider Science principles at level 4
sci-l4-032,Science,4,What is a key concept in Science at level 4? (variation 31),Option A,Option B,Option C,Option D,Option E,2,Consider Science principles at level 4
sci-l4-033,Science,4,What is a key concept in Science at level 4? (variation 32),Option B,Option A,Option D,Option E,Option C,4,Consider Science principles at level 4
sci-l4-034,Science,4,What is a key concept in Science at level 4? (variation 33),Option E,Option B,Option D,Option C,Option A,3,Consider Science principles at level 4
sci-l4-035,Science,4,What is a key concept in Science at level 4? (variation 34),Option A,Option B,Option C,Option D,Option E,2,Consider Science principles at level 4
sci-l4-036,Science,4,What is a key concept in Science at level 4? (variation 35),Option A,Option B,Option C,Option D,Option E,2,Consider Science principles at level 4
sci-l4-037,Science,4,What is a key concept in Science at level 4? (variation 36),Option A,Option B,Option C,Option D,Option E,2,Consider Science principles at level 4
sci-l4-038,Science,4,What is a key concept in Science at level 4? (variation 37),Option C,Option D,Option A,Option E,Option B,0,Consider Science principles at level 4
sci-l4-039,Science,4,What is a key concept in Science at level 4? (variation 38),Option A,Option B,Option C,Option D,Option E,2,Consider Science principles at level 4
sci-l4-040,Science,4,What is a key concept in Science at level 4? (variation 39),Option A,Option B,Option C,Option D,Option E,2,Consider Science principles at level 4
sci-l4-041,Science,4,What is a key concept in Science at level 4? (variation 40),Option A,Option B,Option C,Option D,Option E,2,Consider Science principles at level 4
sci-l4-042,Science,4,What is a key concept in Science at level 4? (variation 41),Option B,Option E,Option D,Option A,Option C,4,Consider Science principles at level 4
sci-l4-043,Science,4,What is a key concept in Science at level 4? (variation 42),Option A,Option B,Option C,Option D,Option E,2,Consider Science principles at level 4
sci-l4-044,Science,4,What is a key concept in Science at level 4? (variation 43),Option A,Option B,Option C,Option D,Option E,2,Consider Science principles at level 4
sci-l4-045,Science,4,What is a key concept in Science at level 4? (variation 44),Option A,Option B,Option C,Option D,Option E,2,Consider Science principles at level 4
sci-l4-046,Science,4,What is a key concept in Science at level 4? (variation 45),Option A,Option B,Option C,Option D,Option E,2,Consider Science principles at level 4
sci-l4-047,Science,4,What is a key concept in Science at level 4? (variation 46),Option A,Option C,Option D,Option E,Option B,1,Consider Science principles at level 4
sci-l4-048,Science,4,What is a key concept in Science at level 4? (variation 47),Option A,Option B,Option C,Option D,Option E,2,Consider Science principles at level 4
sci-l4-049,Science,4,What is a key concept in Science at level 4? (variation 48),Option A,Option D,Option B,Option E,Option C,4,Consider Science principles at level 4
sci-l4-050,Science,4,What is a key concept in Science at level 4? (variation 49),Option A,Option B,Option C,Option D,Option E,2,Consider Science principles at level 4
sci-l4-051,Science,4,What is a key concept in Science at level 4? (variation 50),Option A,Option B,Option C,Option D,Option E,2,Consider Science principles at level 4
sci-l4-052,Science,4,What is a key concept in Science at level 4? (variation 51),Option A,Option B,Option C,Option D,Option E,2,Consider Science principles at level 4
sci-l4-053,Science,4,What is a key concept in Science at level 4? (variation 52),Option A,Option B,Option C,Option D,Option E,2,Consider Science principles at level 4
sci-l4-054,Science,4,What is a key concept in Science at level 4? (variation 53),Option A,Option B,Option C,Option D,Option E,2,Consider Science principles at level 4
sci-l4-055,Science,4,What is a key concept in Science at level 4? (variation 54),Option A,Option B,Option C,Option D,Option E,2,Consider Science principles at level 4
sci-l4-056,Science,4,What is a key concept in Science at level 4? (variation 55),Option A,Option B,Option C,Option D,Option E,2,Consider Science principles at level 4
sci-l4-057,Science,4,What is a key concept in Science at level 4? (variation 56),Option A,Option B,Option C,Option D,Option E,2,Consider Science principles at level 4
sci-l4-058,Science,4,What is a key concept in Science at level 4? (variation 57),Option A,Option B,Option C,Option D,Option E,2,Consider Science principles at level 4
sci-l4-059,Science,4,What is a key concept in Science at level 4? (variation 58),Option A,Option E,Option D,Option C,Option B,3,Consider Science principles at level 4
sci-l4-060,Science,4,What is a key concept in Science at level 4? (variation 59),Option A,Option B,Option C,Option D,Option E,2,Consider Science principles at level 4
sci-l4-061,Science,4,What is a key concept in Science at level 4? (variation 60),Option A,Option B,Option C,Option D,Option E,2,Consider Science principles at level 4
sci-l4-062,Science,4,What is a key concept in Science at level 4? (variation 61),Option A,Option B,Option C,Option D,Option E,2,Consider Science principles at level 4
sci-l4-063,Science,4,What is a key concept in Science at level 4? (variation 62),Option B,Option A,Option D,Option C,Option E,3,Consider Science principles at level 4
sci-l4-064,Science,4,What is a key concept in Science at level 4? (variation 63),Option D,Option E,Option A,Option B,Option C,4,Consider Science principles at level 4
sci-l4-065,Science,4,What is a key concept in Science at level 4? (variation 64),Option E,Option B,Option A,Option D,Option C,4,Consider Science principles at level 4
sci-l4-066,Science,4,What is a key concept in Science at level 4? (variation 65),Option A,Option B,Option C,Option D,Option E,2,Consider Science principles at level 4
sci-l4-067,Science,4,What is a key concept in Science at level 4? (variation 66),Option A,Option E,Option B,Option C,Option D,3,Consider Science principles at level 4
sci-l4-068,Science,4,What is a key concept in Science at level 4? (variation 67),Option B,Option E,Option D,Option A,Option C,4,Consider Science principles at level 4
sci-l4-069,Science,4,What is a key concept in Science at level 4? (variation 68),Option A,Option B,Option C,Option D,Option E,2,Consider Science principles at level 4
sci-l4-070,Science,4,What is a key concept in Science at level 4? (variation 69),Option E,Option D,Option A,Option C,Option B,3,Consider Science principles at level 4
sci-l4-071,Science,4,What is a key concept in Science at level 4? (variation 70),Option A,Option B,Option C,Option D,Option E,2,Consider Science principles at level 4
sci-l4-072,Science,4,What is a key concept in Science at level 4? (variation 71),Option A,Option B,Option C,Option D,Option E,2,Consider Science principles at level 4
sci-l4-073,Science,4,What is a key concept in Science at level 4? (variation 72),Option A,Option C,Option B,Option E,Option D,1,Consider Science principles at level 4
sci-l4-074,Science,4,What is a key concept in Science at level 4? (variation 73),Option A,Option B,Option C,Option D,Option E,2,Consider Science principles at level 4
sci-l4-075,Science,4,What is a key concept in Science at level 4? (variation 74),Option A,Option B,Option C,Option D,Option E,2,Consider Science principles at level 4
sci-l4-076,Science,4,What is a key concept in Science at level 4? (variation 75),Option A,Option B,Option C,Option D,Option E,2,Consider Science principles at level 4
sci-l4-077,Science,4,What is a key concept in Science at level 4? (variation 76),Option A,Option B,Option C,Option D,Option E,2,Consider Science principles at level 4
sci-l4-078,Science,4,What is a key concept in Science at level 4? (variation 77),Option A,Option B,Option C,Option D,Option E,2,Consider Science principles at level 4
sci-l4-079,Science,4,What is a key concept in Science at level 4? (variation 78),Option B,Option C,Option E,Option D,Option A,1,Consider Science principles at level 4
sci-l4-080,Science,4,What is a key concept in Science at level 4? (variation 79),Option A,Option B,Option C,Option D,Option E,2,Consider Science principles at level 4
sci-l4-081,Science,4,What is a key concept in Science at level 4? (variation 80),Option A,Option B,Option C,Option D,Option E,2,Consider Science principles at level 4
sci-l4-082,Science,4,What is a key concept in Science at level 4? (variation 81),Option A,Option B,Option C,Option D,Option E,2,Consider Science principles at level 4
sci-l4-083,Science,4,What is a key concept in Science at level 4? (variation 82),Option A,Option B,Option C,Option D,Option E,2,Consider Science principles at level 4
sci-l4-084,Science,4,What is a key concept in Science at level 4? (variation 83),Option B,Option D,Option C,Option A,Option E,2,Consider Science principles at level 4
sci-l4-085,Science,4,What is a key concept in Science at level 4? (variation 84),Option A,Option E,Option D,Option C,Option B,3,Consider Science principles at level 4
sci-l4-086,Science,4,What is a key concept in Science at level 4? (variation 85),Option B,Option D,Option A,Option E,Option C,4,Consider Science principles at level 4
sci-l4-087,Science,4,What is a key concept in Science at level 4? (variation 86),Option A,Option B,Option C,Option D,Option E,2,Consider Science principles at level 4
sci-l4-088,Science,4,What is a key concept in Science at level 4? (variation 87),Option A,Option B,Option C,Option D,Option E,2,Consider Science principles at level 4
sci-l4-089,Science,4,What is a key concept in Science at level 4? (variation 88),Option A,Option B,Option C,Option D,Option E,2,Consider Science principles at level 4
sci-l4-090,Science,4,What is a key concept in Science at level 4? (variation 89),Option A,Option B,Option C,Option D,Option E,2,Consider Science principles at level 4
sci-l4-091,Science,4,What is a key concept in Science at level 4? (variation 90),Option B,Option D,Option A,Option E,Option C,4,Consider Science principles at level 4
sci-l4-092,Science,4,What is a key concept in Science at level 4? (variation 91),Option A,Option D,Option E,Option C,Option B,3,Consider Science principles at level 4
sci-l4-093,Science,4,What is a key concept in Science at level 4? (variation 92),Option E,Option A,Option C,Option B,Option D,2,Consider Science principles at level 4
sci-l4-094,Science,4,What is a key concept in Science at level 4? (variation 93),Option E,Option D,Option C,Option A,Option B,2,Consider Science principles at level 4
sci-l4-095,Science,4,What is a key concept in Science at level 4? (variation 94),Option A,Option B,Option C,Option D,Option E,2,Consider Science principles at level 4
sci-l4-096,Science,4,What is a key concept in Science at level 4? (variation 95),Option A,Option B,Option C,Option D,Option E,2,Consider Science principles at level 4
sci-l4-097,Science,4,What is a key concept in Science at level 4? (variation 96),Option A,Option B,Option C,Option D,Option E,2,Consider Science principles at level 4
sci-l4-098,Science,4,What is a key concept in Science at level 4? (variation 97),Option B,Option A,Option E,Option C,Option D,3,Consider Science principles at level 4
sci-l4-099,Science,4,What is a key concept in Science at level 4? (variation 98),Option A,Option B,Option C,Option D,Option E,2,Consider Science principles at level 4
sci-l4-100,Science,4,What is a key concept in Science at level 4? (variation 99),Option A,Option B,Option C,Option D,Option E,2,Consider Science principles at level 4
sci-l5-001,Science,5,What is a key concept in Science at level 5?,Option D,Option B,Option A,Option E,Option C,4,Consider Science principles at level 5
sci-l5-002,Science,5,What is a key concept in Science at level 5? (variation 1),Option A,Option B,Option C,Option D,Option E,2,Consider Science principles at level 5
sci-l5-003,Science,5,What is a key concept in Science at level 5? (variation 2),Option A,Option B,Option C,Option D,Option E,2,Consider Science principles at level 5
sci-l5-004,Science,5,What is a key concept in Science at level 5? (variation 3),Option A,Option B,Option C,Option D,Option E,2,Consider Science principles at level 5
sci-l5-005,Science,5,What is a key concept in Science at level 5? (variation 4),Option A,Option B,Option C,Option D,Option E,2,Consider Science principles at level 5
sci-l5-006,Science,5,What is a key concept in Science at level 5? (variation 5),Option A,Option B,Option C,Option D,Option E,2,Consider Science principles at level 5
sci-l5-007,Science,5,What is a key concept in Science at level 5? (variation 6),Option A,Option B,Option C,Option D,Option E,2,Consider Science principles at level 5
sci-l5-008,Science,5,What is a key concept in Science at level 5? (variation 7),Option A,Option B,Option C,Option D,Option E,2,Consider Science principles at level 5
sci-l5-009,Science,5,What is a key concept in Science at level 5? (variation 8),Option A,Option B,Option C,Option D,Option E,2,Consider Science principles at level 5
sci-l5-010,Science,5,What is a key concept in Science at level 5? (variation 9),Option A,Option B,Option C,Option D,Option E,2,Consider Science principles at level 5
sci-l5-011,Science,5,What is a key concept in Science at level 5? (variation 10),Option A,Option B,Option C,Option D,Option E,2,Consider Science principles at level 5
sci-l5-012,Science,5,What is a key concept in Science at level 5? (variation 11),Option A,Option B,Option C,Option D,Option E,2,Consider Science principles at level 5
sci-l5-013,Science,5,What is a key concept in Science at level 5? (variation 12),Option A,Option B,Option C,Option D,Option E,2,Consider Science principles at level 5
sci-l5-014,Science,5,What is a key concept in Science at level 5? (variation 13),Option A,Option B,Option C,Option D,Option E,2,Consider Science principles at level 5
sci-l5-015,Science,5,What is a key concept in Science at level 5? (variation 14),Option A,Option B,Option C,Option D,Option E,2,Consider Science principles at level 5
sci-l5-016,Science,5,What is a key concept in Science at level 5? (variation 15),Option A,Option B,Option C,Option D,Option E,2,Consider Science principles at level 5
sci-l5-017,Science,5,What is a key concept in Science at level 5? (variation 16),Option A,Option B,Option C,Option D,Option E,2,Consider Science principles at level 5
sci-l5-018,Science,5,What is a key concept in Science at level 5? (variation 17),Option A,Option B,Option C,Option D,Option E,2,Consider Science principles at level 5
sci-l5-019,Science,5,What is a key concept in Science at level 5? (variation 18),Option D,Option A,Option E,Option C,Option B,3,Consider Science principles at level 5
sci-l5-020,Science,5,What is a key concept in Science at level 5? (variation 19),Option A,Option B,Option C,Option D,Option E,2,Consider Science principles at level 5
sci-l5-021,Science,5,What is a key concept in Science at level 5? (variation 20),Option A,Option B,Option C,Option D,Option E,2,Consider Science principles at level 5
sci-l5-022,Science,5,What is a key concept in Science at level 5? (variation 21),Option A,Option B,Option D,Option C,Option E,3,Consider Science principles at level 5
sci-l5-023,Science,5,What is a key concept in Science at level 5? (variation 22),Option C,Option E,Option B,Option D,Option A,0,Consider Science principles at level 5
sci-l5-024,Science,5,What is a key concept in Science at level 5? (variation 23),Option C,Option E,Option B,Option A,Option D,0,Consider Science principles at level 5
sci-l5-025,Science,5,What is a key concept in Science at level 5? (variation 24),Option A,Option B,Option C,Option D,Option E,2,Consider Science principles at level 5
sci-l5-026,Science,5,What is a key concept in Science at level 5? (variation 25),Option E,Option D,Option C,Option B,Option A,2,Consider Science principles at level 5
sci-l5-027,Science,5,What is a key concept in Science at level 5? (variation 26),Option D,Option A,Option E,Option C,Option B,3,Consider Science principles at level 5
sci-l5-028,Science,5,What is a key concept in Science at level 5? (variation 27),Option A,Option B,Option C,Option D,Option E,2,Consider Science principles at level 5
sci-l5-029,Science,5,What is a key concept in Science at level 5? (variation 28),Option B,Option A,Option E,Option D,Option C,4,Consider Science principles at level 5
sci-l5-030,Science,5,What is a key concept in Science at level 5? (variation 29),Option A,Option B,Option D,Option E,Option C,4,Consider Science principles at level 5
sci-l5-031,Science,5,What is a key concept in Science at level 5? (variation 30),Option A,Option B,Option C,Option D,Option E,2,Consider Science principles at level 5
sci-l5-032,Science,5,What is a key concept in Science at level 5? (variation 31),Option A,Option E,Option B,Option C,Option D,3,Consider Science principles at level 5
sci-l5-033,Science,5,What is a key concept in Science at level 5? (variation 32),Option A,Option B,Option C,Option D,Option E,2,Consider Science principles at level 5
sci-l5-034,Science,5,What is a key concept in Science at level 5? (variation 33),Option D,Option A,Option E,Option C,Option B,3,Consider Science principles at level 5
sci-l5-035,Science,5,What is a key concept in Science at level 5? (variation 34),Option A,Option B,Option C,Option D,Option E,2,Consider Science principles at level 5
sci-l5-036,Science,5,What is a key concept in Science at level 5? (variation 35),Option E,Option C,Option B,Option A,Option D,1,Consider Science principles at level 5
sci-l5-037,Science,5,What is a key concept in Science at level 5? (variation 36),Option A,Option B,Option C,Option D,Option E,2,Consider Science principles at level 5
sci-l5-038,Science,5,What is a key concept in Science at level 5? (variation 37),Option B,Option A,Option C,Option E,Option D,2,Consider Science principles at level 5
sci-l5-039,Science,5,What is a key concept in Science at level 5? (variation 38),Option A,Option B,Option C,Option D,Option E,2,Consider Science principles at level 5
sci-l5-040,Science,5,What is a key concept in Science at level 5? (variation 39),Option A,Option B,Option C,Option D,Option E,2,Consider Science principles at level 5
sci-l5-041,Science,5,What is a key concept in Science at level 5? (variation 40),Option D,Option A,Option B,Option C,Option E,3,Consider Science principles at level 5
sci-l5-042,Science,5,What is a key concept in Science at level 5? (variation 41),Option A,Option B,Option C,Option D,Option E,2,Consider Science principles at level 5
sci-l5-043,Science,5,What is a key concept in Science at level 5? (variation 42),Option A,Option B,Option C,Option D,Option E,2,Consider Science principles at level 5
sci-l5-044,Science,5,What is a key concept in Science at level 5? (variation 43),Option A,Option B,Option C,Option D,Option E,2,Consider Science principles at level 5
sci-l5-045,Science,5,What is a key concept in Science at level 5? (variation 44),Option A,Option B,Option C,Option D,Option E,2,Consider Science principles at level 5
sci-l5-046,Science,5,What is a key concept in Science at level 5? (variation 45),Option B,Option C,Option E,Option A,Option D,1,Consider Science principles at level 5
sci-l5-047,Science,5,What is a key concept in Science at level 5? (variation 46),Option A,Option B,Option C,Option D,Option E,2,Consider Science principles at level 5
sci-l5-048,Science,5,What is a key concept in Science at level 5? (variation 47),Option A,Option B,Option C,Option D,Option E,2,Consider Science principles at level 5
sci-l5-049,Science,5,What is a key concept in Science at level 5? (variation 48),Option D,Option C,Option E,Option B,Option A,1,Consider Science principles at level 5
sci-l5-050,Science,5,What is a key concept in Science at level 5? (variation 49),Option A,Option B,Option C,Option D,Option E,2,Consider Science principles at level 5
sci-l5-051,Science,5,What is a key concept in Science at level 5? (variation 50),Option A,Option B,Option C,Option D,Option E,2,Consider Science principles at level 5
sci-l5-052,Science,5,What is a key concept in Science at level 5? (variation 51),Option A,Option B,Option C,Option D,Option E,2,Consider Science principles at level 5
sci-l5-053,Science,5,What is a key concept in Science at level 5? (variation 52),Option A,Option B,Option C,Option D,Option E,2,Consider Science principles at level 5
sci-l5-054,Science,5,What is a key concept in Science at level 5? (variation 53),Option A,Option B,Option C,Option D,Option E,2,Consider Science principles at level 5
sci-l5-055,Science,5,What is a key concept in Science at level 5? (variation 54),Option E,Option D,Option C,Option A,Option B,2,Consider Science principles at level 5
sci-l5-056,Science,5,What is a key concept in Science at level 5? (variation 55),Option A,Option B,Option C,Option D,Option E,2,Consider Science principles at level 5
sci-l5-057,Science,5,What is a key concept in Science at level 5? (variation 56),Option A,Option B,Option C,Option D,Option E,2,Consider Science principles at level 5
sci-l5-058,Science,5,What is a key concept in Science at level 5? (variation 57),Option A,Option B,Option C,Option D,Option E,2,Consider Science principles at level 5
sci-l5-059,Science,5,What is a key concept in Science at level 5? (variation 58),Option D,Option E,Option C,Option A,Option B,2,Consider Science principles at level 5
sci-l5-060,Science,5,What is a key concept in Science at level 5? (variation 59),Option A,Option B,Option C,Option D,Option E,2,Consider Science principles at level 5
sci-l5-061,Science,5,What is a key concept in Science at level 5? (variation 60),Option A,Option B,Option C,Option D,Option E,2,Consider Science principles at level 5
sci-l5-062,Science,5,What is a key concept in Science at level 5? (variation 61),Option A,Option B,Option C,Option D,Option E,2,Consider Science principles at level 5
sci-l5-063,Science,5,What is a key concept in Science at level 5? (variation 62),Option B,Option A,Option C,Option E,Option D,2,Consider Science principles at level 5
sci-l5-064,Science,5,What is a key concept in Science at level 5? (variation 63),Option E,Option B,Option C,Option D,Option A,2,Consider Science principles at level 5
sci-l5-065,Science,5,What is a key concept in Science at level 5? (variation 64),Option A,Option B,Option C,Option D,Option E,2,Consider Science principles at level 5
sci-l5-066,Science,5,What is a key concept in Science at level 5? (variation 65),Option A,Option B,Option C,Option D,Option E,2,Consider Science principles at level 5
sci-l5-067,Science,5,What is a key concept in Science at level 5? (variation 66),Option A,Option B,Option C,Option D,Option E,2,Consider Science principles at level 5
sci-l5-068,Science,5,What is a key concept in Science at level 5? (variation 67),Option A,Option E,Option C,Option D,Option B,2,Consider Science principles at level 5
sci-l5-069,Science,5,What is a key concept in Science at level 5? (variation 68),Option A,Option B,Option C,Option D,Option E,2,Consider Science principles at level 5
sci-l5-070,Science,5,What is a key concept in Science at level 5? (variation 69),Option A,Option B,Option C,Option D,Option E,2,Consider Science principles at level 5
sci-l5-071,Science,5,What is a key concept in Science at level 5? (variation 70),Option A,Option B,Option C,Option D,Option E,2,Consider Science principles at level 5
sci-l5-072,Science,5,What is a key concept in Science at level 5? (variation 71),Option A,Option B,Option C,Option D,Option E,2,Consider Science principles at level 5
sci-l5-073,Science,5,What is a key concept in Science at level 5? (variation 72),Option A,Option B,Option C,Option D,Option E,2,Consider Science principles at level 5
sci-l5-074,Science,5,What is a key concept in Science at level 5? (variation 73),Option B,Option E,Option D,Option A,Option C,4,Consider Science principles at level 5
sci-l5-075,Science,5,What is a key concept in Science at level 5? (variation 74),Option A,Option B,Option C,Option D,Option E,2,Consider Science principles at level 5
sci-l5-076,Science,5,What is a key concept in Science at level 5? (variation 75),Option A,Option E,Option C,Option B,Option D,2,Consider Science principles at level 5
sci-l5-077,Science,5,What is a key concept in Science at level 5? (variation 76),Option E,Option A,Option B,Option C,Option D,3,Consider Science principles at level 5
sci-l5-078,Science,5,What is a key concept in Science at level 5? (variation 77),Option A,Option B,Option C,Option D,Option E,2,Consider Science principles at level 5
sci-l5-079,Science,5,What is a key concept in Science at level 5? (variation 78),Option A,Option D,Option B,Option E,Option C,4,Consider Science principles at level 5
sci-l5-080,Science,5,What is a key concept in Science at level 5? (variation 79),Option A,Option E,Option B,Option C,Option D,3,Consider Science principles at level 5
sci-l5-081,Science,5,What is a key concept in Science at level 5? (variation 80),Option A,Option B,Option C,Option D,Option E,2,Consider Science principles at level 5
sci-l5-082,Science,5,What is a key concept in Science at level 5? (variation 81),Option A,Option B,Option C,Option D,Option E,2,Consider Science principles at level 5
sci-l5-083,Science,5,What is a key concept in Science at level 5? (variation 82),Option A,Option D,Option C,Option B,Option E,2,Consider Science principles at level 5
sci-l5-084,Science,5,What is a key concept in Science at level 5? (variation 83),Option A,Option B,Option C,Option D,Option E,2,Consider Science principles at level 5
sci-l5-085,Science,5,What is a key concept in Science at level 5? (variation 84),Option A,Option B,Option C,Option D,Option E,2,Consider Science principles at level 5
sci-l5-086,Science,5,What is a key concept in Science at level 5? (variation 85),Option A,Option B,Option C,Option D,Option E,2,Consider Science principles at level 5
sci-l5-087,Science,5,What is a key concept in Science at level 5? (variation 86),Option A,Option B,Option C,Option D,Option E,2,Consider Science principles at level 5
sci-l5-088,Science,5,What is a key concept in Science at level 5? (variation 87),Option A,Option C,Option B,Option D,Option E,1,Consider Science principles at level 5
sci-l5-089,Science,5,What is a key concept in Science at level 5? (variation 88),Option C,Option A,Option D,Option B,Option E,0,Consider Science principles at level 5
sci-l5-090,Science,5,What is a key concept in Science at level 5? (variation 89),Option E,Option D,Option A,Option C,Option B,3,Consider Science principles at level 5
sci-l5-091,Science,5,What is a key concept in Science at level 5? (variation 90),Option D,Option B,Option E,Option C,Option A,3,Consider Science principles at level 5
sci-l5-092,Science,5,What is a key concept in Science at level 5? (variation 91),Option A,Option B,Option C,Option D,Option E,2,Consider Science principles at level 5
sci-l5-093,Science,5,What is a key concept in Science at level 5? (variation 92),Option B,Option C,Option D,Option A,Option E,1,Consider Science principles at level 5
sci-l5-094,Science,5,What is a key concept in Science at level 5? (variation 93),Option A,Option B,Option C,Option D,Option E,2,Consider Science principles at level 5
sci-l5-095,Science,5,What is a key concept in Science at level 5? (variation 94),Option A,Option B,Option C,Option D,Option E,2,Consider Science principles at level 5
sci-l5-096,Science,5,What is a key concept in Science at level 5? (variation 95),Option A,Option B,Option C,Option D,Option E,2,Consider Science principles at level 5
sci-l5-097,Science,5,What is a key concept in Science at level 5? (variation 96),Option A,Option B,Option C,Option D,Option E,2,Consider Science principles at level 5
sci-l5-098,Science,5,What is a key concept in Science at level 5? (variation 97),Option E,Option B,Option A,Option C,Option D,3,Consider Science principles at level 5
sci-l5-099,Science,5,What is a key concept in Science at level 5? (variation 98),Option A,Option B,Option C,Option D,Option E,2,Consider Science principles at level 5
sci-l5-100,Science,5,What is a key concept in Science at level 5? (variation 99),Option C,Option A,Option D,Option B,Option E,0,Consider Science principles at level 5
tech-l1-001,Technology,1,What is a key concept in Technology at level 1?,Option B,Option C,Option A,Option E,Option D,1,Consider Technology principles at level 1
tech-l1-002,Technology,1,What is a key concept in Technology at level 1? (variation 1),Option A,Option B,Option C,Option D,Option E,2,Consider Technology principles at level 1
tech-l1-003,Technology,1,What is a key concept in Technology at level 1? (variation 2),Option B,Option C,Option E,Option A,Option D,1,Consider Technology principles at level 1
tech-l1-004,Technology,1,What is a key concept in Technology at level 1? (variation 3),Option E,Option D,Option B,Option A,Option C,4,Consider Technology principles at level 1
tech-l1-005,Technology,1,What is a key concept in Technology at level 1? (variation 4),Option A,Option B,Option C,Option D,Option E,2,Consider Technology principles at level 1
tech-l1-006,Technology,1,What is a key concept in Technology at level 1? (variation 5),Option A,Option B,Option C,Option D,Option E,2,Consider Technology principles at level 1
tech-l1-007,Technology,1,What is a key concept in Technology at level 1? (variation 6),Option E,Option B,Option D,Option A,Option C,4,Consider Technology principles at level 1
tech-l1-008,Technology,1,What is a key concept in Technology at level 1? (variation 7),Option A,Option B,Option C,Option D,Option E,2,Consider Technology principles at level 1
tech-l1-009,Technology,1,What is a key concept in Technology at level 1? (variation 8),Option A,Option B,Option C,Option D,Option E,2,Consider Technology principles at level 1
tech-l1-010,Technology,1,What is a key concept in Technology at level 1? (variation 9),Option A,Option B,Option C,Option D,Option E,2,Consider Technology principles at level 1
tech-l1-011,Technology,1,What is a key concept in Technology at level 1? (variation 10),Option A,Option B,Option C,Option D,Option E,2,Consider Technology principles at level 1
tech-l1-012,Technology,1,What is a key concept in Technology at level 1? (variation 11),Option B,Option A,Option D,Option E,Option C,4,Consider Technology principles at level 1
tech-l1-013,Technology,1,What is a key concept in Technology at level 1? (variation 12),Option E,Option C,Option A,Option D,Option B,1,Consider Technology principles at level 1
tech-l1-014,Technology,1,What is a key concept in Technology at level 1? (variation 13),Option D,Option A,Option C,Option E,Option B,2,Consider Technology principles at level 1
tech-l1-015,Technology,1,What is a key concept in Technology at level 1? (variation 14),Option A,Option B,Option C,Option D,Option E,2,Consider Technology principles at level 1
tech-l1-016,Technology,1,What is a key concept in Technology at level 1? (variation 15),Option A,Option B,Option C,Option D,Option E,2,Consider Technology principles at level 1
tech-l1-017,Technology,1,What is a key concept in Technology at level 1? (variation 16),Option A,Option B,Option C,Option D,Option E,2,Consider Technology principles at level 1
tech-l1-018,Technology,1,What is a key concept in Technology at level 1? (variation 17),Option A,Option B,Option C,Option D,Option E,2,Consider Technology principles at level 1
tech-l1-019,Technology,1,What is a key concept in Technology at level 1? (variation 18),Option B,Option E,Option C,Option A,Option D,2,Consider Technology principles at level 1
tech-l1-020,Technology,1,What is a key concept in Technology at level 1? (variation 19),Option B,Option C,Option E,Option A,Option D,1,Consider Technology principles at level 1
tech-l1-021,Technology,1,What is a key concept in Technology at level 1? (variation 20),Option B,Option C,Option D,Option A,Option E,1,Consider Technology principles at level 1
tech-l1-022,Technology,1,What is a key concept in Technology at level 1? (variation 21),Option A,Option B,Option C,Option D,Option E,2,Consider Technology principles at level 1
tech-l1-023,Technology,1,What is a key concept in Technology at level 1? (variation 22),Option C,Option E,Option A,Option D,Option B,0,Consider Technology principles at level 1
tech-l1-024,Technology,1,What is a key concept in Technology at level 1? (variation 23),Option A,Option B,Option C,Option D,Option E,2,Consider Technology principles at level 1
tech-l1-025,Technology,1,What is a key concept in Technology at level 1? (variation 24),Option A,Option B,Option C,Option D,Option E,2,Consider Technology principles at level 1
tech-l1-026,Technology,1,What is a key concept in Technology at level 1? (variation 25),Option A,Option B,Option C,Option D,Option E,2,Consider Technology principles at level 1
tech-l1-027,Technology,1,What is a key concept in Technology at level 1? (variation 26),Option E,Option A,Option B,Option D,Option C,4,Consider Technology principles at level 1
tech-l1-028,Technology,1,What is a key concept in Technology at level 1? (variation 27),Option A,Option B,Option C,Option D,Option E,2,Consider Technology principles at level 1
tech-l1-029,Technology,1,What is a key concept in Technology at level 1? (variation 28),Option E,Option B,Option C,Option A,Option D,2,Consider Technology principles at level 1
tech-l1-030,Technology,1,What is a key concept in Technology at level 1? (variation 29),Option A,Option B,Option C,Option D,Option E,2,Consider Technology principles at level 1
tech-l1-031,Technology,1,What is a key concept in Technology at level 1? (variation 30),Option A,Option B,Option C,Option D,Option E,2,Consider Technology principles at level 1
tech-l1-032,Technology,1,What is a key concept in Technology at level 1? (variation 31),Option A,Option D,Option E,Option B,Option C,4,Consider Technology principles at level 1
tech-l1-033,Technology,1,What is a key concept in Technology at level 1? (variation 32),Option A,Option B,Option C,Option D,Option E,2,Consider Technology principles at level 1
tech-l1-034,Technology,1,What is a key concept in Technology at level 1? (variation 33),Option A,Option B,Option C,Option D,Option E,2,Consider Technology principles at level 1
tech-l1-035,Technology,1,What is a key concept in Technology at level 1? (variation 34),Option A,Option B,Option C,Option D,Option E,2,Consider Technology principles at level 1
tech-l1-036,Technology,1,What is a key concept in Technology at level 1? (variation 35),Option A,Option B,Option C,Option D,Option E,2,Consider Technology principles at level 1
tech-l1-037,Technology,1,What is a key concept in Technology at level 1? (variation 36),Option A,Option B,Option C,Option D,Option E,2,Consider Technology principles at level 1
tech-l1-038,Technology,1,What is a key concept in Technology at level 1? (variation 37),Option A,Option B,Option C,Option D,Option E,2,Consider Technology principles at level 1
tech-l1-039,Technology,1,What is a key concept in Technology at level 1? (variation 38),Option A,Option B,Option C,Option D,Option E,2,Consider Technology principles at level 1
tech-l1-040,Technology,1,What is a key concept in Technology at level 1? (variation 39),Option A,Option B,Option C,Option D,Option E,2,Consider Technology principles at level 1
tech-l1-041,Technology,1,What is a key concept in Technology at level 1? (variation 40),Option A,Option B,Option C,Option D,Option E,2,Consider Technology principles at level 1
tech-l1-042,Technology,1,What is a key concept in Technology at level 1? (variation 41),Option A,Option B,Option C,Option D,Option E,2,Consider Technology principles at level 1
tech-l1-043,Technology,1,What is a key concept in Technology at level 1? (variation 42),Option A,Option B,Option C,Option D,Option E,2,Consider Technology principles at level 1
tech-l1-044,Technology,1,What is a key concept in Technology at level 1? (variation 43),Option A,Option B,Option C,Option D,Option E,2,Consider Technology principles at level 1
tech-l1-045,Technology,1,What is a key concept in Technology at level 1? (variation 44),Option A,Option B,Option C,Option D,Option E,2,Consider Technology principles at level 1
tech-l1-046,Technology,1,What is a key concept in Technology at level 1? (variation 45),Option A,Option E,Option C,Option D,Option B,2,Consider Technology principles at level 1
tech-l1-047,Technology,1,What is a key concept in Technology at level 1? (variation 46),Option A,Option B,Option C,Option D,Option E,2,Consider Technology principles at level 1
tech-l1-048,Technology,1,What is a key concept in Technology at level 1? (variation 47),Option B,Option E,Option D,Option A,Option C,4,Consider Technology principles at level 1
tech-l1-049,Technology,1,What is a key concept in Technology at level 1? (variation 48),Option C,Option A,Option D,Option B,Option E,0,Consider Technology principles at level 1
tech-l1-050,Technology,1,What is a key concept in Technology at level 1? (variation 49),Option A,Option B,Option C,Option D,Option E,2,Consider Technology principles at level 1
tech-l1-051,Technology,1,What is a key concept in Technology at level 1? (variation 50),Option A,Option B,Option C,Option D,Option E,2,Consider Technology principles at level 1
tech-l1-052,Technology,1,What is a key concept in Technology at level 1? (variation 51),Option E,Option D,Option C,Option A,Option B,2,Consider Technology principles at level 1
tech-l1-053,Technology,1,What is a key concept in Technology at level 1? (variation 52),Option E,Option C,Option D,Option B,Option A,1,Consider Technology principles at level 1
tech-l1-054,Technology,1,What is a key concept in Technology at level 1? (variation 53),Option A,Option E,Option B,Option C,Option D,3,Consider Technology principles at level 1
tech-l1-055,Technology,1,What is a key concept in Technology at level 1? (variation 54),Option A,Option D,Option E,Option C,Option B,3,Consider Technology principles at level 1
tech-l1-056,Technology,1,What is a key concept in Technology at level 1? (variation 55),Option A,Option B,Option C,Option D,Option E,2,Consider Technology principles at level 1
tech-l1-057,Technology,1,What is a key concept in Technology at level 1? (variation 56),Option B,Option D,Option E,Option A,Option C,4,Consider Technology principles at level 1
tech-l1-058,Technology,1,What is a key concept in Technology at level 1? (variation 57),Option A,Option B,Option C,Option D,Option E,2,Consider Technology principles at level 1
tech-l1-059,Technology,1,What is a key concept in Technology at level 1? (variation 58),Option C,Option A,Option B,Option D,Option E,0,Consider Technology principles at level 1
tech-l1-060,Technology,1,What is a key concept in Technology at level 1? (variation 59),Option A,Option B,Option C,Option D,Option E,2,Consider Technology principles at level 1
tech-l1-061,Technology,1,What is a key concept in Technology at level 1? (variation 60),Option A,Option B,Option C,Option D,Option E,2,Consider Technology principles at level 1
tech-l1-062,Technology,1,What is a key concept in Technology at level 1? (variation 61),Option A,Option B,Option C,Option D,Option E,2,Consider Technology principles at level 1
tech-l1-063,Technology,1,What is a key concept in Technology at level 1? (variation 62),Option A,Option B,Option C,Option D,Option E,2,Consider Technology principles at level 1
tech-l1-064,Technology,1,What is a key concept in Technology at level 1? (variation 63),Option A,Option B,Option C,Option D,Option E,2,Consider Technology principles at level 1
tech-l1-065,Technology,1,What is a key concept in Technology at level 1? (variation 64),Option A,Option B,Option C,Option D,Option E,2,Consider Technology principles at level 1
tech-l1-066,Technology,1,What is a key concept in Technology at level 1? (variation 65),Option A,Option B,Option C,Option D,Option E,2,Consider Technology principles at level 1
tech-l1-067,Technology,1,What is a key concept in Technology at level 1? (variation 66),Option B,Option A,Option C,Option E,Option D,2,Consider Technology principles at level 1
tech-l1-068,Technology,1,What is a key concept in Technology at level 1? (variation 67),Option C,Option B,Option D,Option E,Option A,0,Consider Technology principles at level 1
tech-l1-069,Technology,1,What is a key concept in Technology at level 1? (variation 68),Option A,Option B,Option C,Option D,Option E,2,Consider Technology principles at level 1
tech-l1-070,Technology,1,What is a key concept in Technology at level 1? (variation 69),Option A,Option B,Option C,Option D,Option E,2,Consider Technology principles at level 1
tech-l1-071,Technology,1,What is a key concept in Technology at level 1? (variation 70),Option A,Option B,Option C,Option D,Option E,2,Consider Technology principles at level 1
tech-l1-072,Technology,1,What is a key concept in Technology at level 1? (variation 71),Option A,Option B,Option C,Option D,Option E,2,Consider Technology principles at level 1
tech-l1-073,Technology,1,What is a key concept in Technology at level 1? (variation 72),Option A,Option B,Option C,Option D,Option E,2,Consider Technology principles at level 1
tech-l1-074,Technology,1,What is a key concept in Technology at level 1? (variation 73),Option B,Option A,Option D,Option C,Option E,3,Consider Technology principles at level 1
tech-l1-075,Technology,1,What is a key concept in Technology at level 1? (variation 74),Option A,Option B,Option C,Option D,Option E,2,Consider Technology principles at level 1
tech-l1-076,Technology,1,What is a key concept in Technology at level 1? (variation 75),Option A,Option B,Option C,Option D,Option E,2,Consider Technology principles at level 1
tech-l1-077,Technology,1,What is a key concept in Technology at level 1? (variation 76),Option E,Option C,Option A,Option B,Option D,1,Consider Technology principles at level 1
tech-l1-078,Technology,1,What is a key concept in Technology at level 1? (variation 77),Option E,Option D,Option A,Option B,Option C,4,Consider Technology principles at level 1
tech-l1-079,Technology,1,What is a key concept in Technology at level 1? (variation 78),Option C,Option A,Option B,Option E,Option D,0,Consider Technology principles at level 1
tech-l1-080,Technology,1,What is a key concept in Technology at level 1? (variation 79),Option D,Option C,Option E,Option B,Option A,1,Consider Technology principles at level 1
tech-l1-081,Technology,1,What is a key concept in Technology at level 1? (variation 80),Option E,Option C,Option B,Option D,Option A,1,Consider Technology principles at level 1
tech-l1-082,Technology,1,What is a key concept in Technology at level 1? (variation 81),Option C,Option D,Option A,Option E,Option B,0,Consider Technology principles at level 1
tech-l1-083,Technology,1,What is a key concept in Technology at level 1? (variation 82),Option A,Option B,Option C,Option D,Option E,2,Consider Technology principles at level 1
tech-l1-084,Technology,1,What is a key concept in Technology at level 1? (variation 83),Option E,Option A,Option B,Option C,Option D,3,Consider Technology principles at level 1
tech-l1-085,Technology,1,What is a key concept in Technology at level 1? (variation 84),Option E,Option D,Option C,Option B,Option A,2,Consider Technology principles at level 1
tech-l1-086,Technology,1,What is a key concept in Technology at level 1? (variation 85),Option A,Option B,Option C,Option D,Option E,2,Consider Technology principles at level 1
tech-l1-087,Technology,1,What is a key concept in Technology at level 1? (variation 86),Option A,Option B,Option C,Option D,Option E,2,Consider Technology principles at level 1
tech-l1-088,Technology,1,What is a key concept in Technology at level 1? (variation 87),Option E,Option A,Option B,Option C,Option D,3,Consider Technology principles at level 1
tech-l1-089,Technology,1,What is a key concept in Technology at level 1? (variation 88),Option A,Option B,Option C,Option D,Option E,2,Consider Technology principles at level 1
tech-l1-090,Technology,1,What is a key concept in Technology at level 1? (variation 89),Option A,Option B,Option C,Option D,Option E,2,Consider Technology principles at level 1
tech-l1-091,Technology,1,What is a key concept in Technology at level 1? (variation 90),Option A,Option B,Option C,Option D,Option E,2,Consider Technology principles at level 1
tech-l1-092,Technology,1,What is a key concept in Technology at level 1? (variation 91),Option A,Option B,Option C,Option D,Option E,2,Consider Technology principles at level 1
tech-l1-093,Technology,1,What is a key concept in Technology at level 1? (variation 92),Option A,Option B,Option C,Option D,Option E,2,Consider Technology principles at level 1
tech-l1-094,Technology,1,What is a key concept in Technology at level 1? (variation 93),Option A,Option B,Option C,Option D,Option E,2,Consider Technology principles at level 1
tech-l1-095,Technology,1,What is a key concept in Technology at level 1? (variation 94),Option E,Option C,Option A,Option D,Option B,1,Consider Technology principles at level 1
tech-l1-096,Technology,1,What is a key concept in Technology at level 1? (variation 95),Option B,Option D,Option C,Option A,Option E,2,Consider Technology principles at level 1
tech-l1-097,Technology,1,What is a key concept in Technology at level 1? (variation 96),Option A,Option B,Option C,Option D,Option E,2,Consider Technology principles at level 1
tech-l1-098,Technology,1,What is a key concept in Technology at level 1? (variation 97),Option A,Option B,Option C,Option D,Option E,2,Consider Technology principles at level 1
tech-l1-099,Technology,1,What is a key concept in Technology at level 1? (variation 98),Option A,Option B,Option C,Option D,Option E,2,Consider Technology principles at level 1
tech-l1-100,Technology,1,What is a key concept in Technology at level 1? (variation 99),Option D,Option B,Option E,Option A,Option C,4,Consider Technology principles at level 1
tech-l2-001,Technology,2,What is a key concept in Technology at level 2?,Option E,Option D,Option B,Option A,Option C,4,Consider Technology principles at level 2
tech-l2-002,Technology,2,What is a key concept in Technology at level 2? (variation 1),Option A,Option B,Option C,Option D,Option E,2,Consider Technology principles at level 2
tech-l2-003,Technology,2,What is a key concept in Technology at level 2? (variation 2),Option A,Option B,Option C,Option D,Option E,2,Consider Technology principles at level 2
tech-l2-004,Technology,2,What is a key concept in Technology at level 2? (variation 3),Option A,Option B,Option C,Option D,Option E,2,Consider Technology principles at level 2
tech-l2-005,Technology,2,What is a key concept in Technology at level 2? (variation 4),Option A,Option B,Option C,Option D,Option E,2,Consider Technology principles at level 2
tech-l2-006,Technology,2,What is a key concept in Technology at level 2? (variation 5),Option A,Option D,Option B,Option E,Option C,4,Consider Technology principles at level 2
tech-l2-007,Technology,2,What is a key concept in Technology at level 2? (variation 6),Option B,Option A,Option C,Option E,Option D,2,Consider Technology principles at level 2
tech-l2-008,Technology,2,What is a key concept in Technology at level 2? (variation 7),Option A,Option B,Option C,Option D,Option E,2,Consider Technology principles at level 2
tech-l2-009,Technology,2,What is a key concept in Technology at level 2? (variation 8),Option C,Option D,Option E,Option B,Option A,0,Consider Technology principles at level 2
tech-l2-010,Technology,2,What is a key concept in Technology at level 2? (variation 9),Option A,Option B,Option C,Option D,Option E,2,Consider Technology principles at level 2
tech-l2-011,Technology,2,What is a key concept in Technology at level 2? (variation 10),Option D,Option C,Option E,Option B,Option A,1,Consider Technology principles at level 2
tech-l2-012,Technology,2,What is a key concept in Technology at level 2? (variation 11),Option A,Option B,Option C,Option D,Option E,2,Consider Technology principles at level 2
tech-l2-013,Technology,2,What is a key concept in Technology at level 2? (variation 12),Option A,Option B,Option C,Option D,Option E,2,Consider Technology principles at level 2
tech-l2-014,Technology,2,What is a key concept in Technology at level 2? (variation 13),Option A,Option B,Option C,Option D,Option E,2,Consider Technology principles at level 2
tech-l2-015,Technology,2,What is a key concept in Technology at level 2? (variation 14),Option A,Option B,Option C,Option D,Option E,2,Consider Technology principles at level 2
tech-l2-016,Technology,2,What is a key concept in Technology at level 2? (variation 15),Option E,Option B,Option C,Option A,Option D,2,Consider Technology principles at level 2
tech-l2-017,Technology,2,What is a key concept in Technology at level 2? (variation 16),Option B,Option E,Option C,Option D,Option A,2,Consider Technology principles at level 2
tech-l2-018,Technology,2,What is a key concept in Technology at level 2? (variation 17),Option A,Option B,Option C,Option D,Option E,2,Consider Technology principles at level 2
tech-l2-019,Technology,2,What is a key concept in Technology at level 2? (variation 18),Option A,Option B,Option C,Option D,Option E,2,Consider Technology principles at level 2
tech-l2-020,Technology,2,What is a key concept in Technology at level 2? (variation 19),Option A,Option B,Option C,Option D,Option E,2,Consider Technology principles at level 2
tech-l2-021,Technology,2,What is a key concept in Technology at level 2? (variation 20),Option A,Option B,Option C,Option D,Option E,2,Consider Technology principles at level 2
tech-l2-022,Technology,2,What is a key concept in Technology at level 2? (variation 21),Option D,Option E,Option A,Option B,Option C,4,Consider Technology principles at level 2
tech-l2-023,Technology,2,What is a key concept in Technology at level 2? (variation 22),Option D,Option E,Option B,Option A,Option C,4,Consider Technology principles at level 2
tech-l2-024,Technology,2,What is a key concept in Technology at level 2? (variation 23),Option A,Option B,Option C,Option D,Option E,2,Consider Technology principles at level 2
tech-l2-025,Technology,2,What is a key concept in Technology at level 2? (variation 24),Option A,Option B,Option C,Option D,Option E,2,Consider Technology principles at level 2
tech-l2-026,Technology,2,What is a key concept in Technology at level 2? (variation 25),Option A,Option B,Option C,Option D,Option E,2,Consider Technology principles at level 2
tech-l2-027,Technology,2,What is a key concept in Technology at level 2? (variation 26),Option A,Option B,Option E,Option C,Option D,3,Consider Technology principles at level 2
tech-l2-028,Technology,2,What is a key concept in Technology at level 2? (variation 27),Option A,Option B,Option C,Option D,Option E,2,Consider Technology principles at level 2
tech-l2-029,Technology,2,What is a key concept in Technology at level 2? (variation 28),Option A,Option B,Option C,Option D,Option E,2,Consider Technology principles at level 2
tech-l2-030,Technology,2,What is a key concept in Technology at level 2? (variation 29),Option A,Option B,Option C,Option D,Option E,2,Consider Technology principles at level 2
tech-l2-031,Technology,2,What is a key concept in Technology at level 2? (variation 30),Option A,Option B,Option C,Option D,Option E,2,Consider Technology principles at level 2
tech-l2-032,Technology,2,What is a key concept in Technology at level 2? (variation 31),Option A,Option B,Option C,Option D,Option E,2,Consider Technology principles at level 2
tech-l2-033,Technology,2,What is a key concept in Technology at level 2? (variation 32),Option A,Option B,Option C,Option D,Option E,2,Consider Technology principles at level 2
tech-l2-034,Technology,2,What is a key concept in Technology at level 2? (variation 33),Option A,Option B,Option C,Option D,Option E,2,Consider Technology principles at level 2
tech-l2-035,Technology,2,What is a key concept in Technology at level 2? (variation 34),Option A,Option B,Option C,Option D,Option E,2,Consider Technology principles at level 2
tech-l2-036,Technology,2,What is a key concept in Technology at level 2? (variation 35),Option A,Option B,Option C,Option D,Option E,2,Consider Technology principles at level 2
tech-l2-037,Technology,2,What is a key concept in Technology at level 2? (variation 36),Option A,Option B,Option C,Option D,Option E,2,Consider Technology principles at level 2
tech-l2-038,Technology,2,What is a key concept in Technology at level 2? (variation 37),Option A,Option B,Option C,Option D,Option E,2,Consider Technology principles at level 2
tech-l2-039,Technology,2,What is a key concept in Technology at level 2? (variation 38),Option A,Option B,Option C,Option D,Option E,2,Consider Technology principles at level 2
tech-l2-040,Technology,2,What is a key concept in Technology at level 2? (variation 39),Option A,Option B,Option C,Option D,Option E,2,Consider Technology principles at level 2
tech-l2-041,Technology,2,What is a key concept in Technology at level 2? (variation 40),Option E,Option A,Option C,Option D,Option B,2,Consider Technology principles at level 2
tech-l2-042,Technology,2,What is a key concept in Technology at level 2? (variation 41),Option A,Option B,Option C,Option D,Option E,2,Consider Technology principles at level 2
tech-l2-043,Technology,2,What is a key concept in Technology at level 2? (variation 42),Option A,Option B,Option C,Option D,Option E,2,Consider Technology principles at level 2
tech-l2-044,Technology,2,What is a key concept in Technology at level 2? (variation 43),Option A,Option B,Option C,Option D,Option E,2,Consider Technology principles at level 2
tech-l2-045,Technology,2,What is a key concept in Technology at level 2? (variation 44),Option A,Option B,Option C,Option D,Option E,2,Consider Technology principles at level 2
tech-l2-046,Technology,2,What is a key concept in Technology at level 2? (variation 45),Option A,Option B,Option C,Option D,Option E,2,Consider Technology principles at level 2
tech-l2-047,Technology,2,What is a key concept in Technology at level 2? (variation 46),Option A,Option B,Option C,Option D,Option E,2,Consider Technology principles at level 2
tech-l2-048,Technology,2,What is a key concept in Technology at level 2? (variation 47),Option A,Option B,Option C,Option D,Option E,2,Consider Technology principles at level 2
tech-l2-049,Technology,2,What is a key concept in Technology at level 2? (variation 48),Option A,Option B,Option C,Option D,Option E,2,Consider Technology principles at level 2
tech-l2-050,Technology,2,What is a key concept in Technology at level 2? (variation 49),Option E,Option C,Option B,Option D,Option A,1,Consider Technology principles at level 2
tech-l2-051,Technology,2,What is a key concept in Technology at level 2? (variation 50),Option C,Option D,Option E,Option B,Option A,0,Consider Technology principles at level 2
tech-l2-052,Technology,2,What is a key concept in Technology at level 2? (variation 51),Option A,Option B,Option C,Option D,Option E,2,Consider Technology principles at level 2
tech-l2-053,Technology,2,What is a key concept in Technology at level 2? (variation 52),Option A,Option B,Option C,Option D,Option E,2,Consider Technology principles at level 2
tech-l2-054,Technology,2,What is a key concept in Technology at level 2? (variation 53),Option D,Option E,Option B,Option C,Option A,3,Consider Technology principles at level 2
tech-l2-055,Technology,2,What is a key concept in Technology at level 2? (variation 54),Option D,Option C,Option E,Option A,Option B,1,Consider Technology principles at level 2
tech-l2-056,Technology,2,What is a key concept in Technology at level 2? (variation 55),Option A,Option B,Option C,Option D,Option E,2,Consider Technology principles at level 2
tech-l2-057,Technology,2,What is a key concept in Technology at level 2? (variation 56),Option A,Option B,Option C,Option D,Option E,2,Consider Technology principles at level 2
tech-l2-058,Technology,2,What is a key concept in Technology at level 2? (variation 57),Option A,Option B,Option C,Option D,Option E,2,Consider Technology principles at level 2
tech-l2-059,Technology,2,What is a key concept in Technology at level 2? (variation 58),Option A,Option B,Option C,Option D,Option E,2,Consider Technology principles at level 2
tech-l2-060,Technology,2,What is a key concept in Technology at level 2? (variation 59),Option A,Option B,Option C,Option D,Option E,2,Consider Technology principles at level 2
tech-l2-061,Technology,2,What is a key concept in Technology at level 2? (variation 60),Option E,Option B,Option A,Option C,Option D,3,Consider Technology principles at level 2
tech-l2-062,Technology,2,What is a key concept in Technology at level 2? (variation 61),Option D,Option E,Option B,Option C,Option A,3,Consider Technology principles at level 2
tech-l2-063,Technology,2,What is a key concept in Technology at level 2? (variation 62),Option A,Option B,Option C,Option D,Option E,2,Consider Technology principles at level 2
tech-l2-064,Technology,2,What is a key concept in Technology at level 2? (variation 63),Option A,Option B,Option C,Option D,Option E,2,Consider Technology principles at level 2
tech-l2-065,Technology,2,What is a key concept in Technology at level 2? (variation 64),Option A,Option B,Option C,Option D,Option E,2,Consider Technology principles at level 2
tech-l2-066,Technology,2,What is a key concept in Technology at level 2? (variation 65),Option A,Option B,Option E,Option D,Option C,4,Consider Technology principles at level 2
tech-l2-067,Technology,2,What is a key concept in Technology at level 2? (variation 66),Option D,Option B,Option A,Option E,Option C,4,Consider Technology principles at level 2
tech-l2-068,Technology,2,What is a key concept in Technology at level 2? (variation 67),Option A,Option B,Option C,Option D,Option E,2,Consider Technology principles at level 2
tech-l2-069,Technology,2,What is a key concept in Technology at level 2? (variation 68),Option A,Option B,Option C,Option D,Option E,2,Consider Technology principles at level 2
tech-l2-070,Technology,2,What is a key concept in Technology at level 2? (variation 69),Option A,Option B,Option C,Option D,Option E,2,Consider Technology principles at level 2
tech-l2-071,Technology,2,What is a key concept in Technology at level 2? (variation 70),Option A,Option B,Option C,Option D,Option E,2,Consider Technology principles at level 2
tech-l2-072,Technology,2,What is a key concept in Technology at level 2? (variation 71),Option A,Option B,Option C,Option D,Option E,2,Consider Technology principles at level 2
tech-l2-073,Technology,2,What is a key concept in Technology at level 2? (variation 72),Option E,Option D,Option C,Option A,Option B,2,Consider Technology principles at level 2
tech-l2-074,Technology,2,What is a key concept in Technology at level 2? (variation 73),Option A,Option B,Option C,Option D,Option E,2,Consider Technology principles at level 2
tech-l2-075,Technology,2,What is a key concept in Technology at level 2? (variation 74),Option A,Option B,Option C,Option D,Option E,2,Consider Technology principles at level 2
tech-l2-076,Technology,2,What is a key concept in Technology at level 2? (variation 75),Option A,Option B,Option C,Option D,Option E,2,Consider Technology principles at level 2
tech-l2-077,Technology,2,What is a key concept in Technology at level 2? (variation 76),Option A,Option B,Option C,Option D,Option E,2,Consider Technology principles at level 2
tech-l2-078,Technology,2,What is a key concept in Technology at level 2? (variation 77),Option A,Option E,Option B,Option D,Option C,4,Consider Technology principles at level 2
tech-l2-079,Technology,2,What is a key concept in Technology at level 2? (variation 78),Option A,Option B,Option C,Option D,Option E,2,Consider Technology principles at level 2
tech-l2-080,Technology,2,What is a key concept in Technology at level 2? (variation 79),Option D,Option A,Option B,Option E,Option C,4,Consider Technology principles at level 2
tech-l2-081,Technology,2,What is a key concept in Technology at level 2? (variation 80),Option A,Option B,Option C,Option D,Option E,2,Consider Technology principles at level 2
tech-l2-082,Technology,2,What is a key concept in Technology at level 2? (variation 81),Option A,Option B,Option C,Option D,Option E,2,Consider Technology principles at level 2
tech-l2-083,Technology,2,What is a key concept in Technology at level 2? (variation 82),Option A,Option B,Option C,Option D,Option E,2,Consider Technology principles at level 2
tech-l2-084,Technology,2,What is a key concept in Technology at level 2? (variation 83),Option E,Option C,Option A,Option B,Option D,1,Consider Technology principles at level 2
tech-l2-085,Technology,2,What is a key concept in Technology at level 2? (variation 84),Option A,Option B,Option C,Option D,Option E,2,Consider Technology principles at level 2
tech-l2-086,Technology,2,What is a key concept in Technology at level 2? (variation 85),Option A,Option B,Option C,Option D,Option E,2,Consider Technology principles at level 2
tech-l2-087,Technology,2,What is a key concept in Technology at level 2? (variation 86),Option A,Option B,Option C,Option D,Option E,2,Consider Technology principles at level 2
tech-l2-088,Technology,2,What is a key concept in Technology at level 2? (variation 87),Option E,Option D,Option A,Option C,Option B,3,Consider Technology principles at level 2
tech-l2-089,Technology,2,What is a key concept in Technology at level 2? (variation 88),Option B,Option E,Option D,Option C,Option A,3,Consider Technology principles at level 2
tech-l2-090,Technology,2,What is a key concept in Technology at level 2? (variation 89),Option B,Option D,Option E,Option A,Option C,4,Consider Technology principles at level 2
tech-l2-091,Technology,2,What is a key concept in Technology at level 2? (variation 90),Option C,Option A,Option B,Option D,Option E,0,Consider Technology principles at level 2
tech-l2-092,Technology,2,What is a key concept in Technology at level 2? (variation 91),Option A,Option B,Option C,Option D,Option E,2,Consider Technology principles at level 2
tech-l2-093,Technology,2,What is a key concept in Technology at level 2? (variation 92),Option A,Option B,Option C,Option D,Option E,2,Consider Technology principles at level 2
tech-l2-094,Technology,2,What is a key concept in Technology at level 2? (variation 93),Option A,Option B,Option C,Option D,Option E,2,Consider Technology principles at level 2
tech-l2-095,Technology,2,What is a key concept in Technology at level 2? (variation 94),Option A,Option B,Option C,Option D,Option E,2,Consider Technology principles at level 2
tech-l2-096,Technology,2,What is a key concept in Technology at level 2? (variation 95),Option B,Option E,Option C,Option A,Option D,2,Consider Technology principles at level 2
tech-l2-097,Technology,2,What is a key concept in Technology at level 2? (variation 96),Option A,Option B,Option C,Option D,Option E,2,Consider Technology principles at level 2
tech-l2-098,Technology,2,What is a key concept in Technology at level 2? (variation 97),Option A,Option B,Option C,Option D,Option E,2,Consider Technology principles at level 2
tech-l2-099,Technology,2,What is a key concept in Technology at level 2? (variation 98),Option A,Option B,Option C,Option D,Option E,2,Consider Technology principles at level 2
tech-l2-100,Technology,2,What is a key concept in Technology at level 2? (variation 99),Option A,Option B,Option C,Option D,Option E,2,Consider Technology principles at level 2
tech-l3-001,Technology,3,What is a key concept in Technology at level 3?,Option A,Option B,Option C,Option D,Option E,2,Consider Technology principles at level 3
tech-l3-002,Technology,3,What is a key concept in Technology at level 3? (variation 1),Option E,Option D,Option A,Option B,Option C,4,Consider Technology principles at level 3
tech-l3-003,Technology,3,What is a key concept in Technology at level 3? (variation 2),Option C,Option A,Option D,Option E,Option B,0,Consider Technology principles at level 3
tech-l3-004,Technology,3,What is a key concept in Technology at level 3? (variation 3),Option A,Option B,Option C,Option D,Option E,2,Consider Technology principles at level 3
tech-l3-005,Technology,3,What is a key concept in Technology at level 3? (variation 4),Option A,Option B,Option C,Option D,Option E,2,Consider Technology principles at level 3
tech-l3-006,Technology,3,What is a key concept in Technology at level 3? (variation 5),Option C,Option A,Option B,Option D,Option E,0,Consider Technology principles at level 3
tech-l3-007,Technology,3,What is a key concept in Technology at level 3? (variation 6),Option E,Option D,Option B,Option C,Option A,3,Consider Technology principles at level 3
tech-l3-008,Technology,3,What is a key concept in Technology at level 3? (variation 7),Option B,Option E,Option C,Option D,Option A,2,Consider Technology principles at level 3
tech-l3-009,Technology,3,What is a key concept in Technology at level 3? (variation 8),Option A,Option B,Option C,Option D,Option E,2,Consider Technology principles at level 3
tech-l3-010,Technology,3,What is a key concept in Technology at level 3? (variation 9),Option A,Option B,Option C,Option D,Option E,2,Consider Technology principles at level 3
tech-l3-011,Technology,3,What is a key concept in Technology at level 3? (variation 10),Option B,Option A,Option C,Option D,Option E,2,Consider Technology principles at level 3
tech-l3-012,Technology,3,What is a key concept in Technology at level 3? (variation 11),Option A,Option B,Option C,Option D,Option E,2,Consider Technology principles at level 3
tech-l3-013,Technology,3,What is a key concept in Technology at level 3? (variation 12),Option A,Option B,Option C,Option D,Option E,2,Consider Technology principles at level 3
tech-l3-014,Technology,3,What is a key concept in Technology at level 3? (variation 13),Option C,Option D,Option E,Option A,Option B,0,Consider Technology principles at level 3
tech-l3-015,Technology,3,What is a key concept in Technology at level 3? (variation 14),Option C,Option A,Option B,Option E,Option D,0,Consider Technology principles at level 3
tech-l3-016,Technology,3,What is a key concept in Technology at level 3? (variation 15),Option A,Option B,Option C,Option D,Option E,2,Consider Technology principles at level 3
tech-l3-017,Technology,3,What is a key concept in Technology at level 3? (variation 16),Option A,Option B,Option C,Option D,Option E,2,Consider Technology principles at level 3
tech-l3-018,Technology,3,What is a key concept in Technology at level 3? (variation 17),Option A,Option B,Option C,Option D,Option E,2,Consider Technology principles at level 3
tech-l3-019,Technology,3,What is a key concept in Technology at level 3? (variation 18),Option A,Option B,Option C,Option D,Option E,2,Consider Technology principles at level 3
tech-l3-020,Technology,3,What is a key concept in Technology at level 3? (variation 19),Option C,Option D,Option B,Option A,Option E,0,Consider Technology principles at level 3
tech-l3-021,Technology,3,What is a key concept in Technology at level 3? (variation 20),Option A,Option B,Option C,Option D,Option E,2,Consider Technology principles at level 3
tech-l3-022,Technology,3,What is a key concept in Technology at level 3? (variation 21),Option B,Option A,Option C,Option E,Option D,2,Consider Technology principles at level 3
tech-l3-023,Technology,3,What is a key concept in Technology at level 3? (variation 22),Option A,Option B,Option C,Option D,Option E,2,Consider Technology principles at level 3
tech-l3-024,Technology,3,What is a key concept in Technology at level 3? (variation 23),Option A,Option B,Option C,Option D,Option E,2,Consider Technology principles at level 3
tech-l3-025,Technology,3,What is a key concept in Technology at level 3? (variation 24),Option A,Option B,Option C,Option D,Option E,2,Consider Technology principles at level 3
tech-l3-026,Technology,3,What is a key concept in Technology at level 3? (variation 25),Option C,Option A,Option D,Option B,Option E,0,Consider Technology principles at level 3
tech-l3-027,Technology,3,What is a key concept in Technology at level 3? (variation 26),Option A,Option B,Option C,Option D,Option E,2,Consider Technology principles at level 3
tech-l3-028,Technology,3,What is a key concept in Technology at level 3? (variation 27),Option E,Option B,Option D,Option A,Option C,4,Consider Technology principles at level 3
tech-l3-029,Technology,3,What is a key concept in Technology at level 3? (variation 28),Option A,Option B,Option C,Option D,Option E,2,Consider Technology principles at level 3
tech-l3-030,Technology,3,What is a key concept in Technology at level 3? (variation 29),Option C,Option D,Option A,Option B,Option E,0,Consider Technology principles at level 3
tech-l3-031,Technology,3,What is a key concept in Technology at level 3? (variation 30),Option A,Option B,Option C,Option D,Option E,2,Consider Technology principles at level 3
tech-l3-032,Technology,3,What is a key concept in Technology at level 3? (variation 31),Option C,Option A,Option B,Option D,Option E,0,Consider Technology principles at level 3
tech-l3-033,Technology,3,What is a key concept in Technology at level 3? (variation 32),Option E,Option A,Option D,Option C,Option B,3,Consider Technology principles at level 3
tech-l3-034,Technology,3,What is a key concept in Technology at level 3? (variation 33),Option A,Option C,Option E,Option B,Option D,1,Consider Technology principles at level 3
tech-l3-035,Technology,3,What is a key concept in Technology at level 3? (variation 34),Option A,Option B,Option C,Option D,Option E,2,Consider Technology principles at level 3
tech-l3-036,Technology,3,What is a key concept in Technology at level 3? (variation 35),Option A,Option B,Option C,Option D,Option E,2,Consider Technology principles at level 3
tech-l3-037,Technology,3,What is a key concept in Technology at level 3? (variation 36),Option A,Option B,Option C,Option D,Option E,2,Consider Technology principles at level 3
tech-l3-038,Technology,3,What is a key concept in Technology at level 3? (variation 37),Option A,Option B,Option C,Option D,Option E,2,Consider Technology principles at level 3
tech-l3-039,Technology,3,What is a key concept in Technology at level 3? (variation 38),Option A,Option B,Option C,Option D,Option E,2,Consider Technology principles at level 3
tech-l3-040,Technology,3,What is a key concept in Technology at level 3? (variation 39),Option A,Option B,Option C,Option D,Option E,2,Consider Technology principles at level 3
tech-l3-041,Technology,3,What is a key concept in Technology at level 3? (variation 40),Option A,Option B,Option C,Option D,Option E,2,Consider Technology principles at level 3
tech-l3-042,Technology,3,What is a key concept in Technology at level 3? (variation 41),Option A,Option B,Option C,Option D,Option E,2,Consider Technology principles at level 3
tech-l3-043,Technology,3,What is a key concept in Technology at level 3? (variation 42),Option A,Option B,Option C,Option D,Option E,2,Consider Technology principles at level 3
tech-l3-044,Technology,3,What is a key concept in Technology at level 3? (variation 43),Option E,Option C,Option A,Option D,Option B,1,Consider Technology principles at level 3
tech-l3-045,Technology,3,What is a key concept in Technology at level 3? (variation 44),Option D,Option B,Option A,Option E,Option C,4,Consider Technology principles at level 3
tech-l3-046,Technology,3,What is a key concept in Technology at level 3? (variation 45),Option A,Option B,Option C,Option D,Option E,2,Consider Technology principles at level 3
tech-l3-047,Technology,3,What is a key concept in Technology at level 3? (variation 46),Option A,Option B,Option C,Option D,Option E,2,Consider Technology principles at level 3
tech-l3-048,Technology,3,What is a key concept in Technology at level 3? (variation 47),Option A,Option B,Option C,Option D,Option E,2,Consider Technology principles at level 3
tech-l3-049,Technology,3,What is a key concept in Technology at level 3? (variation 48),Option B,Option C,Option D,Option A,Option E,1,Consider Technology principles at level 3
tech-l3-050,Technology,3,What is a key concept in Technology at level 3? (variation 49),Option E,Option B,Option A,Option D,Option C,4,Consider Technology principles at level 3
tech-l3-051,Technology,3,What is a key concept in Technology at level 3? (variation 50),Option A,Option B,Option C,Option D,Option E,2,Consider Technology principles at level 3
tech-l3-052,Technology,3,What is a key concept in Technology at level 3? (variation 51),Option A,Option B,Option C,Option D,Option E,2,Consider Technology principles at level 3
tech-l3-053,Technology,3,What is a key concept in Technology at level 3? (variation 52),Option C,Option E,Option A,Option D,Option B,0,Consider Technology principles at level 3
tech-l3-054,Technology,3,What is a key concept in Technology at level 3? (variation 53),Option A,Option B,Option C,Option D,Option E,2,Consider Technology principles at level 3
tech-l3-055,Technology,3,What is a key concept in Technology at level 3? (variation 54),Option A,Option B,Option C,Option D,Option E,2,Consider Technology principles at level 3
tech-l3-056,Technology,3,What is a key concept in Technology at level 3? (variation 55),Option A,Option B,Option C,Option D,Option E,2,Consider Technology principles at level 3
tech-l3-057,Technology,3,What is a key concept in Technology at level 3? (variation 56),Option A,Option B,Option C,Option D,Option E,2,Consider Technology principles at level 3
tech-l3-058,Technology,3,What is a key concept in Technology at level 3? (variation 57),Option A,Option B,Option C,Option D,Option E,2,Consider Technology principles at level 3
tech-l3-059,Technology,3,What is a key concept in Technology at level 3? (variation 58),Option A,Option B,Option C,Option D,Option E,2,Consider Technology principles at level 3
tech-l3-060,Technology,3,What is a key concept in Technology at level 3? (variation 59),Option A,Option B,Option C,Option D,Option E,2,Consider Technology principles at level 3
tech-l3-061,Technology,3,What is a key concept in Technology at level 3? (variation 60),Option A,Option B,Option C,Option D,Option E,2,Consider Technology principles at level 3
tech-l3-062,Technology,3,What is a key concept in Technology at level 3? (variation 61),Option A,Option B,Option C,Option D,Option E,2,Consider Technology principles at level 3
tech-l3-063,Technology,3,What is a key concept in Technology at level 3? (variation 62),Option A,Option B,Option C,Option D,Option E,2,Consider Technology principles at level 3
tech-l3-064,Technology,3,What is a key concept in Technology at level 3? (variation 63),Option A,Option B,Option C,Option D,Option E,2,Consider Technology principles at level 3
tech-l3-065,Technology,3,What is a key concept in Technology at level 3? (variation 64),Option B,Option C,Option A,Option E,Option D,1,Consider Technology principles at level 3
tech-l3-066,Technology,3,What is a key concept in Technology at level 3? (variation 65),Option A,Option B,Option C,Option D,Option E,2,Consider Technology principles at level 3
tech-l3-067,Technology,3,What is a key concept in Technology at level 3? (variation 66),Option A,Option B,Option C,Option D,Option E,2,Consider Technology principles at level 3
tech-l3-068,Technology,3,What is a key concept in Technology at level 3? (variation 67),Option A,Option B,Option C,Option D,Option E,2,Consider Technology principles at level 3
tech-l3-069,Technology,3,What is a key concept in Technology at level 3? (variation 68),Option A,Option B,Option C,Option D,Option E,2,Consider Technology principles at level 3
tech-l3-070,Technology,3,What is a key concept in Technology at level 3? (variation 69),Option A,Option B,Option C,Option D,Option E,2,Consider Technology principles at level 3
tech-l3-071,Technology,3,What is a key concept in Technology at level 3? (variation 70),Option C,Option E,Option A,Option D,Option B,0,Consider Technology principles at level 3
tech-l3-072,Technology,3,What is a key concept in Technology at level 3? (variation 71),Option A,Option B,Option C,Option D,Option E,2,Consider Technology principles at level 3
tech-l3-073,Technology,3,What is a key concept in Technology at level 3? (variation 72),Option A,Option B,Option C,Option D,Option E,2,Consider Technology principles at level 3
tech-l3-074,Technology,3,What is a key concept in Technology at level 3? (variation 73),Option A,Option B,Option C,Option D,Option E,2,Consider Technology principles at level 3
tech-l3-075,Technology,3,What is a key concept in Technology at level 3? (variation 74),Option D,Option E,Option B,Option A,Option C,4,Consider Technology principles at level 3
tech-l3-076,Technology,3,What is a key concept in Technology at level 3? (variation 75),Option A,Option B,Option C,Option D,Option E,2,Consider Technology principles at level 3
tech-l3-077,Technology,3,What is a key concept in Technology at level 3? (variation 76),Option A,Option B,Option C,Option D,Option E,2,Consider Technology principles at level 3
tech-l3-078,Technology,3,What is a key concept in Technology at level 3? (variation 77),Option C,Option E,Option B,Option D,Option A,0,Consider Technology principles at level 3
tech-l3-079,Technology,3,What is a key concept in Technology at level 3? (variation 78),Option A,Option B,Option C,Option D,Option E,2,Consider Technology principles at level 3
tech-l3-080,Technology,3,What is a key concept in Technology at level 3? (variation 79),Option A,Option B,Option C,Option D,Option E,2,Consider Technology principles at level 3
tech-l3-081,Technology,3,What is a key concept in Technology at level 3? (variation 80),Option A,Option B,Option C,Option D,Option E,2,Consider Technology principles at level 3
tech-l3-082,Technology,3,What is a key concept in Technology at level 3? (variation 81),Option A,Option B,Option C,Option D,Option E,2,Consider Technology principles at level 3
tech-l3-083,Technology,3,What is a key concept in Technology at level 3? (variation 82),Option A,Option B,Option C,Option D,Option E,2,Consider Technology principles at level 3
tech-l3-084,Technology,3,What is a key concept in Technology at level 3? (variation 83),Option A,Option B,Option C,Option D,Option E,2,Consider Technology principles at level 3
tech-l3-085,Technology,3,What is a key concept in Technology at level 3? (variation 84),Option A,Option B,Option C,Option D,Option E,2,Consider Technology principles at level 3
tech-l3-086,Technology,3,What is a key concept in Technology at level 3? (variation 85),Option A,Option B,Option C,Option D,Option E,2,Consider Technology principles at level 3
tech-l3-087,Technology,3,What is a key concept in Technology at level 3? (variation 86),Option A,Option B,Option C,Option D,Option E,2,Consider Technology principles at level 3
tech-l3-088,Technology,3,What is a key concept in Technology at level 3? (variation 87),Option A,Option B,Option C,Option D,Option E,2,Consider Technology principles at level 3
tech-l3-089,Technology,3,What is a key concept in Technology at level 3? (variation 88),Option A,Option B,Option C,Option D,Option E,2,Consider Technology principles at level 3
tech-l3-090,Technology,3,What is a key concept in Technology at level 3? (variation 89),Option A,Option B,Option C,Option D,Option E,2,Consider Technology principles at level 3
tech-l3-091,Technology,3,What is a key concept in Technology at level 3? (variation 90),Option A,Option B,Option C,Option D,Option E,2,Consider Technology principles at level 3
tech-l3-092,Technology,3,What is a key concept in Technology at level 3? (variation 91),Option A,Option B,Option C,Option D,Option E,2,Consider Technology principles at level 3
tech-l3-093,Technology,3,What is a key concept in Technology at level 3? (variation 92),Option A,Option B,Option C,Option D,Option E,2,Consider Technology principles at level 3
tech-l3-094,Technology,3,What is a key concept in Technology at level 3? (variation 93),Option A,Option B,Option C,Option D,Option E,2,Consider Technology principles at level 3
tech-l3-095,Technology,3,What is a key concept in Technology at level 3? (variation 94),Option A,Option B,Option C,Option D,Option E,2,Consider Technology principles at level 3
tech-l3-096,Technology,3,What is a key concept in Technology at level 3? (variation 95),Option E,Option C,Option D,Option A,Option B,1,Consider Technology principles at level 3
tech-l3-097,Technology,3,What is a key concept in Technology at level 3? (variation 96),Option A,Option B,Option C,Option D,Option E,2,Consider Technology principles at level 3
tech-l3-098,Technology,3,What is a key concept in Technology at level 3? (variation 97),Option A,Option B,Option C,Option D,Option E,2,Consider Technology principles at level 3
tech-l3-099,Technology,3,What is a key concept in Technology at level 3? (variation 98),Option A,Option B,Option C,Option D,Option E,2,Consider Technology principles at level 3
tech-l3-100,Technology,3,What is a key concept in Technology at level 3? (variation 99),Option A,Option B,Option C,Option D,Option E,2,Consider Technology principles at level 3
tech-l4-001,Technology,4,What is a key concept in Technology at level 4?,Option A,Option B,Option C,Option D,Option E,2,Consider Technology principles at level 4
tech-l4-002,Technology,4,What is a key concept in Technology at level 4? (variation 1),Option C,Option D,Option A,Option B,Option E,0,Consider Technology principles at level 4
tech-l4-003,Technology,4,What is a key concept in Technology at level 4? (variation 2),Option A,Option B,Option C,Option D,Option E,2,Consider Technology principles at level 4
tech-l4-004,Technology,4,What is a key concept in Technology at level 4? (variation 3),Option D,Option B,Option A,Option C,Option E,3,Consider Technology principles at level 4
tech-l4-005,Technology,4,What is a key concept in Technology at level 4? (variation 4),Option D,Option C,Option B,Option A,Option E,1,Consider Technology principles at level 4
tech-l4-006,Technology,4,What is a key concept in Technology at level 4? (variation 5),Option A,Option B,Option C,Option D,Option E,2,Consider Technology principles at level 4
tech-l4-007,Technology,4,What is a key concept in Technology at level 4? (variation 6),Option B,Option A,Option D,Option C,Option E,3,Consider Technology principles at level 4
tech-l4-008,Technology,4,What is a key concept in Technology at level 4? (variation 7),Option A,Option B,Option C,Option D,Option E,2,Consider Technology principles at level 4
tech-l4-009,Technology,4,What is a key concept in Technology at level 4? (variation 8),Option A,Option C,Option B,Option E,Option D,1,Consider Technology principles at level 4
tech-l4-010,Technology,4,What is a key concept in Technology at level 4? (variation 9),Option A,Option B,Option C,Option D,Option E,2,Consider Technology principles at level 4
tech-l4-011,Technology,4,What is a key concept in Technology at level 4? (variation 10),Option A,Option C,Option D,Option E,Option B,1,Consider Technology principles at level 4
tech-l4-012,Technology,4,What is a key concept in Technology at level 4? (variation 11),Option A,Option B,Option C,Option D,Option E,2,Consider Technology principles at level 4
tech-l4-013,Technology,4,What is a key concept in Technology at level 4? (variation 12),Option A,Option B,Option C,Option D,Option E,2,Consider Technology principles at level 4
tech-l4-014,Technology,4,What is a key concept in Technology at level 4? (variation 13),Option A,Option B,Option C,Option D,Option E,2,Consider Technology principles at level 4
tech-l4-015,Technology,4,What is a key concept in Technology at level 4? (variation 14),Option A,Option B,Option C,Option D,Option E,2,Consider Technology principles at level 4
tech-l4-016,Technology,4,What is a key concept in Technology at level 4? (variation 15),Option A,Option B,Option C,Option D,Option E,2,Consider Technology principles at level 4
tech-l4-017,Technology,4,What is a key concept in Technology at level 4? (variation 16),Option A,Option D,Option C,Option E,Option B,2,Consider Technology principles at level 4
tech-l4-018,Technology,4,What is a key concept in Technology at level 4? (variation 17),Option A,Option B,Option C,Option D,Option E,2,Consider Technology principles at level 4
tech-l4-019,Technology,4,What is a key concept in Technology at level 4? (variation 18),Option A,Option B,Option C,Option D,Option E,2,Consider Technology principles at level 4
tech-l4-020,Technology,4,What is a key concept in Technology at level 4? (variation 19),Option A,Option B,Option C,Option D,Option E,2,Consider Technology principles at level 4
tech-l4-021,Technology,4,What is a key concept in Technology at level 4? (variation 20),Option A,Option B,Option C,Option D,Option E,2,Consider Technology principles at level 4
tech-l4-022,Technology,4,What is a key concept in Technology at level 4? (variation 21),Option A,Option B,Option C,Option D,Option E,2,Consider Technology principles at level 4
tech-l4-023,Technology,4,What is a key concept in Technology at level 4? (variation 22),Option B,Option A,Option E,Option C,Option D,3,Consider Technology principles at level 4
tech-l4-024,Technology,4,What is a key concept in Technology at level 4? (variation 23),Option A,Option B,Option C,Option D,Option E,2,Consider Technology principles at level 4
tech-l4-025,Technology,4,What is a key concept in Technology at level 4? (variation 24),Option E,Option A,Option D,Option B,Option C,4,Consider Technology principles at level 4
tech-l4-026,Technology,4,What is a key concept in Technology at level 4? (variation 25),Option A,Option B,Option C,Option D,Option E,2,Consider Technology principles at level 4
tech-l4-027,Technology,4,What is a key concept in Technology at level 4? (variation 26),Option A,Option B,Option C,Option D,Option E,2,Consider Technology principles at level 4
tech-l4-028,Technology,4,What is a key concept in Technology at level 4? (variation 27),Option A,Option B,Option C,Option D,Option E,2,Consider Technology principles at level 4
tech-l4-029,Technology,4,What is a key concept in Technology at level 4? (variation 28),Option C,Option D,Option E,Option A,Option B,0,Consider Technology principles at level 4
tech-l4-030,Technology,4,What is a key concept in Technology at level 4? (variation 29),Option A,Option B,Option C,Option D,Option E,2,Consider Technology principles at level 4
tech-l4-031,Technology,4,What is a key concept in Technology at level 4? (variation 30),Option A,Option B,Option C,Option D,Option E,2,Consider Technology principles at level 4
tech-l4-032,Technology,4,What is a key concept in Technology at level 4? (variation 31),Option A,Option D,Option E,Option B,Option C,4,Consider Technology principles at level 4
tech-l4-033,Technology,4,What is a key concept in Technology at level 4? (variation 32),Option A,Option B,Option C,Option D,Option E,2,Consider Technology principles at level 4
tech-l4-034,Technology,4,What is a key concept in Technology at level 4? (variation 33),Option A,Option B,Option C,Option D,Option E,2,Consider Technology principles at level 4
tech-l4-035,Technology,4,What is a key concept in Technology at level 4? (variation 34),Option A,Option B,Option C,Option D,Option E,2,Consider Technology principles at level 4
tech-l4-036,Technology,4,What is a key concept in Technology at level 4? (variation 35),Option C,Option B,Option E,Option D,Option A,0,Consider Technology principles at level 4
tech-l4-037,Technology,4,What is a key concept in Technology at level 4? (variation 36),Option A,Option B,Option C,Option D,Option E,2,Consider Technology principles at level 4
tech-l4-038,Technology,4,What is a key concept in Technology at level 4? (variation 37),Option A,Option B,Option C,Option D,Option E,2,Consider Technology principles at level 4
tech-l4-039,Technology,4,What is a key concept in Technology at level 4? (variation 38),Option E,Option C,Option A,Option B,Option D,1,Consider Technology principles at level 4
tech-l4-040,Technology,4,What is a key concept in Technology at level 4? (variation 39),Option A,Option B,Option C,Option D,Option E,2,Consider Technology principles at level 4
tech-l4-041,Technology,4,What is a key concept in Technology at level 4? (variation 40),Option B,Option C,Option A,Option E,Option D,1,Consider Technology principles at level 4
tech-l4-042,Technology,4,What is a key concept in Technology at level 4? (variation 41),Option D,Option B,Option C,Option A,Option E,2,Consider Technology principles at level 4
tech-l4-043,Technology,4,What is a key concept in Technology at level 4? (variation 42),Option A,Option B,Option C,Option D,Option E,2,Consider Technology principles at level 4
tech-l4-044,Technology,4,What is a key concept in Technology at level 4? (variation 43),Option A,Option B,Option E,Option D,Option C,4,Consider Technology principles at level 4
tech-l4-045,Technology,4,What is a key concept in Technology at level 4? (variation 44),Option A,Option B,Option C,Option E,Option D,2,Consider Technology principles at level 4
tech-l4-046,Technology,4,What is a key concept in Technology at level 4? (variation 45),Option A,Option B,Option C,Option D,Option E,2,Consider Technology principles at level 4
tech-l4-047,Technology,4,What is a key concept in Technology at level 4? (variation 46),Option A,Option B,Option C,Option D,Option E,2,Consider Technology principles at level 4
tech-l4-048,Technology,4,What is a key concept in Technology at level 4? (variation 47),Option C,Option A,Option D,Option B,Option E,0,Consider Technology principles at level 4
tech-l4-049,Technology,4,What is a key concept in Technology at level 4? (variation 48),Option A,Option B,Option C,Option D,Option E,2,Consider Technology principles at level 4
tech-l4-050,Technology,4,What is a key concept in Technology at level 4? (variation 49),Option A,Option B,Option C,Option D,Option E,2,Consider Technology principles at level 4
tech-l4-051,Technology,4,What is a key concept in Technology at level 4? (variation 50),Option D,Option E,Option C,Option B,Option A,2,Consider Technology principles at level 4
tech-l4-052,Technology,4,What is a key concept in Technology at level 4? (variation 51),Option A,Option B,Option C,Option D,Option E,2,Consider Technology principles at level 4
tech-l4-053,Technology,4,What is a key concept in Technology at level 4? (variation 52),Option A,Option B,Option C,Option D,Option E,2,Consider Technology principles at level 4
tech-l4-054,Technology,4,What is a key concept in Technology at level 4? (variation 53),Option E,Option C,Option B,Option D,Option A,1,Consider Technology principles at level 4
tech-l4-055,Technology,4,What is a key concept in Technology at level 4? (variation 54),Option C,Option A,Option B,Option E,Option D,0,Consider Technology principles at level 4
tech-l4-056,Technology,4,What is a key concept in Technology at level 4? (variation 55),Option E,Option C,Option B,Option A,Option D,1,Consider Technology principles at level 4
tech-l4-057,Technology,4,What is a key concept in Technology at level 4? (variation 56),Option E,Option C,Option B,Option D,Option A,1,Consider Technology principles at level 4
tech-l4-058,Technology,4,What is a key concept in Technology at level 4? (variation 57),Option A,Option B,Option C,Option D,Option E,2,Consider Technology principles at level 4
tech-l4-059,Technology,4,What is a key concept in Technology at level 4? (variation 58),Option A,Option B,Option C,Option D,Option E,2,Consider Technology principles at level 4
tech-l4-060,Technology,4,What is a key concept in Technology at level 4? (variation 59),Option A,Option B,Option C,Option D,Option E,2,Consider Technology principles at level 4
tech-l4-061,Technology,4,What is a key concept in Technology at level 4? (variation 60),Option A,Option B,Option C,Option D,Option E,2,Consider Technology principles at level 4
tech-l4-062,Technology,4,What is a key concept in Technology at level 4? (variation 61),Option A,Option B,Option C,Option D,Option E,2,Consider Technology principles at level 4
tech-l4-063,Technology,4,What is a key concept in Technology at level 4? (variation 62),Option A,Option B,Option C,Option D,Option E,2,Consider Technology principles at level 4
tech-l4-064,Technology,4,What is a key concept in Technology at level 4? (variation 63),Option A,Option B,Option C,Option D,Option E,2,Consider Technology principles at level 4
tech-l4-065,Technology,4,What is a key concept in Technology at level 4? (variation 64),Option A,Option B,Option C,Option D,Option E,2,Consider Technology principles at level 4
tech-l4-066,Technology,4,What is a key concept in Technology at level 4? (variation 65),Option A,Option B,Option C,Option D,Option E,2,Consider Technology principles at level 4
tech-l4-067,Technology,4,What is a key concept in Technology at level 4? (variation 66),Option A,Option B,Option C,Option D,Option E,2,Consider Technology principles at level 4
tech-l4-068,Technology,4,What is a key concept in Technology at level 4? (variation 67),Option A,Option B,Option C,Option D,Option E,2,Consider Technology principles at level 4
tech-l4-069,Technology,4,What is a key concept in Technology at level 4? (variation 68),Option B,Option D,Option A,Option C,Option E,3,Consider Technology principles at level 4
tech-l4-070,Technology,4,What is a key concept in Technology at level 4? (variation 69),Option E,Option C,Option B,Option D,Option A,1,Consider Technology principles at level 4
tech-l4-071,Technology,4,What is a key concept in Technology at level 4? (variation 70),Option A,Option B,Option C,Option D,Option E,2,Consider Technology principles at level 4
tech-l4-072,Technology,4,What is a key concept in Technology at level 4? (variation 71),Option C,Option B,Option D,Option A,Option E,0,Consider Technology principles at level 4
tech-l4-073,Technology,4,What is a key concept in Technology at level 4? (variation 72),Option E,Option C,Option A,Option D,Option B,1,Consider Technology principles at level 4
tech-l4-074,Technology,4,What is a key concept in Technology at level 4? (variation 73),Option A,Option B,Option C,Option D,Option E,2,Consider Technology principles at level 4
tech-l4-075,Technology,4,What is a key concept in Technology at level 4? (variation 74),Option A,Option B,Option C,Option D,Option E,2,Consider Technology principles at level 4
tech-l4-076,Technology,4,What is a key concept in Technology at level 4? (variation 75),Option A,Option B,Option C,Option D,Option E,2,Consider Technology principles at level 4
tech-l4-077,Technology,4,What is a key concept in Technology at level 4? (variation 76),Option C,Option A,Option E,Option D,Option B,0,Consider Technology principles at level 4
tech-l4-078,Technology,4,What is a key concept in Technology at level 4? (variation 77),Option A,Option B,Option C,Option D,Option E,2,Consider Technology principles at level 4
tech-l4-079,Technology,4,What is a key concept in Technology at level 4? (variation 78),Option A,Option B,Option C,Option D,Option E,2,Consider Technology principles at level 4
tech-l4-080,Technology,4,What is a key concept in Technology at level 4? (variation 79),Option C,Option D,Option A,Option B,Option E,0,Consider Technology principles at level 4
tech-l4-081,Technology,4,What is a key concept in Technology at level 4? (variation 80),Option A,Option B,Option C,Option D,Option E,2,Consider Technology principles at level 4
tech-l4-082,Technology,4,What is a key concept in Technology at level 4? (variation 81),Option E,Option C,Option D,Option B,Option A,1,Consider Technology principles at level 4
tech-l4-083,Technology,4,What is a key concept in Technology at level 4? (variation 82),Option B,Option E,Option A,Option C,Option D,3,Consider Technology principles at level 4
tech-l4-084,Technology,4,What is a key concept in Technology at level 4? (variation 83),Option A,Option B,Option C,Option D,Option E,2,Consider Technology principles at level 4
tech-l4-085,Technology,4,What is a key concept in Technology at level 4? (variation 84),Option C,Option D,Option A,Option B,Option E,0,Consider Technology principles at level 4
tech-l4-086,Technology,4,What is a key concept in Technology at level 4? (variation 85),Option E,Option A,Option C,Option D,Option B,2,Consider Technology principles at level 4
tech-l4-087,Technology,4,What is a key concept in Technology at level 4? (variation 86),Option A,Option B,Option C,Option D,Option E,2,Consider Technology principles at level 4
tech-l4-088,Technology,4,What is a key concept in Technology at level 4? (variation 87),Option E,Option A,Option B,Option C,Option D,3,Consider Technology principles at level 4
tech-l4-089,Technology,4,What is a key concept in Technology at level 4? (variation 88),Option A,Option B,Option C,Option D,Option E,2,Consider Technology principles at level 4
tech-l4-090,Technology,4,What is a key concept in Technology at level 4? (variation 89),Option A,Option B,Option C,Option D,Option E,2,Consider Technology principles at level 4
tech-l4-091,Technology,4,What is a key concept in Technology at level 4? (variation 90),Option A,Option B,Option C,Option D,Option E,2,Consider Technology principles at level 4
tech-l4-092,Technology,4,What is a key concept in Technology at level 4? (variation 91),Option A,Option B,Option C,Option D,Option E,2,Consider Technology principles at level 4
tech-l4-093,Technology,4,What is a key concept in Technology at level 4? (variation 92),Option A,Option B,Option C,Option D,Option E,2,Consider Technology principles at level 4
tech-l4-094,Technology,4,What is a key concept in Technology at level 4? (variation 93),Option A,Option B,Option C,Option D,Option E,2,Consider Technology principles at level 4
tech-l4-095,Technology,4,What is a key concept in Technology at level 4? (variation 94),Option A,Option B,Option C,Option D,Option E,2,Consider Technology principles at level 4
tech-l4-096,Technology,4,What is a key concept in Technology at level 4? (variation 95),Option A,Option B,Option C,Option D,Option E,2,Consider Technology principles at level 4
tech-l4-097,Technology,4,What is a key concept in Technology at level 4? (variation 96),Option A,Option B,Option C,Option D,Option E,2,Consider Technology principles at level 4
tech-l4-098,Technology,4,What is a key concept in Technology at level 4? (variation 97),Option E,Option B,Option D,Option A,Option C,4,Consider Technology principles at level 4
tech-l4-099,Technology,4,What is a key concept in Technology at level 4? (variation 98),Option A,Option B,Option C,Option D,Option E,2,Consider Technology principles at level 4
tech-l4-100,Technology,4,What is a key concept in Technology at level 4? (variation 99),Option A,Option B,Option C,Option D,Option E,2,Consider Technology principles at level 4
tech-l5-001,Technology,5,What is a key concept in Technology at level 5?,Option A,Option B,Option C,Option D,Option E,2,Consider Technology principles at level 5
tech-l5-002,Technology,5,What is a key concept in Technology at level 5? (variation 1),Option A,Option B,Option C,Option D,Option E,2,Consider Technology principles at level 5
tech-l5-003,Technology,5,What is a key concept in Technology at level 5? (variation 2),Option A,Option B,Option C,Option D,Option E,2,Consider Technology principles at level 5
tech-l5-004,Technology,5,What is a key concept in Technology at level 5? (variation 3),Option A,Option B,Option C,Option D,Option E,2,Consider Technology principles at level 5
tech-l5-005,Technology,5,What is a key concept in Technology at level 5? (variation 4),Option A,Option B,Option C,Option D,Option E,2,Consider Technology principles at level 5
tech-l5-006,Technology,5,What is a key concept in Technology at level 5? (variation 5),Option B,Option A,Option E,Option D,Option C,4,Consider Technology principles at level 5
tech-l5-007,Technology,5,What is a key concept in Technology at level 5? (variation 6),Option A,Option E,Option D,Option B,Option C,4,Consider Technology principles at level 5
tech-l5-008,Technology,5,What is a key concept in Technology at level 5? (variation 7),Option E,Option C,Option A,Option D,Option B,1,Consider Technology principles at level 5
tech-l5-009,Technology,5,What is a key concept in Technology at level 5? (variation 8),Option A,Option B,Option C,Option D,Option E,2,Consider Technology principles at level 5
tech-l5-010,Technology,5,What is a key concept in Technology at level 5? (variation 9),Option A,Option B,Option C,Option D,Option E,2,Consider Technology principles at level 5
tech-l5-011,Technology,5,What is a key concept in Technology at level 5? (variation 10),Option E,Option A,Option B,Option D,Option C,4,Consider Technology principles at level 5
tech-l5-012,Technology,5,What is a key concept in Technology at level 5? (variation 11),Option B,Option A,Option E,Option D,Option C,4,Consider Technology principles at level 5
tech-l5-013,Technology,5,What is a key concept in Technology at level 5? (variation 12),Option A,Option B,Option C,Option D,Option E,2,Consider Technology principles at level 5
tech-l5-014,Technology,5,What is a key concept in Technology at level 5? (variation 13),Option A,Option B,Option C,Option D,Option E,2,Consider Technology principles at level 5
tech-l5-015,Technology,5,What is a key concept in Technology at level 5? (variation 14),Option B,Option C,Option A,Option E,Option D,1,Consider Technology principles at level 5
tech-l5-016,Technology,5,What is a key concept in Technology at level 5? (variation 15),Option A,Option B,Option C,Option D,Option E,2,Consider Technology principles at level 5
tech-l5-017,Technology,5,What is a key concept in Technology at level 5? (variation 16),Option A,Option B,Option C,Option D,Option E,2,Consider Technology principles at level 5
tech-l5-018,Technology,5,What is a key concept in Technology at level 5? (variation 17),Option A,Option B,Option C,Option D,Option E,2,Consider Technology principles at level 5
tech-l5-019,Technology,5,What is a key concept in Technology at level 5? (variation 18),Option B,Option D,Option A,Option E,Option C,4,Consider Technology principles at level 5
tech-l5-020,Technology,5,What is a key concept in Technology at level 5? (variation 19),Option B,Option D,Option E,Option C,Option A,3,Consider Technology principles at level 5
tech-l5-021,Technology,5,What is a key concept in Technology at level 5? (variation 20),Option A,Option B,Option C,Option D,Option E,2,Consider Technology principles at level 5
tech-l5-022,Technology,5,What is a key concept in Technology at level 5? (variation 21),Option A,Option D,Option E,Option C,Option B,3,Consider Technology principles at level 5
tech-l5-023,Technology,5,What is a key concept in Technology at level 5? (variation 22),Option A,Option B,Option C,Option D,Option E,2,Consider Technology principles at level 5
tech-l5-024,Technology,5,What is a key concept in Technology at level 5? (variation 23),Option C,Option B,Option D,Option E,Option A,0,Consider Technology principles at level 5
tech-l5-025,Technology,5,What is a key concept in Technology at level 5? (variation 24),Option A,Option B,Option C,Option D,Option E,2,Consider Technology principles at level 5
tech-l5-026,Technology,5,What is a key concept in Technology at level 5? (variation 25),Option A,Option B,Option C,Option D,Option E,2,Consider Technology principles at level 5
tech-l5-027,Technology,5,What is a key concept in Technology at level 5? (variation 26),Option A,Option B,Option C,Option D,Option E,2,Consider Technology principles at level 5
tech-l5-028,Technology,5,What is a key concept in Technology at level 5? (variation 27),Option D,Option A,Option E,Option C,Option B,3,Consider Technology principles at level 5
tech-l5-029,Technology,5,What is a key concept in Technology at level 5? (variation 28),Option B,Option D,Option C,Option A,Option E,2,Consider Technology principles at level 5
tech-l5-030,Technology,5,What is a key concept in Technology at level 5? (variation 29),Option A,Option D,Option C,Option E,Option B,2,Consider Technology principles at level 5
tech-l5-031,Technology,5,What is a key concept in Technology at level 5? (variation 30),Option A,Option B,Option C,Option D,Option E,2,Consider Technology principles at level 5
tech-l5-032,Technology,5,What is a key concept in Technology at level 5? (variation 31),Option A,Option B,Option C,Option D,Option E,2,Consider Technology principles at level 5
tech-l5-033,Technology,5,What is a key concept in Technology at level 5? (variation 32),Option A,Option B,Option C,Option D,Option E,2,Consider Technology principles at level 5
tech-l5-034,Technology,5,What is a key concept in Technology at level 5? (variation 33),Option A,Option B,Option C,Option D,Option E,2,Consider Technology principles at level 5
tech-l5-035,Technology,5,What is a key concept in Technology at level 5? (variation 34),Option A,Option B,Option C,Option D,Option E,2,Consider Technology principles at level 5
tech-l5-036,Technology,5,What is a key concept in Technology at level 5? (variation 35),Option D,Option B,Option C,Option E,Option A,2,Consider Technology principles at level 5
tech-l5-037,Technology,5,What is a key concept in Technology at level 5? (variation 36),Option A,Option B,Option C,Option D,Option E,2,Consider Technology principles at level 5
tech-l5-038,Technology,5,What is a key concept in Technology at level 5? (variation 37),Option A,Option D,Option E,Option C,Option B,3,Consider Technology principles at level 5
tech-l5-039,Technology,5,What is a key concept in Technology at level 5? (variation 38),Option A,Option B,Option C,Option D,Option E,2,Consider Technology principles at level 5
tech-l5-040,Technology,5,What is a key concept in Technology at level 5? (variation 39),Option A,Option B,Option C,Option D,Option E,2,Consider Technology principles at level 5
tech-l5-041,Technology,5,What is a key concept in Technology at level 5? (variation 40),Option D,Option E,Option B,Option C,Option A,3,Consider Technology principles at level 5
tech-l5-042,Technology,5,What is a key concept in Technology at level 5? (variation 41),Option A,Option B,Option C,Option D,Option E,2,Consider Technology principles at level 5
tech-l5-043,Technology,5,What is a key concept in Technology at level 5? (variation 42),Option A,Option B,Option C,Option D,Option E,2,Consider Technology principles at level 5
tech-l5-044,Technology,5,What is a key concept in Technology at level 5? (variation 43),Option A,Option B,Option C,Option D,Option E,2,Consider Technology principles at level 5
tech-l5-045,Technology,5,What is a key concept in Technology at level 5? (variation 44),Option A,Option B,Option C,Option D,Option E,2,Consider Technology principles at level 5
tech-l5-046,Technology,5,What is a key concept in Technology at level 5? (variation 45),Option A,Option B,Option C,Option D,Option E,2,Consider Technology principles at level 5
tech-l5-047,Technology,5,What is a key concept in Technology at level 5? (variation 46),Option B,Option E,Option C,Option A,Option D,2,Consider Technology principles at level 5
tech-l5-048,Technology,5,What is a key concept in Technology at level 5? (variation 47),Option A,Option B,Option C,Option D,Option E,2,Consider Technology principles at level 5
tech-l5-049,Technology,5,What is a key concept in Technology at level 5? (variation 48),Option C,Option D,Option E,Option B,Option A,0,Consider Technology principles at level 5
tech-l5-050,Technology,5,What is a key concept in Technology at level 5? (variation 49),Option A,Option B,Option C,Option D,Option E,2,Consider Technology principles at level 5
tech-l5-051,Technology,5,What is a key concept in Technology at level 5? (variation 50),Option A,Option B,Option C,Option D,Option E,2,Consider Technology principles at level 5
tech-l5-052,Technology,5,What is a key concept in Technology at level 5? (variation 51),Option A,Option B,Option C,Option D,Option E,2,Consider Technology principles at level 5
tech-l5-053,Technology,5,What is a key concept in Technology at level 5? (variation 52),Option A,Option B,Option C,Option D,Option E,2,Consider Technology principles at level 5
tech-l5-054,Technology,5,What is a key concept in Technology at level 5? (variation 53),Option A,Option B,Option C,Option D,Option E,2,Consider Technology principles at level 5
tech-l5-055,Technology,5,What is a key concept in Technology at level 5? (variation 54),Option A,Option B,Option C,Option D,Option E,2,Consider Technology principles at level 5
tech-l5-056,Technology,5,What is a key concept in Technology at level 5? (variation 55),Option A,Option D,Option B,Option E,Option C,4,Consider Technology principles at level 5
tech-l5-057,Technology,5,What is a key concept in Technology at level 5? (variation 56),Option A,Option B,Option C,Option D,Option E,2,Consider Technology principles at level 5
tech-l5-058,Technology,5,What is a key concept in Technology at level 5? (variation 57),Option B,Option C,Option D,Option A,Option E,1,Consider Technology principles at level 5
tech-l5-059,Technology,5,What is a key concept in Technology at level 5? (variation 58),Option A,Option B,Option C,Option D,Option E,2,Consider Technology principles at level 5
tech-l5-060,Technology,5,What is a key concept in Technology at level 5? (variation 59),Option A,Option B,Option C,Option D,Option E,2,Consider Technology principles at level 5
tech-l5-061,Technology,5,What is a key concept in Technology at level 5? (variation 60),Option C,Option E,Option A,Option B,Option D,0,Consider Technology principles at level 5
tech-l5-062,Technology,5,What is a key concept in Technology at level 5? (variation 61),Option A,Option B,Option C,Option D,Option E,2,Consider Technology principles at level 5
tech-l5-063,Technology,5,What is a key concept in Technology at level 5? (variation 62),Option A,Option B,Option C,Option D,Option E,2,Consider Technology principles at level 5
tech-l5-064,Technology,5,What is a key concept in Technology at level 5? (variation 63),Option A,Option B,Option C,Option D,Option E,2,Consider Technology principles at level 5
tech-l5-065,Technology,5,What is a key concept in Technology at level 5? (variation 64),Option A,Option B,Option C,Option D,Option E,2,Consider Technology principles at level 5
tech-l5-066,Technology,5,What is a key concept in Technology at level 5? (variation 65),Option B,Option C,Option E,Option A,Option D,1,Consider Technology principles at level 5
tech-l5-067,Technology,5,What is a key concept in Technology at level 5? (variation 66),Option A,Option B,Option C,Option D,Option E,2,Consider Technology principles at level 5
tech-l5-068,Technology,5,What is a key concept in Technology at level 5? (variation 67),Option A,Option B,Option C,Option D,Option E,2,Consider Technology principles at level 5
tech-l5-069,Technology,5,What is a key concept in Technology at level 5? (variation 68),Option A,Option B,Option C,Option D,Option E,2,Consider Technology principles at level 5
tech-l5-070,Technology,5,What is a key concept in Technology at level 5? (variation 69),Option A,Option B,Option C,Option D,Option E,2,Consider Technology principles at level 5
tech-l5-071,Technology,5,What is a key concept in Technology at level 5? (variation 70),Option A,Option B,Option C,Option D,Option E,2,Consider Technology principles at level 5
tech-l5-072,Technology,5,What is a key concept in Technology at level 5? (variation 71),Option A,Option B,Option C,Option D,Option E,2,Consider Technology principles at level 5
tech-l5-073,Technology,5,What is a key concept in Technology at level 5? (variation 72),Option A,Option B,Option C,Option D,Option E,2,Consider Technology principles at level 5
tech-l5-074,Technology,5,What is a key concept in Technology at level 5? (variation 73),Option A,Option B,Option C,Option D,Option E,2,Consider Technology principles at level 5
tech-l5-075,Technology,5,What is a key concept in Technology at level 5? (variation 74),Option B,Option A,Option C,Option D,Option E,2,Consider Technology principles at level 5
tech-l5-076,Technology,5,What is a key concept in Technology at level 5? (variation 75),Option A,Option B,Option C,Option D,Option E,2,Consider Technology principles at level 5
tech-l5-077,Technology,5,What is a key concept in Technology at level 5? (variation 76),Option A,Option B,Option C,Option D,Option E,2,Consider Technology principles at level 5
tech-l5-078,Technology,5,What is a key concept in Technology at level 5? (variation 77),Option A,Option B,Option C,Option D,Option E,2,Consider Technology principles at level 5
tech-l5-079,Technology,5,What is a key concept in Technology at level 5? (variation 78),Option D,Option C,Option E,Option A,Option B,1,Consider Technology principles at level 5
tech-l5-080,Technology,5,What is a key concept in Technology at level 5? (variation 79),Option A,Option B,Option C,Option D,Option E,2,Consider Technology principles at level 5
tech-l5-081,Technology,5,What is a key concept in Technology at level 5? (variation 80),Option A,Option B,Option C,Option D,Option E,2,Consider Technology principles at level 5
tech-l5-082,Technology,5,What is a key concept in Technology at level 5? (variation 81),Option B,Option D,Option A,Option C,Option E,3,Consider Technology principles at level 5
tech-l5-083,Technology,5,What is a key concept in Technology at level 5? (variation 82),Option A,Option B,Option D,Option C,Option E,3,Consider Technology principles at level 5
tech-l5-084,Technology,5,What is a key concept in Technology at level 5? (variation 83),Option A,Option B,Option C,Option D,Option E,2,Consider Technology principles at level 5
tech-l5-085,Technology,5,What is a key concept in Technology at level 5? (variation 84),Option A,Option B,Option C,Option D,Option E,2,Consider Technology principles at level 5
tech-l5-086,Technology,5,What is a key concept in Technology at level 5? (variation 85),Option A,Option B,Option C,Option D,Option E,2,Consider Technology principles at level 5
tech-l5-087,Technology,5,What is a key concept in Technology at level 5? (variation 86),Option B,Option E,Option A,Option C,Option D,3,Consider Technology principles at level 5
tech-l5-088,Technology,5,What is a key concept in Technology at level 5? (variation 87),Option A,Option B,Option C,Option D,Option E,2,Consider Technology principles at level 5
tech-l5-089,Technology,5,What is a key concept in Technology at level 5? (variation 88),Option A,Option B,Option C,Option D,Option E,2,Consider Technology principles at level 5
tech-l5-090,Technology,5,What is a key concept in Technology at level 5? (variation 89),Option E,Option D,Option A,Option C,Option B,3,Consider Technology principles at level 5
tech-l5-091,Technology,5,What is a key concept in Technology at level 5? (variation 90),Option A,Option B,Option C,Option D,Option E,2,Consider Technology principles at level 5
tech-l5-092,Technology,5,What is a key concept in Technology at level 5? (variation 91),Option D,Option E,Option C,Option B,Option A,2,Consider Technology principles at level 5
tech-l5-093,Technology,5,What is a key concept in Technology at level 5? (variation 92),Option A,Option B,Option C,Option D,Option E,2,Consider Technology principles at level 5
tech-l5-094,Technology,5,What is a key concept in Technology at level 5? (variation 93),Option A,Option B,Option C,Option D,Option E,2,Consider Technology principles at level 5
tech-l5-095,Technology,5,What is a key concept in Technology at level 5? (variation 94),Option A,Option B,Option C,Option D,Option E,2,Consider Technology principles at level 5
tech-l5-096,Technology,5,What is a key concept in Technology at level 5? (variation 95),Option A,Option B,Option C,Option D,Option E,2,Consider Technology principles at level 5
tech-l5-097,Technology,5,What is a key concept in Technology at level 5? (variation 96),Option A,Option B,Option E,Option D,Option C,4,Consider Technology principles at level 5
tech-l5-098,Technology,5,What is a key concept in Technology at level 5? (variation 97),Option A,Option E,Option D,Option C,Option B,3,Consider Technology principles at level 5
tech-l5-099,Technology,5,What is a key concept in Technology at level 5? (variation 98),Option A,Option B,Option C,Option D,Option E,2,Consider Technology principles at level 5
tech-l5-100,Technology,5,What is a key concept in Technology at level 5? (variation 99),Option B,Option C,Option E,Option D,Option A,1,Consider Technology principles at level 5
hist-l1-001,History,1,What is a key concept in History at level 1?,Option A,Option B,Option C,Option D,Option E,2,Consider History principles at level 1
hist-l1-002,History,1,What is a key concept in History at level 1? (variation 1),Option D,Option B,Option C,Option E,Option A,2,Consider History principles at level 1
hist-l1-003,History,1,What is a key concept in History at level 1? (variation 2),Option A,Option B,Option C,Option D,Option E,2,Consider History principles at level 1
hist-l1-004,History,1,What is a key concept in History at level 1? (variation 3),Option A,Option D,Option C,Option E,Option B,2,Consider History principles at level 1
hist-l1-005,History,1,What is a key concept in History at level 1? (variation 4),Option A,Option B,Option C,Option D,Option E,2,Consider History principles at level 1
hist-l1-006,History,1,What is a key concept in History at level 1? (variation 5),Option A,Option B,Option C,Option D,Option E,2,Consider History principles at level 1
hist-l1-007,History,1,What is a key concept in History at level 1? (variation 6),Option B,Option D,Option E,Option C,Option A,3,Consider History principles at level 1
hist-l1-008,History,1,What is a key concept in History at level 1? (variation 7),Option E,Option D,Option A,Option C,Option B,3,Consider History principles at level 1
hist-l1-009,History,1,What is a key concept in History at level 1? (variation 8),Option B,Option E,Option C,Option A,Option D,2,Consider History principles at level 1
hist-l1-010,History,1,What is a key concept in History at level 1? (variation 9),Option A,Option B,Option C,Option D,Option E,2,Consider History principles at level 1
hist-l1-011,History,1,What is a key concept in History at level 1? (variation 10),Option E,Option A,Option C,Option D,Option B,2,Consider History principles at level 1
hist-l1-012,History,1,What is a key concept in History at level 1? (variation 11),Option C,Option E,Option A,Option B,Option D,0,Consider History principles at level 1
hist-l1-013,History,1,What is a key concept in History at level 1? (variation 12),Option A,Option B,Option C,Option D,Option E,2,Consider History principles at level 1
hist-l1-014,History,1,What is a key concept in History at level 1? (variation 13),Option E,Option A,Option B,Option D,Option C,4,Consider History principles at level 1
hist-l1-015,History,1,What is a key concept in History at level 1? (variation 14),Option A,Option B,Option C,Option D,Option E,2,Consider History principles at level 1
hist-l1-016,History,1,What is a key concept in History at level 1? (variation 15),Option A,Option B,Option C,Option D,Option E,2,Consider History principles at level 1
hist-l1-017,History,1,What is a key concept in History at level 1? (variation 16),Option D,Option B,Option C,Option E,Option A,2,Consider History principles at level 1
hist-l1-018,History,1,What is a key concept in History at level 1? (variation 17),Option A,Option B,Option C,Option D,Option E,2,Consider History principles at level 1
hist-l1-019,History,1,What is a key concept in History at level 1? (variation 18),Option A,Option B,Option C,Option D,Option E,2,Consider History principles at level 1
hist-l1-020,History,1,What is a key concept in History at level 1? (variation 19),Option A,Option B,Option C,Option D,Option E,2,Consider History principles at level 1
hist-l1-021,History,1,What is a key concept in History at level 1? (variation 20),Option A,Option B,Option C,Option D,Option E,2,Consider History principles at level 1
hist-l1-022,History,1,What is a key concept in History at level 1? (variation 21),Option A,Option B,Option C,Option D,Option E,2,Consider History principles at level 1
hist-l1-023,History,1,What is a key concept in History at level 1? (variation 22),Option D,Option A,Option C,Option E,Option B,2,Consider History principles at level 1
hist-l1-024,History,1,What is a key concept in History at level 1? (variation 23),Option A,Option B,Option C,Option D,Option E,2,Consider History principles at level 1
hist-l1-025,History,1,What is a key concept in History at level 1? (variation 24),Option A,Option B,Option C,Option D,Option E,2,Consider History principles at level 1
hist-l1-026,History,1,What is a key concept in History at level 1? (variation 25),Option A,Option B,Option C,Option D,Option E,2,Consider History principles at level 1
hist-l1-027,History,1,What is a key concept in History at level 1? (variation 26),Option A,Option B,Option C,Option D,Option E,2,Consider History principles at level 1
hist-l1-028,History,1,What is a key concept in History at level 1? (variation 27),Option C,Option A,Option E,Option D,Option B,0,Consider History principles at level 1
hist-l1-029,History,1,What is a key concept in History at level 1? (variation 28),Option A,Option B,Option C,Option D,Option E,2,Consider History principles at level 1
hist-l1-030,History,1,What is a key concept in History at level 1? (variation 29),Option E,Option A,Option C,Option D,Option B,2,Consider History principles at level 1
hist-l1-031,History,1,What is a key concept in History at level 1? (variation 30),Option B,Option C,Option E,Option D,Option A,1,Consider History principles at level 1
hist-l1-032,History,1,What is a key concept in History at level 1? (variation 31),Option C,Option A,Option E,Option D,Option B,0,Consider History principles at level 1
hist-l1-033,History,1,What is a key concept in History at level 1? (variation 32),Option A,Option B,Option C,Option D,Option E,2,Consider History principles at level 1
hist-l1-034,History,1,What is a key concept in History at level 1? (variation 33),Option A,Option B,Option C,Option D,Option E,2,Consider History principles at level 1
hist-l1-035,History,1,What is a key concept in History at level 1? (variation 34),Option A,Option B,Option C,Option D,Option E,2,Consider History principles at level 1
hist-l1-036,History,1,What is a key concept in History at level 1? (variation 35),Option A,Option B,Option C,Option D,Option E,2,Consider History principles at level 1
hist-l1-037,History,1,What is a key concept in History at level 1? (variation 36),Option A,Option B,Option E,Option D,Option C,4,Consider History principles at level 1
hist-l1-038,History,1,What is a key concept in History at level 1? (variation 37),Option A,Option C,Option D,Option B,Option E,1,Consider History principles at level 1
hist-l1-039,History,1,What is a key concept in History at level 1? (variation 38),Option A,Option B,Option E,Option C,Option D,3,Consider History principles at level 1
hist-l1-040,History,1,What is a key concept in History at level 1? (variation 39),Option B,Option D,Option E,Option A,Option C,4,Consider History principles at level 1
hist-l1-041,History,1,What is a key concept in History at level 1? (variation 40),Option A,Option B,Option C,Option D,Option E,2,Consider History principles at level 1
hist-l1-042,History,1,What is a key concept in History at level 1? (variation 41),Option D,Option E,Option C,Option B,Option A,2,Consider History principles at level 1
hist-l1-043,History,1,What is a key concept in History at level 1? (variation 42),Option A,Option B,Option C,Option D,Option E,2,Consider History principles at level 1
hist-l1-044,History,1,What is a key concept in History at level 1? (variation 43),Option A,Option B,Option C,Option D,Option E,2,Consider History principles at level 1
hist-l1-045,History,1,What is a key concept in History at level 1? (variation 44),Option A,Option B,Option C,Option D,Option E,2,Consider History principles at level 1
hist-l1-046,History,1,What is a key concept in History at level 1? (variation 45),Option A,Option B,Option C,Option D,Option E,2,Consider History principles at level 1
hist-l1-047,History,1,What is a key concept in History at level 1? (variation 46),Option A,Option B,Option C,Option D,Option E,2,Consider History principles at level 1
hist-l1-048,History,1,What is a key concept in History at level 1? (variation 47),Option B,Option D,Option A,Option C,Option E,3,Consider History principles at level 1
hist-l1-049,History,1,What is a key concept in History at level 1? (variation 48),Option A,Option B,Option C,Option D,Option E,2,Consider History principles at level 1
hist-l1-050,History,1,What is a key concept in History at level 1? (variation 49),Option A,Option B,Option C,Option D,Option E,2,Consider History principles at level 1
hist-l1-051,History,1,What is a key concept in History at level 1? (variation 50),Option A,Option B,Option C,Option D,Option E,2,Consider History principles at level 1
hist-l1-052,History,1,What is a key concept in History at level 1? (variation 51),Option A,Option B,Option C,Option D,Option E,2,Consider History principles at level 1
hist-l1-053,History,1,What is a key concept in History at level 1? (variation 52),Option A,Option B,Option C,Option D,Option E,2,Consider History principles at level 1
hist-l1-054,History,1,What is a key concept in History at level 1? (variation 53),Option A,Option B,Option C,Option D,Option E,2,Consider History principles at level 1
hist-l1-055,History,1,What is a key concept in History at level 1? (variation 54),Option A,Option B,Option C,Option D,Option E,2,Consider History principles at level 1
hist-l1-056,History,1,What is a key concept in History at level 1? (variation 55),Option A,Option D,Option E,Option B,Option C,4,Consider History principles at level 1
hist-l1-057,History,1,What is a key concept in History at level 1? (variation 56),Option C,Option E,Option D,Option A,Option B,0,Consider History principles at level 1
hist-l1-058,History,1,What is a key concept in History at level 1? (variation 57),Option A,Option C,Option B,Option E,Option D,1,Consider History principles at level 1
hist-l1-059,History,1,What is a key concept in History at level 1? (variation 58),Option C,Option B,Option A,Option D,Option E,0,Consider History principles at level 1
hist-l1-060,History,1,What is a key concept in History at level 1? (variation 59),Option E,Option B,Option A,Option D,Option C,4,Consider History principles at level 1
hist-l1-061,History,1,What is a key concept in History at level 1? (variation 60),Option E,Option A,Option B,Option D,Option C,4,Consider History principles at level 1
hist-l1-062,History,1,What is a key concept in History at level 1? (variation 61),Option A,Option B,Option C,Option D,Option E,2,Consider History principles at level 1
hist-l1-063,History,1,What is a key concept in History at level 1? (variation 62),Option D,Option B,Option C,Option E,Option A,2,Consider History principles at level 1
hist-l1-064,History,1,What is a key concept in History at level 1? (variation 63),Option B,Option A,Option C,Option E,Option D,2,Consider History principles at level 1
hist-l1-065,History,1,What is a key concept in History at level 1? (variation 64),Option A,Option B,Option C,Option D,Option E,2,Consider History principles at level 1
hist-l1-066,History,1,What is a key concept in History at level 1? (variation 65),Option A,Option B,Option C,Option D,Option E,2,Consider History principles at level 1
hist-l1-067,History,1,What is a key concept in History at level 1? (variation 66),Option A,Option B,Option C,Option D,Option E,2,Consider History principles at level 1
hist-l1-068,History,1,What is a key concept in History at level 1? (variation 67),Option A,Option B,Option C,Option D,Option E,2,Consider History principles at level 1
hist-l1-069,History,1,What is a key concept in History at level 1? (variation 68),Option A,Option B,Option C,Option D,Option E,2,Consider History principles at level 1
hist-l1-070,History,1,What is a key concept in History at level 1? (variation 69),Option A,Option B,Option C,Option D,Option E,2,Consider History principles at level 1
hist-l1-071,History,1,What is a key concept in History at level 1? (variation 70),Option A,Option B,Option C,Option D,Option E,2,Consider History principles at level 1
hist-l1-072,History,1,What is a key concept in History at level 1? (variation 71),Option A,Option B,Option C,Option D,Option E,2,Consider History principles at level 1
hist-l1-073,History,1,What is a key concept in History at level 1? (variation 72),Option A,Option B,Option C,Option D,Option E,2,Consider History principles at level 1
hist-l1-074,History,1,What is a key concept in History at level 1? (variation 73),Option A,Option B,Option C,Option D,Option E,2,Consider History principles at level 1
hist-l1-075,History,1,What is a key concept in History at level 1? (variation 74),Option C,Option E,Option B,Option A,Option D,0,Consider History principles at level 1
hist-l1-076,History,1,What is a key concept in History at level 1? (variation 75),Option A,Option B,Option C,Option D,Option E,2,Consider History principles at level 1
hist-l1-077,History,1,What is a key concept in History at level 1? (variation 76),Option A,Option B,Option C,Option D,Option E,2,Consider History principles at level 1
hist-l1-078,History,1,What is a key concept in History at level 1? (variation 77),Option A,Option B,Option C,Option D,Option E,2,Consider History principles at level 1
hist-l1-079,History,1,What is a key concept in History at level 1? (variation 78),Option A,Option B,Option C,Option D,Option E,2,Consider History principles at level 1
hist-l1-080,History,1,What is a key concept in History at level 1? (variation 79),Option A,Option B,Option C,Option D,Option E,2,Consider History principles at level 1
hist-l1-081,History,1,What is a key concept in History at level 1? (variation 80),Option A,Option B,Option C,Option D,Option E,2,Consider History principles at level 1
hist-l1-082,History,1,What is a key concept in History at level 1? (variation 81),Option C,Option D,Option E,Option A,Option B,0,Consider History principles at level 1
hist-l1-083,History,1,What is a key concept in History at level 1? (variation 82),Option A,Option B,Option C,Option D,Option E,2,Consider History principles at level 1
hist-l1-084,History,1,What is a key concept in History at level 1? (variation 83),Option A,Option B,Option C,Option D,Option E,2,Consider History principles at level 1
hist-l1-085,History,1,What is a key concept in History at level 1? (variation 84),Option A,Option B,Option C,Option D,Option E,2,Consider History principles at level 1
hist-l1-086,History,1,What is a key concept in History at level 1? (variation 85),Option A,Option B,Option C,Option D,Option E,2,Consider History principles at level 1
hist-l1-087,History,1,What is a key concept in History at level 1? (variation 86),Option A,Option B,Option C,Option D,Option E,2,Consider History principles at level 1
hist-l1-088,History,1,What is a key concept in History at level 1? (variation 87),Option A,Option B,Option C,Option D,Option E,2,Consider History principles at level 1
hist-l1-089,History,1,What is a key concept in History at level 1? (variation 88),Option A,Option B,Option C,Option D,Option E,2,Consider History principles at level 1
hist-l1-090,History,1,What is a key concept in History at level 1? (variation 89),Option B,Option A,Option D,Option C,Option E,3,Consider History principles at level 1
hist-l1-091,History,1,What is a key concept in History at level 1? (variation 90),Option A,Option C,Option E,Option B,Option D,1,Consider History principles at level 1
hist-l1-092,History,1,What is a key concept in History at level 1? (variation 91),Option B,Option D,Option E,Option C,Option A,3,Consider History principles at level 1
hist-l1-093,History,1,What is a key concept in History at level 1? (variation 92),Option A,Option B,Option C,Option D,Option E,2,Consider History principles at level 1
hist-l1-094,History,1,What is a key concept in History at level 1? (variation 93),Option A,Option B,Option C,Option D,Option E,2,Consider History principles at level 1
hist-l1-095,History,1,What is a key concept in History at level 1? (variation 94),Option A,Option B,Option C,Option D,Option E,2,Consider History principles at level 1
hist-l1-096,History,1,What is a key concept in History at level 1? (variation 95),Option A,Option E,Option C,Option D,Option B,2,Consider History principles at level 1
hist-l1-097,History,1,What is a key concept in History at level 1? (variation 96),Option E,Option A,Option D,Option C,Option B,3,Consider History principles at level 1
hist-l1-098,History,1,What is a key concept in History at level 1? (variation 97),Option A,Option B,Option C,Option D,Option E,2,Consider History principles at level 1
hist-l1-099,History,1,What is a key concept in History at level 1? (variation 98),Option B,Option E,Option C,Option D,Option A,2,Consider History principles at level 1
hist-l1-100,History,1,What is a key concept in History at level 1? (variation 99),Option A,Option B,Option C,Option D,Option E,2,Consider History principles at level 1
hist-l2-001,History,2,What is a key concept in History at level 2?,Option A,Option B,Option C,Option D,Option E,2,Consider History principles at level 2
hist-l2-002,History,2,What is a key concept in History at level 2? (variation 1),Option A,Option B,Option C,Option D,Option E,2,Consider History principles at level 2
hist-l2-003,History,2,What is a key concept in History at level 2? (variation 2),Option A,Option B,Option C,Option D,Option E,2,Consider History principles at level 2
hist-l2-004,History,2,What is a key concept in History at level 2? (variation 3),Option B,Option E,Option A,Option C,Option D,3,Consider History principles at level 2
hist-l2-005,History,2,What is a key concept in History at level 2? (variation 4),Option C,Option D,Option A,Option B,Option E,0,Consider History principles at level 2
hist-l2-006,History,2,What is a key concept in History at level 2? (variation 5),Option A,Option B,Option C,Option D,Option E,2,Consider History principles at level 2
hist-l2-007,History,2,What is a key concept in History at level 2? (variation 6),Option A,Option B,Option E,Option C,Option D,3,Consider History principles at level 2
hist-l2-008,History,2,What is a key concept in History at level 2? (variation 7),Option E,Option B,Option D,Option A,Option C,4,Consider History principles at level 2
hist-l2-009,History,2,What is a key concept in History at level 2? (variation 8),Option A,Option B,Option C,Option D,Option E,2,Consider History principles at level 2
hist-l2-010,History,2,What is a key concept in History at level 2? (variation 9),Option A,Option B,Option C,Option D,Option E,2,Consider History principles at level 2
hist-l2-011,History,2,What is a key concept in History at level 2? (variation 10),Option A,Option E,Option C,Option D,Option B,2,Consider History principles at level 2
hist-l2-012,History,2,What is a key concept in History at level 2? (variation 11),Option A,Option B,Option C,Option D,Option E,2,Consider History principles at level 2
hist-l2-013,History,2,What is a key concept in History at level 2? (variation 12),Option A,Option B,Option C,Option D,Option E,2,Consider History principles at level 2
hist-l2-014,History,2,What is a key concept in History at level 2? (variation 13),Option A,Option B,Option C,Option D,Option E,2,Consider History principles at level 2
hist-l2-015,History,2,What is a key concept in History at level 2? (variation 14),Option A,Option B,Option C,Option D,Option E,2,Consider History principles at level 2
hist-l2-016,History,2,What is a key concept in History at level 2? (variation 15),Option E,Option B,Option D,Option A,Option C,4,Consider History principles at level 2
hist-l2-017,History,2,What is a key concept in History at level 2? (variation 16),Option E,Option A,Option C,Option D,Option B,2,Consider History principles at level 2
hist-l2-018,History,2,What is a key concept in History at level 2? (variation 17),Option A,Option B,Option C,Option D,Option E,2,Consider History principles at level 2
hist-l2-019,History,2,What is a key concept in History at level 2? (variation 18),Option A,Option B,Option C,Option D,Option E,2,Consider History principles at level 2
hist-l2-020,History,2,What is a key concept in History at level 2? (variation 19),Option A,Option B,Option C,Option D,Option E,2,Consider History principles at level 2
hist-l2-021,History,2,What is a key concept in History at level 2? (variation 20),Option A,Option B,Option C,Option D,Option E,2,Consider History principles at level 2
hist-l2-022,History,2,What is a key concept in History at level 2? (variation 21),Option A,Option B,Option C,Option D,Option E,2,Consider History principles at level 2
hist-l2-023,History,2,What is a key concept in History at level 2? (variation 22),Option C,Option E,Option A,Option B,Option D,0,Consider History principles at level 2
hist-l2-024,History,2,What is a key concept in History at level 2? (variation 23),Option A,Option B,Option C,Option D,Option E,2,Consider History principles at level 2
hist-l2-025,History,2,What is a key concept in History at level 2? (variation 24),Option A,Option B,Option C,Option D,Option E,2,Consider History principles at level 2
hist-l2-026,History,2,What is a key concept in History at level 2? (variation 25),Option A,Option B,Option E,Option D,Option C,4,Consider History principles at level 2
hist-l2-027,History,2,What is a key concept in History at level 2? (variation 26),Option A,Option B,Option C,Option D,Option E,2,Consider History principles at level 2
hist-l2-028,History,2,What is a key concept in History at level 2? (variation 27),Option B,Option E,Option D,Option A,Option C,4,Consider History principles at level 2
hist-l2-029,History,2,What is a key concept in History at level 2? (variation 28),Option A,Option B,Option C,Option D,Option E,2,Consider History principles at level 2
hist-l2-030,History,2,What is a key concept in History at level 2? (variation 29),Option A,Option B,Option C,Option D,Option E,2,Consider History principles at level 2
hist-l2-031,History,2,What is a key concept in History at level 2? (variation 30),Option A,Option C,Option B,Option E,Option D,1,Consider History principles at level 2
hist-l2-032,History,2,What is a key concept in History at level 2? (variation 31),Option E,Option A,Option D,Option B,Option C,4,Consider History principles at level 2
hist-l2-033,History,2,What is a key concept in History at level 2? (variation 32),Option A,Option B,Option C,Option D,Option E,2,Consider History principles at level 2
hist-l2-034,History,2,What is a key concept in History at level 2? (variation 33),Option E,Option B,Option A,Option D,Option C,4,Consider History principles at level 2
hist-l2-035,History,2,What is a key concept in History at level 2? (variation 34),Option A,Option B,Option C,Option D,Option E,2,Consider History principles at level 2
hist-l2-036,History,2,What is a key concept in History at level 2? (variation 35),Option A,Option B,Option C,Option D,Option E,2,Consider History principles at level 2
hist-l2-037,History,2,What is a key concept in History at level 2? (variation 36),Option A,Option C,Option E,Option B,Option D,1,Consider History principles at level 2
hist-l2-038,History,2,What is a key concept in History at level 2? (variation 37),Option A,Option B,Option C,Option D,Option E,2,Consider History principles at level 2
hist-l2-039,History,2,What is a key concept in History at level 2? (variation 38),Option D,Option B,Option E,Option C,Option A,3,Consider History principles at level 2
hist-l2-040,History,2,What is a key concept in History at level 2? (variation 39),Option A,Option B,Option C,Option D,Option E,2,Consider History principles at level 2
hist-l2-041,History,2,What is a key concept in History at level 2? (variation 40),Option B,Option A,Option D,Option E,Option C,4,Consider History principles at level 2
hist-l2-042,History,2,What is a key concept in History at level 2? (variation 41),Option D,Option B,Option E,Option A,Option C,4,Consider History principles at level 2
hist-l2-043,History,2,What is a key concept in History at level 2? (variation 42),Option A,Option E,Option B,Option D,Option C,4,Consider History principles at level 2
hist-l2-044,History,2,What is a key concept in History at level 2? (variation 43),Option A,Option B,Option C,Option D,Option E,2,Consider History principles at level 2
hist-l2-045,History,2,What is a key concept in History at level 2? (variation 44),Option A,Option B,Option C,Option D,Option E,2,Consider History principles at level 2
hist-l2-046,History,2,What is a key concept in History at level 2? (variation 45),Option C,Option E,Option B,Option D,Option A,0,Consider History principles at level 2
hist-l2-047,History,2,What is a key concept in History at level 2? (variation 46),Option A,Option B,Option C,Option D,Option E,2,Consider History principles at level 2
hist-l2-048,History,2,What is a key concept in History at level 2? (variation 47),Option A,Option B,Option C,Option D,Option E,2,Consider History principles at level 2
hist-l2-049,History,2,What is a key concept in History at level 2? (variation 48),Option A,Option B,Option C,Option D,Option E,2,Consider History principles at level 2
hist-l2-050,History,2,What is a key concept in History at level 2? (variation 49),Option A,Option B,Option C,Option D,Option E,2,Consider History principles at level 2
hist-l2-051,History,2,What is a key concept in History at level 2? (variation 50),Option E,Option C,Option A,Option D,Option B,1,Consider History principles at level 2
hist-l2-052,History,2,What is a key concept in History at level 2? (variation 51),Option E,Option C,Option D,Option A,Option B,1,Consider History principles at level 2
hist-l2-053,History,2,What is a key concept in History at level 2? (variation 52),Option A,Option B,Option C,Option D,Option E,2,Consider History principles at level 2
hist-l2-054,History,2,What is a key concept in History at level 2? (variation 53),Option A,Option C,Option D,Option E,Option B,1,Consider History principles at level 2
hist-l2-055,History,2,What is a key concept in History at level 2? (variation 54),Option A,Option B,Option C,Option D,Option E,2,Consider History principles at level 2
hist-l2-056,History,2,What is a key concept in History at level 2? (variation 55),Option A,Option B,Option C,Option D,Option E,2,Consider History principles at level 2
hist-l2-057,History,2,What is a key concept in History at level 2? (variation 56),Option C,Option B,Option E,Option D,Option A,0,Consider History principles at level 2
hist-l2-058,History,2,What is a key concept in History at level 2? (variation 57),Option A,Option B,Option C,Option D,Option E,2,Consider History principles at level 2
hist-l2-059,History,2,What is a key concept in History at level 2? (variation 58),Option A,Option B,Option C,Option D,Option E,2,Consider History principles at level 2
hist-l2-060,History,2,What is a key concept in History at level 2? (variation 59),Option A,Option B,Option C,Option D,Option E,2,Consider History principles at level 2
hist-l2-061,History,2,What is a key concept in History at level 2? (variation 60),Option A,Option B,Option C,Option D,Option E,2,Consider History principles at level 2
hist-l2-062,History,2,What is a key concept in History at level 2? (variation 61),Option A,Option B,Option C,Option D,Option E,2,Consider History principles at level 2
hist-l2-063,History,2,What is a key concept in History at level 2? (variation 62),Option A,Option B,Option C,Option D,Option E,2,Consider History principles at level 2
hist-l2-064,History,2,What is a key concept in History at level 2? (variation 63),Option A,Option B,Option C,Option D,Option E,2,Consider History principles at level 2
hist-l2-065,History,2,What is a key concept in History at level 2? (variation 64),Option A,Option B,Option C,Option D,Option E,2,Consider History principles at level 2
hist-l2-066,History,2,What is a key concept in History at level 2? (variation 65),Option A,Option B,Option C,Option D,Option E,2,Consider History principles at level 2
hist-l2-067,History,2,What is a key concept in History at level 2? (variation 66),Option A,Option B,Option C,Option D,Option E,2,Consider History principles at level 2
hist-l2-068,History,2,What is a key concept in History at level 2? (variation 67),Option A,Option B,Option C,Option D,Option E,2,Consider History principles at level 2
hist-l2-069,History,2,What is a key concept in History at level 2? (variation 68),Option E,Option D,Option B,Option A,Option C,4,Consider History principles at level 2
hist-l2-070,History,2,What is a key concept in History at level 2? (variation 69),Option A,Option B,Option D,Option C,Option E,3,Consider History principles at level 2
hist-l2-071,History,2,What is a key concept in History at level 2? (variation 70),Option E,Option A,Option D,Option B,Option C,4,Consider History principles at level 2
hist-l2-072,History,2,What is a key concept in History at level 2? (variation 71),Option A,Option E,Option C,Option D,Option B,2,Consider History principles at level 2
hist-l2-073,History,2,What is a key concept in History at level 2? (variation 72),Option A,Option B,Option C,Option D,Option E,2,Consider History principles at level 2
hist-l2-074,History,2,What is a key concept in History at level 2? (variation 73),Option A,Option B,Option C,Option D,Option E,2,Consider History principles at level 2
hist-l2-075,History,2,What is a key concept in History at level 2? (variation 74),Option A,Option D,Option C,Option B,Option E,2,Consider History principles at level 2
hist-l2-076,History,2,What is a key concept in History at level 2? (variation 75),Option A,Option B,Option C,Option D,Option E,2,Consider History principles at level 2
hist-l2-077,History,2,What is a key concept in History at level 2? (variation 76),Option A,Option B,Option C,Option D,Option E,2,Consider History principles at level 2
hist-l2-078,History,2,What is a key concept in History at level 2? (variation 77),Option B,Option C,Option A,Option E,Option D,1,Consider History principles at level 2
hist-l2-079,History,2,What is a key concept in History at level 2? (variation 78),Option A,Option B,Option C,Option D,Option E,2,Consider History principles at level 2
hist-l2-080,History,2,What is a key concept in History at level 2? (variation 79),Option A,Option B,Option C,Option D,Option E,2,Consider History principles at level 2
hist-l2-081,History,2,What is a key concept in History at level 2? (variation 80),Option A,Option B,Option C,Option D,Option E,2,Consider History principles at level 2
hist-l2-082,History,2,What is a key concept in History at level 2? (variation 81),Option C,Option A,Option E,Option D,Option B,0,Consider History principles at level 2
hist-l2-083,History,2,What is a key concept in History at level 2? (variation 82),Option A,Option B,Option C,Option D,Option E,2,Consider History principles at level 2
hist-l2-084,History,2,What is a key concept in History at level 2? (variation 83),Option B,Option D,Option A,Option E,Option C,4,Consider History principles at level 2
hist-l2-085,History,2,What is a key concept in History at level 2? (variation 84),Option A,Option B,Option C,Option D,Option E,2,Consider History principles at level 2
hist-l2-086,History,2,What is a key concept in History at level 2? (variation 85),Option A,Option B,Option C,Option D,Option E,2,Consider History principles at level 2
hist-l2-087,History,2,What is a key concept in History at level 2? (variation 86),Option A,Option B,Option C,Option D,Option E,2,Consider History principles at level 2
hist-l2-088,History,2,What is a key concept in History at level 2? (variation 87),Option A,Option B,Option C,Option D,Option E,2,Consider History principles at level 2
hist-l2-089,History,2,What is a key concept in History at level 2? (variation 88),Option A,Option B,Option C,Option D,Option E,2,Consider History principles at level 2
hist-l2-090,History,2,What is a key concept in History at level 2? (variation 89),Option A,Option B,Option C,Option D,Option E,2,Consider History principles at level 2
hist-l2-091,History,2,What is a key concept in History at level 2? (variation 90),Option A,Option B,Option C,Option D,Option E,2,Consider History principles at level 2
hist-l2-092,History,2,What is a key concept in History at level 2? (variation 91),Option C,Option B,Option E,Option A,Option D,0,Consider History principles at level 2
hist-l2-093,History,2,What is a key concept in History at level 2? (variation 92),Option A,Option B,Option C,Option D,Option E,2,Consider History principles at level 2
hist-l2-094,History,2,What is a key concept in History at level 2? (variation 93),Option A,Option B,Option C,Option D,Option E,2,Consider History principles at level 2
hist-l2-095,History,2,What is a key concept in History at level 2? (variation 94),Option A,Option B,Option C,Option D,Option E,2,Consider History principles at level 2
hist-l2-096,History,2,What is a key concept in History at level 2? (variation 95),Option A,Option B,Option C,Option D,Option E,2,Consider History principles at level 2
hist-l2-097,History,2,What is a key concept in History at level 2? (variation 96),Option A,Option B,Option C,Option D,Option E,2,Consider History principles at level 2
hist-l2-098,History,2,What is a key concept in History at level 2? (variation 97),Option A,Option B,Option C,Option D,Option E,2,Consider History principles at level 2
hist-l2-099,History,2,What is a key concept in History at level 2? (variation 98),Option A,Option B,Option C,Option D,Option E,2,Consider History principles at level 2
hist-l2-100,History,2,What is a key concept in History at level 2? (variation 99),Option A,Option B,Option C,Option D,Option E,2,Consider History principles at level 2
hist-l3-001,History,3,What is a key concept in History at level 3?,Option A,Option B,Option C,Option D,Option E,2,Consider History principles at level 3
hist-l3-002,History,3,What is a key concept in History at level 3? (variation 1),Option A,Option B,Option C,Option D,Option E,2,Consider History principles at level 3
hist-l3-003,History,3,What is a key concept in History at level 3? (variation 2),Option A,Option B,Option C,Option D,Option E,2,Consider History principles at level 3
hist-l3-004,History,3,What is a key concept in History at level 3? (variation 3),Option A,Option B,Option C,Option D,Option E,2,Consider History principles at level 3
hist-l3-005,History,3,What is a key concept in History at level 3? (variation 4),Option A,Option B,Option C,Option D,Option E,2,Consider History principles at level 3
hist-l3-006,History,3,What is a key concept in History at level 3? (variation 5),Option A,Option B,Option C,Option D,Option E,2,Consider History principles at level 3
hist-l3-007,History,3,What is a key concept in History at level 3? (variation 6),Option A,Option B,Option C,Option D,Option E,2,Consider History principles at level 3
hist-l3-008,History,3,What is a key concept in History at level 3? (variation 7),Option A,Option B,Option C,Option D,Option E,2,Consider History principles at level 3
hist-l3-009,History,3,What is a key concept in History at level 3? (variation 8),Option A,Option B,Option C,Option D,Option E,2,Consider History principles at level 3
hist-l3-010,History,3,What is a key concept in History at level 3? (variation 9),Option A,Option B,Option C,Option D,Option E,2,Consider History principles at level 3
hist-l3-011,History,3,What is a key concept in History at level 3? (variation 10),Option D,Option A,Option E,Option B,Option C,4,Consider History principles at level 3
hist-l3-012,History,3,What is a key concept in History at level 3? (variation 11),Option A,Option B,Option C,Option D,Option E,2,Consider History principles at level 3
hist-l3-013,History,3,What is a key concept in History at level 3? (variation 12),Option D,Option A,Option B,Option C,Option E,3,Consider History principles at level 3
hist-l3-014,History,3,What is a key concept in History at level 3? (variation 13),Option A,Option B,Option C,Option D,Option E,2,Consider History principles at level 3
hist-l3-015,History,3,What is a key concept in History at level 3? (variation 14),Option B,Option C,Option D,Option A,Option E,1,Consider History principles at level 3
hist-l3-016,History,3,What is a key concept in History at level 3? (variation 15),Option A,Option B,Option C,Option D,Option E,2,Consider History principles at level 3
hist-l3-017,History,3,What is a key concept in History at level 3? (variation 16),Option A,Option B,Option C,Option D,Option E,2,Consider History principles at level 3
hist-l3-018,History,3,What is a key concept in History at level 3? (variation 17),Option C,Option E,Option A,Option B,Option D,0,Consider History principles at level 3
hist-l3-019,History,3,What is a key concept in History at level 3? (variation 18),Option A,Option B,Option C,Option D,Option E,2,Consider History principles at level 3
hist-l3-020,History,3,What is a key concept in History at level 3? (variation 19),Option A,Option B,Option C,Option D,Option E,2,Consider History principles at level 3
hist-l3-021,History,3,What is a key concept in History at level 3? (variation 20),Option B,Option D,Option A,Option E,Option C,4,Consider History principles at level 3
hist-l3-022,History,3,What is a key concept in History at level 3? (variation 21),Option A,Option B,Option C,Option D,Option E,2,Consider History principles at level 3
hist-l3-023,History,3,What is a key concept in History at level 3? (variation 22),Option A,Option B,Option C,Option D,Option E,2,Consider History principles at level 3
hist-l3-024,History,3,What is a key concept in History at level 3? (variation 23),Option A,Option B,Option C,Option D,Option E,2,Consider History principles at level 3
hist-l3-025,History,3,What is a key concept in History at level 3? (variation 24),Option A,Option B,Option C,Option D,Option E,2,Consider History principles at level 3
hist-l3-026,History,3,What is a key concept in History at level 3? (variation 25),Option A,Option B,Option C,Option D,Option E,2,Consider History principles at level 3
hist-l3-027,History,3,What is a key concept in History at level 3? (variation 26),Option A,Option B,Option C,Option D,Option E,2,Consider History principles at level 3
hist-l3-028,History,3,What is a key concept in History at level 3? (variation 27),Option A,Option B,Option C,Option D,Option E,2,Consider History principles at level 3
hist-l3-029,History,3,What is a key concept in History at level 3? (variation 28),Option A,Option B,Option C,Option D,Option E,2,Consider History principles at level 3
hist-l3-030,History,3,What is a key concept in History at level 3? (variation 29),Option A,Option D,Option C,Option E,Option B,2,Consider History principles at level 3
hist-l3-031,History,3,What is a key concept in History at level 3? (variation 30),Option A,Option B,Option C,Option D,Option E,2,Consider History principles at level 3
hist-l3-032,History,3,What is a key concept in History at level 3? (variation 31),Option A,Option B,Option C,Option D,Option E,2,Consider History principles at level 3
hist-l3-033,History,3,What is a key concept in History at level 3? (variation 32),Option B,Option E,Option A,Option C,Option D,3,Consider History principles at level 3
hist-l3-034,History,3,What is a key concept in History at level 3? (variation 33),Option A,Option B,Option C,Option D,Option E,2,Consider History principles at level 3
hist-l3-035,History,3,What is a key concept in History at level 3? (variation 34),Option A,Option B,Option C,Option D,Option E,2,Consider History principles at level 3
hist-l3-036,History,3,What is a key concept in History at level 3? (variation 35),Option A,Option B,Option C,Option D,Option E,2,Consider History principles at level 3
hist-l3-037,History,3,What is a key concept in History at level 3? (variation 36),Option D,Option B,Option A,Option C,Option E,3,Consider History principles at level 3
hist-l3-038,History,3,What is a key concept in History at level 3? (variation 37),Option D,Option C,Option A,Option B,Option E,1,Consider History principles at level 3
hist-l3-039,History,3,What is a key concept in History at level 3? (variation 38),Option A,Option B,Option C,Option D,Option E,2,Consider History principles at level 3
hist-l3-040,History,3,What is a key concept in History at level 3? (variation 39),Option A,Option B,Option C,Option D,Option E,2,Consider History principles at level 3
hist-l3-041,History,3,What is a key concept in History at level 3? (variation 40),Option E,Option C,Option D,Option B,Option A,1,Consider History principles at level 3
hist-l3-042,History,3,What is a key concept in History at level 3? (variation 41),Option A,Option B,Option C,Option D,Option E,2,Consider History principles at level 3
hist-l3-043,History,3,What is a key concept in History at level 3? (variation 42),Option E,Option B,Option A,Option D,Option C,4,Consider History principles at level 3
hist-l3-044,History,3,What is a key concept in History at level 3? (variation 43),Option E,Option D,Option B,Option C,Option A,3,Consider History principles at level 3
hist-l3-045,History,3,What is a key concept in History at level 3? (variation 44),Option C,Option D,Option A,Option B,Option E,0,Consider History principles at level 3
hist-l3-046,History,3,What is a key concept in History at level 3? (variation 45),Option A,Option B,Option C,Option D,Option E,2,Consider History principles at level 3
hist-l3-047,History,3,What is a key concept in History at level 3? (variation 46),Option D,Option C,Option A,Option B,Option E,1,Consider History principles at level 3
hist-l3-048,History,3,What is a key concept in History at level 3? (variation 47),Option A,Option B,Option C,Option D,Option E,2,Consider History principles at level 3
hist-l3-049,History,3,What is a key concept in History at level 3? (variation 48),Option A,Option B,Option C,Option D,Option E,2,Consider History principles at level 3
hist-l3-050,History,3,What is a key concept in History at level 3? (variation 49),Option A,Option B,Option C,Option D,Option E,2,Consider History principles at level 3
hist-l3-051,History,3,What is a key concept in History at level 3? (variation 50),Option C,Option E,Option A,Option B,Option D,0,Consider History principles at level 3
hist-l3-052,History,3,What is a key concept in History at level 3? (variation 51),Option B,Option A,Option C,Option D,Option E,2,Consider History principles at level 3
hist-l3-053,History,3,What is a key concept in History at level 3? (variation 52),Option A,Option B,Option C,Option D,Option E,2,Consider History principles at level 3
hist-l3-054,History,3,What is a key concept in History at level 3? (variation 53),Option A,Option B,Option C,Option D,Option E,2,Consider History principles at level 3
hist-l3-055,History,3,What is a key concept in History at level 3? (variation 54),Option A,Option B,Option C,Option D,Option E,2,Consider History principles at level 3
hist-l3-056,History,3,What is a key concept in History at level 3? (variation 55),Option A,Option B,Option E,Option C,Option D,3,Consider History principles at level 3
hist-l3-057,History,3,What is a key concept in History at level 3? (variation 56),Option A,Option B,Option C,Option D,Option E,2,Consider History principles at level 3
hist-l3-058,History,3,What is a key concept in History at level 3? (variation 57),Option A,Option B,Option C,Option D,Option E,2,Consider History principles at level 3
hist-l3-059,History,3,What is a key concept in History at level 3? (variation 58),Option A,Option B,Option C,Option D,Option E,2,Consider History principles at level 3
hist-l3-060,History,3,What is a key concept in History at level 3? (variation 59),Option A,Option B,Option C,Option D,Option E,2,Consider History principles at level 3
hist-l3-061,History,3,What is a key concept in History at level 3? (variation 60),Option A,Option B,Option C,Option D,Option E,2,Consider History principles at level 3
hist-l3-062,History,3,What is a key concept in History at level 3? (variation 61),Option D,Option E,Option B,Option C,Option A,3,Consider History principles at level 3
hist-l3-063,History,3,What is a key concept in History at level 3? (variation 62),Option A,Option E,Option B,Option C,Option D,3,Consider History principles at level 3
hist-l3-064,History,3,What is a key concept in History at level 3? (variation 63),Option A,Option B,Option C,Option D,Option E,2,Consider History principles at level 3
hist-l3-065,History,3,What is a key concept in History at level 3? (variation 64),Option A,Option B,Option C,Option D,Option E,2,Consider History principles at level 3
hist-l3-066,History,3,What is a key concept in History at level 3? (variation 65),Option A,Option B,Option C,Option D,Option E,2,Consider History principles at level 3
hist-l3-067,History,3,What is a key concept in History at level 3? (variation 66),Option A,Option B,Option C,Option D,Option E,2,Consider History principles at level 3
hist-l3-068,History,3,What is a key concept in History at level 3? (variation 67),Option A,Option B,Option C,Option D,Option E,2,Consider History principles at level 3
hist-l3-069,History,3,What is a key concept in History at level 3? (variation 68),Option B,Option C,Option E,Option A,Option D,1,Consider History principles at level 3
hist-l3-070,History,3,What is a key concept in History at level 3? (variation 69),Option E,Option B,Option A,Option C,Option D,3,Consider History principles at level 3
hist-l3-071,History,3,What is a key concept in History at level 3? (variation 70),Option A,Option B,Option C,Option D,Option E,2,Consider History principles at level 3
hist-l3-072,History,3,What is a key concept in History at level 3? (variation 71),Option A,Option B,Option C,Option D,Option E,2,Consider History principles at level 3
hist-l3-073,History,3,What is a key concept in History at level 3? (variation 72),Option A,Option B,Option C,Option D,Option E,2,Consider History principles at level 3
hist-l3-074,History,3,What is a key concept in History at level 3? (variation 73),Option A,Option E,Option D,Option C,Option B,3,Consider History principles at level 3
hist-l3-075,History,3,What is a key concept in History at level 3? (variation 74),Option A,Option B,Option C,Option D,Option E,2,Consider History principles at level 3
hist-l3-076,History,3,What is a key concept in History at level 3? (variation 75),Option A,Option B,Option C,Option D,Option E,2,Consider History principles at level 3
hist-l3-077,History,3,What is a key concept in History at level 3? (variation 76),Option A,Option B,Option C,Option D,Option E,2,Consider History principles at level 3
hist-l3-078,History,3,What is a key concept in History at level 3? (variation 77),Option E,Option D,Option C,Option A,Option B,2,Consider History principles at level 3
hist-l3-079,History,3,What is a key concept in History at level 3? (variation 78),Option E,Option A,Option B,Option D,Option C,4,Consider History principles at level 3
hist-l3-080,History,3,What is a key concept in History at level 3? (variation 79),Option A,Option B,Option C,Option D,Option E,2,Consider History principles at level 3
hist-l3-081,History,3,What is a key concept in History at level 3? (variation 80),Option A,Option B,Option C,Option D,Option E,2,Consider History principles at level 3
hist-l3-082,History,3,What is a key concept in History at level 3? (variation 81),Option A,Option B,Option C,Option D,Option E,2,Consider History principles at level 3
hist-l3-083,History,3,What is a key concept in History at level 3? (variation 82),Option B,Option A,Option D,Option C,Option E,3,Consider History principles at level 3
hist-l3-084,History,3,What is a key concept in History at level 3? (variation 83),Option A,Option B,Option C,Option D,Option E,2,Consider History principles at level 3
hist-l3-085,History,3,What is a key concept in History at level 3? (variation 84),Option C,Option E,Option B,Option D,Option A,0,Consider History principles at level 3
hist-l3-086,History,3,What is a key concept in History at level 3? (variation 85),Option A,Option D,Option E,Option B,Option C,4,Consider History principles at level 3
hist-l3-087,History,3,What is a key concept in History at level 3? (variation 86),Option C,Option B,Option A,Option E,Option D,0,Consider History principles at level 3
hist-l3-088,History,3,What is a key concept in History at level 3? (variation 87),Option A,Option B,Option C,Option D,Option E,2,Consider History principles at level 3
hist-l3-089,History,3,What is a key concept in History at level 3? (variation 88),Option A,Option B,Option C,Option D,Option E,2,Consider History principles at level 3
hist-l3-090,History,3,What is a key concept in History at level 3? (variation 89),Option A,Option B,Option C,Option D,Option E,2,Consider History principles at level 3
hist-l3-091,History,3,What is a key concept in History at level 3? (variation 90),Option A,Option B,Option C,Option D,Option E,2,Consider History principles at level 3
hist-l3-092,History,3,What is a key concept in History at level 3? (variation 91),Option A,Option B,Option C,Option D,Option E,2,Consider History principles at level 3
hist-l3-093,History,3,What is a key concept in History at level 3? (variation 92),Option A,Option B,Option C,Option D,Option E,2,Consider History principles at level 3
hist-l3-094,History,3,What is a key concept in History at level 3? (variation 93),Option A,Option B,Option C,Option D,Option E,2,Consider History principles at level 3
hist-l3-095,History,3,What is a key concept in History at level 3? (variation 94),Option C,Option D,Option B,Option A,Option E,0,Consider History principles at level 3
hist-l3-096,History,3,What is a key concept in History at level 3? (variation 95),Option A,Option B,Option C,Option D,Option E,2,Consider History principles at level 3
hist-l3-097,History,3,What is a key concept in History at level 3? (variation 96),Option A,Option B,Option C,Option D,Option E,2,Consider History principles at level 3
hist-l3-098,History,3,What is a key concept in History at level 3? (variation 97),Option A,Option B,Option C,Option D,Option E,2,Consider History principles at level 3
hist-l3-099,History,3,What is a key concept in History at level 3? (variation 98),Option A,Option B,Option C,Option D,Option E,2,Consider History principles at level 3
hist-l3-100,History,3,What is a key concept in History at level 3? (variation 99),Option A,Option B,Option C,Option D,Option E,2,Consider History principles at level 3
hist-l4-001,History,4,What is a key concept in History at level 4?,Option A,Option B,Option C,Option D,Option E,2,Consider History principles at level 4
hist-l4-002,History,4,What is a key concept in History at level 4? (variation 1),Option C,Option A,Option E,Option B,Option D,0,Consider History principles at level 4
hist-l4-003,History,4,What is a key concept in History at level 4? (variation 2),Option A,Option B,Option C,Option D,Option E,2,Consider History principles at level 4
hist-l4-004,History,4,What is a key concept in History at level 4? (variation 3),Option A,Option B,Option C,Option D,Option E,2,Consider History principles at level 4
hist-l4-005,History,4,What is a key concept in History at level 4? (variation 4),Option A,Option B,Option C,Option D,Option E,2,Consider History principles at level 4
hist-l4-006,History,4,What is a key concept in History at level 4? (variation 5),Option A,Option B,Option C,Option D,Option E,2,Consider History principles at level 4
hist-l4-007,History,4,What is a key concept in History at level 4? (variation 6),Option C,Option B,Option D,Option A,Option E,0,Consider History principles at level 4
hist-l4-008,History,4,What is a key concept in History at level 4? (variation 7),Option B,Option D,Option A,Option C,Option E,3,Consider History principles at level 4
hist-l4-009,History,4,What is a key concept in History at level 4? (variation 8),Option B,Option E,Option D,Option A,Option C,4,Consider History principles at level 4
hist-l4-010,History,4,What is a key concept in History at level 4? (variation 9),Option B,Option A,Option C,Option D,Option E,2,Consider History principles at level 4
hist-l4-011,History,4,What is a key concept in History at level 4? (variation 10),Option E,Option B,Option A,Option C,Option D,3,Consider History principles at level 4
hist-l4-012,History,4,What is a key concept in History at level 4? (variation 11),Option C,Option B,Option A,Option E,Option D,0,Consider History principles at level 4
hist-l4-013,History,4,What is a key concept in History at level 4? (variation 12),Option A,Option B,Option C,Option D,Option E,2,Consider History principles at level 4
hist-l4-014,History,4,What is a key concept in History at level 4? (variation 13),Option A,Option B,Option C,Option D,Option E,2,Consider History principles at level 4
hist-l4-015,History,4,What is a key concept in History at level 4? (variation 14),Option D,Option C,Option E,Option B,Option A,1,Consider History principles at level 4
hist-l4-016,History,4,What is a key concept in History at level 4? (variation 15),Option D,Option A,Option E,Option C,Option B,3,Consider History principles at level 4
hist-l4-017,History,4,What is a key concept in History at level 4? (variation 16),Option C,Option D,Option E,Option A,Option B,0,Consider History principles at level 4
hist-l4-018,History,4,What is a key concept in History at level 4? (variation 17),Option A,Option B,Option C,Option D,Option E,2,Consider History principles at level 4
hist-l4-019,History,4,What is a key concept in History at level 4? (variation 18),Option A,Option B,Option C,Option D,Option E,2,Consider History principles at level 4
hist-l4-020,History,4,What is a key concept in History at level 4? (variation 19),Option A,Option B,Option C,Option D,Option E,2,Consider History principles at level 4
hist-l4-021,History,4,What is a key concept in History at level 4? (variation 20),Option B,Option D,Option E,Option C,Option A,3,Consider History principles at level 4
hist-l4-022,History,4,What is a key concept in History at level 4? (variation 21),Option A,Option B,Option C,Option D,Option E,2,Consider History principles at level 4
hist-l4-023,History,4,What is a key concept in History at level 4? (variation 22),Option A,Option B,Option C,Option D,Option E,2,Consider History principles at level 4
hist-l4-024,History,4,What is a key concept in History at level 4? (variation 23),Option A,Option B,Option C,Option D,Option E,2,Consider History principles at level 4
hist-l4-025,History,4,What is a key concept in History at level 4? (variation 24),Option A,Option B,Option C,Option D,Option E,2,Consider History principles at level 4
hist-l4-026,History,4,What is a key concept in History at level 4? (variation 25),Option A,Option B,Option C,Option D,Option E,2,Consider History principles at level 4
hist-l4-027,History,4,What is a key concept in History at level 4? (variation 26),Option A,Option B,Option C,Option D,Option E,2,Consider History principles at level 4
hist-l4-028,History,4,What is a key concept in History at level 4? (variation 27),Option B,Option C,Option D,Option E,Option A,1,Consider History principles at level 4
hist-l4-029,History,4,What is a key concept in History at level 4? (variation 28),Option A,Option B,Option C,Option D,Option E,2,Consider History principles at level 4
hist-l4-030,History,4,What is a key concept in History at level 4? (variation 29),Option A,Option E,Option C,Option B,Option D,2,Consider History principles at level 4
hist-l4-031,History,4,What is a key concept in History at level 4? (variation 30),Option B,Option A,Option D,Option C,Option E,3,Consider History principles at level 4
hist-l4-032,History,4,What is a key concept in History at level 4? (variation 31),Option E,Option B,Option D,Option C,Option A,3,Consider History principles at level 4
hist-l4-033,History,4,What is a key concept in History at level 4? (variation 32),Option A,Option B,Option C,Option D,Option E,2,Consider History principles at level 4
hist-l4-034,History,4,What is a key concept in History at level 4? (variation 33),Option A,Option B,Option C,Option D,Option E,2,Consider History principles at level 4
hist-l4-035,History,4,What is a key concept in History at level 4? (variation 34),Option D,Option A,Option B,Option C,Option E,3,Consider History principles at level 4
hist-l4-036,History,4,What is a key concept in History at level 4? (variation 35),Option D,Option C,Option A,Option B,Option E,1,Consider History principles at level 4
hist-l4-037,History,4,What is a key concept in History at level 4? (variation 36),Option E,Option C,Option B,Option A,Option D,1,Consider History principles at level 4
hist-l4-038,History,4,What is a key concept in History at level 4? (variation 37),Option B,Option E,Option A,Option D,Option C,4,Consider History principles at level 4
hist-l4-039,History,4,What is a key concept in History at level 4? (variation 38),Option A,Option B,Option C,Option D,Option E,2,Consider History principles at level 4
hist-l4-040,History,4,What is a key concept in History at level 4? (variation 39),Option C,Option B,Option D,Option A,Option E,0,Consider History principles at level 4
hist-l4-041,History,4,What is a key concept in History at level 4? (variation 40),Option A,Option B,Option C,Option D,Option E,2,Consider History principles at level 4
hist-l4-042,History,4,What is a key concept in History at level 4? (variation 41),Option A,Option B,Option C,Option D,Option E,2,Consider History principles at level 4
hist-l4-043,History,4,What is a key concept in History at level 4? (variation 42),Option C,Option E,Option D,Option B,Option A,0,Consider History principles at level 4
hist-l4-044,History,4,What is a key concept in History at level 4? (variation 43),Option A,Option B,Option C,Option D,Option E,2,Consider History principles at level 4
hist-l4-045,History,4,What is a key concept in History at level 4? (variation 44),Option A,Option B,Option C,Option D,Option E,2,Consider History principles at level 4
hist-l4-046,History,4,What is a key concept in History at level 4? (variation 45),Option A,Option B,Option C,Option D,Option E,2,Consider History principles at level 4
hist-l4-047,History,4,What is a key concept in History at level 4? (variation 46),Option A,Option B,Option C,Option D,Option E,2,Consider History principles at level 4
hist-l4-048,History,4,What is a key concept in History at level 4? (variation 47),Option A,Option B,Option C,Option D,Option E,2,Consider History principles at level 4
hist-l4-049,History,4,What is a key concept in History at level 4? (variation 48),Option A,Option B,Option C,Option D,Option E,2,Consider History principles at level 4
hist-l4-050,History,4,What is a key concept in History at level 4? (variation 49),Option A,Option B,Option C,Option D,Option E,2,Consider History principles at level 4
hist-l4-051,History,4,What is a key concept in History at level 4? (variation 50),Option A,Option C,Option E,Option B,Option D,1,Consider History principles at level 4
hist-l4-052,History,4,What is a key concept in History at level 4? (variation 51),Option C,Option D,Option E,Option A,Option B,0,Consider History principles at level 4
hist-l4-053,History,4,What is a key concept in History at level 4? (variation 52),Option D,Option B,Option C,Option A,Option E,2,Consider History principles at level 4
hist-l4-054,History,4,What is a key concept in History at level 4? (variation 53),Option A,Option E,Option C,Option D,Option B,2,Consider History principles at level 4
hist-l4-055,History,4,What is a key concept in History at level 4? (variation 54),Option A,Option B,Option C,Option D,Option E,2,Consider History principles at level 4
hist-l4-056,History,4,What is a key concept in History at level 4? (variation 55),Option A,Option B,Option C,Option D,Option E,2,Consider History principles at level 4
hist-l4-057,History,4,What is a key concept in History at level 4? (variation 56),Option A,Option B,Option C,Option D,Option E,2,Consider History principles at level 4
hist-l4-058,History,4,What is a key concept in History at level 4? (variation 57),Option A,Option B,Option C,Option D,Option E,2,Consider History principles at level 4
hist-l4-059,History,4,What is a key concept in History at level 4? (variation 58),Option A,Option B,Option C,Option D,Option E,2,Consider History principles at level 4
hist-l4-060,History,4,What is a key concept in History at level 4? (variation 59),Option A,Option B,Option C,Option D,Option E,2,Consider History principles at level 4
hist-l4-061,History,4,What is a key concept in History at level 4? (variation 60),Option A,Option B,Option C,Option D,Option E,2,Consider History principles at level 4
hist-l4-062,History,4,What is a key concept in History at level 4? (variation 61),Option A,Option B,Option C,Option D,Option E,2,Consider History principles at level 4
hist-l4-063,History,4,What is a key concept in History at level 4? (variation 62),Option A,Option B,Option C,Option D,Option E,2,Consider History principles at level 4
hist-l4-064,History,4,What is a key concept in History at level 4? (variation 63),Option A,Option B,Option C,Option D,Option E,2,Consider History principles at level 4
hist-l4-065,History,4,What is a key concept in History at level 4? (variation 64),Option A,Option B,Option C,Option D,Option E,2,Consider History principles at level 4
hist-l4-066,History,4,What is a key concept in History at level 4? (variation 65),Option A,Option B,Option C,Option D,Option E,2,Consider History principles at level 4
hist-l4-067,History,4,What is a key concept in History at level 4? (variation 66),Option D,Option A,Option C,Option E,Option B,2,Consider History principles at level 4
hist-l4-068,History,4,What is a key concept in History at level 4? (variation 67),Option A,Option B,Option C,Option D,Option E,2,Consider History principles at level 4
hist-l4-069,History,4,What is a key concept in History at level 4? (variation 68),Option B,Option A,Option E,Option D,Option C,4,Consider History principles at level 4
hist-l4-070,History,4,What is a key concept in History at level 4? (variation 69),Option A,Option B,Option C,Option D,Option E,2,Consider History principles at level 4
hist-l4-071,History,4,What is a key concept in History at level 4? (variation 70),Option B,Option A,Option E,Option C,Option D,3,Consider History principles at level 4
hist-l4-072,History,4,What is a key concept in History at level 4? (variation 71),Option E,Option B,Option C,Option A,Option D,2,Consider History principles at level 4
hist-l4-073,History,4,What is a key concept in History at level 4? (variation 72),Option A,Option B,Option C,Option D,Option E,2,Consider History principles at level 4
hist-l4-074,History,4,What is a key concept in History at level 4? (variation 73),Option A,Option B,Option C,Option D,Option E,2,Consider History principles at level 4
hist-l4-075,History,4,What is a key concept in History at level 4? (variation 74),Option A,Option B,Option C,Option D,Option E,2,Consider History principles at level 4
hist-l4-076,History,4,What is a key concept in History at level 4? (variation 75),Option A,Option E,Option D,Option B,Option C,4,Consider History principles at level 4
hist-l4-077,History,4,What is a key concept in History at level 4? (variation 76),Option B,Option D,Option E,Option A,Option C,4,Consider History principles at level 4
hist-l4-078,History,4,What is a key concept in History at level 4? (variation 77),Option D,Option C,Option A,Option B,Option E,1,Consider History principles at level 4
hist-l4-079,History,4,What is a key concept in History at level 4? (variation 78),Option A,Option B,Option C,Option D,Option E,2,Consider History principles at level 4
hist-l4-080,History,4,What is a key concept in History at level 4? (variation 79),Option A,Option B,Option C,Option D,Option E,2,Consider History principles at level 4
hist-l4-081,History,4,What is a key concept in History at level 4? (variation 80),Option A,Option B,Option C,Option D,Option E,2,Consider History principles at level 4
hist-l4-082,History,4,What is a key concept in History at level 4? (variation 81),Option A,Option B,Option C,Option D,Option E,2,Consider History principles at level 4
hist-l4-083,History,4,What is a key concept in History at level 4? (variation 82),Option A,Option B,Option C,Option D,Option E,2,Consider History principles at level 4
hist-l4-084,History,4,What is a key concept in History at level 4? (variation 83),Option A,Option B,Option C,Option D,Option E,2,Consider History principles at level 4
hist-l4-085,History,4,What is a key concept in History at level 4? (variation 84),Option A,Option B,Option C,Option D,Option E,2,Consider History principles at level 4
hist-l4-086,History,4,What is a key concept in History at level 4? (variation 85),Option A,Option B,Option C,Option D,Option E,2,Consider History principles at level 4
hist-l4-087,History,4,What is a key concept in History at level 4? (variation 86),Option A,Option B,Option C,Option D,Option E,2,Consider History principles at level 4
hist-l4-088,History,4,What is a key concept in History at level 4? (variation 87),Option A,Option B,Option C,Option D,Option E,2,Consider History principles at level 4
hist-l4-089,History,4,What is a key concept in History at level 4? (variation 88),Option A,Option B,Option C,Option D,Option E,2,Consider History principles at level 4
hist-l4-090,History,4,What is a key concept in History at level 4? (variation 89),Option A,Option B,Option C,Option D,Option E,2,Consider History principles at level 4
hist-l4-091,History,4,What is a key concept in History at level 4? (variation 90),Option E,Option D,Option A,Option B,Option C,4,Consider History principles at level 4
hist-l4-092,History,4,What is a key concept in History at level 4? (variation 91),Option E,Option C,Option D,Option B,Option A,1,Consider History principles at level 4
hist-l4-093,History,4,What is a key concept in History at level 4? (variation 92),Option A,Option B,Option C,Option D,Option E,2,Consider History principles at level 4
hist-l4-094,History,4,What is a key concept in History at level 4? (variation 93),Option A,Option B,Option C,Option D,Option E,2,Consider History principles at level 4
hist-l4-095,History,4,What is a key concept in History at level 4? (variation 94),Option A,Option B,Option C,Option D,Option E,2,Consider History principles at level 4
hist-l4-096,History,4,What is a key concept in History at level 4? (variation 95),Option A,Option B,Option C,Option D,Option E,2,Consider History principles at level 4
hist-l4-097,History,4,What is a key concept in History at level 4? (variation 96),Option D,Option B,Option A,Option E,Option C,4,Consider History principles at level 4
hist-l4-098,History,4,What is a key concept in History at level 4? (variation 97),Option A,Option B,Option C,Option D,Option E,2,Consider History principles at level 4
hist-l4-099,History,4,What is a key concept in History at level 4? (variation 98),Option A,Option B,Option C,Option D,Option E,2,Consider History principles at level 4
hist-l4-100,History,4,What is a key concept in History at level 4? (variation 99),Option B,Option D,Option E,Option A,Option C,4,Consider History principles at level 4
hist-l5-001,History,5,What is a key concept in History at level 5?,Option A,Option B,Option E,Option C,Option D,3,Consider History principles at level 5
hist-l5-002,History,5,What is a key concept in History at level 5? (variation 1),Option A,Option B,Option C,Option D,Option E,2,Consider History principles at level 5
hist-l5-003,History,5,What is a key concept in History at level 5? (variation 2),Option E,Option B,Option D,Option C,Option A,3,Consider History principles at level 5
hist-l5-004,History,5,What is a key concept in History at level 5? (variation 3),Option E,Option C,Option A,Option B,Option D,1,Consider History principles at level 5
hist-l5-005,History,5,What is a key concept in History at level 5? (variation 4),Option A,Option B,Option C,Option D,Option E,2,Consider History principles at level 5
hist-l5-006,History,5,What is a key concept in History at level 5? (variation 5),Option A,Option B,Option C,Option D,Option E,2,Consider History principles at level 5
hist-l5-007,History,5,What is a key concept in History at level 5? (variation 6),Option A,Option B,Option C,Option D,Option E,2,Consider History principles at level 5
hist-l5-008,History,5,What is a key concept in History at level 5? (variation 7),Option C,Option B,Option D,Option E,Option A,0,Consider History principles at level 5
hist-l5-009,History,5,What is a key concept in History at level 5? (variation 8),Option A,Option B,Option C,Option D,Option E,2,Consider History principles at level 5
hist-l5-010,History,5,What is a key concept in History at level 5? (variation 9),Option A,Option B,Option C,Option D,Option E,2,Consider History principles at level 5
hist-l5-011,History,5,What is a key concept in History at level 5? (variation 10),Option D,Option E,Option C,Option A,Option B,2,Consider History principles at level 5
hist-l5-012,History,5,What is a key concept in History at level 5? (variation 11),Option A,Option B,Option C,Option D,Option E,2,Consider History principles at level 5
hist-l5-013,History,5,What is a key concept in History at level 5? (variation 12),Option A,Option B,Option C,Option D,Option E,2,Consider History principles at level 5
hist-l5-014,History,5,What is a key concept in History at level 5? (variation 13),Option D,Option B,Option E,Option C,Option A,3,Consider History principles at level 5
hist-l5-015,History,5,What is a key concept in History at level 5? (variation 14),Option A,Option B,Option C,Option D,Option E,2,Consider History principles at level 5
hist-l5-016,History,5,What is a key concept in History at level 5? (variation 15),Option A,Option C,Option B,Option E,Option D,1,Consider History principles at level 5
hist-l5-017,History,5,What is a key concept in History at level 5? (variation 16),Option A,Option B,Option C,Option D,Option E,2,Consider History principles at level 5
hist-l5-018,History,5,What is a key concept in History at level 5? (variation 17),Option D,Option E,Option A,Option C,Option B,3,Consider History principles at level 5
hist-l5-019,History,5,What is a key concept in History at level 5? (variation 18),Option A,Option B,Option C,Option D,Option E,2,Consider History principles at level 5
hist-l5-020,History,5,What is a key concept in History at level 5? (variation 19),Option C,Option E,Option A,Option B,Option D,0,Consider History principles at level 5
hist-l5-021,History,5,What is a key concept in History at level 5? (variation 20),Option A,Option B,Option C,Option D,Option E,2,Consider History principles at level 5
hist-l5-022,History,5,What is a key concept in History at level 5? (variation 21),Option A,Option B,Option C,Option D,Option E,2,Consider History principles at level 5
hist-l5-023,History,5,What is a key concept in History at level 5? (variation 22),Option D,Option A,Option B,Option E,Option C,4,Consider History principles at level 5
hist-l5-024,History,5,What is a key concept in History at level 5? (variation 23),Option A,Option B,Option C,Option D,Option E,2,Consider History principles at level 5
hist-l5-025,History,5,What is a key concept in History at level 5? (variation 24),Option A,Option B,Option C,Option D,Option E,2,Consider History principles at level 5
hist-l5-026,History,5,What is a key concept in History at level 5? (variation 25),Option A,Option B,Option C,Option D,Option E,2,Consider History principles at level 5
hist-l5-027,History,5,What is a key concept in History at level 5? (variation 26),Option C,Option B,Option E,Option D,Option A,0,Consider History principles at level 5
hist-l5-028,History,5,What is a key concept in History at level 5? (variation 27),Option C,Option D,Option E,Option B,Option A,0,Consider History principles at level 5
hist-l5-029,History,5,What is a key concept in History at level 5? (variation 28),Option A,Option B,Option C,Option D,Option E,2,Consider History principles at level 5
hist-l5-030,History,5,What is a key concept in History at level 5? (variation 29),Option C,Option D,Option A,Option B,Option E,0,Consider History principles at level 5
hist-l5-031,History,5,What is a key concept in History at level 5? (variation 30),Option E,Option B,Option D,Option C,Option A,3,Consider History principles at level 5
hist-l5-032,History,5,What is a key concept in History at level 5? (variation 31),Option A,Option C,Option D,Option B,Option E,1,Consider History principles at level 5
hist-l5-033,History,5,What is a key concept in History at level 5? (variation 32),Option A,Option B,Option C,Option D,Option E,2,Consider History principles at level 5
hist-l5-034,History,5,What is a key concept in History at level 5? (variation 33),Option A,Option D,Option E,Option C,Option B,3,Consider History principles at level 5
hist-l5-035,History,5,What is a key concept in History at level 5? (variation 34),Option A,Option B,Option C,Option D,Option E,2,Consider History principles at level 5
hist-l5-036,History,5,What is a key concept in History at level 5? (variation 35),Option A,Option B,Option C,Option D,Option E,2,Consider History principles at level 5
hist-l5-037,History,5,What is a key concept in History at level 5? (variation 36),Option D,Option A,Option E,Option C,Option B,3,Consider History principles at level 5
hist-l5-038,History,5,What is a key concept in History at level 5? (variation 37),Option A,Option B,Option C,Option D,Option E,2,Consider History principles at level 5
hist-l5-039,History,5,What is a key concept in History at level 5? (variation 38),Option A,Option E,Option B,Option D,Option C,4,Consider History principles at level 5
hist-l5-040,History,5,What is a key concept in History at level 5? (variation 39),Option A,Option B,Option C,Option D,Option E,2,Consider History principles at level 5
hist-l5-041,History,5,What is a key concept in History at level 5? (variation 40),Option A,Option B,Option C,Option D,Option E,2,Consider History principles at level 5
hist-l5-042,History,5,What is a key concept in History at level 5? (variation 41),Option A,Option B,Option C,Option D,Option E,2,Consider History principles at level 5
hist-l5-043,History,5,What is a key concept in History at level 5? (variation 42),Option A,Option B,Option C,Option D,Option E,2,Consider History principles at level 5
hist-l5-044,History,5,What is a key concept in History at level 5? (variation 43),Option A,Option B,Option C,Option D,Option E,2,Consider History principles at level 5
hist-l5-045,History,5,What is a key concept in History at level 5? (variation 44),Option E,Option D,Option B,Option C,Option A,3,Consider History principles at level 5
hist-l5-046,History,5,What is a key concept in History at level 5? (variation 45),Option A,Option B,Option C,Option D,Option E,2,Consider History principles at level 5
hist-l5-047,History,5,What is a key concept in History at level 5? (variation 46),Option A,Option B,Option C,Option D,Option E,2,Consider History principles at level 5
hist-l5-048,History,5,What is a key concept in History at level 5? (variation 47),Option B,Option A,Option E,Option D,Option C,4,Consider History principles at level 5
hist-l5-049,History,5,What is a key concept in History at level 5? (variation 48),Option E,Option D,Option A,Option B,Option C,4,Consider History principles at level 5
hist-l5-050,History,5,What is a key concept in History at level 5? (variation 49),Option A,Option B,Option C,Option D,Option E,2,Consider History principles at level 5
hist-l5-051,History,5,What is a key concept in History at level 5? (variation 50),Option A,Option B,Option C,Option D,Option E,2,Consider History principles at level 5
hist-l5-052,History,5,What is a key concept in History at level 5? (variation 51),Option A,Option B,Option C,Option D,Option E,2,Consider History principles at level 5
hist-l5-053,History,5,What is a key concept in History at level 5? (variation 52),Option C,Option D,Option A,Option E,Option B,0,Consider History principles at level 5
hist-l5-054,History,5,What is a key concept in History at level 5? (variation 53),Option A,Option B,Option C,Option D,Option E,2,Consider History principles at level 5
hist-l5-055,History,5,What is a key concept in History at level 5? (variation 54),Option A,Option B,Option C,Option D,Option E,2,Consider History principles at level 5
hist-l5-056,History,5,What is a key concept in History at level 5? (variation 55),Option A,Option B,Option C,Option D,Option E,2,Consider History principles at level 5
hist-l5-057,History,5,What is a key concept in History at level 5? (variation 56),Option A,Option B,Option C,Option D,Option E,2,Consider History principles at level 5
hist-l5-058,History,5,What is a key concept in History at level 5? (variation 57),Option A,Option B,Option C,Option D,Option E,2,Consider History principles at level 5
hist-l5-059,History,5,What is a key concept in History at level 5? (variation 58),Option A,Option B,Option C,Option D,Option E,2,Consider History principles at level 5
hist-l5-060,History,5,What is a key concept in History at level 5? (variation 59),Option A,Option B,Option C,Option D,Option E,2,Consider History principles at level 5
hist-l5-061,History,5,What is a key concept in History at level 5? (variation 60),Option E,Option A,Option B,Option D,Option C,4,Consider History principles at level 5
hist-l5-062,History,5,What is a key concept in History at level 5? (variation 61),Option D,Option A,Option B,Option C,Option E,3,Consider History principles at level 5
hist-l5-063,History,5,What is a key concept in History at level 5? (variation 62),Option A,Option B,Option C,Option D,Option E,2,Consider History principles at level 5
hist-l5-064,History,5,What is a key concept in History at level 5? (variation 63),Option A,Option B,Option C,Option D,Option E,2,Consider History principles at level 5
hist-l5-065,History,5,What is a key concept in History at level 5? (variation 64),Option B,Option D,Option E,Option C,Option A,3,Consider History principles at level 5
hist-l5-066,History,5,What is a key concept in History at level 5? (variation 65),Option A,Option B,Option C,Option D,Option E,2,Consider History principles at level 5
hist-l5-067,History,5,What is a key concept in History at level 5? (variation 66),Option A,Option B,Option C,Option D,Option E,2,Consider History principles at level 5
hist-l5-068,History,5,What is a key concept in History at level 5? (variation 67),Option A,Option B,Option C,Option D,Option E,2,Consider History principles at level 5
hist-l5-069,History,5,What is a key concept in History at level 5? (variation 68),Option A,Option B,Option C,Option D,Option E,2,Consider History principles at level 5
hist-l5-070,History,5,What is a key concept in History at level 5? (variation 69),Option A,Option B,Option C,Option D,Option E,2,Consider History principles at level 5
hist-l5-071,History,5,What is a key concept in History at level 5? (variation 70),Option E,Option A,Option C,Option B,Option D,2,Consider History principles at level 5
hist-l5-072,History,5,What is a key concept in History at level 5? (variation 71),Option A,Option B,Option C,Option D,Option E,2,Consider History principles at level 5
hist-l5-073,History,5,What is a key concept in History at level 5? (variation 72),Option A,Option B,Option C,Option D,Option E,2,Consider History principles at level 5
hist-l5-074,History,5,What is a key concept in History at level 5? (variation 73),Option A,Option B,Option C,Option D,Option E,2,Consider History principles at level 5
hist-l5-075,History,5,What is a key concept in History at level 5? (variation 74),Option A,Option B,Option C,Option D,Option E,2,Consider History principles at level 5
hist-l5-076,History,5,What is a key concept in History at level 5? (variation 75),Option A,Option B,Option C,Option D,Option E,2,Consider History principles at level 5
hist-l5-077,History,5,What is a key concept in History at level 5? (variation 76),Option A,Option B,Option C,Option D,Option E,2,Consider History principles at level 5
hist-l5-078,History,5,What is a key concept in History at level 5? (variation 77),Option A,Option B,Option C,Option D,Option E,2,Consider History principles at level 5
hist-l5-079,History,5,What is a key concept in History at level 5? (variation 78),Option A,Option B,Option C,Option D,Option E,2,Consider History principles at level 5
hist-l5-080,History,5,What is a key concept in History at level 5? (variation 79),Option A,Option B,Option C,Option D,Option E,2,Consider History principles at level 5
hist-l5-081,History,5,What is a key concept in History at level 5? (variation 80),Option E,Option C,Option A,Option D,Option B,1,Consider History principles at level 5
hist-l5-082,History,5,What is a key concept in History at level 5? (variation 81),Option A,Option B,Option C,Option D,Option E,2,Consider History principles at level 5
hist-l5-083,History,5,What is a key concept in History at level 5? (variation 82),Option A,Option B,Option E,Option D,Option C,4,Consider History principles at level 5
hist-l5-084,History,5,What is a key concept in History at level 5? (variation 83),Option A,Option B,Option C,Option D,Option E,2,Consider History principles at level 5
hist-l5-085,History,5,What is a key concept in History at level 5? (variation 84),Option A,Option B,Option C,Option D,Option E,2,Consider History principles at level 5
hist-l5-086,History,5,What is a key concept in History at level 5? (variation 85),Option A,Option B,Option C,Option D,Option E,2,Consider History principles at level 5
hist-l5-087,History,5,What is a key concept in History at level 5? (variation 86),Option B,Option E,Option A,Option C,Option D,3,Consider History principles at level 5
hist-l5-088,History,5,What is a key concept in History at level 5? (variation 87),Option A,Option B,Option C,Option D,Option E,2,Consider History principles at level 5
hist-l5-089,History,5,What is a key concept in History at level 5? (variation 88),Option A,Option B,Option C,Option D,Option E,2,Consider History principles at level 5
hist-l5-090,History,5,What is a key concept in History at level 5? (variation 89),Option A,Option B,Option C,Option D,Option E,2,Consider History principles at level 5
hist-l5-091,History,5,What is a key concept in History at level 5? (variation 90),Option A,Option B,Option C,Option D,Option E,2,Consider History principles at level 5
hist-l5-092,History,5,What is a key concept in History at level 5? (variation 91),Option A,Option B,Option C,Option D,Option E,2,Consider History principles at level 5
hist-l5-093,History,5,What is a key concept in History at level 5? (variation 92),Option C,Option A,Option B,Option E,Option D,0,Consider History principles at level 5
hist-l5-094,History,5,What is a key concept in History at level 5? (variation 93),Option C,Option E,Option A,Option B,Option D,0,Consider History principles at level 5
hist-l5-095,History,5,What is a key concept in History at level 5? (variation 94),Option B,Option A,Option E,Option C,Option D,3,Consider History principles at level 5
hist-l5-096,History,5,What is a key concept in History at level 5? (variation 95),Option A,Option B,Option C,Option D,Option E,2,Consider History principles at level 5
hist-l5-097,History,5,What is a key concept in History at level 5? (variation 96),Option A,Option B,Option C,Option D,Option E,2,Consider History principles at level 5
hist-l5-098,History,5,What is a key concept in History at level 5? (variation 97),Option A,Option B,Option C,Option D,Option E,2,Consider History principles at level 5
hist-l5-099,History,5,What is a key concept in History at level 5? (variation 98),Option A,Option E,Option B,Option C,Option D,3,Consider History principles at level 5
hist-l5-100,History,5,What is a key concept in History at level 5? (variation 99),Option A,Option B,Option C,Option D,Option E,2,Consider History principles at level 5
space-l1-001,Space,1,What is a key concept in Space at level 1?,Option A,Option B,Option C,Option D,Option E,2,Consider Space principles at level 1
space-l1-002,Space,1,What is a key concept in Space at level 1? (variation 1),Option A,Option B,Option C,Option D,Option E,2,Consider Space principles at level 1
space-l1-003,Space,1,What is a key concept in Space at level 1? (variation 2),Option C,Option B,Option E,Option D,Option A,0,Consider Space principles at level 1
space-l1-004,Space,1,What is a key concept in Space at level 1? (variation 3),Option A,Option B,Option C,Option D,Option E,2,Consider Space principles at level 1
space-l1-005,Space,1,What is a key concept in Space at level 1? (variation 4),Option A,Option B,Option C,Option D,Option E,2,Consider Space principles at level 1
space-l1-006,Space,1,What is a key concept in Space at level 1? (variation 5),Option B,Option A,Option E,Option D,Option C,4,Consider Space principles at level 1
space-l1-007,Space,1,What is a key concept in Space at level 1? (variation 6),Option E,Option A,Option D,Option B,Option C,4,Consider Space principles at level 1
space-l1-008,Space,1,What is a key concept in Space at level 1? (variation 7),Option A,Option B,Option C,Option D,Option E,2,Consider Space principles at level 1
space-l1-009,Space,1,What is a key concept in Space at level 1? (variation 8),Option E,Option C,Option D,Option A,Option B,1,Consider Space principles at level 1
space-l1-010,Space,1,What is a key concept in Space at level 1? (variation 9),Option A,Option B,Option C,Option D,Option E,2,Consider Space principles at level 1
space-l1-011,Space,1,What is a key concept in Space at level 1? (variation 10),Option A,Option B,Option C,Option D,Option E,2,Consider Space principles at level 1
space-l1-012,Space,1,What is a key concept in Space at level 1? (variation 11),Option A,Option D,Option C,Option B,Option E,2,Consider Space principles at level 1
space-l1-013,Space,1,What is a key concept in Space at level 1? (variation 12),Option B,Option E,Option C,Option A,Option D,2,Consider Space principles at level 1
space-l1-014,Space,1,What is a key concept in Space at level 1? (variation 13),Option A,Option B,Option C,Option D,Option E,2,Consider Space principles at level 1
space-l1-015,Space,1,What is a key concept in Space at level 1? (variation 14),Option A,Option B,Option C,Option D,Option E,2,Consider Space principles at level 1
space-l1-016,Space,1,What is a key concept in Space at level 1? (variation 15),Option A,Option B,Option C,Option D,Option E,2,Consider Space principles at level 1
space-l1-017,Space,1,What is a key concept in Space at level 1? (variation 16),Option A,Option B,Option C,Option D,Option E,2,Consider Space principles at level 1
space-l1-018,Space,1,What is a key concept in Space at level 1? (variation 17),Option A,Option B,Option C,Option D,Option E,2,Consider Space principles at level 1
space-l1-019,Space,1,What is a key concept in Space at level 1? (variation 18),Option A,Option B,Option C,Option D,Option E,2,Consider Space principles at level 1
space-l1-020,Space,1,What is a key concept in Space at level 1? (variation 19),Option A,Option B,Option C,Option D,Option E,2,Consider Space principles at level 1
space-l1-021,Space,1,What is a key concept in Space at level 1? (variation 20),Option A,Option B,Option C,Option D,Option E,2,Consider Space principles at level 1
space-l1-022,Space,1,What is a key concept in Space at level 1? (variation 21),Option A,Option B,Option C,Option D,Option E,2,Consider Space principles at level 1
space-l1-023,Space,1,What is a key concept in Space at level 1? (variation 22),Option A,Option B,Option C,Option D,Option E,2,Consider Space principles at level 1
space-l1-024,Space,1,What is a key concept in Space at level 1? (variation 23),Option A,Option B,Option C,Option D,Option E,2,Consider Space principles at level 1
space-l1-025,Space,1,What is a key concept in Space at level 1? (variation 24),Option A,Option B,Option C,Option D,Option E,2,Consider Space principles at level 1
space-l1-026,Space,1,What is a key concept in Space at level 1? (variation 25),Option A,Option B,Option C,Option D,Option E,2,Consider Space principles at level 1
space-l1-027,Space,1,What is a key concept in Space at level 1? (variation 26),Option A,Option B,Option C,Option D,Option E,2,Consider Space principles at level 1
space-l1-028,Space,1,What is a key concept in Space at level 1? (variation 27),Option A,Option B,Option C,Option D,Option E,2,Consider Space principles at level 1
space-l1-029,Space,1,What is a key concept in Space at level 1? (variation 28),Option A,Option B,Option E,Option D,Option C,4,Consider Space principles at level 1
space-l1-030,Space,1,What is a key concept in Space at level 1? (variation 29),Option A,Option B,Option C,Option D,Option E,2,Consider Space principles at level 1
space-l1-031,Space,1,What is a key concept in Space at level 1? (variation 30),Option A,Option B,Option C,Option D,Option E,2,Consider Space principles at level 1
space-l1-032,Space,1,What is a key concept in Space at level 1? (variation 31),Option A,Option B,Option C,Option D,Option E,2,Consider Space principles at level 1
space-l1-033,Space,1,What is a key concept in Space at level 1? (variation 32),Option A,Option B,Option C,Option D,Option E,2,Consider Space principles at level 1
space-l1-034,Space,1,What is a key concept in Space at level 1? (variation 33),Option A,Option B,Option C,Option D,Option E,2,Consider Space principles at level 1
space-l1-035,Space,1,What is a key concept in Space at level 1? (variation 34),Option A,Option B,Option C,Option D,Option E,2,Consider Space principles at level 1
space-l1-036,Space,1,What is a key concept in Space at level 1? (variation 35),Option A,Option B,Option C,Option D,Option E,2,Consider Space principles at level 1
space-l1-037,Space,1,What is a key concept in Space at level 1? (variation 36),Option A,Option B,Option C,Option D,Option E,2,Consider Space principles at level 1
space-l1-038,Space,1,What is a key concept in Space at level 1? (variation 37),Option C,Option A,Option D,Option E,Option B,0,Consider Space principles at level 1
space-l1-039,Space,1,What is a key concept in Space at level 1? (variation 38),Option A,Option B,Option C,Option D,Option E,2,Consider Space principles at level 1
space-l1-040,Space,1,What is a key concept in Space at level 1? (variation 39),Option A,Option B,Option C,Option D,Option E,2,Consider Space principles at level 1
space-l1-041,Space,1,What is a key concept in Space at level 1? (variation 40),Option A,Option B,Option C,Option D,Option E,2,Consider Space principles at level 1
space-l1-042,Space,1,What is a key concept in Space at level 1? (variation 41),Option A,Option B,Option C,Option D,Option E,2,Consider Space principles at level 1
space-l1-043,Space,1,What is a key concept in Space at level 1? (variation 42),Option A,Option B,Option C,Option D,Option E,2,Consider Space principles at level 1
space-l1-044,Space,1,What is a key concept in Space at level 1? (variation 43),Option A,Option B,Option C,Option D,Option E,2,Consider Space principles at level 1
space-l1-045,Space,1,What is a key concept in Space at level 1? (variation 44),Option A,Option B,Option C,Option D,Option E,2,Consider Space principles at level 1
space-l1-046,Space,1,What is a key concept in Space at level 1? (variation 45),Option A,Option B,Option C,Option D,Option E,2,Consider Space principles at level 1
space-l1-047,Space,1,What is a key concept in Space at level 1? (variation 46),Option A,Option B,Option C,Option D,Option E,2,Consider Space principles at level 1
space-l1-048,Space,1,What is a key concept in Space at level 1? (variation 47),Option A,Option B,Option C,Option D,Option E,2,Consider Space principles at level 1
space-l1-049,Space,1,What is a key concept in Space at level 1? (variation 48),Option A,Option B,Option C,Option D,Option E,2,Consider Space principles at level 1
space-l1-050,Space,1,What is a key concept in Space at level 1? (variation 49),Option E,Option C,Option A,Option D,Option B,1,Consider Space principles at level 1
space-l1-051,Space,1,What is a key concept in Space at level 1? (variation 50),Option A,Option B,Option C,Option D,Option E,2,Consider Space principles at level 1
space-l1-052,Space,1,What is a key concept in Space at level 1? (variation 51),Option C,Option E,Option B,Option A,Option D,0,Consider Space principles at level 1
space-l1-053,Space,1,What is a key concept in Space at level 1? (variation 52),Option A,Option B,Option C,Option D,Option E,2,Consider Space principles at level 1
space-l1-054,Space,1,What is a key concept in Space at level 1? (variation 53),Option A,Option B,Option C,Option D,Option E,2,Consider Space principles at level 1
space-l1-055,Space,1,What is a key concept in Space at level 1? (variation 54),Option A,Option B,Option C,Option D,Option E,2,Consider Space principles at level 1
space-l1-056,Space,1,What is a key concept in Space at level 1? (variation 55),Option A,Option B,Option C,Option D,Option E,2,Consider Space principles at level 1
space-l1-057,Space,1,What is a key concept in Space at level 1? (variation 56),Option A,Option B,Option C,Option D,Option E,2,Consider Space principles at level 1
space-l1-058,Space,1,What is a key concept in Space at level 1? (variation 57),Option A,Option B,Option C,Option D,Option E,2,Consider Space principles at level 1
space-l1-059,Space,1,What is a key concept in Space at level 1? (variation 58),Option A,Option B,Option C,Option D,Option E,2,Consider Space principles at level 1
space-l1-060,Space,1,What is a key concept in Space at level 1? (variation 59),Option A,Option B,Option C,Option D,Option E,2,Consider Space principles at level 1
space-l1-061,Space,1,What is a key concept in Space at level 1? (variation 60),Option A,Option B,Option C,Option D,Option E,2,Consider Space principles at level 1
space-l1-062,Space,1,What is a key concept in Space at level 1? (variation 61),Option A,Option B,Option C,Option D,Option E,2,Consider Space principles at level 1
space-l1-063,Space,1,What is a key concept in Space at level 1? (variation 62),Option A,Option B,Option C,Option D,Option E,2,Consider Space principles at level 1
space-l1-064,Space,1,What is a key concept in Space at level 1? (variation 63),Option B,Option C,Option E,Option D,Option A,1,Consider Space principles at level 1
space-l1-065,Space,1,What is a key concept in Space at level 1? (variation 64),Option E,Option A,Option B,Option C,Option D,3,Consider Space principles at level 1
space-l1-066,Space,1,What is a key concept in Space at level 1? (variation 65),Option D,Option E,Option C,Option B,Option A,2,Consider Space principles at level 1
space-l1-067,Space,1,What is a key concept in Space at level 1? (variation 66),Option A,Option B,Option C,Option D,Option E,2,Consider Space principles at level 1
space-l1-068,Space,1,What is a key concept in Space at level 1? (variation 67),Option A,Option B,Option C,Option D,Option E,2,Consider Space principles at level 1
space-l1-069,Space,1,What is a key concept in Space at level 1? (variation 68),Option D,Option A,Option E,Option B,Option C,4,Consider Space principles at level 1
space-l1-070,Space,1,What is a key concept in Space at level 1? (variation 69),Option A,Option B,Option C,Option D,Option E,2,Consider Space principles at level 1
space-l1-071,Space,1,What is a key concept in Space at level 1? (variation 70),Option A,Option B,Option C,Option D,Option E,2,Consider Space principles at level 1
space-l1-072,Space,1,What is a key concept in Space at level 1? (variation 71),Option A,Option B,Option C,Option D,Option E,2,Consider Space principles at level 1
space-l1-073,Space,1,What is a key concept in Space at level 1? (variation 72),Option A,Option B,Option C,Option D,Option E,2,Consider Space principles at level 1
space-l1-074,Space,1,What is a key concept in Space at level 1? (variation 73),Option A,Option B,Option C,Option D,Option E,2,Consider Space principles at level 1
space-l1-075,Space,1,What is a key concept in Space at level 1? (variation 74),Option A,Option B,Option C,Option E,Option D,2,Consider Space principles at level 1
space-l1-076,Space,1,What is a key concept in Space at level 1? (variation 75),Option A,Option C,Option E,Option D,Option B,1,Consider Space principles at level 1
space-l1-077,Space,1,What is a key concept in Space at level 1? (variation 76),Option C,Option B,Option E,Option A,Option D,0,Consider Space principles at level 1
space-l1-078,Space,1,What is a key concept in Space at level 1? (variation 77),Option C,Option E,Option D,Option A,Option B,0,Consider Space principles at level 1
space-l1-079,Space,1,What is a key concept in Space at level 1? (variation 78),Option A,Option B,Option C,Option D,Option E,2,Consider Space principles at level 1
space-l1-080,Space,1,What is a key concept in Space at level 1? (variation 79),Option C,Option A,Option D,Option E,Option B,0,Consider Space principles at level 1
space-l1-081,Space,1,What is a key concept in Space at level 1? (variation 80),Option A,Option B,Option C,Option D,Option E,2,Consider Space principles at level 1
space-l1-082,Space,1,What is a key concept in Space at level 1? (variation 81),Option A,Option C,Option D,Option E,Option B,1,Consider Space principles at level 1
space-l1-083,Space,1,What is a key concept in Space at level 1? (variation 82),Option A,Option B,Option C,Option D,Option E,2,Consider Space principles at level 1
space-l1-084,Space,1,What is a key concept in Space at level 1? (variation 83),Option C,Option A,Option E,Option D,Option B,0,Consider Space principles at level 1
space-l1-085,Space,1,What is a key concept in Space at level 1? (variation 84),Option A,Option B,Option C,Option D,Option E,2,Consider Space principles at level 1
space-l1-086,Space,1,What is a key concept in Space at level 1? (variation 85),Option E,Option C,Option B,Option D,Option A,1,Consider Space principles at level 1
space-l1-087,Space,1,What is a key concept in Space at level 1? (variation 86),Option A,Option B,Option C,Option D,Option E,2,Consider Space principles at level 1
space-l1-088,Space,1,What is a key concept in Space at level 1? (variation 87),Option A,Option B,Option C,Option D,Option E,2,Consider Space principles at level 1
space-l1-089,Space,1,What is a key concept in Space at level 1? (variation 88),Option A,Option B,Option C,Option D,Option E,2,Consider Space principles at level 1
space-l1-090,Space,1,What is a key concept in Space at level 1? (variation 89),Option D,Option C,Option A,Option B,Option E,1,Consider Space principles at level 1
space-l1-091,Space,1,What is a key concept in Space at level 1? (variation 90),Option B,Option D,Option A,Option E,Option C,4,Consider Space principles at level 1
space-l1-092,Space,1,What is a key concept in Space at level 1? (variation 91),Option A,Option B,Option C,Option D,Option E,2,Consider Space principles at level 1
space-l1-093,Space,1,What is a key concept in Space at level 1? (variation 92),Option A,Option B,Option C,Option D,Option E,2,Consider Space principles at level 1
space-l1-094,Space,1,What is a key concept in Space at level 1? (variation 93),Option A,Option B,Option C,Option D,Option E,2,Consider Space principles at level 1
space-l1-095,Space,1,What is a key concept in Space at level 1? (variation 94),Option A,Option B,Option C,Option D,Option E,2,Consider Space principles at level 1
space-l1-096,Space,1,What is a key concept in Space at level 1? (variation 95),Option A,Option B,Option C,Option D,Option E,2,Consider Space principles at level 1
space-l1-097,Space,1,What is a key concept in Space at level 1? (variation 96),Option A,Option B,Option C,Option D,Option E,2,Consider Space principles at level 1
space-l1-098,Space,1,What is a key concept in Space at level 1? (variation 97),Option D,Option E,Option C,Option A,Option B,2,Consider Space principles at level 1
space-l1-099,Space,1,What is a key concept in Space at level 1? (variation 98),Option A,Option B,Option C,Option D,Option E,2,Consider Space principles at level 1
space-l1-100,Space,1,What is a key concept in Space at level 1? (variation 99),Option A,Option B,Option C,Option D,Option E,2,Consider Space principles at level 1
space-l2-001,Space,2,What is a key concept in Space at level 2?,Option A,Option B,Option C,Option D,Option E,2,Consider Space principles at level 2
space-l2-002,Space,2,What is a key concept in Space at level 2? (variation 1),Option A,Option B,Option C,Option D,Option E,2,Consider Space principles at level 2
space-l2-003,Space,2,What is a key concept in Space at level 2? (variation 2),Option A,Option B,Option C,Option D,Option E,2,Consider Space principles at level 2
space-l2-004,Space,2,What is a key concept in Space at level 2? (variation 3),Option A,Option E,Option B,Option D,Option C,4,Consider Space principles at level 2
space-l2-005,Space,2,What is a key concept in Space at level 2? (variation 4),Option A,Option B,Option C,Option D,Option E,2,Consider Space principles at level 2
space-l2-006,Space,2,What is a key concept in Space at level 2? (variation 5),Option A,Option B,Option C,Option D,Option E,2,Consider Space principles at level 2
space-l2-007,Space,2,What is a key concept in Space at level 2? (variation 6),Option A,Option B,Option C,Option D,Option E,2,Consider Space principles at level 2
space-l2-008,Space,2,What is a key concept in Space at level 2? (variation 7),Option A,Option B,Option C,Option D,Option E,2,Consider Space principles at level 2
space-l2-009,Space,2,What is a key concept in Space at level 2? (variation 8),Option C,Option A,Option E,Option D,Option B,0,Consider Space principles at level 2
space-l2-010,Space,2,What is a key concept in Space at level 2? (variation 9),Option A,Option B,Option C,Option D,Option E,2,Consider Space principles at level 2
space-l2-011,Space,2,What is a key concept in Space at level 2? (variation 10),Option A,Option B,Option C,Option D,Option E,2,Consider Space principles at level 2
space-l2-012,Space,2,What is a key concept in Space at level 2? (variation 11),Option A,Option B,Option C,Option D,Option E,2,Consider Space principles at level 2
space-l2-013,Space,2,What is a key concept in Space at level 2? (variation 12),Option A,Option B,Option C,Option D,Option E,2,Consider Space principles at level 2
space-l2-014,Space,2,What is a key concept in Space at level 2? (variation 13),Option A,Option B,Option C,Option D,Option E,2,Consider Space principles at level 2
space-l2-015,Space,2,What is a key concept in Space at level 2? (variation 14),Option A,Option B,Option C,Option D,Option E,2,Consider Space principles at level 2
space-l2-016,Space,2,What is a key concept in Space at level 2? (variation 15),Option A,Option B,Option C,Option D,Option E,2,Consider Space principles at level 2
space-l2-017,Space,2,What is a key concept in Space at level 2? (variation 16),Option A,Option B,Option C,Option D,Option E,2,Consider Space principles at level 2
space-l2-018,Space,2,What is a key concept in Space at level 2? (variation 17),Option A,Option B,Option C,Option D,Option E,2,Consider Space principles at level 2
space-l2-019,Space,2,What is a key concept in Space at level 2? (variation 18),Option A,Option B,Option C,Option D,Option E,2,Consider Space principles at level 2
space-l2-020,Space,2,What is a key concept in Space at level 2? (variation 19),Option A,Option B,Option C,Option D,Option E,2,Consider Space principles at level 2
space-l2-021,Space,2,What is a key concept in Space at level 2? (variation 20),Option A,Option B,Option C,Option D,Option E,2,Consider Space principles at level 2
space-l2-022,Space,2,What is a key concept in Space at level 2? (variation 21),Option D,Option E,Option B,Option A,Option C,4,Consider Space principles at level 2
space-l2-023,Space,2,What is a key concept in Space at level 2? (variation 22),Option A,Option D,Option C,Option B,Option E,2,Consider Space principles at level 2
space-l2-024,Space,2,What is a key concept in Space at level 2? (variation 23),Option A,Option B,Option C,Option D,Option E,2,Consider Space principles at level 2
space-l2-025,Space,2,What is a key concept in Space at level 2? (variation 24),Option A,Option B,Option C,Option D,Option E,2,Consider Space principles at level 2
space-l2-026,Space,2,What is a key concept in Space at level 2? (variation 25),Option A,Option B,Option C,Option D,Option E,2,Consider Space principles at level 2
space-l2-027,Space,2,What is a key concept in Space at level 2? (variation 26),Option A,Option B,Option C,Option D,Option E,2,Consider Space principles at level 2
space-l2-028,Space,2,What is a key concept in Space at level 2? (variation 27),Option A,Option B,Option C,Option D,Option E,2,Consider Space principles at level 2
space-l2-029,Space,2,What is a key concept in Space at level 2? (variation 28),Option A,Option B,Option C,Option D,Option E,2,Consider Space principles at level 2
space-l2-030,Space,2,What is a key concept in Space at level 2? (variation 29),Option A,Option B,Option C,Option D,Option E,2,Consider Space principles at level 2
space-l2-031,Space,2,What is a key concept in Space at level 2? (variation 30),Option A,Option B,Option C,Option D,Option E,2,Consider Space principles at level 2
space-l2-032,Space,2,What is a key concept in Space at level 2? (variation 31),Option A,Option B,Option C,Option D,Option E,2,Consider Space principles at level 2
space-l2-033,Space,2,What is a key concept in Space at level 2? (variation 32),Option A,Option B,Option C,Option D,Option E,2,Consider Space principles at level 2
space-l2-034,Space,2,What is a key concept in Space at level 2? (variation 33),Option A,Option B,Option C,Option D,Option E,2,Consider Space principles at level 2
space-l2-035,Space,2,What is a key concept in Space at level 2? (variation 34),Option A,Option B,Option C,Option D,Option E,2,Consider Space principles at level 2
space-l2-036,Space,2,What is a key concept in Space at level 2? (variation 35),Option A,Option B,Option C,Option D,Option E,2,Consider Space principles at level 2
space-l2-037,Space,2,What is a key concept in Space at level 2? (variation 36),Option A,Option B,Option C,Option D,Option E,2,Consider Space principles at level 2
space-l2-038,Space,2,What is a key concept in Space at level 2? (variation 37),Option B,Option D,Option C,Option A,Option E,2,Consider Space principles at level 2
space-l2-039,Space,2,What is a key concept in Space at level 2? (variation 38),Option A,Option B,Option E,Option D,Option C,4,Consider Space principles at level 2
space-l2-040,Space,2,What is a key concept in Space at level 2? (variation 39),Option B,Option A,Option C,Option E,Option D,2,Consider Space principles at level 2
space-l2-041,Space,2,What is a key concept in Space at level 2? (variation 40),Option A,Option B,Option C,Option D,Option E,2,Consider Space principles at level 2
space-l2-042,Space,2,What is a key concept in Space at level 2? (variation 41),Option A,Option B,Option C,Option D,Option E,2,Consider Space principles at level 2
space-l2-043,Space,2,What is a key concept in Space at level 2? (variation 42),Option A,Option B,Option C,Option D,Option E,2,Consider Space principles at level 2
space-l2-044,Space,2,What is a key concept in Space at level 2? (variation 43),Option A,Option B,Option C,Option D,Option E,2,Consider Space principles at level 2
space-l2-045,Space,2,What is a key concept in Space at level 2? (variation 44),Option A,Option E,Option D,Option B,Option C,4,Consider Space principles at level 2
space-l2-046,Space,2,What is a key concept in Space at level 2? (variation 45),Option A,Option E,Option B,Option D,Option C,4,Consider Space principles at level 2
space-l2-047,Space,2,What is a key concept in Space at level 2? (variation 46),Option C,Option B,Option E,Option D,Option A,0,Consider Space principles at level 2
space-l2-048,Space,2,What is a key concept in Space at level 2? (variation 47),Option A,Option B,Option C,Option D,Option E,2,Consider Space principles at level 2
space-l2-049,Space,2,What is a key concept in Space at level 2? (variation 48),Option A,Option B,Option C,Option D,Option E,2,Consider Space principles at level 2
space-l2-050,Space,2,What is a key concept in Space at level 2? (variation 49),Option A,Option B,Option C,Option D,Option E,2,Consider Space principles at level 2
space-l2-051,Space,2,What is a key concept in Space at level 2? (variation 50),Option A,Option B,Option C,Option D,Option E,2,Consider Space principles at level 2
space-l2-052,Space,2,What is a key concept in Space at level 2? (variation 51),Option C,Option B,Option A,Option E,Option D,0,Consider Space principles at level 2
space-l2-053,Space,2,What is a key concept in Space at level 2? (variation 52),Option A,Option B,Option C,Option D,Option E,2,Consider Space principles at level 2
space-l2-054,Space,2,What is a key concept in Space at level 2? (variation 53),Option A,Option B,Option C,Option D,Option E,2,Consider Space principles at level 2
space-l2-055,Space,2,What is a key concept in Space at level 2? (variation 54),Option A,Option B,Option C,Option D,Option E,2,Consider Space principles at level 2
space-l2-056,Space,2,What is a key concept in Space at level 2? (variation 55),Option A,Option B,Option C,Option D,Option E,2,Consider Space principles at level 2
space-l2-057,Space,2,What is a key concept in Space at level 2? (variation 56),Option A,Option E,Option D,Option C,Option B,3,Consider Space principles at level 2
space-l2-058,Space,2,What is a key concept in Space at level 2? (variation 57),Option A,Option B,Option C,Option D,Option E,2,Consider Space principles at level 2
space-l2-059,Space,2,What is a key concept in Space at level 2? (variation 58),Option E,Option D,Option C,Option B,Option A,2,Consider Space principles at level 2
space-l2-060,Space,2,What is a key concept in Space at level 2? (variation 59),Option A,Option B,Option D,Option C,Option E,3,Consider Space principles at level 2
space-l2-061,Space,2,What is a key concept in Space at level 2? (variation 60),Option A,Option B,Option C,Option D,Option E,2,Consider Space principles at level 2
space-l2-062,Space,2,What is a key concept in Space at level 2? (variation 61),Option A,Option B,Option C,Option D,Option E,2,Consider Space principles at level 2
space-l2-063,Space,2,What is a key concept in Space at level 2? (variation 62),Option A,Option B,Option C,Option D,Option E,2,Consider Space principles at level 2
space-l2-064,Space,2,What is a key concept in Space at level 2? (variation 63),Option A,Option B,Option C,Option D,Option E,2,Consider Space principles at level 2
space-l2-065,Space,2,What is a key concept in Space at level 2? (variation 64),Option A,Option B,Option C,Option D,Option E,2,Consider Space principles at level 2
space-l2-066,Space,2,What is a key concept in Space at level 2? (variation 65),Option A,Option B,Option C,Option D,Option E,2,Consider Space principles at level 2
space-l2-067,Space,2,What is a key concept in Space at level 2? (variation 66),Option A,Option B,Option C,Option D,Option E,2,Consider Space principles at level 2
space-l2-068,Space,2,What is a key concept in Space at level 2? (variation 67),Option A,Option B,Option C,Option D,Option E,2,Consider Space principles at level 2
space-l2-069,Space,2,What is a key concept in Space at level 2? (variation 68),Option A,Option B,Option C,Option D,Option E,2,Consider Space principles at level 2
space-l2-070,Space,2,What is a key concept in Space at level 2? (variation 69),Option E,Option B,Option C,Option A,Option D,2,Consider Space principles at level 2
space-l2-071,Space,2,What is a key concept in Space at level 2? (variation 70),Option A,Option B,Option C,Option D,Option E,2,Consider Space principles at level 2
space-l2-072,Space,2,What is a key concept in Space at level 2? (variation 71),Option A,Option B,Option C,Option D,Option E,2,Consider Space principles at level 2
space-l2-073,Space,2,What is a key concept in Space at level 2? (variation 72),Option A,Option B,Option C,Option D,Option E,2,Consider Space principles at level 2
space-l2-074,Space,2,What is a key concept in Space at level 2? (variation 73),Option A,Option B,Option C,Option D,Option E,2,Consider Space principles at level 2
space-l2-075,Space,2,What is a key concept in Space at level 2? (variation 74),Option A,Option B,Option C,Option D,Option E,2,Consider Space principles at level 2
space-l2-076,Space,2,What is a key concept in Space at level 2? (variation 75),Option A,Option B,Option C,Option D,Option E,2,Consider Space principles at level 2
space-l2-077,Space,2,What is a key concept in Space at level 2? (variation 76),Option A,Option B,Option C,Option D,Option E,2,Consider Space principles at level 2
space-l2-078,Space,2,What is a key concept in Space at level 2? (variation 77),Option A,Option B,Option C,Option D,Option E,2,Consider Space principles at level 2
space-l2-079,Space,2,What is a key concept in Space at level 2? (variation 78),Option E,Option A,Option C,Option D,Option B,2,Consider Space principles at level 2
space-l2-080,Space,2,What is a key concept in Space at level 2? (variation 79),Option A,Option B,Option D,Option E,Option C,4,Consider Space principles at level 2
space-l2-081,Space,2,What is a key concept in Space at level 2? (variation 80),Option D,Option B,Option E,Option C,Option A,3,Consider Space principles at level 2
space-l2-082,Space,2,What is a key concept in Space at level 2? (variation 81),Option A,Option B,Option C,Option D,Option E,2,Consider Space principles at level 2
space-l2-083,Space,2,What is a key concept in Space at level 2? (variation 82),Option A,Option B,Option C,Option D,Option E,2,Consider Space principles at level 2
space-l2-084,Space,2,What is a key concept in Space at level 2? (variation 83),Option B,Option D,Option C,Option E,Option A,2,Consider Space principles at level 2
space-l2-085,Space,2,What is a key concept in Space at level 2? (variation 84),Option A,Option B,Option C,Option D,Option E,2,Consider Space principles at level 2
space-l2-086,Space,2,What is a key concept in Space at level 2? (variation 85),Option A,Option B,Option C,Option D,Option E,2,Consider Space principles at level 2
space-l2-087,Space,2,What is a key concept in Space at level 2? (variation 86),Option A,Option B,Option C,Option D,Option E,2,Consider Space principles at level 2
space-l2-088,Space,2,What is a key concept in Space at level 2? (variation 87),Option A,Option B,Option C,Option D,Option E,2,Consider Space principles at level 2
space-l2-089,Space,2,What is a key concept in Space at level 2? (variation 88),Option A,Option B,Option C,Option D,Option E,2,Consider Space principles at level 2
space-l2-090,Space,2,What is a key concept in Space at level 2? (variation 89),Option A,Option B,Option C,Option D,Option E,2,Consider Space principles at level 2
space-l2-091,Space,2,What is a key concept in Space at level 2? (variation 90),Option A,Option B,Option C,Option D,Option E,2,Consider Space principles at level 2
space-l2-092,Space,2,What is a key concept in Space at level 2? (variation 91),Option E,Option B,Option A,Option D,Option C,4,Consider Space principles at level 2
space-l2-093,Space,2,What is a key concept in Space at level 2? (variation 92),Option A,Option B,Option C,Option D,Option E,2,Consider Space principles at level 2
space-l2-094,Space,2,What is a key concept in Space at level 2? (variation 93),Option A,Option B,Option C,Option D,Option E,2,Consider Space principles at level 2
space-l2-095,Space,2,What is a key concept in Space at level 2? (variation 94),Option A,Option B,Option C,Option D,Option E,2,Consider Space principles at level 2
space-l2-096,Space,2,What is a key concept in Space at level 2? (variation 95),Option A,Option E,Option B,Option D,Option C,4,Consider Space principles at level 2
space-l2-097,Space,2,What is a key concept in Space at level 2? (variation 96),Option A,Option B,Option C,Option D,Option E,2,Consider Space principles at level 2
space-l2-098,Space,2,What is a key concept in Space at level 2? (variation 97),Option C,Option D,Option A,Option E,Option B,0,Consider Space principles at level 2
space-l2-099,Space,2,What is a key concept in Space at level 2? (variation 98),Option A,Option B,Option C,Option D,Option E,2,Consider Space principles at level 2
space-l2-100,Space,2,What is a key concept in Space at level 2? (variation 99),Option A,Option B,Option C,Option D,Option E,2,Consider Space principles at level 2
space-l3-001,Space,3,What is a key concept in Space at level 3?,Option A,Option B,Option C,Option D,Option E,2,Consider Space principles at level 3
space-l3-002,Space,3,What is a key concept in Space at level 3? (variation 1),Option D,Option A,Option E,Option B,Option C,4,Consider Space principles at level 3
space-l3-003,Space,3,What is a key concept in Space at level 3? (variation 2),Option A,Option B,Option C,Option D,Option E,2,Consider Space principles at level 3
space-l3-004,Space,3,What is a key concept in Space at level 3? (variation 3),Option A,Option B,Option C,Option D,Option E,2,Consider Space principles at level 3
space-l3-005,Space,3,What is a key concept in Space at level 3? (variation 4),Option A,Option B,Option C,Option D,Option E,2,Consider Space principles at level 3
space-l3-006,Space,3,What is a key concept in Space at level 3? (variation 5),Option A,Option B,Option C,Option D,Option E,2,Consider Space principles at level 3
space-l3-007,Space,3,What is a key concept in Space at level 3? (variation 6),Option B,Option C,Option A,Option E,Option D,1,Consider Space principles at level 3
space-l3-008,Space,3,What is a key concept in Space at level 3? (variation 7),Option A,Option B,Option C,Option D,Option E,2,Consider Space principles at level 3
space-l3-009,Space,3,What is a key concept in Space at level 3? (variation 8),Option A,Option B,Option C,Option D,Option E,2,Consider Space principles at level 3
space-l3-010,Space,3,What is a key concept in Space at level 3? (variation 9),Option A,Option B,Option C,Option D,Option E,2,Consider Space principles at level 3
space-l3-011,Space,3,What is a key concept in Space at level 3? (variation 10),Option A,Option B,Option C,Option D,Option E,2,Consider Space principles at level 3
space-l3-012,Space,3,What is a key concept in Space at level 3? (variation 11),Option A,Option B,Option C,Option D,Option E,2,Consider Space principles at level 3
space-l3-013,Space,3,What is a key concept in Space at level 3? (variation 12),Option A,Option B,Option C,Option D,Option E,2,Consider Space principles at level 3
space-l3-014,Space,3,What is a key concept in Space at level 3? (variation 13),Option A,Option B,Option C,Option D,Option E,2,Consider Space principles at level 3
space-l3-015,Space,3,What is a key concept in Space at level 3? (variation 14),Option A,Option B,Option C,Option D,Option E,2,Consider Space principles at level 3
space-l3-016,Space,3,What is a key concept in Space at level 3? (variation 15),Option E,Option A,Option D,Option B,Option C,4,Consider Space principles at level 3
space-l3-017,Space,3,What is a key concept in Space at level 3? (variation 16),Option A,Option B,Option C,Option D,Option E,2,Consider Space principles at level 3
space-l3-018,Space,3,What is a key concept in Space at level 3? (variation 17),Option A,Option B,Option C,Option E,Option D,2,Consider Space principles at level 3
space-l3-019,Space,3,What is a key concept in Space at level 3? (variation 18),Option A,Option B,Option C,Option D,Option E,2,Consider Space principles at level 3
space-l3-020,Space,3,What is a key concept in Space at level 3? (variation 19),Option A,Option B,Option C,Option D,Option E,2,Consider Space principles at level 3
space-l3-021,Space,3,What is a key concept in Space at level 3? (variation 20),Option A,Option B,Option C,Option D,Option E,2,Consider Space principles at level 3
space-l3-022,Space,3,What is a key concept in Space at level 3? (variation 21),Option A,Option B,Option C,Option D,Option E,2,Consider Space principles at level 3
space-l3-023,Space,3,What is a key concept in Space at level 3? (variation 22),Option A,Option B,Option C,Option D,Option E,2,Consider Space principles at level 3
space-l3-024,Space,3,What is a key concept in Space at level 3? (variation 23),Option C,Option E,Option D,Option B,Option A,0,Consider Space principles at level 3
space-l3-025,Space,3,What is a key concept in Space at level 3? (variation 24),Option A,Option B,Option C,Option D,Option E,2,Consider Space principles at level 3
space-l3-026,Space,3,What is a key concept in Space at level 3? (variation 25),Option A,Option B,Option C,Option D,Option E,2,Consider Space principles at level 3
space-l3-027,Space,3,What is a key concept in Space at level 3? (variation 26),Option A,Option B,Option C,Option D,Option E,2,Consider Space principles at level 3
space-l3-028,Space,3,What is a key concept in Space at level 3? (variation 27),Option A,Option B,Option C,Option D,Option E,2,Consider Space principles at level 3
space-l3-029,Space,3,What is a key concept in Space at level 3? (variation 28),Option A,Option D,Option C,Option E,Option B,2,Consider Space principles at level 3
space-l3-030,Space,3,What is a key concept in Space at level 3? (variation 29),Option A,Option B,Option C,Option D,Option E,2,Consider Space principles at level 3
space-l3-031,Space,3,What is a key concept in Space at level 3? (variation 30),Option A,Option B,Option C,Option D,Option E,2,Consider Space principles at level 3
space-l3-032,Space,3,What is a key concept in Space at level 3? (variation 31),Option A,Option B,Option C,Option D,Option E,2,Consider Space principles at level 3
space-l3-033,Space,3,What is a key concept in Space at level 3? (variation 32),Option B,Option E,Option C,Option D,Option A,2,Consider Space principles at level 3
space-l3-034,Space,3,What is a key concept in Space at level 3? (variation 33),Option A,Option B,Option C,Option D,Option E,2,Consider Space principles at level 3
space-l3-035,Space,3,What is a key concept in Space at level 3? (variation 34),Option E,Option C,Option B,Option A,Option D,1,Consider Space principles at level 3
space-l3-036,Space,3,What is a key concept in Space at level 3? (variation 35),Option A,Option B,Option C,Option D,Option E,2,Consider Space principles at level 3
space-l3-037,Space,3,What is a key concept in Space at level 3? (variation 36),Option A,Option B,Option C,Option D,Option E,2,Consider Space principles at level 3
space-l3-038,Space,3,What is a key concept in Space at level 3? (variation 37),Option A,Option E,Option B,Option D,Option C,4,Consider Space principles at level 3
space-l3-039,Space,3,What is a key concept in Space at level 3? (variation 38),Option C,Option E,Option D,Option B,Option A,0,Consider Space principles at level 3
space-l3-040,Space,3,What is a key concept in Space at level 3? (variation 39),Option A,Option B,Option C,Option D,Option E,2,Consider Space principles at level 3
space-l3-041,Space,3,What is a key concept in Space at level 3? (variation 40),Option A,Option B,Option C,Option D,Option E,2,Consider Space principles at level 3
space-l3-042,Space,3,What is a key concept in Space at level 3? (variation 41),Option A,Option B,Option C,Option D,Option E,2,Consider Space principles at level 3
space-l3-043,Space,3,What is a key concept in Space at level 3? (variation 42),Option A,Option B,Option C,Option D,Option E,2,Consider Space principles at level 3
space-l3-044,Space,3,What is a key concept in Space at level 3? (variation 43),Option A,Option B,Option D,Option C,Option E,3,Consider Space principles at level 3
space-l3-045,Space,3,What is a key concept in Space at level 3? (variation 44),Option A,Option B,Option C,Option D,Option E,2,Consider Space principles at level 3
space-l3-046,Space,3,What is a key concept in Space at level 3? (variation 45),Option A,Option B,Option C,Option D,Option E,2,Consider Space principles at level 3
space-l3-047,Space,3,What is a key concept in Space at level 3? (variation 46),Option C,Option B,Option D,Option A,Option E,0,Consider Space principles at level 3
space-l3-048,Space,3,What is a key concept in Space at level 3? (variation 47),Option A,Option B,Option C,Option D,Option E,2,Consider Space principles at level 3
space-l3-049,Space,3,What is a key concept in Space at level 3? (variation 48),Option A,Option B,Option C,Option D,Option E,2,Consider Space principles at level 3
space-l3-050,Space,3,What is a key concept in Space at level 3? (variation 49),Option A,Option B,Option C,Option D,Option E,2,Consider Space principles at level 3
space-l3-051,Space,3,What is a key concept in Space at level 3? (variation 50),Option A,Option B,Option C,Option D,Option E,2,Consider Space principles at level 3
space-l3-052,Space,3,What is a key concept in Space at level 3? (variation 51),Option E,Option C,Option D,Option A,Option B,1,Consider Space principles at level 3
space-l3-053,Space,3,What is a key concept in Space at level 3? (variation 52),Option A,Option B,Option C,Option D,Option E,2,Consider Space principles at level 3
space-l3-054,Space,3,What is a key concept in Space at level 3? (variation 53),Option E,Option A,Option B,Option D,Option C,4,Consider Space principles at level 3
space-l3-055,Space,3,What is a key concept in Space at level 3? (variation 54),Option A,Option B,Option C,Option D,Option E,2,Consider Space principles at level 3
space-l3-056,Space,3,What is a key concept in Space at level 3? (variation 55),Option E,Option C,Option A,Option B,Option D,1,Consider Space principles at level 3
space-l3-057,Space,3,What is a key concept in Space at level 3? (variation 56),Option A,Option B,Option C,Option D,Option E,2,Consider Space principles at level 3
space-l3-058,Space,3,What is a key concept in Space at level 3? (variation 57),Option A,Option B,Option C,Option D,Option E,2,Consider Space principles at level 3
space-l3-059,Space,3,What is a key concept in Space at level 3? (variation 58),Option A,Option C,Option D,Option E,Option B,1,Consider Space principles at level 3
space-l3-060,Space,3,What is a key concept in Space at level 3? (variation 59),Option A,Option B,Option C,Option D,Option E,2,Consider Space principles at level 3
space-l3-061,Space,3,What is a key concept in Space at level 3? (variation 60),Option A,Option B,Option C,Option D,Option E,2,Consider Space principles at level 3
space-l3-062,Space,3,What is a key concept in Space at level 3? (variation 61),Option A,Option B,Option C,Option D,Option E,2,Consider Space principles at level 3
space-l3-063,Space,3,What is a key concept in Space at level 3? (variation 62),Option E,Option C,Option D,Option A,Option B,1,Consider Space principles at level 3
space-l3-064,Space,3,What is a key concept in Space at level 3? (variation 63),Option A,Option D,Option C,Option B,Option E,2,Consider Space principles at level 3
space-l3-065,Space,3,What is a key concept in Space at level 3? (variation 64),Option D,Option A,Option B,Option E,Option C,4,Consider Space principles at level 3
space-l3-066,Space,3,What is a key concept in Space at level 3? (variation 65),Option A,Option B,Option C,Option D,Option E,2,Consider Space principles at level 3
space-l3-067,Space,3,What is a key concept in Space at level 3? (variation 66),Option A,Option B,Option C,Option D,Option E,2,Consider Space principles at level 3
space-l3-068,Space,3,What is a key concept in Space at level 3? (variation 67),Option A,Option B,Option C,Option D,Option E,2,Consider Space principles at level 3
space-l3-069,Space,3,What is a key concept in Space at level 3? (variation 68),Option A,Option B,Option C,Option D,Option E,2,Consider Space principles at level 3
space-l3-070,Space,3,What is a key concept in Space at level 3? (variation 69),Option A,Option B,Option C,Option D,Option E,2,Consider Space principles at level 3
space-l3-071,Space,3,What is a key concept in Space at level 3? (variation 70),Option A,Option B,Option C,Option D,Option E,2,Consider Space principles at level 3
space-l3-072,Space,3,What is a key concept in Space at level 3? (variation 71),Option A,Option B,Option C,Option D,Option E,2,Consider Space principles at level 3
space-l3-073,Space,3,What is a key concept in Space at level 3? (variation 72),Option A,Option B,Option C,Option D,Option E,2,Consider Space principles at level 3
space-l3-074,Space,3,What is a key concept in Space at level 3? (variation 73),Option A,Option B,Option C,Option D,Option E,2,Consider Space principles at level 3
space-l3-075,Space,3,What is a key concept in Space at level 3? (variation 74),Option A,Option B,Option C,Option D,Option E,2,Consider Space principles at level 3
space-l3-076,Space,3,What is a key concept in Space at level 3? (variation 75),Option E,Option D,Option B,Option C,Option A,3,Consider Space principles at level 3
space-l3-077,Space,3,What is a key concept in Space at level 3? (variation 76),Option A,Option B,Option C,Option D,Option E,2,Consider Space principles at level 3
space-l3-078,Space,3,What is a key concept in Space at level 3? (variation 77),Option A,Option B,Option C,Option D,Option E,2,Consider Space principles at level 3
space-l3-079,Space,3,What is a key concept in Space at level 3? (variation 78),Option A,Option B,Option C,Option D,Option E,2,Consider Space principles at level 3
space-l3-080,Space,3,What is a key concept in Space at level 3? (variation 79),Option A,Option B,Option C,Option D,Option E,2,Consider Space principles at level 3
space-l3-081,Space,3,What is a key concept in Space at level 3? (variation 80),Option A,Option B,Option C,Option D,Option E,2,Consider Space principles at level 3
space-l3-082,Space,3,What is a key concept in Space at level 3? (variation 81),Option A,Option B,Option C,Option D,Option E,2,Consider Space principles at level 3
space-l3-083,Space,3,What is a key concept in Space at level 3? (variation 82),Option A,Option B,Option C,Option D,Option E,2,Consider Space principles at level 3
space-l3-084,Space,3,What is a key concept in Space at level 3? (variation 83),Option A,Option B,Option E,Option C,Option D,3,Consider Space principles at level 3
space-l3-085,Space,3,What is a key concept in Space at level 3? (variation 84),Option A,Option B,Option C,Option D,Option E,2,Consider Space principles at level 3
space-l3-086,Space,3,What is a key concept in Space at level 3? (variation 85),Option A,Option B,Option C,Option D,Option E,2,Consider Space principles at level 3
space-l3-087,Space,3,What is a key concept in Space at level 3? (variation 86),Option A,Option B,Option C,Option D,Option E,2,Consider Space principles at level 3
space-l3-088,Space,3,What is a key concept in Space at level 3? (variation 87),Option A,Option B,Option C,Option D,Option E,2,Consider Space principles at level 3
space-l3-089,Space,3,What is a key concept in Space at level 3? (variation 88),Option A,Option B,Option C,Option D,Option E,2,Consider Space principles at level 3
space-l3-090,Space,3,What is a key concept in Space at level 3? (variation 89),Option A,Option B,Option C,Option D,Option E,2,Consider Space principles at level 3
space-l3-091,Space,3,What is a key concept in Space at level 3? (variation 90),Option A,Option B,Option C,Option D,Option E,2,Consider Space principles at level 3
space-l3-092,Space,3,What is a key concept in Space at level 3? (variation 91),Option B,Option A,Option E,Option C,Option D,3,Consider Space principles at level 3
space-l3-093,Space,3,What is a key concept in Space at level 3? (variation 92),Option A,Option B,Option C,Option D,Option E,2,Consider Space principles at level 3
space-l3-094,Space,3,What is a key concept in Space at level 3? (variation 93),Option C,Option B,Option D,Option E,Option A,0,Consider Space principles at level 3
space-l3-095,Space,3,What is a key concept in Space at level 3? (variation 94),Option A,Option B,Option C,Option D,Option E,2,Consider Space principles at level 3
space-l3-096,Space,3,What is a key concept in Space at level 3? (variation 95),Option A,Option B,Option C,Option D,Option E,2,Consider Space principles at level 3
space-l3-097,Space,3,What is a key concept in Space at level 3? (variation 96),Option A,Option B,Option D,Option E,Option C,4,Consider Space principles at level 3
space-l3-098,Space,3,What is a key concept in Space at level 3? (variation 97),Option A,Option B,Option C,Option D,Option E,2,Consider Space principles at level 3
space-l3-099,Space,3,What is a key concept in Space at level 3? (variation 98),Option D,Option E,Option A,Option B,Option C,4,Consider Space principles at level 3
space-l3-100,Space,3,What is a key concept in Space at level 3? (variation 99),Option A,Option B,Option C,Option D,Option E,2,Consider Space principles at level 3
space-l4-001,Space,4,What is a key concept in Space at level 4?,Option A,Option B,Option C,Option D,Option E,2,Consider Space principles at level 4
space-l4-002,Space,4,What is a key concept in Space at level 4? (variation 1),Option A,Option B,Option C,Option D,Option E,2,Consider Space principles at level 4
space-l4-003,Space,4,What is a key concept in Space at level 4? (variation 2),Option A,Option B,Option C,Option D,Option E,2,Consider Space principles at level 4
space-l4-004,Space,4,What is a key concept in Space at level 4? (variation 3),Option D,Option A,Option C,Option E,Option B,2,Consider Space principles at level 4
space-l4-005,Space,4,What is a key concept in Space at level 4? (variation 4),Option D,Option A,Option B,Option E,Option C,4,Consider Space principles at level 4
space-l4-006,Space,4,What is a key concept in Space at level 4? (variation 5),Option A,Option B,Option C,Option D,Option E,2,Consider Space principles at level 4
space-l4-007,Space,4,What is a key concept in Space at level 4? (variation 6),Option A,Option B,Option C,Option D,Option E,2,Consider Space principles at level 4
space-l4-008,Space,4,What is a key concept in Space at level 4? (variation 7),Option D,Option B,Option C,Option A,Option E,2,Consider Space principles at level 4
space-l4-009,Space,4,What is a key concept in Space at level 4? (variation 8),Option B,Option C,Option D,Option A,Option E,1,Consider Space principles at level 4
space-l4-010,Space,4,What is a key concept in Space at level 4? (variation 9),Option A,Option B,Option C,Option D,Option E,2,Consider Space principles at level 4
space-l4-011,Space,4,What is a key concept in Space at level 4? (variation 10),Option A,Option B,Option C,Option D,Option E,2,Consider Space principles at level 4
space-l4-012,Space,4,What is a key concept in Space at level 4? (variation 11),Option C,Option B,Option E,Option D,Option A,0,Consider Space principles at level 4
space-l4-013,Space,4,What is a key concept in Space at level 4? (variation 12),Option A,Option B,Option C,Option D,Option E,2,Consider Space principles at level 4
space-l4-014,Space,4,What is a key concept in Space at level 4? (variation 13),Option A,Option B,Option C,Option D,Option E,2,Consider Space principles at level 4
space-l4-015,Space,4,What is a key concept in Space at level 4? (variation 14),Option C,Option B,Option E,Option A,Option D,0,Consider Space principles at level 4
space-l4-016,Space,4,What is a key concept in Space at level 4? (variation 15),Option A,Option B,Option C,Option D,Option E,2,Consider Space principles at level 4
space-l4-017,Space,4,What is a key concept in Space at level 4? (variation 16),Option A,Option B,Option C,Option D,Option E,2,Consider Space principles at level 4
space-l4-018,Space,4,What is a key concept in Space at level 4? (variation 17),Option B,Option E,Option C,Option A,Option D,2,Consider Space principles at level 4
space-l4-019,Space,4,What is a key concept in Space at level 4? (variation 18),Option A,Option B,Option C,Option D,Option E,2,Consider Space principles at level 4
space-l4-020,Space,4,What is a key concept in Space at level 4? (variation 19),Option A,Option B,Option C,Option D,Option E,2,Consider Space principles at level 4
space-l4-021,Space,4,What is a key concept in Space at level 4? (variation 20),Option D,Option C,Option B,Option A,Option E,1,Consider Space principles at level 4
space-l4-022,Space,4,What is a key concept in Space at level 4? (variation 21),Option A,Option B,Option C,Option D,Option E,2,Consider Space principles at level 4
space-l4-023,Space,4,What is a key concept in Space at level 4? (variation 22),Option C,Option D,Option A,Option E,Option B,0,Consider Space principles at level 4
space-l4-024,Space,4,What is a key concept in Space at level 4? (variation 23),Option A,Option B,Option C,Option D,Option E,2,Consider Space principles at level 4
space-l4-025,Space,4,What is a key concept in Space at level 4? (variation 24),Option B,Option D,Option A,Option C,Option E,3,Consider Space principles at level 4
space-l4-026,Space,4,What is a key concept in Space at level 4? (variation 25),Option A,Option B,Option C,Option D,Option E,2,Consider Space principles at level 4
space-l4-027,Space,4,What is a key concept in Space at level 4? (variation 26),Option E,Option B,Option A,Option C,Option D,3,Consider Space principles at level 4
space-l4-028,Space,4,What is a key concept in Space at level 4? (variation 27),Option E,Option A,Option C,Option B,Option D,2,Consider Space principles at level 4
space-l4-029,Space,4,What is a key concept in Space at level 4? (variation 28),Option D,Option A,Option E,Option C,Option B,3,Consider Space principles at level 4
space-l4-030,Space,4,What is a key concept in Space at level 4? (variation 29),Option A,Option D,Option E,Option B,Option C,4,Consider Space principles at level 4
space-l4-031,Space,4,What is a key concept in Space at level 4? (variation 30),Option A,Option B,Option C,Option D,Option E,2,Consider Space principles at level 4
space-l4-032,Space,4,What is a key concept in Space at level 4? (variation 31),Option A,Option B,Option C,Option D,Option E,2,Consider Space principles at level 4
space-l4-033,Space,4,What is a key concept in Space at level 4? (variation 32),Option A,Option B,Option C,Option D,Option E,2,Consider Space principles at level 4
space-l4-034,Space,4,What is a key concept in Space at level 4? (variation 33),Option A,Option B,Option C,Option D,Option E,2,Consider Space principles at level 4
space-l4-035,Space,4,What is a key concept in Space at level 4? (variation 34),Option A,Option E,Option B,Option D,Option C,4,Consider Space principles at level 4
space-l4-036,Space,4,What is a key concept in Space at level 4? (variation 35),Option A,Option B,Option C,Option D,Option E,2,Consider Space principles at level 4
space-l4-037,Space,4,What is a key concept in Space at level 4? (variation 36),Option B,Option A,Option D,Option E,Option C,4,Consider Space principles at level 4
space-l4-038,Space,4,What is a key concept in Space at level 4? (variation 37),Option A,Option B,Option C,Option D,Option E,2,Consider Space principles at level 4
space-l4-039,Space,4,What is a key concept in Space at level 4? (variation 38),Option A,Option B,Option C,Option D,Option E,2,Consider Space principles at level 4
space-l4-040,Space,4,What is a key concept in Space at level 4? (variation 39),Option E,Option B,Option C,Option D,Option A,2,Consider Space principles at level 4
space-l4-041,Space,4,What is a key concept in Space at level 4? (variation 40),Option A,Option B,Option C,Option D,Option E,2,Consider Space principles at level 4
space-l4-042,Space,4,What is a key concept in Space at level 4? (variation 41),Option A,Option B,Option C,Option D,Option E,2,Consider Space principles at level 4
space-l4-043,Space,4,What is a key concept in Space at level 4? (variation 42),Option E,Option D,Option B,Option A,Option C,4,Consider Space principles at level 4
space-l4-044,Space,4,What is a key concept in Space at level 4? (variation 43),Option A,Option B,Option C,Option D,Option E,2,Consider Space principles at level 4
space-l4-045,Space,4,What is a key concept in Space at level 4? (variation 44),Option B,Option E,Option D,Option C,Option A,3,Consider Space principles at level 4
space-l4-046,Space,4,What is a key concept in Space at level 4? (variation 45),Option A,Option B,Option C,Option D,Option E,2,Consider Space principles at level 4
space-l4-047,Space,4,What is a key concept in Space at level 4? (variation 46),Option A,Option B,Option C,Option D,Option E,2,Consider Space principles at level 4
space-l4-048,Space,4,What is a key concept in Space at level 4? (variation 47),Option D,Option C,Option A,Option E,Option B,1,Consider Space principles at level 4
space-l4-049,Space,4,What is a key concept in Space at level 4? (variation 48),Option C,Option B,Option A,Option E,Option D,0,Consider Space principles at level 4
space-l4-050,Space,4,What is a key concept in Space at level 4? (variation 49),Option A,Option B,Option C,Option D,Option E,2,Consider Space principles at level 4
space-l4-051,Space,4,What is a key concept in Space at level 4? (variation 50),Option A,Option B,Option C,Option D,Option E,2,Consider Space principles at level 4
space-l4-052,Space,4,What is a key concept in Space at level 4? (variation 51),Option A,Option B,Option C,Option D,Option E,2,Consider Space principles at level 4
space-l4-053,Space,4,What is a key concept in Space at level 4? (variation 52),Option A,Option B,Option C,Option D,Option E,2,Consider Space principles at level 4
space-l4-054,Space,4,What is a key concept in Space at level 4? (variation 53),Option A,Option B,Option C,Option D,Option E,2,Consider Space principles at level 4
space-l4-055,Space,4,What is a key concept in Space at level 4? (variation 54),Option B,Option D,Option A,Option C,Option E,3,Consider Space principles at level 4
space-l4-056,Space,4,What is a key concept in Space at level 4? (variation 55),Option A,Option B,Option C,Option D,Option E,2,Consider Space principles at level 4
space-l4-057,Space,4,What is a key concept in Space at level 4? (variation 56),Option A,Option B,Option C,Option D,Option E,2,Consider Space principles at level 4
space-l4-058,Space,4,What is a key concept in Space at level 4? (variation 57),Option A,Option B,Option C,Option D,Option E,2,Consider Space principles at level 4
space-l4-059,Space,4,What is a key concept in Space at level 4? (variation 58),Option D,Option A,Option C,Option B,Option E,2,Consider Space principles at level 4
space-l4-060,Space,4,What is a key concept in Space at level 4? (variation 59),Option A,Option E,Option B,Option C,Option D,3,Consider Space principles at level 4
space-l4-061,Space,4,What is a key concept in Space at level 4? (variation 60),Option E,Option C,Option B,Option D,Option A,1,Consider Space principles at level 4
space-l4-062,Space,4,What is a key concept in Space at level 4? (variation 61),Option A,Option B,Option C,Option D,Option E,2,Consider Space principles at level 4
space-l4-063,Space,4,What is a key concept in Space at level 4? (variation 62),Option A,Option B,Option C,Option D,Option E,2,Consider Space principles at level 4
space-l4-064,Space,4,What is a key concept in Space at level 4? (variation 63),Option A,Option B,Option D,Option E,Option C,4,Consider Space principles at level 4
space-l4-065,Space,4,What is a key concept in Space at level 4? (variation 64),Option A,Option B,Option C,Option D,Option E,2,Consider Space principles at level 4
space-l4-066,Space,4,What is a key concept in Space at level 4? (variation 65),Option A,Option B,Option C,Option D,Option E,2,Consider Space principles at level 4
space-l4-067,Space,4,What is a key concept in Space at level 4? (variation 66),Option A,Option B,Option C,Option D,Option E,2,Consider Space principles at level 4
space-l4-068,Space,4,What is a key concept in Space at level 4? (variation 67),Option A,Option B,Option C,Option D,Option E,2,Consider Space principles at level 4
space-l4-069,Space,4,What is a key concept in Space at level 4? (variation 68),Option A,Option E,Option B,Option D,Option C,4,Consider Space principles at level 4
space-l4-070,Space,4,What is a key concept in Space at level 4? (variation 69),Option A,Option B,Option C,Option D,Option E,2,Consider Space principles at level 4
space-l4-071,Space,4,What is a key concept in Space at level 4? (variation 70),Option A,Option B,Option C,Option D,Option E,2,Consider Space principles at level 4
space-l4-072,Space,4,What is a key concept in Space at level 4? (variation 71),Option A,Option B,Option C,Option D,Option E,2,Consider Space principles at level 4
space-l4-073,Space,4,What is a key concept in Space at level 4? (variation 72),Option C,Option A,Option D,Option E,Option B,0,Consider Space principles at level 4
space-l4-074,Space,4,What is a key concept in Space at level 4? (variation 73),Option E,Option D,Option C,Option A,Option B,2,Consider Space principles at level 4
space-l4-075,Space,4,What is a key concept in Space at level 4? (variation 74),Option A,Option B,Option C,Option D,Option E,2,Consider Space principles at level 4
space-l4-076,Space,4,What is a key concept in Space at level 4? (variation 75),Option A,Option B,Option C,Option D,Option E,2,Consider Space principles at level 4
space-l4-077,Space,4,What is a key concept in Space at level 4? (variation 76),Option D,Option E,Option A,Option C,Option B,3,Consider Space principles at level 4
space-l4-078,Space,4,What is a key concept in Space at level 4? (variation 77),Option A,Option B,Option C,Option D,Option E,2,Consider Space principles at level 4
space-l4-079,Space,4,What is a key concept in Space at level 4? (variation 78),Option A,Option B,Option C,Option D,Option E,2,Consider Space principles at level 4
space-l4-080,Space,4,What is a key concept in Space at level 4? (variation 79),Option A,Option B,Option C,Option D,Option E,2,Consider Space principles at level 4
space-l4-081,Space,4,What is a key concept in Space at level 4? (variation 80),Option A,Option B,Option C,Option D,Option E,2,Consider Space principles at level 4
space-l4-082,Space,4,What is a key concept in Space at level 4? (variation 81),Option A,Option B,Option C,Option D,Option E,2,Consider Space principles at level 4
space-l4-083,Space,4,What is a key concept in Space at level 4? (variation 82),Option A,Option B,Option C,Option D,Option E,2,Consider Space principles at level 4
space-l4-084,Space,4,What is a key concept in Space at level 4? (variation 83),Option A,Option B,Option C,Option D,Option E,2,Consider Space principles at level 4
space-l4-085,Space,4,What is a key concept in Space at level 4? (variation 84),Option A,Option B,Option C,Option D,Option E,2,Consider Space principles at level 4
space-l4-086,Space,4,What is a key concept in Space at level 4? (variation 85),Option E,Option C,Option B,Option D,Option A,1,Consider Space principles at level 4
space-l4-087,Space,4,What is a key concept in Space at level 4? (variation 86),Option A,Option B,Option C,Option D,Option E,2,Consider Space principles at level 4
space-l4-088,Space,4,What is a key concept in Space at level 4? (variation 87),Option A,Option B,Option C,Option D,Option E,2,Consider Space principles at level 4
space-l4-089,Space,4,What is a key concept in Space at level 4? (variation 88),Option A,Option B,Option C,Option D,Option E,2,Consider Space principles at level 4
space-l4-090,Space,4,What is a key concept in Space at level 4? (variation 89),Option A,Option B,Option C,Option D,Option E,2,Consider Space principles at level 4
space-l4-091,Space,4,What is a key concept in Space at level 4? (variation 90),Option A,Option B,Option C,Option D,Option E,2,Consider Space principles at level 4
space-l4-092,Space,4,What is a key concept in Space at level 4? (variation 91),Option A,Option B,Option C,Option D,Option E,2,Consider Space principles at level 4
space-l4-093,Space,4,What is a key concept in Space at level 4? (variation 92),Option A,Option B,Option C,Option D,Option E,2,Consider Space principles at level 4
space-l4-094,Space,4,What is a key concept in Space at level 4? (variation 93),Option A,Option B,Option C,Option D,Option E,2,Consider Space principles at level 4
space-l4-095,Space,4,What is a key concept in Space at level 4? (variation 94),Option A,Option E,Option B,Option D,Option C,4,Consider Space principles at level 4
space-l4-096,Space,4,What is a key concept in Space at level 4? (variation 95),Option A,Option B,Option C,Option D,Option E,2,Consider Space principles at level 4
space-l4-097,Space,4,What is a key concept in Space at level 4? (variation 96),Option A,Option B,Option C,Option D,Option E,2,Consider Space principles at level 4
space-l4-098,Space,4,What is a key concept in Space at level 4? (variation 97),Option A,Option B,Option C,Option D,Option E,2,Consider Space principles at level 4
space-l4-099,Space,4,What is a key concept in Space at level 4? (variation 98),Option C,Option B,Option E,Option D,Option A,0,Consider Space principles at level 4
space-l4-100,Space,4,What is a key concept in Space at level 4? (variation 99),Option A,Option B,Option C,Option D,Option E,2,Consider Space principles at level 4
space-l5-001,Space,5,What is a key concept in Space at level 5?,Option A,Option B,Option C,Option D,Option E,2,Consider Space principles at level 5
space-l5-002,Space,5,What is a key concept in Space at level 5? (variation 1),Option A,Option B,Option C,Option D,Option E,2,Consider Space principles at level 5
space-l5-003,Space,5,What is a key concept in Space at level 5? (variation 2),Option C,Option B,Option E,Option D,Option A,0,Consider Space principles at level 5
space-l5-004,Space,5,What is a key concept in Space at level 5? (variation 3),Option E,Option C,Option D,Option B,Option A,1,Consider Space principles at level 5
space-l5-005,Space,5,What is a key concept in Space at level 5? (variation 4),Option A,Option B,Option C,Option D,Option E,2,Consider Space principles at level 5
space-l5-006,Space,5,What is a key concept in Space at level 5? (variation 5),Option A,Option B,Option C,Option D,Option E,2,Consider Space principles at level 5
space-l5-007,Space,5,What is a key concept in Space at level 5? (variation 6),Option D,Option C,Option B,Option A,Option E,1,Consider Space principles at level 5
space-l5-008,Space,5,What is a key concept in Space at level 5? (variation 7),Option A,Option B,Option C,Option D,Option E,2,Consider Space principles at level 5
space-l5-009,Space,5,What is a key concept in Space at level 5? (variation 8),Option A,Option B,Option C,Option D,Option E,2,Consider Space principles at level 5
space-l5-010,Space,5,What is a key concept in Space at level 5? (variation 9),Option A,Option B,Option C,Option D,Option E,2,Consider Space principles at level 5
space-l5-011,Space,5,What is a key concept in Space at level 5? (variation 10),Option A,Option B,Option C,Option D,Option E,2,Consider Space principles at level 5
space-l5-012,Space,5,What is a key concept in Space at level 5? (variation 11),Option A,Option B,Option C,Option D,Option E,2,Consider Space principles at level 5
space-l5-013,Space,5,What is a key concept in Space at level 5? (variation 12),Option A,Option B,Option C,Option D,Option E,2,Consider Space principles at level 5
space-l5-014,Space,5,What is a key concept in Space at level 5? (variation 13),Option A,Option B,Option C,Option D,Option E,2,Consider Space principles at level 5
space-l5-015,Space,5,What is a key concept in Space at level 5? (variation 14),Option A,Option B,Option C,Option D,Option E,2,Consider Space principles at level 5
space-l5-016,Space,5,What is a key concept in Space at level 5? (variation 15),Option A,Option B,Option C,Option D,Option E,2,Consider Space principles at level 5
space-l5-017,Space,5,What is a key concept in Space at level 5? (variation 16),Option A,Option B,Option C,Option D,Option E,2,Consider Space principles at level 5
space-l5-018,Space,5,What is a key concept in Space at level 5? (variation 17),Option E,Option D,Option B,Option A,Option C,4,Consider Space principles at level 5
space-l5-019,Space,5,What is a key concept in Space at level 5? (variation 18),Option A,Option B,Option C,Option D,Option E,2,Consider Space principles at level 5
space-l5-020,Space,5,What is a key concept in Space at level 5? (variation 19),Option A,Option B,Option C,Option D,Option E,2,Consider Space principles at level 5
space-l5-021,Space,5,What is a key concept in Space at level 5? (variation 20),Option B,Option E,Option A,Option D,Option C,4,Consider Space principles at level 5
space-l5-022,Space,5,What is a key concept in Space at level 5? (variation 21),Option C,Option B,Option A,Option D,Option E,0,Consider Space principles at level 5
space-l5-023,Space,5,What is a key concept in Space at level 5? (variation 22),Option A,Option B,Option C,Option D,Option E,2,Consider Space principles at level 5
space-l5-024,Space,5,What is a key concept in Space at level 5? (variation 23),Option A,Option B,Option C,Option D,Option E,2,Consider Space principles at level 5
space-l5-025,Space,5,What is a key concept in Space at level 5? (variation 24),Option B,Option D,Option A,Option E,Option C,4,Consider Space principles at level 5
space-l5-026,Space,5,What is a key concept in Space at level 5? (variation 25),Option A,Option B,Option C,Option D,Option E,2,Consider Space principles at level 5
space-l5-027,Space,5,What is a key concept in Space at level 5? (variation 26),Option A,Option B,Option C,Option D,Option E,2,Consider Space principles at level 5
space-l5-028,Space,5,What is a key concept in Space at level 5? (variation 27),Option D,Option C,Option A,Option B,Option E,1,Consider Space principles at level 5
space-l5-029,Space,5,What is a key concept in Space at level 5? (variation 28),Option A,Option B,Option C,Option D,Option E,2,Consider Space principles at level 5
space-l5-030,Space,5,What is a key concept in Space at level 5? (variation 29),Option A,Option B,Option C,Option D,Option E,2,Consider Space principles at level 5
space-l5-031,Space,5,What is a key concept in Space at level 5? (variation 30),Option E,Option D,Option B,Option C,Option A,3,Consider Space principles at level 5
space-l5-032,Space,5,What is a key concept in Space at level 5? (variation 31),Option A,Option B,Option C,Option D,Option E,2,Consider Space principles at level 5
space-l5-033,Space,5,What is a key concept in Space at level 5? (variation 32),Option A,Option B,Option C,Option D,Option E,2,Consider Space principles at level 5
space-l5-034,Space,5,What is a key concept in Space at level 5? (variation 33),Option A,Option B,Option C,Option D,Option E,2,Consider Space principles at level 5
space-l5-035,Space,5,What is a key concept in Space at level 5? (variation 34),Option A,Option B,Option C,Option D,Option E,2,Consider Space principles at level 5
space-l5-036,Space,5,What is a key concept in Space at level 5? (variation 35),Option A,Option B,Option C,Option D,Option E,2,Consider Space principles at level 5
space-l5-037,Space,5,What is a key concept in Space at level 5? (variation 36),Option E,Option B,Option C,Option A,Option D,2,Consider Space principles at level 5
space-l5-038,Space,5,What is a key concept in Space at level 5? (variation 37),Option A,Option B,Option C,Option D,Option E,2,Consider Space principles at level 5
space-l5-039,Space,5,What is a key concept in Space at level 5? (variation 38),Option A,Option B,Option C,Option D,Option E,2,Consider Space principles at level 5
space-l5-040,Space,5,What is a key concept in Space at level 5? (variation 39),Option A,Option C,Option E,Option B,Option D,1,Consider Space principles at level 5
space-l5-041,Space,5,What is a key concept in Space at level 5? (variation 40),Option B,Option A,Option D,Option E,Option C,4,Consider Space principles at level 5
space-l5-042,Space,5,What is a key concept in Space at level 5? (variation 41),Option A,Option B,Option C,Option D,Option E,2,Consider Space principles at level 5
space-l5-043,Space,5,What is a key concept in Space at level 5? (variation 42),Option A,Option B,Option C,Option D,Option E,2,Consider Space principles at level 5
space-l5-044,Space,5,What is a key concept in Space at level 5? (variation 43),Option A,Option B,Option C,Option D,Option E,2,Consider Space principles at level 5
space-l5-045,Space,5,What is a key concept in Space at level 5? (variation 44),Option A,Option B,Option C,Option D,Option E,2,Consider Space principles at level 5
space-l5-046,Space,5,What is a key concept in Space at level 5? (variation 45),Option A,Option B,Option C,Option D,Option E,2,Consider Space principles at level 5
space-l5-047,Space,5,What is a key concept in Space at level 5? (variation 46),Option D,Option C,Option A,Option B,Option E,1,Consider Space principles at level 5
space-l5-048,Space,5,What is a key concept in Space at level 5? (variation 47),Option A,Option B,Option C,Option D,Option E,2,Consider Space principles at level 5
space-l5-049,Space,5,What is a key concept in Space at level 5? (variation 48),Option A,Option B,Option C,Option D,Option E,2,Consider Space principles at level 5
space-l5-050,Space,5,What is a key concept in Space at level 5? (variation 49),Option A,Option B,Option C,Option D,Option E,2,Consider Space principles at level 5
space-l5-051,Space,5,What is a key concept in Space at level 5? (variation 50),Option A,Option B,Option C,Option D,Option E,2,Consider Space principles at level 5
space-l5-052,Space,5,What is a key concept in Space at level 5? (variation 51),Option A,Option B,Option C,Option D,Option E,2,Consider Space principles at level 5
space-l5-053,Space,5,What is a key concept in Space at level 5? (variation 52),Option A,Option B,Option C,Option D,Option E,2,Consider Space principles at level 5
space-l5-054,Space,5,What is a key concept in Space at level 5? (variation 53),Option D,Option B,Option C,Option E,Option A,2,Consider Space principles at level 5
space-l5-055,Space,5,What is a key concept in Space at level 5? (variation 54),Option A,Option B,Option C,Option D,Option E,2,Consider Space principles at level 5
space-l5-056,Space,5,What is a key concept in Space at level 5? (variation 55),Option A,Option B,Option C,Option D,Option E,2,Consider Space principles at level 5
space-l5-057,Space,5,What is a key concept in Space at level 5? (variation 56),Option A,Option B,Option C,Option D,Option E,2,Consider Space principles at level 5
space-l5-058,Space,5,What is a key concept in Space at level 5? (variation 57),Option E,Option B,Option D,Option C,Option A,3,Consider Space principles at level 5
space-l5-059,Space,5,What is a key concept in Space at level 5? (variation 58),Option A,Option B,Option C,Option D,Option E,2,Consider Space principles at level 5
space-l5-060,Space,5,What is a key concept in Space at level 5? (variation 59),Option A,Option C,Option E,Option D,Option B,1,Consider Space principles at level 5
space-l5-061,Space,5,What is a key concept in Space at level 5? (variation 60),Option A,Option B,Option C,Option D,Option E,2,Consider Space principles at level 5
space-l5-062,Space,5,What is a key concept in Space at level 5? (variation 61),Option A,Option B,Option C,Option D,Option E,2,Consider Space principles at level 5
space-l5-063,Space,5,What is a key concept in Space at level 5? (variation 62),Option A,Option B,Option C,Option D,Option E,2,Consider Space principles at level 5
space-l5-064,Space,5,What is a key concept in Space at level 5? (variation 63),Option A,Option E,Option B,Option C,Option D,3,Consider Space principles at level 5
space-l5-065,Space,5,What is a key concept in Space at level 5? (variation 64),Option A,Option B,Option C,Option D,Option E,2,Consider Space principles at level 5
space-l5-066,Space,5,What is a key concept in Space at level 5? (variation 65),Option A,Option B,Option C,Option D,Option E,2,Consider Space principles at level 5
space-l5-067,Space,5,What is a key concept in Space at level 5? (variation 66),Option A,Option B,Option C,Option D,Option E,2,Consider Space principles at level 5
space-l5-068,Space,5,What is a key concept in Space at level 5? (variation 67),Option A,Option B,Option C,Option D,Option E,2,Consider Space principles at level 5
space-l5-069,Space,5,What is a key concept in Space at level 5? (variation 68),Option A,Option B,Option C,Option D,Option E,2,Consider Space principles at level 5
space-l5-070,Space,5,What is a key concept in Space at level 5? (variation 69),Option A,Option B,Option C,Option D,Option E,2,Consider Space principles at level 5
space-l5-071,Space,5,What is a key concept in Space at level 5? (variation 70),Option A,Option B,Option C,Option D,Option E,2,Consider Space principles at level 5
space-l5-072,Space,5,What is a key concept in Space at level 5? (variation 71),Option A,Option B,Option C,Option D,Option E,2,Consider Space principles at level 5
space-l5-073,Space,5,What is a key concept in Space at level 5? (variation 72),Option C,Option B,Option A,Option D,Option E,0,Consider Space principles at level 5
space-l5-074,Space,5,What is a key concept in Space at level 5? (variation 73),Option D,Option B,Option A,Option C,Option E,3,Consider Space principles at level 5
space-l5-075,Space,5,What is a key concept in Space at level 5? (variation 74),Option A,Option B,Option C,Option D,Option E,2,Consider Space principles at level 5
space-l5-076,Space,5,What is a key concept in Space at level 5? (variation 75),Option C,Option B,Option A,Option D,Option E,0,Consider Space principles at level 5
space-l5-077,Space,5,What is a key concept in Space at level 5? (variation 76),Option A,Option C,Option E,Option B,Option D,1,Consider Space principles at level 5
space-l5-078,Space,5,What is a key concept in Space at level 5? (variation 77),Option A,Option B,Option C,Option D,Option E,2,Consider Space principles at level 5
space-l5-079,Space,5,What is a key concept in Space at level 5? (variation 78),Option A,Option B,Option C,Option D,Option E,2,Consider Space principles at level 5
space-l5-080,Space,5,What is a key concept in Space at level 5? (variation 79),Option A,Option B,Option C,Option D,Option E,2,Consider Space principles at level 5
space-l5-081,Space,5,What is a key concept in Space at level 5? (variation 80),Option D,Option E,Option B,Option A,Option C,4,Consider Space principles at level 5
space-l5-082,Space,5,What is a key concept in Space at level 5? (variation 81),Option A,Option B,Option C,Option D,Option E,2,Consider Space principles at level 5
space-l5-083,Space,5,What is a key concept in Space at level 5? (variation 82),Option A,Option B,Option C,Option D,Option E,2,Consider Space principles at level 5
space-l5-084,Space,5,What is a key concept in Space at level 5? (variation 83),Option E,Option C,Option D,Option A,Option B,1,Consider Space principles at level 5
space-l5-085,Space,5,What is a key concept in Space at level 5? (variation 84),Option A,Option B,Option C,Option D,Option E,2,Consider Space principles at level 5
space-l5-086,Space,5,What is a key concept in Space at level 5? (variation 85),Option A,Option B,Option C,Option D,Option E,2,Consider Space principles at level 5
space-l5-087,Space,5,What is a key concept in Space at level 5? (variation 86),Option A,Option B,Option C,Option D,Option E,2,Consider Space principles at level 5
space-l5-088,Space,5,What is a key concept in Space at level 5? (variation 87),Option A,Option B,Option C,Option D,Option E,2,Consider Space principles at level 5
space-l5-089,Space,5,What is a key concept in Space at level 5? (variation 88),Option A,Option B,Option C,Option D,Option E,2,Consider Space principles at level 5
space-l5-090,Space,5,What is a key concept in Space at level 5? (variation 89),Option A,Option B,Option C,Option D,Option E,2,Consider Space principles at level 5
space-l5-091,Space,5,What is a key concept in Space at level 5? (variation 90),Option A,Option B,Option C,Option D,Option E,2,Consider Space principles at level 5
space-l5-092,Space,5,What is a key concept in Space at level 5? (variation 91),Option A,Option C,Option B,Option E,Option D,1,Consider Space principles at level 5
space-l5-093,Space,5,What is a key concept in Space at level 5? (variation 92),Option A,Option B,Option C,Option D,Option E,2,Consider Space principles at level 5
space-l5-094,Space,5,What is a key concept in Space at level 5? (variation 93),Option A,Option B,Option C,Option D,Option E,2,Consider Space principles at level 5
space-l5-095,Space,5,What is a key concept in Space at level 5? (variation 94),Option B,Option C,Option E,Option A,Option D,1,Consider Space principles at level 5
space-l5-096,Space,5,What is a key concept in Space at level 5? (variation 95),Option B,Option E,Option A,Option D,Option C,4,Consider Space principles at level 5
space-l5-097,Space,5,What is a key concept in Space at level 5? (variation 96),Option C,Option A,Option E,Option B,Option D,0,Consider Space principles at level 5
space-l5-098,Space,5,What is a key concept in Space at level 5? (variation 97),Option D,Option C,Option E,Option A,Option B,1,Consider Space principles at level 5
space-l5-099,Space,5,What is a key concept in Space at level 5? (variation 98),Option E,Option D,Option A,Option B,Option C,4,Consider Space principles at level 5
space-l5-100,Space,5,What is a key concept in Space at level 5? (variation 99),Option D,Option B,Option A,Option E,Option C,4,Consider Space principles at level 5
food-l1-001,Food,1,What is a key concept in Food at level 1?,Option A,Option B,Option C,Option D,Option E,2,Consider Food principles at level 1
food-l1-002,Food,1,What is a key concept in Food at level 1? (variation 1),Option A,Option B,Option C,Option D,Option E,2,Consider Food principles at level 1
food-l1-003,Food,1,What is a key concept in Food at level 1? (variation 2),Option A,Option B,Option C,Option D,Option E,2,Consider Food principles at level 1
food-l1-004,Food,1,What is a key concept in Food at level 1? (variation 3),Option A,Option D,Option C,Option E,Option B,2,Consider Food principles at level 1
food-l1-005,Food,1,What is a key concept in Food at level 1? (variation 4),Option B,Option C,Option E,Option D,Option A,1,Consider Food principles at level 1
food-l1-006,Food,1,What is a key concept in Food at level 1? (variation 5),Option A,Option B,Option C,Option D,Option E,2,Consider Food principles at level 1
food-l1-007,Food,1,What is a key concept in Food at level 1? (variation 6),Option C,Option E,Option B,Option A,Option D,0,Consider Food principles at level 1
food-l1-008,Food,1,What is a key concept in Food at level 1? (variation 7),Option A,Option B,Option C,Option D,Option E,2,Consider Food principles at level 1
food-l1-009,Food,1,What is a key concept in Food at level 1? (variation 8),Option A,Option B,Option C,Option D,Option E,2,Consider Food principles at level 1
food-l1-010,Food,1,What is a key concept in Food at level 1? (variation 9),Option E,Option A,Option D,Option C,Option B,3,Consider Food principles at level 1
food-l1-011,Food,1,What is a key concept in Food at level 1? (variation 10),Option A,Option B,Option C,Option D,Option E,2,Consider Food principles at level 1
food-l1-012,Food,1,What is a key concept in Food at level 1? (variation 11),Option A,Option B,Option C,Option D,Option E,2,Consider Food principles at level 1
food-l1-013,Food,1,What is a key concept in Food at level 1? (variation 12),Option A,Option B,Option C,Option D,Option E,2,Consider Food principles at level 1
food-l1-014,Food,1,What is a key concept in Food at level 1? (variation 13),Option B,Option C,Option E,Option D,Option A,1,Consider Food principles at level 1
food-l1-015,Food,1,What is a key concept in Food at level 1? (variation 14),Option E,Option A,Option D,Option B,Option C,4,Consider Food principles at level 1
food-l1-016,Food,1,What is a key concept in Food at level 1? (variation 15),Option A,Option B,Option C,Option D,Option E,2,Consider Food principles at level 1
food-l1-017,Food,1,What is a key concept in Food at level 1? (variation 16),Option A,Option B,Option C,Option D,Option E,2,Consider Food principles at level 1
food-l1-018,Food,1,What is a key concept in Food at level 1? (variation 17),Option A,Option B,Option C,Option D,Option E,2,Consider Food principles at level 1
food-l1-019,Food,1,What is a key concept in Food at level 1? (variation 18),Option A,Option B,Option C,Option D,Option E,2,Consider Food principles at level 1
food-l1-020,Food,1,What is a key concept in Food at level 1? (variation 19),Option A,Option B,Option C,Option D,Option E,2,Consider Food principles at level 1
food-l1-021,Food,1,What is a key concept in Food at level 1? (variation 20),Option A,Option B,Option C,Option D,Option E,2,Consider Food principles at level 1
food-l1-022,Food,1,What is a key concept in Food at level 1? (variation 21),Option A,Option B,Option C,Option D,Option E,2,Consider Food principles at level 1
food-l1-023,Food,1,What is a key concept in Food at level 1? (variation 22),Option A,Option B,Option C,Option D,Option E,2,Consider Food principles at level 1
food-l1-024,Food,1,What is a key concept in Food at level 1? (variation 23),Option D,Option B,Option E,Option C,Option A,3,Consider Food principles at level 1
food-l1-025,Food,1,What is a key concept in Food at level 1? (variation 24),Option A,Option B,Option C,Option D,Option E,2,Consider Food principles at level 1
food-l1-026,Food,1,What is a key concept in Food at level 1? (variation 25),Option A,Option B,Option C,Option D,Option E,2,Consider Food principles at level 1
food-l1-027,Food,1,What is a key concept in Food at level 1? (variation 26),Option A,Option B,Option C,Option D,Option E,2,Consider Food principles at level 1
food-l1-028,Food,1,What is a key concept in Food at level 1? (variation 27),Option A,Option B,Option C,Option D,Option E,2,Consider Food principles at level 1
food-l1-029,Food,1,What is a key concept in Food at level 1? (variation 28),Option C,Option A,Option E,Option D,Option B,0,Consider Food principles at level 1
food-l1-030,Food,1,What is a key concept in Food at level 1? (variation 29),Option E,Option C,Option D,Option A,Option B,1,Consider Food principles at level 1
food-l1-031,Food,1,What is a key concept in Food at level 1? (variation 30),Option A,Option B,Option C,Option D,Option E,2,Consider Food principles at level 1
food-l1-032,Food,1,What is a key concept in Food at level 1? (variation 31),Option A,Option B,Option C,Option D,Option E,2,Consider Food principles at level 1
food-l1-033,Food,1,What is a key concept in Food at level 1? (variation 32),Option A,Option B,Option C,Option D,Option E,2,Consider Food principles at level 1
food-l1-034,Food,1,What is a key concept in Food at level 1? (variation 33),Option A,Option B,Option C,Option D,Option E,2,Consider Food principles at level 1
food-l1-035,Food,1,What is a key concept in Food at level 1? (variation 34),Option E,Option C,Option B,Option D,Option A,1,Consider Food principles at level 1
food-l1-036,Food,1,What is a key concept in Food at level 1? (variation 35),Option A,Option B,Option C,Option D,Option E,2,Consider Food principles at level 1
food-l1-037,Food,1,What is a key concept in Food at level 1? (variation 36),Option C,Option E,Option B,Option A,Option D,0,Consider Food principles at level 1
food-l1-038,Food,1,What is a key concept in Food at level 1? (variation 37),Option A,Option B,Option C,Option D,Option E,2,Consider Food principles at level 1
food-l1-039,Food,1,What is a key concept in Food at level 1? (variation 38),Option A,Option B,Option C,Option D,Option E,2,Consider Food principles at level 1
food-l1-040,Food,1,What is a key concept in Food at level 1? (variation 39),Option A,Option B,Option C,Option D,Option E,2,Consider Food principles at level 1
food-l1-041,Food,1,What is a key concept in Food at level 1? (variation 40),Option A,Option B,Option C,Option D,Option E,2,Consider Food principles at level 1
food-l1-042,Food,1,What is a key concept in Food at level 1? (variation 41),Option A,Option B,Option C,Option D,Option E,2,Consider Food principles at level 1
food-l1-043,Food,1,What is a key concept in Food at level 1? (variation 42),Option A,Option B,Option C,Option D,Option E,2,Consider Food principles at level 1
food-l1-044,Food,1,What is a key concept in Food at level 1? (variation 43),Option C,Option E,Option D,Option B,Option A,0,Consider Food principles at level 1
food-l1-045,Food,1,What is a key concept in Food at level 1? (variation 44),Option A,Option B,Option C,Option D,Option E,2,Consider Food principles at level 1
food-l1-046,Food,1,What is a key concept in Food at level 1? (variation 45),Option A,Option B,Option C,Option D,Option E,2,Consider Food principles at level 1
food-l1-047,Food,1,What is a key concept in Food at level 1? (variation 46),Option A,Option B,Option C,Option D,Option E,2,Consider Food principles at level 1
food-l1-048,Food,1,What is a key concept in Food at level 1? (variation 47),Option A,Option B,Option C,Option D,Option E,2,Consider Food principles at level 1
food-l1-049,Food,1,What is a key concept in Food at level 1? (variation 48),Option A,Option B,Option C,Option D,Option E,2,Consider Food principles at level 1
food-l1-050,Food,1,What is a key concept in Food at level 1? (variation 49),Option A,Option B,Option C,Option D,Option E,2,Consider Food principles at level 1
food-l1-051,Food,1,What is a key concept in Food at level 1? (variation 50),Option A,Option B,Option C,Option D,Option E,2,Consider Food principles at level 1
food-l1-052,Food,1,What is a key concept in Food at level 1? (variation 51),Option B,Option C,Option A,Option D,Option E,1,Consider Food principles at level 1
food-l1-053,Food,1,What is a key concept in Food at level 1? (variation 52),Option A,Option B,Option C,Option D,Option E,2,Consider Food principles at level 1
food-l1-054,Food,1,What is a key concept in Food at level 1? (variation 53),Option A,Option B,Option C,Option D,Option E,2,Consider Food principles at level 1
food-l1-055,Food,1,What is a key concept in Food at level 1? (variation 54),Option A,Option B,Option C,Option D,Option E,2,Consider Food principles at level 1
food-l1-056,Food,1,What is a key concept in Food at level 1? (variation 55),Option A,Option B,Option C,Option D,Option E,2,Consider Food principles at level 1
food-l1-057,Food,1,What is a key concept in Food at level 1? (variation 56),Option A,Option E,Option C,Option D,Option B,2,Consider Food principles at level 1
food-l1-058,Food,1,What is a key concept in Food at level 1? (variation 57),Option A,Option B,Option C,Option D,Option E,2,Consider Food principles at level 1
food-l1-059,Food,1,What is a key concept in Food at level 1? (variation 58),Option A,Option D,Option C,Option E,Option B,2,Consider Food principles at level 1
food-l1-060,Food,1,What is a key concept in Food at level 1? (variation 59),Option A,Option B,Option C,Option D,Option E,2,Consider Food principles at level 1
food-l1-061,Food,1,What is a key concept in Food at level 1? (variation 60),Option A,Option B,Option C,Option D,Option E,2,Consider Food principles at level 1
food-l1-062,Food,1,What is a key concept in Food at level 1? (variation 61),Option A,Option B,Option C,Option D,Option E,2,Consider Food principles at level 1
food-l1-063,Food,1,What is a key concept in Food at level 1? (variation 62),Option A,Option B,Option C,Option D,Option E,2,Consider Food principles at level 1
food-l1-064,Food,1,What is a key concept in Food at level 1? (variation 63),Option A,Option B,Option C,Option D,Option E,2,Consider Food principles at level 1
food-l1-065,Food,1,What is a key concept in Food at level 1? (variation 64),Option E,Option A,Option D,Option B,Option C,4,Consider Food principles at level 1
food-l1-066,Food,1,What is a key concept in Food at level 1? (variation 65),Option A,Option B,Option C,Option D,Option E,2,Consider Food principles at level 1
food-l1-067,Food,1,What is a key concept in Food at level 1? (variation 66),Option D,Option B,Option C,Option A,Option E,2,Consider Food principles at level 1
food-l1-068,Food,1,What is a key concept in Food at level 1? (variation 67),Option A,Option B,Option C,Option D,Option E,2,Consider Food principles at level 1
food-l1-069,Food,1,What is a key concept in Food at level 1? (variation 68),Option A,Option B,Option C,Option D,Option E,2,Consider Food principles at level 1
food-l1-070,Food,1,What is a key concept in Food at level 1? (variation 69),Option A,Option B,Option C,Option D,Option E,2,Consider Food principles at level 1
food-l1-071,Food,1,What is a key concept in Food at level 1? (variation 70),Option A,Option B,Option C,Option D,Option E,2,Consider Food principles at level 1
food-l1-072,Food,1,What is a key concept in Food at level 1? (variation 71),Option A,Option B,Option C,Option D,Option E,2,Consider Food principles at level 1
food-l1-073,Food,1,What is a key concept in Food at level 1? (variation 72),Option A,Option B,Option C,Option D,Option E,2,Consider Food principles at level 1
food-l1-074,Food,1,What is a key concept in Food at level 1? (variation 73),Option A,Option B,Option C,Option D,Option E,2,Consider Food principles at level 1
food-l1-075,Food,1,What is a key concept in Food at level 1? (variation 74),Option A,Option B,Option C,Option D,Option E,2,Consider Food principles at level 1
food-l1-076,Food,1,What is a key concept in Food at level 1? (variation 75),Option A,Option B,Option C,Option D,Option E,2,Consider Food principles at level 1
food-l1-077,Food,1,What is a key concept in Food at level 1? (variation 76),Option A,Option B,Option C,Option D,Option E,2,Consider Food principles at level 1
food-l1-078,Food,1,What is a key concept in Food at level 1? (variation 77),Option A,Option B,Option C,Option D,Option E,2,Consider Food principles at level 1
food-l1-079,Food,1,What is a key concept in Food at level 1? (variation 78),Option A,Option B,Option C,Option D,Option E,2,Consider Food principles at level 1
food-l1-080,Food,1,What is a key concept in Food at level 1? (variation 79),Option A,Option B,Option C,Option D,Option E,2,Consider Food principles at level 1
food-l1-081,Food,1,What is a key concept in Food at level 1? (variation 80),Option A,Option B,Option C,Option D,Option E,2,Consider Food principles at level 1
food-l1-082,Food,1,What is a key concept in Food at level 1? (variation 81),Option B,Option C,Option D,Option E,Option A,1,Consider Food principles at level 1
food-l1-083,Food,1,What is a key concept in Food at level 1? (variation 82),Option A,Option B,Option C,Option D,Option E,2,Consider Food principles at level 1
food-l1-084,Food,1,What is a key concept in Food at level 1? (variation 83),Option E,Option D,Option A,Option C,Option B,3,Consider Food principles at level 1
food-l1-085,Food,1,What is a key concept in Food at level 1? (variation 84),Option A,Option B,Option C,Option D,Option E,2,Consider Food principles at level 1
food-l1-086,Food,1,What is a key concept in Food at level 1? (variation 85),Option A,Option B,Option C,Option D,Option E,2,Consider Food principles at level 1
food-l1-087,Food,1,What is a key concept in Food at level 1? (variation 86),Option A,Option B,Option C,Option D,Option E,2,Consider Food principles at level 1
food-l1-088,Food,1,What is a key concept in Food at level 1? (variation 87),Option D,Option A,Option B,Option E,Option C,4,Consider Food principles at level 1
food-l1-089,Food,1,What is a key concept in Food at level 1? (variation 88),Option D,Option A,Option C,Option B,Option E,2,Consider Food principles at level 1
food-l1-090,Food,1,What is a key concept in Food at level 1? (variation 89),Option A,Option B,Option C,Option D,Option E,2,Consider Food principles at level 1
food-l1-091,Food,1,What is a key concept in Food at level 1? (variation 90),Option A,Option B,Option C,Option D,Option E,2,Consider Food principles at level 1
food-l1-092,Food,1,What is a key concept in Food at level 1? (variation 91),Option A,Option B,Option C,Option D,Option E,2,Consider Food principles at level 1
food-l1-093,Food,1,What is a key concept in Food at level 1? (variation 92),Option A,Option B,Option C,Option D,Option E,2,Consider Food principles at level 1
food-l1-094,Food,1,What is a key concept in Food at level 1? (variation 93),Option A,Option B,Option C,Option D,Option E,2,Consider Food principles at level 1
food-l1-095,Food,1,What is a key concept in Food at level 1? (variation 94),Option A,Option B,Option C,Option D,Option E,2,Consider Food principles at level 1
food-l1-096,Food,1,What is a key concept in Food at level 1? (variation 95),Option A,Option B,Option C,Option D,Option E,2,Consider Food principles at level 1
food-l1-097,Food,1,What is a key concept in Food at level 1? (variation 96),Option A,Option B,Option C,Option D,Option E,2,Consider Food principles at level 1
food-l1-098,Food,1,What is a key concept in Food at level 1? (variation 97),Option A,Option B,Option C,Option D,Option E,2,Consider Food principles at level 1
food-l1-099,Food,1,What is a key concept in Food at level 1? (variation 98),Option A,Option B,Option C,Option D,Option E,2,Consider Food principles at level 1
food-l1-100,Food,1,What is a key concept in Food at level 1? (variation 99),Option A,Option B,Option C,Option D,Option E,2,Consider Food principles at level 1
food-l2-001,Food,2,What is a key concept in Food at level 2?,Option B,Option C,Option E,Option A,Option D,1,Consider Food principles at level 2
food-l2-002,Food,2,What is a key concept in Food at level 2? (variation 1),Option A,Option B,Option C,Option D,Option E,2,Consider Food principles at level 2
food-l2-003,Food,2,What is a key concept in Food at level 2? (variation 2),Option A,Option C,Option B,Option D,Option E,1,Consider Food principles at level 2
food-l2-004,Food,2,What is a key concept in Food at level 2? (variation 3),Option A,Option B,Option C,Option D,Option E,2,Consider Food principles at level 2
food-l2-005,Food,2,What is a key concept in Food at level 2? (variation 4),Option A,Option B,Option C,Option D,Option E,2,Consider Food principles at level 2
food-l2-006,Food,2,What is a key concept in Food at level 2? (variation 5),Option A,Option B,Option C,Option D,Option E,2,Consider Food principles at level 2
food-l2-007,Food,2,What is a key concept in Food at level 2? (variation 6),Option A,Option B,Option C,Option D,Option E,2,Consider Food principles at level 2
food-l2-008,Food,2,What is a key concept in Food at level 2? (variation 7),Option E,Option B,Option C,Option D,Option A,2,Consider Food principles at level 2
food-l2-009,Food,2,What is a key concept in Food at level 2? (variation 8),Option A,Option B,Option C,Option D,Option E,2,Consider Food principles at level 2
food-l2-010,Food,2,What is a key concept in Food at level 2? (variation 9),Option A,Option E,Option D,Option B,Option C,4,Consider Food principles at level 2
food-l2-011,Food,2,What is a key concept in Food at level 2? (variation 10),Option E,Option B,Option A,Option D,Option C,4,Consider Food principles at level 2
food-l2-012,Food,2,What is a key concept in Food at level 2? (variation 11),Option A,Option B,Option C,Option D,Option E,2,Consider Food principles at level 2
food-l2-013,Food,2,What is a key concept in Food at level 2? (variation 12),Option A,Option B,Option C,Option D,Option E,2,Consider Food principles at level 2
food-l2-014,Food,2,What is a key concept in Food at level 2? (variation 13),Option A,Option E,Option D,Option B,Option C,4,Consider Food principles at level 2
food-l2-015,Food,2,What is a key concept in Food at level 2? (variation 14),Option A,Option B,Option C,Option D,Option E,2,Consider Food principles at level 2
food-l2-016,Food,2,What is a key concept in Food at level 2? (variation 15),Option A,Option B,Option C,Option D,Option E,2,Consider Food principles at level 2
food-l2-017,Food,2,What is a key concept in Food at level 2? (variation 16),Option A,Option B,Option C,Option D,Option E,2,Consider Food principles at level 2
food-l2-018,Food,2,What is a key concept in Food at level 2? (variation 17),Option A,Option B,Option C,Option D,Option E,2,Consider Food principles at level 2
food-l2-019,Food,2,What is a key concept in Food at level 2? (variation 18),Option A,Option B,Option C,Option D,Option E,2,Consider Food principles at level 2
food-l2-020,Food,2,What is a key concept in Food at level 2? (variation 19),Option B,Option A,Option C,Option D,Option E,2,Consider Food principles at level 2
food-l2-021,Food,2,What is a key concept in Food at level 2? (variation 20),Option A,Option B,Option C,Option D,Option E,2,Consider Food principles at level 2
food-l2-022,Food,2,What is a key concept in Food at level 2? (variation 21),Option A,Option B,Option C,Option D,Option E,2,Consider Food principles at level 2
food-l2-023,Food,2,What is a key concept in Food at level 2? (variation 22),Option E,Option A,Option C,Option B,Option D,2,Consider Food principles at level 2
food-l2-024,Food,2,What is a key concept in Food at level 2? (variation 23),Option A,Option B,Option C,Option D,Option E,2,Consider Food principles at level 2
food-l2-025,Food,2,What is a key concept in Food at level 2? (variation 24),Option A,Option B,Option C,Option D,Option E,2,Consider Food principles at level 2
food-l2-026,Food,2,What is a key concept in Food at level 2? (variation 25),Option A,Option B,Option C,Option D,Option E,2,Consider Food principles at level 2
food-l2-027,Food,2,What is a key concept in Food at level 2? (variation 26),Option A,Option B,Option C,Option D,Option E,2,Consider Food principles at level 2
food-l2-028,Food,2,What is a key concept in Food at level 2? (variation 27),Option A,Option B,Option C,Option D,Option E,2,Consider Food principles at level 2
food-l2-029,Food,2,What is a key concept in Food at level 2? (variation 28),Option A,Option B,Option C,Option D,Option E,2,Consider Food principles at level 2
food-l2-030,Food,2,What is a key concept in Food at level 2? (variation 29),Option A,Option B,Option C,Option D,Option E,2,Consider Food principles at level 2
food-l2-031,Food,2,What is a key concept in Food at level 2? (variation 30),Option A,Option B,Option C,Option D,Option E,2,Consider Food principles at level 2
food-l2-032,Food,2,What is a key concept in Food at level 2? (variation 31),Option A,Option B,Option C,Option D,Option E,2,Consider Food principles at level 2
food-l2-033,Food,2,What is a key concept in Food at level 2? (variation 32),Option A,Option B,Option C,Option D,Option E,2,Consider Food principles at level 2
food-l2-034,Food,2,What is a key concept in Food at level 2? (variation 33),Option A,Option B,Option C,Option D,Option E,2,Consider Food principles at level 2
food-l2-035,Food,2,What is a key concept in Food at level 2? (variation 34),Option A,Option B,Option C,Option D,Option E,2,Consider Food principles at level 2
food-l2-036,Food,2,What is a key concept in Food at level 2? (variation 35),Option A,Option B,Option C,Option D,Option E,2,Consider Food principles at level 2
food-l2-037,Food,2,What is a key concept in Food at level 2? (variation 36),Option B,Option A,Option C,Option E,Option D,2,Consider Food principles at level 2
food-l2-038,Food,2,What is a key concept in Food at level 2? (variation 37),Option A,Option B,Option C,Option D,Option E,2,Consider Food principles at level 2
food-l2-039,Food,2,What is a key concept in Food at level 2? (variation 38),Option A,Option B,Option C,Option D,Option E,2,Consider Food principles at level 2
food-l2-040,Food,2,What is a key concept in Food at level 2? (variation 39),Option A,Option B,Option C,Option D,Option E,2,Consider Food principles at level 2
food-l2-041,Food,2,What is a key concept in Food at level 2? (variation 40),Option A,Option B,Option C,Option D,Option E,2,Consider Food principles at level 2
food-l2-042,Food,2,What is a key concept in Food at level 2? (variation 41),Option D,Option C,Option E,Option B,Option A,1,Consider Food principles at level 2
food-l2-043,Food,2,What is a key concept in Food at level 2? (variation 42),Option B,Option C,Option A,Option E,Option D,1,Consider Food principles at level 2
food-l2-044,Food,2,What is a key concept in Food at level 2? (variation 43),Option A,Option B,Option C,Option D,Option E,2,Consider Food principles at level 2
food-l2-045,Food,2,What is a key concept in Food at level 2? (variation 44),Option A,Option B,Option C,Option D,Option E,2,Consider Food principles at level 2
food-l2-046,Food,2,What is a key concept in Food at level 2? (variation 45),Option A,Option B,Option C,Option D,Option E,2,Consider Food principles at level 2
food-l2-047,Food,2,What is a key concept in Food at level 2? (variation 46),Option B,Option C,Option A,Option E,Option D,1,Consider Food principles at level 2
food-l2-048,Food,2,What is a key concept in Food at level 2? (variation 47),Option A,Option B,Option C,Option D,Option E,2,Consider Food principles at level 2
food-l2-049,Food,2,What is a key concept in Food at level 2? (variation 48),Option D,Option C,Option A,Option E,Option B,1,Consider Food principles at level 2
food-l2-050,Food,2,What is a key concept in Food at level 2? (variation 49),Option A,Option B,Option C,Option D,Option E,2,Consider Food principles at level 2
food-l2-051,Food,2,What is a key concept in Food at level 2? (variation 50),Option A,Option B,Option C,Option D,Option E,2,Consider Food principles at level 2
food-l2-052,Food,2,What is a key concept in Food at level 2? (variation 51),Option A,Option B,Option C,Option D,Option E,2,Consider Food principles at level 2
food-l2-053,Food,2,What is a key concept in Food at level 2? (variation 52),Option A,Option B,Option C,Option D,Option E,2,Consider Food principles at level 2
food-l2-054,Food,2,What is a key concept in Food at level 2? (variation 53),Option A,Option B,Option C,Option D,Option E,2,Consider Food principles at level 2
food-l2-055,Food,2,What is a key concept in Food at level 2? (variation 54),Option A,Option B,Option C,Option D,Option E,2,Consider Food principles at level 2
food-l2-056,Food,2,What is a key concept in Food at level 2? (variation 55),Option A,Option B,Option C,Option D,Option E,2,Consider Food principles at level 2
food-l2-057,Food,2,What is a key concept in Food at level 2? (variation 56),Option C,Option A,Option D,Option E,Option B,0,Consider Food principles at level 2
food-l2-058,Food,2,What is a key concept in Food at level 2? (variation 57),Option A,Option B,Option C,Option D,Option E,2,Consider Food principles at level 2
food-l2-059,Food,2,What is a key concept in Food at level 2? (variation 58),Option A,Option B,Option C,Option D,Option E,2,Consider Food principles at level 2
food-l2-060,Food,2,What is a key concept in Food at level 2? (variation 59),Option A,Option B,Option C,Option D,Option E,2,Consider Food principles at level 2
food-l2-061,Food,2,What is a key concept in Food at level 2? (variation 60),Option E,Option B,Option A,Option D,Option C,4,Consider Food principles at level 2
food-l2-062,Food,2,What is a key concept in Food at level 2? (variation 61),Option C,Option D,Option B,Option A,Option E,0,Consider Food principles at level 2
food-l2-063,Food,2,What is a key concept in Food at level 2? (variation 62),Option B,Option A,Option D,Option E,Option C,4,Consider Food principles at level 2
food-l2-064,Food,2,What is a key concept in Food at level 2? (variation 63),Option A,Option B,Option C,Option D,Option E,2,Consider Food principles at level 2
food-l2-065,Food,2,What is a key concept in Food at level 2? (variation 64),Option A,Option B,Option C,Option D,Option E,2,Consider Food principles at level 2
food-l2-066,Food,2,What is a key concept in Food at level 2? (variation 65),Option A,Option B,Option C,Option D,Option E,2,Consider Food principles at level 2
food-l2-067,Food,2,What is a key concept in Food at level 2? (variation 66),Option A,Option B,Option C,Option D,Option E,2,Consider Food principles at level 2
food-l2-068,Food,2,What is a key concept in Food at level 2? (variation 67),Option D,Option C,Option B,Option A,Option E,1,Consider Food principles at level 2
food-l2-069,Food,2,What is a key concept in Food at level 2? (variation 68),Option C,Option B,Option A,Option E,Option D,0,Consider Food principles at level 2
food-l2-070,Food,2,What is a key concept in Food at level 2? (variation 69),Option C,Option A,Option B,Option D,Option E,0,Consider Food principles at level 2
food-l2-071,Food,2,What is a key concept in Food at level 2? (variation 70),Option A,Option B,Option C,Option D,Option E,2,Consider Food principles at level 2
food-l2-072,Food,2,What is a key concept in Food at level 2? (variation 71),Option A,Option B,Option C,Option D,Option E,2,Consider Food principles at level 2
food-l2-073,Food,2,What is a key concept in Food at level 2? (variation 72),Option A,Option B,Option C,Option D,Option E,2,Consider Food principles at level 2
food-l2-074,Food,2,What is a key concept in Food at level 2? (variation 73),Option A,Option B,Option C,Option D,Option E,2,Consider Food principles at level 2
food-l2-075,Food,2,What is a key concept in Food at level 2? (variation 74),Option D,Option B,Option C,Option E,Option A,2,Consider Food principles at level 2
food-l2-076,Food,2,What is a key concept in Food at level 2? (variation 75),Option A,Option B,Option C,Option D,Option E,2,Consider Food principles at level 2
food-l2-077,Food,2,What is a key concept in Food at level 2? (variation 76),Option A,Option B,Option C,Option D,Option E,2,Consider Food principles at level 2
food-l2-078,Food,2,What is a key concept in Food at level 2? (variation 77),Option A,Option B,Option C,Option D,Option E,2,Consider Food principles at level 2
food-l2-079,Food,2,What is a key concept in Food at level 2? (variation 78),Option A,Option E,Option C,Option B,Option D,2,Consider Food principles at level 2
food-l2-080,Food,2,What is a key concept in Food at level 2? (variation 79),Option C,Option D,Option A,Option E,Option B,0,Consider Food principles at level 2
food-l2-081,Food,2,What is a key concept in Food at level 2? (variation 80),Option A,Option B,Option C,Option D,Option E,2,Consider Food principles at level 2
food-l2-082,Food,2,What is a key concept in Food at level 2? (variation 81),Option A,Option B,Option C,Option D,Option E,2,Consider Food principles at level 2
food-l2-083,Food,2,What is a key concept in Food at level 2? (variation 82),Option A,Option B,Option C,Option D,Option E,2,Consider Food principles at level 2
food-l2-084,Food,2,What is a key concept in Food at level 2? (variation 83),Option A,Option B,Option C,Option D,Option E,2,Consider Food principles at level 2
food-l2-085,Food,2,What is a key concept in Food at level 2? (variation 84),Option A,Option B,Option C,Option D,Option E,2,Consider Food principles at level 2
food-l2-086,Food,2,What is a key concept in Food at level 2? (variation 85),Option E,Option B,Option C,Option A,Option D,2,Consider Food principles at level 2
food-l2-087,Food,2,What is a key concept in Food at level 2? (variation 86),Option A,Option B,Option C,Option D,Option E,2,Consider Food principles at level 2
food-l2-088,Food,2,What is a key concept in Food at level 2? (variation 87),Option A,Option B,Option C,Option D,Option E,2,Consider Food principles at level 2
food-l2-089,Food,2,What is a key concept in Food at level 2? (variation 88),Option A,Option B,Option C,Option D,Option E,2,Consider Food principles at level 2
food-l2-090,Food,2,What is a key concept in Food at level 2? (variation 89),Option E,Option A,Option D,Option B,Option C,4,Consider Food principles at level 2
food-l2-091,Food,2,What is a key concept in Food at level 2? (variation 90),Option A,Option D,Option E,Option B,Option C,4,Consider Food principles at level 2
food-l2-092,Food,2,What is a key concept in Food at level 2? (variation 91),Option A,Option B,Option C,Option D,Option E,2,Consider Food principles at level 2
food-l2-093,Food,2,What is a key concept in Food at level 2? (variation 92),Option A,Option B,Option C,Option D,Option E,2,Consider Food principles at level 2
food-l2-094,Food,2,What is a key concept in Food at level 2? (variation 93),Option A,Option C,Option B,Option E,Option D,1,Consider Food principles at level 2
food-l2-095,Food,2,What is a key concept in Food at level 2? (variation 94),Option B,Option A,Option E,Option C,Option D,3,Consider Food principles at level 2
food-l2-096,Food,2,What is a key concept in Food at level 2? (variation 95),Option D,Option A,Option C,Option E,Option B,2,Consider Food principles at level 2
food-l2-097,Food,2,What is a key concept in Food at level 2? (variation 96),Option A,Option B,Option C,Option D,Option E,2,Consider Food principles at level 2
food-l2-098,Food,2,What is a key concept in Food at level 2? (variation 97),Option B,Option D,Option C,Option E,Option A,2,Consider Food principles at level 2
food-l2-099,Food,2,What is a key concept in Food at level 2? (variation 98),Option A,Option B,Option C,Option D,Option E,2,Consider Food principles at level 2
food-l2-100,Food,2,What is a key concept in Food at level 2? (variation 99),Option C,Option E,Option B,Option D,Option A,0,Consider Food principles at level 2
food-l3-001,Food,3,What is a key concept in Food at level 3?,Option A,Option B,Option C,Option D,Option E,2,Consider Food principles at level 3
food-l3-002,Food,3,What is a key concept in Food at level 3? (variation 1),Option A,Option B,Option C,Option D,Option E,2,Consider Food principles at level 3
food-l3-003,Food,3,What is a key concept in Food at level 3? (variation 2),Option A,Option B,Option D,Option E,Option C,4,Consider Food principles at level 3
food-l3-004,Food,3,What is a key concept in Food at level 3? (variation 3),Option A,Option B,Option C,Option D,Option E,2,Consider Food principles at level 3
food-l3-005,Food,3,What is a key concept in Food at level 3? (variation 4),Option A,Option B,Option C,Option D,Option E,2,Consider Food principles at level 3
food-l3-006,Food,3,What is a key concept in Food at level 3? (variation 5),Option A,Option B,Option C,Option D,Option E,2,Consider Food principles at level 3
food-l3-007,Food,3,What is a key concept in Food at level 3? (variation 6),Option A,Option B,Option C,Option D,Option E,2,Consider Food principles at level 3
food-l3-008,Food,3,What is a key concept in Food at level 3? (variation 7),Option A,Option B,Option C,Option D,Option E,2,Consider Food principles at level 3
food-l3-009,Food,3,What is a key concept in Food at level 3? (variation 8),Option A,Option B,Option C,Option D,Option E,2,Consider Food principles at level 3
food-l3-010,Food,3,What is a key concept in Food at level 3? (variation 9),Option A,Option B,Option C,Option D,Option E,2,Consider Food principles at level 3
food-l3-011,Food,3,What is a key concept in Food at level 3? (variation 10),Option A,Option B,Option C,Option D,Option E,2,Consider Food principles at level 3
food-l3-012,Food,3,What is a key concept in Food at level 3? (variation 11),Option A,Option B,Option C,Option D,Option E,2,Consider Food principles at level 3
food-l3-013,Food,3,What is a key concept in Food at level 3? (variation 12),Option A,Option B,Option C,Option D,Option E,2,Consider Food principles at level 3
food-l3-014,Food,3,What is a key concept in Food at level 3? (variation 13),Option A,Option B,Option C,Option D,Option E,2,Consider Food principles at level 3
food-l3-015,Food,3,What is a key concept in Food at level 3? (variation 14),Option A,Option B,Option C,Option D,Option E,2,Consider Food principles at level 3
food-l3-016,Food,3,What is a key concept in Food at level 3? (variation 15),Option A,Option B,Option C,Option D,Option E,2,Consider Food principles at level 3
food-l3-017,Food,3,What is a key concept in Food at level 3? (variation 16),Option A,Option B,Option C,Option D,Option E,2,Consider Food principles at level 3
food-l3-018,Food,3,What is a key concept in Food at level 3? (variation 17),Option A,Option B,Option C,Option D,Option E,2,Consider Food principles at level 3
food-l3-019,Food,3,What is a key concept in Food at level 3? (variation 18),Option A,Option B,Option C,Option D,Option E,2,Consider Food principles at level 3
food-l3-020,Food,3,What is a key concept in Food at level 3? (variation 19),Option A,Option B,Option C,Option D,Option E,2,Consider Food principles at level 3
food-l3-021,Food,3,What is a key concept in Food at level 3? (variation 20),Option E,Option D,Option C,Option B,Option A,2,Consider Food principles at level 3
food-l3-022,Food,3,What is a key concept in Food at level 3? (variation 21),Option A,Option B,Option C,Option D,Option E,2,Consider Food principles at level 3
food-l3-023,Food,3,What is a key concept in Food at level 3? (variation 22),Option A,Option B,Option C,Option D,Option E,2,Consider Food principles at level 3
food-l3-024,Food,3,What is a key concept in Food at level 3? (variation 23),Option A,Option B,Option C,Option D,Option E,2,Consider Food principles at level 3
food-l3-025,Food,3,What is a key concept in Food at level 3? (variation 24),Option A,Option B,Option C,Option D,Option E,2,Consider Food principles at level 3
food-l3-026,Food,3,What is a key concept in Food at level 3? (variation 25),Option A,Option B,Option C,Option D,Option E,2,Consider Food principles at level 3
food-l3-027,Food,3,What is a key concept in Food at level 3? (variation 26),Option A,Option B,Option C,Option D,Option E,2,Consider Food principles at level 3
food-l3-028,Food,3,What is a key concept in Food at level 3? (variation 27),Option A,Option B,Option C,Option D,Option E,2,Consider Food principles at level 3
food-l3-029,Food,3,What is a key concept in Food at level 3? (variation 28),Option A,Option B,Option C,Option D,Option E,2,Consider Food principles at level 3
food-l3-030,Food,3,What is a key concept in Food at level 3? (variation 29),Option A,Option B,Option C,Option D,Option E,2,Consider Food principles at level 3
food-l3-031,Food,3,What is a key concept in Food at level 3? (variation 30),Option A,Option B,Option C,Option D,Option E,2,Consider Food principles at level 3
food-l3-032,Food,3,What is a key concept in Food at level 3? (variation 31),Option C,Option A,Option B,Option E,Option D,0,Consider Food principles at level 3
food-l3-033,Food,3,What is a key concept in Food at level 3? (variation 32),Option D,Option A,Option B,Option C,Option E,3,Consider Food principles at level 3
food-l3-034,Food,3,What is a key concept in Food at level 3? (variation 33),Option E,Option A,Option C,Option D,Option B,2,Consider Food principles at level 3
food-l3-035,Food,3,What is a key concept in Food at level 3? (variation 34),Option A,Option B,Option C,Option D,Option E,2,Consider Food principles at level 3
food-l3-036,Food,3,What is a key concept in Food at level 3? (variation 35),Option C,Option A,Option D,Option E,Option B,0,Consider Food principles at level 3
food-l3-037,Food,3,What is a key concept in Food at level 3? (variation 36),Option A,Option D,Option C,Option B,Option E,2,Consider Food principles at level 3
food-l3-038,Food,3,What is a key concept in Food at level 3? (variation 37),Option A,Option B,Option C,Option D,Option E,2,Consider Food principles at level 3
food-l3-039,Food,3,What is a key concept in Food at level 3? (variation 38),Option A,Option B,Option C,Option D,Option E,2,Consider Food principles at level 3
food-l3-040,Food,3,What is a key concept in Food at level 3? (variation 39),Option A,Option B,Option C,Option D,Option E,2,Consider Food principles at level 3
food-l3-041,Food,3,What is a key concept in Food at level 3? (variation 40),Option A,Option B,Option C,Option D,Option E,2,Consider Food principles at level 3
food-l3-042,Food,3,What is a key concept in Food at level 3? (variation 41),Option A,Option E,Option D,Option C,Option B,3,Consider Food principles at level 3
food-l3-043,Food,3,What is a key concept in Food at level 3? (variation 42),Option A,Option B,Option C,Option D,Option E,2,Consider Food principles at level 3
food-l3-044,Food,3,What is a key concept in Food at level 3? (variation 43),Option A,Option B,Option C,Option D,Option E,2,Consider Food principles at level 3
food-l3-045,Food,3,What is a key concept in Food at level 3? (variation 44),Option A,Option B,Option C,Option D,Option E,2,Consider Food principles at level 3
food-l3-046,Food,3,What is a key concept in Food at level 3? (variation 45),Option A,Option B,Option C,Option D,Option E,2,Consider Food principles at level 3
food-l3-047,Food,3,What is a key concept in Food at level 3? (variation 46),Option A,Option B,Option C,Option D,Option E,2,Consider Food principles at level 3
food-l3-048,Food,3,What is a key concept in Food at level 3? (variation 47),Option A,Option B,Option C,Option D,Option E,2,Consider Food principles at level 3
food-l3-049,Food,3,What is a key concept in Food at level 3? (variation 48),Option A,Option B,Option C,Option D,Option E,2,Consider Food principles at level 3
food-l3-050,Food,3,What is a key concept in Food at level 3? (variation 49),Option A,Option B,Option C,Option D,Option E,2,Consider Food principles at level 3
food-l3-051,Food,3,What is a key concept in Food at level 3? (variation 50),Option C,Option D,Option E,Option B,Option A,0,Consider Food principles at level 3
food-l3-052,Food,3,What is a key concept in Food at level 3? (variation 51),Option A,Option B,Option C,Option D,Option E,2,Consider Food principles at level 3
food-l3-053,Food,3,What is a key concept in Food at level 3? (variation 52),Option E,Option A,Option B,Option D,Option C,4,Consider Food principles at level 3
food-l3-054,Food,3,What is a key concept in Food at level 3? (variation 53),Option A,Option B,Option C,Option D,Option E,2,Consider Food principles at level 3
food-l3-055,Food,3,What is a key concept in Food at level 3? (variation 54),Option A,Option B,Option C,Option D,Option E,2,Consider Food principles at level 3
food-l3-056,Food,3,What is a key concept in Food at level 3? (variation 55),Option A,Option B,Option C,Option D,Option E,2,Consider Food principles at level 3
food-l3-057,Food,3,What is a key concept in Food at level 3? (variation 56),Option A,Option B,Option C,Option D,Option E,2,Consider Food principles at level 3
food-l3-058,Food,3,What is a key concept in Food at level 3? (variation 57),Option A,Option B,Option C,Option D,Option E,2,Consider Food principles at level 3
food-l3-059,Food,3,What is a key concept in Food at level 3? (variation 58),Option A,Option B,Option C,Option D,Option E,2,Consider Food principles at level 3
food-l3-060,Food,3,What is a key concept in Food at level 3? (variation 59),Option A,Option B,Option C,Option E,Option D,2,Consider Food principles at level 3
food-l3-061,Food,3,What is a key concept in Food at level 3? (variation 60),Option A,Option B,Option C,Option D,Option E,2,Consider Food principles at level 3
food-l3-062,Food,3,What is a key concept in Food at level 3? (variation 61),Option A,Option B,Option C,Option D,Option E,2,Consider Food principles at level 3
food-l3-063,Food,3,What is a key concept in Food at level 3? (variation 62),Option A,Option B,Option C,Option D,Option E,2,Consider Food principles at level 3
food-l3-064,Food,3,What is a key concept in Food at level 3? (variation 63),Option A,Option B,Option C,Option D,Option E,2,Consider Food principles at level 3
food-l3-065,Food,3,What is a key concept in Food at level 3? (variation 64),Option E,Option C,Option A,Option D,Option B,1,Consider Food principles at level 3
food-l3-066,Food,3,What is a key concept in Food at level 3? (variation 65),Option A,Option B,Option C,Option D,Option E,2,Consider Food principles at level 3
food-l3-067,Food,3,What is a key concept in Food at level 3? (variation 66),Option A,Option B,Option C,Option D,Option E,2,Consider Food principles at level 3
food-l3-068,Food,3,What is a key concept in Food at level 3? (variation 67),Option B,Option D,Option E,Option A,Option C,4,Consider Food principles at level 3
food-l3-069,Food,3,What is a key concept in Food at level 3? (variation 68),Option A,Option E,Option D,Option B,Option C,4,Consider Food principles at level 3
food-l3-070,Food,3,What is a key concept in Food at level 3? (variation 69),Option A,Option B,Option C,Option D,Option E,2,Consider Food principles at level 3
food-l3-071,Food,3,What is a key concept in Food at level 3? (variation 70),Option A,Option B,Option C,Option D,Option E,2,Consider Food principles at level 3
food-l3-072,Food,3,What is a key concept in Food at level 3? (variation 71),Option A,Option B,Option C,Option D,Option E,2,Consider Food principles at level 3
food-l3-073,Food,3,What is a key concept in Food at level 3? (variation 72),Option A,Option B,Option C,Option D,Option E,2,Consider Food principles at level 3
food-l3-074,Food,3,What is a key concept in Food at level 3? (variation 73),Option A,Option B,Option C,Option D,Option E,2,Consider Food principles at level 3
food-l3-075,Food,3,What is a key concept in Food at level 3? (variation 74),Option A,Option B,Option C,Option D,Option E,2,Consider Food principles at level 3
food-l3-076,Food,3,What is a key concept in Food at level 3? (variation 75),Option A,Option B,Option C,Option D,Option E,2,Consider Food principles at level 3
food-l3-077,Food,3,What is a key concept in Food at level 3? (variation 76),Option A,Option B,Option C,Option D,Option E,2,Consider Food principles at level 3
food-l3-078,Food,3,What is a key concept in Food at level 3? (variation 77),Option C,Option A,Option B,Option D,Option E,0,Consider Food principles at level 3
food-l3-079,Food,3,What is a key concept in Food at level 3? (variation 78),Option A,Option B,Option C,Option D,Option E,2,Consider Food principles at level 3
food-l3-080,Food,3,What is a key concept in Food at level 3? (variation 79),Option A,Option B,Option C,Option D,Option E,2,Consider Food principles at level 3
food-l3-081,Food,3,What is a key concept in Food at level 3? (variation 80),Option A,Option B,Option C,Option D,Option E,2,Consider Food principles at level 3
food-l3-082,Food,3,What is a key concept in Food at level 3? (variation 81),Option E,Option D,Option A,Option C,Option B,3,Consider Food principles at level 3
food-l3-083,Food,3,What is a key concept in Food at level 3? (variation 82),Option A,Option B,Option C,Option D,Option E,2,Consider Food principles at level 3
food-l3-084,Food,3,What is a key concept in Food at level 3? (variation 83),Option A,Option B,Option C,Option D,Option E,2,Consider Food principles at level 3
food-l3-085,Food,3,What is a key concept in Food at level 3? (variation 84),Option A,Option B,Option C,Option D,Option E,2,Consider Food principles at level 3
food-l3-086,Food,3,What is a key concept in Food at level 3? (variation 85),Option A,Option B,Option C,Option D,Option E,2,Consider Food principles at level 3
food-l3-087,Food,3,What is a key concept in Food at level 3? (variation 86),Option A,Option B,Option C,Option D,Option E,2,Consider Food principles at level 3
food-l3-088,Food,3,What is a key concept in Food at level 3? (variation 87),Option A,Option B,Option C,Option D,Option E,2,Consider Food principles at level 3
food-l3-089,Food,3,What is a key concept in Food at level 3? (variation 88),Option A,Option B,Option C,Option D,Option E,2,Consider Food principles at level 3
food-l3-090,Food,3,What is a key concept in Food at level 3? (variation 89),Option A,Option B,Option C,Option D,Option E,2,Consider Food principles at level 3
food-l3-091,Food,3,What is a key concept in Food at level 3? (variation 90),Option A,Option B,Option C,Option D,Option E,2,Consider Food principles at level 3
food-l3-092,Food,3,What is a key concept in Food at level 3? (variation 91),Option C,Option D,Option E,Option A,Option B,0,Consider Food principles at level 3
food-l3-093,Food,3,What is a key concept in Food at level 3? (variation 92),Option A,Option B,Option C,Option D,Option E,2,Consider Food principles at level 3
food-l3-094,Food,3,What is a key concept in Food at level 3? (variation 93),Option A,Option B,Option C,Option D,Option E,2,Consider Food principles at level 3
food-l3-095,Food,3,What is a key concept in Food at level 3? (variation 94),Option A,Option B,Option E,Option D,Option C,4,Consider Food principles at level 3
food-l3-096,Food,3,What is a key concept in Food at level 3? (variation 95),Option C,Option B,Option A,Option D,Option E,0,Consider Food principles at level 3
food-l3-097,Food,3,What is a key concept in Food at level 3? (variation 96),Option A,Option B,Option C,Option D,Option E,2,Consider Food principles at level 3
food-l3-098,Food,3,What is a key concept in Food at level 3? (variation 97),Option A,Option B,Option C,Option D,Option E,2,Consider Food principles at level 3
food-l3-099,Food,3,What is a key concept in Food at level 3? (variation 98),Option A,Option B,Option C,Option D,Option E,2,Consider Food principles at level 3
food-l3-100,Food,3,What is a key concept in Food at level 3? (variation 99),Option A,Option B,Option C,Option D,Option E,2,Consider Food principles at level 3
food-l4-001,Food,4,What is a key concept in Food at level 4?,Option C,Option B,Option A,Option D,Option E,0,Consider Food principles at level 4
food-l4-002,Food,4,What is a key concept in Food at level 4? (variation 1),Option A,Option B,Option C,Option D,Option E,2,Consider Food principles at level 4
food-l4-003,Food,4,What is a key concept in Food at level 4? (variation 2),Option A,Option B,Option C,Option D,Option E,2,Consider Food principles at level 4
food-l4-004,Food,4,What is a key concept in Food at level 4? (variation 3),Option A,Option B,Option C,Option D,Option E,2,Consider Food principles at level 4
food-l4-005,Food,4,What is a key concept in Food at level 4? (variation 4),Option B,Option D,Option E,Option C,Option A,3,Consider Food principles at level 4
food-l4-006,Food,4,What is a key concept in Food at level 4? (variation 5),Option A,Option B,Option C,Option D,Option E,2,Consider Food principles at level 4
food-l4-007,Food,4,What is a key concept in Food at level 4? (variation 6),Option A,Option B,Option C,Option D,Option E,2,Consider Food principles at level 4
food-l4-008,Food,4,What is a key concept in Food at level 4? (variation 7),Option A,Option B,Option C,Option D,Option E,2,Consider Food principles at level 4
food-l4-009,Food,4,What is a key concept in Food at level 4? (variation 8),Option B,Option C,Option D,Option E,Option A,1,Consider Food principles at level 4
food-l4-010,Food,4,What is a key concept in Food at level 4? (variation 9),Option A,Option B,Option C,Option D,Option E,2,Consider Food principles at level 4
food-l4-011,Food,4,What is a key concept in Food at level 4? (variation 10),Option E,Option C,Option B,Option A,Option D,1,Consider Food principles at level 4
food-l4-012,Food,4,What is a key concept in Food at level 4? (variation 11),Option A,Option B,Option C,Option D,Option E,2,Consider Food principles at level 4
food-l4-013,Food,4,What is a key concept in Food at level 4? (variation 12),Option A,Option B,Option C,Option D,Option E,2,Consider Food principles at level 4
food-l4-014,Food,4,What is a key concept in Food at level 4? (variation 13),Option A,Option B,Option C,Option D,Option E,2,Consider Food principles at level 4
food-l4-015,Food,4,What is a key concept in Food at level 4? (variation 14),Option A,Option B,Option C,Option D,Option E,2,Consider Food principles at level 4
food-l4-016,Food,4,What is a key concept in Food at level 4? (variation 15),Option A,Option B,Option C,Option D,Option E,2,Consider Food principles at level 4
food-l4-017,Food,4,What is a key concept in Food at level 4? (variation 16),Option A,Option B,Option C,Option D,Option E,2,Consider Food principles at level 4
food-l4-018,Food,4,What is a key concept in Food at level 4? (variation 17),Option A,Option B,Option C,Option D,Option E,2,Consider Food principles at level 4
food-l4-019,Food,4,What is a key concept in Food at level 4? (variation 18),Option A,Option E,Option D,Option C,Option B,3,Consider Food principles at level 4
food-l4-020,Food,4,What is a key concept in Food at level 4? (variation 19),Option A,Option B,Option C,Option D,Option E,2,Consider Food principles at level 4
food-l4-021,Food,4,What is a key concept in Food at level 4? (variation 20),Option A,Option B,Option C,Option D,Option E,2,Consider Food principles at level 4
food-l4-022,Food,4,What is a key concept in Food at level 4? (variation 21),Option A,Option B,Option C,Option D,Option E,2,Consider Food principles at level 4
food-l4-023,Food,4,What is a key concept in Food at level 4? (variation 22),Option A,Option B,Option C,Option D,Option E,2,Consider Food principles at level 4
food-l4-024,Food,4,What is a key concept in Food at level 4? (variation 23),Option A,Option B,Option C,Option D,Option E,2,Consider Food principles at level 4
food-l4-025,Food,4,What is a key concept in Food at level 4? (variation 24),Option A,Option B,Option C,Option D,Option E,2,Consider Food principles at level 4
food-l4-026,Food,4,What is a key concept in Food at level 4? (variation 25),Option C,Option D,Option E,Option B,Option A,0,Consider Food principles at level 4
food-l4-027,Food,4,What is a key concept in Food at level 4? (variation 26),Option E,Option A,Option B,Option C,Option D,3,Consider Food principles at level 4
food-l4-028,Food,4,What is a key concept in Food at level 4? (variation 27),Option B,Option E,Option C,Option D,Option A,2,Consider Food principles at level 4
food-l4-029,Food,4,What is a key concept in Food at level 4? (variation 28),Option A,Option B,Option C,Option D,Option E,2,Consider Food principles at level 4
food-l4-030,Food,4,What is a key concept in Food at level 4? (variation 29),Option A,Option B,Option C,Option D,Option E,2,Consider Food principles at level 4
food-l4-031,Food,4,What is a key concept in Food at level 4? (variation 30),Option A,Option B,Option C,Option D,Option E,2,Consider Food principles at level 4
food-l4-032,Food,4,What is a key concept in Food at level 4? (variation 31),Option E,Option B,Option C,Option D,Option A,2,Consider Food principles at level 4
food-l4-033,Food,4,What is a key concept in Food at level 4? (variation 32),Option A,Option B,Option C,Option D,Option E,2,Consider Food principles at level 4
food-l4-034,Food,4,What is a key concept in Food at level 4? (variation 33),Option D,Option C,Option A,Option B,Option E,1,Consider Food principles at level 4
food-l4-035,Food,4,What is a key concept in Food at level 4? (variation 34),Option A,Option B,Option C,Option D,Option E,2,Consider Food principles at level 4
food-l4-036,Food,4,What is a key concept in Food at level 4? (variation 35),Option B,Option A,Option E,Option C,Option D,3,Consider Food principles at level 4
food-l4-037,Food,4,What is a key concept in Food at level 4? (variation 36),Option A,Option B,Option C,Option D,Option E,2,Consider Food principles at level 4
food-l4-038,Food,4,What is a key concept in Food at level 4? (variation 37),Option B,Option C,Option D,Option A,Option E,1,Consider Food principles at level 4
food-l4-039,Food,4,What is a key concept in Food at level 4? (variation 38),Option A,Option E,Option C,Option B,Option D,2,Consider Food principles at level 4
food-l4-040,Food,4,What is a key concept in Food at level 4? (variation 39),Option A,Option B,Option C,Option D,Option E,2,Consider Food principles at level 4
food-l4-041,Food,4,What is a key concept in Food at level 4? (variation 40),Option A,Option B,Option C,Option D,Option E,2,Consider Food principles at level 4
food-l4-042,Food,4,What is a key concept in Food at level 4? (variation 41),Option C,Option B,Option D,Option A,Option E,0,Consider Food principles at level 4
food-l4-043,Food,4,What is a key concept in Food at level 4? (variation 42),Option A,Option C,Option B,Option D,Option E,1,Consider Food principles at level 4
food-l4-044,Food,4,What is a key concept in Food at level 4? (variation 43),Option A,Option B,Option C,Option D,Option E,2,Consider Food principles at level 4
food-l4-045,Food,4,What is a key concept in Food at level 4? (variation 44),Option A,Option B,Option C,Option D,Option E,2,Consider Food principles at level 4
food-l4-046,Food,4,What is a key concept in Food at level 4? (variation 45),Option A,Option B,Option C,Option D,Option E,2,Consider Food principles at level 4
food-l4-047,Food,4,What is a key concept in Food at level 4? (variation 46),Option A,Option B,Option C,Option D,Option E,2,Consider Food principles at level 4
food-l4-048,Food,4,What is a key concept in Food at level 4? (variation 47),Option A,Option B,Option C,Option D,Option E,2,Consider Food principles at level 4
food-l4-049,Food,4,What is a key concept in Food at level 4? (variation 48),Option D,Option C,Option E,Option A,Option B,1,Consider Food principles at level 4
food-l4-050,Food,4,What is a key concept in Food at level 4? (variation 49),Option A,Option B,Option C,Option D,Option E,2,Consider Food principles at level 4
food-l4-051,Food,4,What is a key concept in Food at level 4? (variation 50),Option A,Option B,Option C,Option D,Option E,2,Consider Food principles at level 4
food-l4-052,Food,4,What is a key concept in Food at level 4? (variation 51),Option A,Option B,Option C,Option D,Option E,2,Consider Food principles at level 4
food-l4-053,Food,4,What is a key concept in Food at level 4? (variation 52),Option A,Option B,Option C,Option D,Option E,2,Consider Food principles at level 4
food-l4-054,Food,4,What is a key concept in Food at level 4? (variation 53),Option A,Option B,Option C,Option D,Option E,2,Consider Food principles at level 4
food-l4-055,Food,4,What is a key concept in Food at level 4? (variation 54),Option A,Option B,Option C,Option D,Option E,2,Consider Food principles at level 4
food-l4-056,Food,4,What is a key concept in Food at level 4? (variation 55),Option C,Option E,Option B,Option A,Option D,0,Consider Food principles at level 4
food-l4-057,Food,4,What is a key concept in Food at level 4? (variation 56),Option A,Option B,Option C,Option D,Option E,2,Consider Food principles at level 4
food-l4-058,Food,4,What is a key concept in Food at level 4? (variation 57),Option A,Option B,Option C,Option D,Option E,2,Consider Food principles at level 4
food-l4-059,Food,4,What is a key concept in Food at level 4? (variation 58),Option E,Option D,Option A,Option C,Option B,3,Consider Food principles at level 4
food-l4-060,Food,4,What is a key concept in Food at level 4? (variation 59),Option A,Option B,Option C,Option D,Option E,2,Consider Food principles at level 4
food-l4-061,Food,4,What is a key concept in Food at level 4? (variation 60),Option A,Option B,Option C,Option D,Option E,2,Consider Food principles at level 4
food-l4-062,Food,4,What is a key concept in Food at level 4? (variation 61),Option D,Option B,Option A,Option E,Option C,4,Consider Food principles at level 4
food-l4-063,Food,4,What is a key concept in Food at level 4? (variation 62),Option A,Option B,Option C,Option D,Option E,2,Consider Food principles at level 4
food-l4-064,Food,4,What is a key concept in Food at level 4? (variation 63),Option A,Option B,Option C,Option D,Option E,2,Consider Food principles at level 4
food-l4-065,Food,4,What is a key concept in Food at level 4? (variation 64),Option E,Option A,Option C,Option B,Option D,2,Consider Food principles at level 4
food-l4-066,Food,4,What is a key concept in Food at level 4? (variation 65),Option D,Option C,Option E,Option B,Option A,1,Consider Food principles at level 4
food-l4-067,Food,4,What is a key concept in Food at level 4? (variation 66),Option B,Option C,Option D,Option A,Option E,1,Consider Food principles at level 4
food-l4-068,Food,4,What is a key concept in Food at level 4? (variation 67),Option A,Option B,Option C,Option D,Option E,2,Consider Food principles at level 4
food-l4-069,Food,4,What is a key concept in Food at level 4? (variation 68),Option B,Option C,Option D,Option E,Option A,1,Consider Food principles at level 4
food-l4-070,Food,4,What is a key concept in Food at level 4? (variation 69),Option A,Option B,Option C,Option D,Option E,2,Consider Food principles at level 4
food-l4-071,Food,4,What is a key concept in Food at level 4? (variation 70),Option A,Option B,Option C,Option D,Option E,2,Consider Food principles at level 4
food-l4-072,Food,4,What is a key concept in Food at level 4? (variation 71),Option A,Option B,Option C,Option D,Option E,2,Consider Food principles at level 4
food-l4-073,Food,4,What is a key concept in Food at level 4? (variation 72),Option A,Option B,Option C,Option D,Option E,2,Consider Food principles at level 4
food-l4-074,Food,4,What is a key concept in Food at level 4? (variation 73),Option A,Option B,Option C,Option D,Option E,2,Consider Food principles at level 4
food-l4-075,Food,4,What is a key concept in Food at level 4? (variation 74),Option C,Option A,Option B,Option D,Option E,0,Consider Food principles at level 4
food-l4-076,Food,4,What is a key concept in Food at level 4? (variation 75),Option A,Option B,Option C,Option D,Option E,2,Consider Food principles at level 4
food-l4-077,Food,4,What is a key concept in Food at level 4? (variation 76),Option A,Option C,Option E,Option D,Option B,1,Consider Food principles at level 4
food-l4-078,Food,4,What is a key concept in Food at level 4? (variation 77),Option A,Option B,Option C,Option D,Option E,2,Consider Food principles at level 4
food-l4-079,Food,4,What is a key concept in Food at level 4? (variation 78),Option A,Option B,Option C,Option D,Option E,2,Consider Food principles at level 4
food-l4-080,Food,4,What is a key concept in Food at level 4? (variation 79),Option A,Option B,Option C,Option D,Option E,2,Consider Food principles at level 4
food-l4-081,Food,4,What is a key concept in Food at level 4? (variation 80),Option A,Option B,Option C,Option D,Option E,2,Consider Food principles at level 4
food-l4-082,Food,4,What is a key concept in Food at level 4? (variation 81),Option A,Option B,Option C,Option D,Option E,2,Consider Food principles at level 4
food-l4-083,Food,4,What is a key concept in Food at level 4? (variation 82),Option A,Option B,Option C,Option D,Option E,2,Consider Food principles at level 4
food-l4-084,Food,4,What is a key concept in Food at level 4? (variation 83),Option A,Option B,Option C,Option D,Option E,2,Consider Food principles at level 4
food-l4-085,Food,4,What is a key concept in Food at level 4? (variation 84),Option A,Option B,Option C,Option D,Option E,2,Consider Food principles at level 4
food-l4-086,Food,4,What is a key concept in Food at level 4? (variation 85),Option A,Option B,Option C,Option D,Option E,2,Consider Food principles at level 4
food-l4-087,Food,4,What is a key concept in Food at level 4? (variation 86),Option A,Option B,Option C,Option D,Option E,2,Consider Food principles at level 4
food-l4-088,Food,4,What is a key concept in Food at level 4? (variation 87),Option E,Option A,Option B,Option D,Option C,4,Consider Food principles at level 4
food-l4-089,Food,4,What is a key concept in Food at level 4? (variation 88),Option E,Option C,Option A,Option D,Option B,1,Consider Food principles at level 4
food-l4-090,Food,4,What is a key concept in Food at level 4? (variation 89),Option A,Option D,Option E,Option C,Option B,3,Consider Food principles at level 4
food-l4-091,Food,4,What is a key concept in Food at level 4? (variation 90),Option A,Option B,Option C,Option D,Option E,2,Consider Food principles at level 4
food-l4-092,Food,4,What is a key concept in Food at level 4? (variation 91),Option A,Option B,Option C,Option D,Option E,2,Consider Food principles at level 4
food-l4-093,Food,4,What is a key concept in Food at level 4? (variation 92),Option A,Option B,Option C,Option D,Option E,2,Consider Food principles at level 4
food-l4-094,Food,4,What is a key concept in Food at level 4? (variation 93),Option A,Option B,Option C,Option D,Option E,2,Consider Food principles at level 4
food-l4-095,Food,4,What is a key concept in Food at level 4? (variation 94),Option C,Option B,Option E,Option A,Option D,0,Consider Food principles at level 4
food-l4-096,Food,4,What is a key concept in Food at level 4? (variation 95),Option A,Option B,Option C,Option D,Option E,2,Consider Food principles at level 4
food-l4-097,Food,4,What is a key concept in Food at level 4? (variation 96),Option A,Option B,Option C,Option D,Option E,2,Consider Food principles at level 4
food-l4-098,Food,4,What is a key concept in Food at level 4? (variation 97),Option A,Option B,Option C,Option D,Option E,2,Consider Food principles at level 4
food-l4-099,Food,4,What is a key concept in Food at level 4? (variation 98),Option A,Option B,Option C,Option D,Option E,2,Consider Food principles at level 4
food-l4-100,Food,4,What is a key concept in Food at level 4? (variation 99),Option A,Option C,Option B,Option E,Option D,1,Consider Food principles at level 4
food-l5-001,Food,5,What is a key concept in Food at level 5?,Option A,Option B,Option C,Option D,Option E,2,Consider Food principles at level 5
food-l5-002,Food,5,What is a key concept in Food at level 5? (variation 1),Option E,Option D,Option A,Option C,Option B,3,Consider Food principles at level 5
food-l5-003,Food,5,What is a key concept in Food at level 5? (variation 2),Option A,Option B,Option C,Option D,Option E,2,Consider Food principles at level 5
food-l5-004,Food,5,What is a key concept in Food at level 5? (variation 3),Option C,Option E,Option D,Option B,Option A,0,Consider Food principles at level 5
food-l5-005,Food,5,What is a key concept in Food at level 5? (variation 4),Option A,Option B,Option C,Option D,Option E,2,Consider Food principles at level 5
food-l5-006,Food,5,What is a key concept in Food at level 5? (variation 5),Option A,Option B,Option C,Option D,Option E,2,Consider Food principles at level 5
food-l5-007,Food,5,What is a key concept in Food at level 5? (variation 6),Option A,Option B,Option C,Option D,Option E,2,Consider Food principles at level 5
food-l5-008,Food,5,What is a key concept in Food at level 5? (variation 7),Option E,Option B,Option C,Option A,Option D,2,Consider Food principles at level 5
food-l5-009,Food,5,What is a key concept in Food at level 5? (variation 8),Option D,Option A,Option B,Option C,Option E,3,Consider Food principles at level 5
food-l5-010,Food,5,What is a key concept in Food at level 5? (variation 9),Option A,Option B,Option C,Option D,Option E,2,Consider Food principles at level 5
food-l5-011,Food,5,What is a key concept in Food at level 5? (variation 10),Option B,Option E,Option D,Option C,Option A,3,Consider Food principles at level 5
food-l5-012,Food,5,What is a key concept in Food at level 5? (variation 11),Option A,Option B,Option C,Option D,Option E,2,Consider Food principles at level 5
food-l5-013,Food,5,What is a key concept in Food at level 5? (variation 12),Option E,Option C,Option A,Option D,Option B,1,Consider Food principles at level 5
food-l5-014,Food,5,What is a key concept in Food at level 5? (variation 13),Option A,Option B,Option C,Option D,Option E,2,Consider Food principles at level 5
food-l5-015,Food,5,What is a key concept in Food at level 5? (variation 14),Option A,Option B,Option C,Option D,Option E,2,Consider Food principles at level 5
food-l5-016,Food,5,What is a key concept in Food at level 5? (variation 15),Option C,Option E,Option D,Option B,Option A,0,Consider Food principles at level 5
food-l5-017,Food,5,What is a key concept in Food at level 5? (variation 16),Option A,Option B,Option C,Option D,Option E,2,Consider Food principles at level 5
food-l5-018,Food,5,What is a key concept in Food at level 5? (variation 17),Option A,Option B,Option C,Option D,Option E,2,Consider Food principles at level 5
food-l5-019,Food,5,What is a key concept in Food at level 5? (variation 18),Option A,Option B,Option C,Option D,Option E,2,Consider Food principles at level 5
food-l5-020,Food,5,What is a key concept in Food at level 5? (variation 19),Option A,Option B,Option C,Option D,Option E,2,Consider Food principles at level 5
food-l5-021,Food,5,What is a key concept in Food at level 5? (variation 20),Option A,Option B,Option C,Option D,Option E,2,Consider Food principles at level 5
food-l5-022,Food,5,What is a key concept in Food at level 5? (variation 21),Option A,Option B,Option C,Option D,Option E,2,Consider Food principles at level 5
food-l5-023,Food,5,What is a key concept in Food at level 5? (variation 22),Option B,Option C,Option A,Option E,Option D,1,Consider Food principles at level 5
food-l5-024,Food,5,What is a key concept in Food at level 5? (variation 23),Option A,Option B,Option C,Option D,Option E,2,Consider Food principles at level 5
food-l5-025,Food,5,What is a key concept in Food at level 5? (variation 24),Option A,Option B,Option C,Option D,Option E,2,Consider Food principles at level 5
food-l5-026,Food,5,What is a key concept in Food at level 5? (variation 25),Option C,Option E,Option B,Option D,Option A,0,Consider Food principles at level 5
food-l5-027,Food,5,What is a key concept in Food at level 5? (variation 26),Option A,Option B,Option C,Option D,Option E,2,Consider Food principles at level 5
food-l5-028,Food,5,What is a key concept in Food at level 5? (variation 27),Option C,Option A,Option B,Option D,Option E,0,Consider Food principles at level 5
food-l5-029,Food,5,What is a key concept in Food at level 5? (variation 28),Option A,Option B,Option C,Option D,Option E,2,Consider Food principles at level 5
food-l5-030,Food,5,What is a key concept in Food at level 5? (variation 29),Option A,Option B,Option C,Option D,Option E,2,Consider Food principles at level 5
food-l5-031,Food,5,What is a key concept in Food at level 5? (variation 30),Option D,Option B,Option E,Option A,Option C,4,Consider Food principles at level 5
food-l5-032,Food,5,What is a key concept in Food at level 5? (variation 31),Option A,Option B,Option C,Option D,Option E,2,Consider Food principles at level 5
food-l5-033,Food,5,What is a key concept in Food at level 5? (variation 32),Option D,Option C,Option E,Option B,Option A,1,Consider Food principles at level 5
food-l5-034,Food,5,What is a key concept in Food at level 5? (variation 33),Option A,Option B,Option C,Option D,Option E,2,Consider Food principles at level 5
food-l5-035,Food,5,What is a key concept in Food at level 5? (variation 34),Option A,Option B,Option C,Option D,Option E,2,Consider Food principles at level 5
food-l5-036,Food,5,What is a key concept in Food at level 5? (variation 35),Option A,Option B,Option C,Option D,Option E,2,Consider Food principles at level 5
food-l5-037,Food,5,What is a key concept in Food at level 5? (variation 36),Option A,Option B,Option C,Option D,Option E,2,Consider Food principles at level 5
food-l5-038,Food,5,What is a key concept in Food at level 5? (variation 37),Option A,Option B,Option C,Option D,Option E,2,Consider Food principles at level 5
food-l5-039,Food,5,What is a key concept in Food at level 5? (variation 38),Option C,Option E,Option B,Option A,Option D,0,Consider Food principles at level 5
food-l5-040,Food,5,What is a key concept in Food at level 5? (variation 39),Option A,Option B,Option C,Option D,Option E,2,Consider Food principles at level 5
food-l5-041,Food,5,What is a key concept in Food at level 5? (variation 40),Option A,Option E,Option D,Option B,Option C,4,Consider Food principles at level 5
food-l5-042,Food,5,What is a key concept in Food at level 5? (variation 41),Option A,Option B,Option E,Option D,Option C,4,Consider Food principles at level 5
food-l5-043,Food,5,What is a key concept in Food at level 5? (variation 42),Option A,Option B,Option C,Option D,Option E,2,Consider Food principles at level 5
food-l5-044,Food,5,What is a key concept in Food at level 5? (variation 43),Option A,Option B,Option C,Option D,Option E,2,Consider Food principles at level 5
food-l5-045,Food,5,What is a key concept in Food at level 5? (variation 44),Option A,Option B,Option C,Option D,Option E,2,Consider Food principles at level 5
food-l5-046,Food,5,What is a key concept in Food at level 5? (variation 45),Option A,Option B,Option C,Option D,Option E,2,Consider Food principles at level 5
food-l5-047,Food,5,What is a key concept in Food at level 5? (variation 46),Option C,Option A,Option D,Option E,Option B,0,Consider Food principles at level 5
food-l5-048,Food,5,What is a key concept in Food at level 5? (variation 47),Option A,Option D,Option E,Option C,Option B,3,Consider Food principles at level 5
food-l5-049,Food,5,What is a key concept in Food at level 5? (variation 48),Option A,Option B,Option C,Option D,Option E,2,Consider Food principles at level 5
food-l5-050,Food,5,What is a key concept in Food at level 5? (variation 49),Option A,Option B,Option C,Option D,Option E,2,Consider Food principles at level 5
food-l5-051,Food,5,What is a key concept in Food at level 5? (variation 50),Option A,Option B,Option C,Option D,Option E,2,Consider Food principles at level 5
food-l5-052,Food,5,What is a key concept in Food at level 5? (variation 51),Option A,Option C,Option E,Option B,Option D,1,Consider Food principles at level 5
food-l5-053,Food,5,What is a key concept in Food at level 5? (variation 52),Option A,Option B,Option C,Option D,Option E,2,Consider Food principles at level 5
food-l5-054,Food,5,What is a key concept in Food at level 5? (variation 53),Option B,Option A,Option C,Option E,Option D,2,Consider Food principles at level 5
food-l5-055,Food,5,What is a key concept in Food at level 5? (variation 54),Option A,Option B,Option C,Option D,Option E,2,Consider Food principles at level 5
food-l5-056,Food,5,What is a key concept in Food at level 5? (variation 55),Option A,Option B,Option C,Option D,Option E,2,Consider Food principles at level 5
food-l5-057,Food,5,What is a key concept in Food at level 5? (variation 56),Option A,Option B,Option C,Option D,Option E,2,Consider Food principles at level 5
food-l5-058,Food,5,What is a key concept in Food at level 5? (variation 57),Option A,Option B,Option E,Option D,Option C,4,Consider Food principles at level 5
food-l5-059,Food,5,What is a key concept in Food at level 5? (variation 58),Option A,Option B,Option C,Option D,Option E,2,Consider Food principles at level 5
food-l5-060,Food,5,What is a key concept in Food at level 5? (variation 59),Option A,Option B,Option C,Option D,Option E,2,Consider Food principles at level 5
food-l5-061,Food,5,What is a key concept in Food at level 5? (variation 60),Option A,Option B,Option C,Option D,Option E,2,Consider Food principles at level 5
food-l5-062,Food,5,What is a key concept in Food at level 5? (variation 61),Option A,Option C,Option B,Option D,Option E,1,Consider Food principles at level 5
food-l5-063,Food,5,What is a key concept in Food at level 5? (variation 62),Option C,Option B,Option D,Option E,Option A,0,Consider Food principles at level 5
food-l5-064,Food,5,What is a key concept in Food at level 5? (variation 63),Option A,Option B,Option C,Option D,Option E,2,Consider Food principles at level 5
food-l5-065,Food,5,What is a key concept in Food at level 5? (variation 64),Option A,Option B,Option C,Option D,Option E,2,Consider Food principles at level 5
food-l5-066,Food,5,What is a key concept in Food at level 5? (variation 65),Option B,Option A,Option E,Option C,Option D,3,Consider Food principles at level 5
food-l5-067,Food,5,What is a key concept in Food at level 5? (variation 66),Option A,Option B,Option C,Option D,Option E,2,Consider Food principles at level 5
food-l5-068,Food,5,What is a key concept in Food at level 5? (variation 67),Option A,Option B,Option C,Option D,Option E,2,Consider Food principles at level 5
food-l5-069,Food,5,What is a key concept in Food at level 5? (variation 68),Option A,Option B,Option C,Option D,Option E,2,Consider Food principles at level 5
food-l5-070,Food,5,What is a key concept in Food at level 5? (variation 69),Option B,Option A,Option E,Option C,Option D,3,Consider Food principles at level 5
food-l5-071,Food,5,What is a key concept in Food at level 5? (variation 70),Option A,Option B,Option C,Option D,Option E,2,Consider Food principles at level 5
food-l5-072,Food,5,What is a key concept in Food at level 5? (variation 71),Option A,Option B,Option C,Option D,Option E,2,Consider Food principles at level 5
food-l5-073,Food,5,What is a key concept in Food at level 5? (variation 72),Option A,Option B,Option C,Option D,Option E,2,Consider Food principles at level 5
food-l5-074,Food,5,What is a key concept in Food at level 5? (variation 73),Option A,Option B,Option C,Option D,Option E,2,Consider Food principles at level 5
food-l5-075,Food,5,What is a key concept in Food at level 5? (variation 74),Option E,Option A,Option B,Option D,Option C,4,Consider Food principles at level 5
food-l5-076,Food,5,What is a key concept in Food at level 5? (variation 75),Option A,Option B,Option C,Option D,Option E,2,Consider Food principles at level 5
food-l5-077,Food,5,What is a key concept in Food at level 5? (variation 76),Option A,Option B,Option C,Option D,Option E,2,Consider Food principles at level 5
food-l5-078,Food,5,What is a key concept in Food at level 5? (variation 77),Option A,Option B,Option C,Option D,Option E,2,Consider Food principles at level 5
food-l5-079,Food,5,What is a key concept in Food at level 5? (variation 78),Option A,Option B,Option C,Option D,Option E,2,Consider Food principles at level 5
food-l5-080,Food,5,What is a key concept in Food at level 5? (variation 79),Option A,Option B,Option C,Option D,Option E,2,Consider Food principles at level 5
food-l5-081,Food,5,What is a key concept in Food at level 5? (variation 80),Option A,Option B,Option C,Option D,Option E,2,Consider Food principles at level 5
food-l5-082,Food,5,What is a key concept in Food at level 5? (variation 81),Option A,Option B,Option C,Option D,Option E,2,Consider Food principles at level 5
food-l5-083,Food,5,What is a key concept in Food at level 5? (variation 82),Option C,Option A,Option D,Option B,Option E,0,Consider Food principles at level 5
food-l5-084,Food,5,What is a key concept in Food at level 5? (variation 83),Option A,Option B,Option C,Option D,Option E,2,Consider Food principles at level 5
food-l5-085,Food,5,What is a key concept in Food at level 5? (variation 84),Option A,Option B,Option C,Option D,Option E,2,Consider Food principles at level 5
food-l5-086,Food,5,What is a key concept in Food at level 5? (variation 85),Option A,Option B,Option C,Option D,Option E,2,Consider Food principles at level 5
food-l5-087,Food,5,What is a key concept in Food at level 5? (variation 86),Option A,Option B,Option C,Option D,Option E,2,Consider Food principles at level 5
food-l5-088,Food,5,What is a key concept in Food at level 5? (variation 87),Option B,Option C,Option A,Option E,Option D,1,Consider Food principles at level 5
food-l5-089,Food,5,What is a key concept in Food at level 5? (variation 88),Option D,Option B,Option C,Option E,Option A,2,Consider Food principles at level 5
food-l5-090,Food,5,What is a key concept in Food at level 5? (variation 89),Option A,Option B,Option C,Option D,Option E,2,Consider Food principles at level 5
food-l5-091,Food,5,What is a key concept in Food at level 5? (variation 90),Option A,Option B,Option C,Option D,Option E,2,Consider Food principles at level 5
food-l5-092,Food,5,What is a key concept in Food at level 5? (variation 91),Option A,Option B,Option C,Option D,Option E,2,Consider Food principles at level 5
food-l5-093,Food,5,What is a key concept in Food at level 5? (variation 92),Option A,Option B,Option C,Option D,Option E,2,Consider Food principles at level 5
food-l5-094,Food,5,What is a key concept in Food at level 5? (variation 93),Option A,Option B,Option C,Option D,Option E,2,Consider Food principles at level 5
food-l5-095,Food,5,What is a key concept in Food at level 5? (variation 94),Option D,Option C,Option A,Option E,Option B,1,Consider Food principles at level 5
food-l5-096,Food,5,What is a key concept in Food at level 5? (variation 95),Option C,Option B,Option E,Option D,Option A,0,Consider Food principles at level 5
food-l5-097,Food,5,What is a key concept in Food at level 5? (variation 96),Option A,Option B,Option C,Option D,Option E,2,Consider Food principles at level 5
food-l5-098,Food,5,What is a key concept in Food at level 5? (variation 97),Option A,Option B,Option C,Option D,Option E,2,Consider Food principles at level 5
food-l5-099,Food,5,What is a key concept in Food at level 5? (variation 98),Option A,Option B,Option C,Option D,Option E,2,Consider Food principles at level 5
food-l5-100,Food,5,What is a key concept in Food at level 5? (variation 99),Option A,Option B,Option C,Option D,Option E,2,Consider Food principles at level 5
lang-l1-001,Language,1,What is a key concept in Language at level 1?,Option A,Option B,Option C,Option D,Option E,2,Consider Language principles at level 1
lang-l1-002,Language,1,What is a key concept in Language at level 1? (variation 1),Option A,Option B,Option C,Option D,Option E,2,Consider Language principles at level 1
lang-l1-003,Language,1,What is a key concept in Language at level 1? (variation 2),Option A,Option C,Option E,Option D,Option B,1,Consider Language principles at level 1
lang-l1-004,Language,1,What is a key concept in Language at level 1? (variation 3),Option A,Option B,Option C,Option D,Option E,2,Consider Language principles at level 1
lang-l1-005,Language,1,What is a key concept in Language at level 1? (variation 4),Option A,Option B,Option C,Option D,Option E,2,Consider Language principles at level 1
lang-l1-006,Language,1,What is a key concept in Language at level 1? (variation 5),Option A,Option B,Option C,Option D,Option E,2,Consider Language principles at level 1
lang-l1-007,Language,1,What is a key concept in Language at level 1? (variation 6),Option D,Option B,Option C,Option E,Option A,2,Consider Language principles at level 1
lang-l1-008,Language,1,What is a key concept in Language at level 1? (variation 7),Option A,Option B,Option C,Option D,Option E,2,Consider Language principles at level 1
lang-l1-009,Language,1,What is a key concept in Language at level 1? (variation 8),Option D,Option B,Option E,Option A,Option C,4,Consider Language principles at level 1
lang-l1-010,Language,1,What is a key concept in Language at level 1? (variation 9),Option A,Option B,Option C,Option D,Option E,2,Consider Language principles at level 1
lang-l1-011,Language,1,What is a key concept in Language at level 1? (variation 10),Option A,Option B,Option C,Option D,Option E,2,Consider Language principles at level 1
lang-l1-012,Language,1,What is a key concept in Language at level 1? (variation 11),Option A,Option B,Option C,Option D,Option E,2,Consider Language principles at level 1
lang-l1-013,Language,1,What is a key concept in Language at level 1? (variation 12),Option A,Option B,Option C,Option D,Option E,2,Consider Language principles at level 1
lang-l1-014,Language,1,What is a key concept in Language at level 1? (variation 13),Option A,Option B,Option C,Option D,Option E,2,Consider Language principles at level 1
lang-l1-015,Language,1,What is a key concept in Language at level 1? (variation 14),Option A,Option B,Option C,Option D,Option E,2,Consider Language principles at level 1
lang-l1-016,Language,1,What is a key concept in Language at level 1? (variation 15),Option A,Option B,Option C,Option D,Option E,2,Consider Language principles at level 1
lang-l1-017,Language,1,What is a key concept in Language at level 1? (variation 16),Option E,Option D,Option C,Option A,Option B,2,Consider Language principles at level 1
lang-l1-018,Language,1,What is a key concept in Language at level 1? (variation 17),Option A,Option B,Option C,Option D,Option E,2,Consider Language principles at level 1
lang-l1-019,Language,1,What is a key concept in Language at level 1? (variation 18),Option A,Option B,Option C,Option D,Option E,2,Consider Language principles at level 1
lang-l1-020,Language,1,What is a key concept in Language at level 1? (variation 19),Option B,Option D,Option A,Option E,Option C,4,Consider Language principles at level 1
lang-l1-021,Language,1,What is a key concept in Language at level 1? (variation 20),Option E,Option C,Option B,Option A,Option D,1,Consider Language principles at level 1
lang-l1-022,Language,1,What is a key concept in Language at level 1? (variation 21),Option A,Option B,Option C,Option D,Option E,2,Consider Language principles at level 1
lang-l1-023,Language,1,What is a key concept in Language at level 1? (variation 22),Option A,Option B,Option C,Option D,Option E,2,Consider Language principles at level 1
lang-l1-024,Language,1,What is a key concept in Language at level 1? (variation 23),Option A,Option B,Option C,Option D,Option E,2,Consider Language principles at level 1
lang-l1-025,Language,1,What is a key concept in Language at level 1? (variation 24),Option A,Option D,Option C,Option B,Option E,2,Consider Language principles at level 1
lang-l1-026,Language,1,What is a key concept in Language at level 1? (variation 25),Option B,Option A,Option E,Option C,Option D,3,Consider Language principles at level 1
lang-l1-027,Language,1,What is a key concept in Language at level 1? (variation 26),Option B,Option A,Option C,Option E,Option D,2,Consider Language principles at level 1
lang-l1-028,Language,1,What is a key concept in Language at level 1? (variation 27),Option D,Option E,Option C,Option A,Option B,2,Consider Language principles at level 1
lang-l1-029,Language,1,What is a key concept in Language at level 1? (variation 28),Option A,Option B,Option C,Option D,Option E,2,Consider Language principles at level 1
lang-l1-030,Language,1,What is a key concept in Language at level 1? (variation 29),Option A,Option B,Option C,Option D,Option E,2,Consider Language principles at level 1
lang-l1-031,Language,1,What is a key concept in Language at level 1? (variation 30),Option A,Option B,Option C,Option D,Option E,2,Consider Language principles at level 1
lang-l1-032,Language,1,What is a key concept in Language at level 1? (variation 31),Option A,Option B,Option C,Option D,Option E,2,Consider Language principles at level 1
lang-l1-033,Language,1,What is a key concept in Language at level 1? (variation 32),Option A,Option B,Option C,Option D,Option E,2,Consider Language principles at level 1
lang-l1-034,Language,1,What is a key concept in Language at level 1? (variation 33),Option A,Option B,Option C,Option D,Option E,2,Consider Language principles at level 1
lang-l1-035,Language,1,What is a key concept in Language at level 1? (variation 34),Option A,Option B,Option C,Option D,Option E,2,Consider Language principles at level 1
lang-l1-036,Language,1,What is a key concept in Language at level 1? (variation 35),Option A,Option B,Option C,Option D,Option E,2,Consider Language principles at level 1
lang-l1-037,Language,1,What is a key concept in Language at level 1? (variation 36),Option A,Option B,Option C,Option D,Option E,2,Consider Language principles at level 1
lang-l1-038,Language,1,What is a key concept in Language at level 1? (variation 37),Option A,Option B,Option C,Option D,Option E,2,Consider Language principles at level 1
lang-l1-039,Language,1,What is a key concept in Language at level 1? (variation 38),Option A,Option B,Option C,Option D,Option E,2,Consider Language principles at level 1
lang-l1-040,Language,1,What is a key concept in Language at level 1? (variation 39),Option A,Option B,Option C,Option D,Option E,2,Consider Language principles at level 1
lang-l1-041,Language,1,What is a key concept in Language at level 1? (variation 40),Option A,Option E,Option B,Option C,Option D,3,Consider Language principles at level 1
lang-l1-042,Language,1,What is a key concept in Language at level 1? (variation 41),Option A,Option B,Option C,Option D,Option E,2,Consider Language principles at level 1
lang-l1-043,Language,1,What is a key concept in Language at level 1? (variation 42),Option A,Option B,Option C,Option D,Option E,2,Consider Language principles at level 1
lang-l1-044,Language,1,What is a key concept in Language at level 1? (variation 43),Option E,Option B,Option A,Option D,Option C,4,Consider Language principles at level 1
lang-l1-045,Language,1,What is a key concept in Language at level 1? (variation 44),Option A,Option B,Option C,Option D,Option E,2,Consider Language principles at level 1
lang-l1-046,Language,1,What is a key concept in Language at level 1? (variation 45),Option A,Option E,Option B,Option C,Option D,3,Consider Language principles at level 1
lang-l1-047,Language,1,What is a key concept in Language at level 1? (variation 46),Option E,Option A,Option C,Option B,Option D,2,Consider Language principles at level 1
lang-l1-048,Language,1,What is a key concept in Language at level 1? (variation 47),Option A,Option B,Option C,Option D,Option E,2,Consider Language principles at level 1
lang-l1-049,Language,1,What is a key concept in Language at level 1? (variation 48),Option A,Option B,Option C,Option D,Option E,2,Consider Language principles at level 1
lang-l1-050,Language,1,What is a key concept in Language at level 1? (variation 49),Option A,Option B,Option C,Option D,Option E,2,Consider Language principles at level 1
lang-l1-051,Language,1,What is a key concept in Language at level 1? (variation 50),Option A,Option B,Option C,Option D,Option E,2,Consider Language principles at level 1
lang-l1-052,Language,1,What is a key concept in Language at level 1? (variation 51),Option C,Option A,Option D,Option E,Option B,0,Consider Language principles at level 1
lang-l1-053,Language,1,What is a key concept in Language at level 1? (variation 52),Option B,Option C,Option E,Option D,Option A,1,Consider Language principles at level 1
lang-l1-054,Language,1,What is a key concept in Language at level 1? (variation 53),Option D,Option A,Option C,Option B,Option E,2,Consider Language principles at level 1
lang-l1-055,Language,1,What is a key concept in Language at level 1? (variation 54),Option A,Option B,Option C,Option D,Option E,2,Consider Language principles at level 1
lang-l1-056,Language,1,What is a key concept in Language at level 1? (variation 55),Option A,Option B,Option C,Option D,Option E,2,Consider Language principles at level 1
lang-l1-057,Language,1,What is a key concept in Language at level 1? (variation 56),Option A,Option B,Option C,Option D,Option E,2,Consider Language principles at level 1
lang-l1-058,Language,1,What is a key concept in Language at level 1? (variation 57),Option A,Option B,Option C,Option D,Option E,2,Consider Language principles at level 1
lang-l1-059,Language,1,What is a key concept in Language at level 1? (variation 58),Option A,Option B,Option C,Option D,Option E,2,Consider Language principles at level 1
lang-l1-060,Language,1,What is a key concept in Language at level 1? (variation 59),Option C,Option A,Option B,Option E,Option D,0,Consider Language principles at level 1
lang-l1-061,Language,1,What is a key concept in Language at level 1? (variation 60),Option A,Option B,Option C,Option D,Option E,2,Consider Language principles at level 1
lang-l1-062,Language,1,What is a key concept in Language at level 1? (variation 61),Option D,Option E,Option C,Option A,Option B,2,Consider Language principles at level 1
lang-l1-063,Language,1,What is a key concept in Language at level 1? (variation 62),Option A,Option B,Option C,Option D,Option E,2,Consider Language principles at level 1
lang-l1-064,Language,1,What is a key concept in Language at level 1? (variation 63),Option A,Option B,Option C,Option D,Option E,2,Consider Language principles at level 1
lang-l1-065,Language,1,What is a key concept in Language at level 1? (variation 64),Option A,Option B,Option C,Option D,Option E,2,Consider Language principles at level 1
lang-l1-066,Language,1,What is a key concept in Language at level 1? (variation 65),Option A,Option B,Option C,Option D,Option E,2,Consider Language principles at level 1
lang-l1-067,Language,1,What is a key concept in Language at level 1? (variation 66),Option A,Option D,Option C,Option E,Option B,2,Consider Language principles at level 1
lang-l1-068,Language,1,What is a key concept in Language at level 1? (variation 67),Option E,Option B,Option D,Option A,Option C,4,Consider Language principles at level 1
lang-l1-069,Language,1,What is a key concept in Language at level 1? (variation 68),Option A,Option B,Option C,Option D,Option E,2,Consider Language principles at level 1
lang-l1-070,Language,1,What is a key concept in Language at level 1? (variation 69),Option A,Option B,Option C,Option D,Option E,2,Consider Language principles at level 1
lang-l1-071,Language,1,What is a key concept in Language at level 1? (variation 70),Option A,Option B,Option C,Option D,Option E,2,Consider Language principles at level 1
lang-l1-072,Language,1,What is a key concept in Language at level 1? (variation 71),Option A,Option B,Option C,Option D,Option E,2,Consider Language principles at level 1
lang-l1-073,Language,1,What is a key concept in Language at level 1? (variation 72),Option A,Option B,Option C,Option D,Option E,2,Consider Language principles at level 1
lang-l1-074,Language,1,What is a key concept in Language at level 1? (variation 73),Option A,Option B,Option C,Option D,Option E,2,Consider Language principles at level 1
lang-l1-075,Language,1,What is a key concept in Language at level 1? (variation 74),Option E,Option B,Option A,Option C,Option D,3,Consider Language principles at level 1
lang-l1-076,Language,1,What is a key concept in Language at level 1? (variation 75),Option C,Option E,Option B,Option A,Option D,0,Consider Language principles at level 1
lang-l1-077,Language,1,What is a key concept in Language at level 1? (variation 76),Option B,Option A,Option D,Option C,Option E,3,Consider Language principles at level 1
lang-l1-078,Language,1,What is a key concept in Language at level 1? (variation 77),Option A,Option B,Option C,Option D,Option E,2,Consider Language principles at level 1
lang-l1-079,Language,1,What is a key concept in Language at level 1? (variation 78),Option A,Option B,Option C,Option D,Option E,2,Consider Language principles at level 1
lang-l1-080,Language,1,What is a key concept in Language at level 1? (variation 79),Option A,Option B,Option C,Option D,Option E,2,Consider Language principles at level 1
lang-l1-081,Language,1,What is a key concept in Language at level 1? (variation 80),Option A,Option B,Option C,Option D,Option E,2,Consider Language principles at level 1
lang-l1-082,Language,1,What is a key concept in Language at level 1? (variation 81),Option A,Option B,Option C,Option D,Option E,2,Consider Language principles at level 1
lang-l1-083,Language,1,What is a key concept in Language at level 1? (variation 82),Option A,Option B,Option C,Option D,Option E,2,Consider Language principles at level 1
lang-l1-084,Language,1,What is a key concept in Language at level 1? (variation 83),Option A,Option B,Option C,Option D,Option E,2,Consider Language principles at level 1
lang-l1-085,Language,1,What is a key concept in Language at level 1? (variation 84),Option A,Option B,Option C,Option D,Option E,2,Consider Language principles at level 1
lang-l1-086,Language,1,What is a key concept in Language at level 1? (variation 85),Option B,Option C,Option A,Option E,Option D,1,Consider Language principles at level 1
lang-l1-087,Language,1,What is a key concept in Language at level 1? (variation 86),Option A,Option B,Option C,Option D,Option E,2,Consider Language principles at level 1
lang-l1-088,Language,1,What is a key concept in Language at level 1? (variation 87),Option A,Option C,Option E,Option D,Option B,1,Consider Language principles at level 1
lang-l1-089,Language,1,What is a key concept in Language at level 1? (variation 88),Option A,Option B,Option C,Option D,Option E,2,Consider Language principles at level 1
lang-l1-090,Language,1,What is a key concept in Language at level 1? (variation 89),Option A,Option B,Option C,Option D,Option E,2,Consider Language principles at level 1
lang-l1-091,Language,1,What is a key concept in Language at level 1? (variation 90),Option A,Option B,Option C,Option D,Option E,2,Consider Language principles at level 1
lang-l1-092,Language,1,What is a key concept in Language at level 1? (variation 91),Option A,Option B,Option C,Option D,Option E,2,Consider Language principles at level 1
lang-l1-093,Language,1,What is a key concept in Language at level 1? (variation 92),Option D,Option E,Option C,Option B,Option A,2,Consider Language principles at level 1
lang-l1-094,Language,1,What is a key concept in Language at level 1? (variation 93),Option A,Option B,Option C,Option D,Option E,2,Consider Language principles at level 1
lang-l1-095,Language,1,What is a key concept in Language at level 1? (variation 94),Option A,Option E,Option C,Option D,Option B,2,Consider Language principles at level 1
lang-l1-096,Language,1,What is a key concept in Language at level 1? (variation 95),Option A,Option B,Option C,Option D,Option E,2,Consider Language principles at level 1
lang-l1-097,Language,1,What is a key concept in Language at level 1? (variation 96),Option A,Option B,Option C,Option D,Option E,2,Consider Language principles at level 1
lang-l1-098,Language,1,What is a key concept in Language at level 1? (variation 97),Option E,Option D,Option B,Option C,Option A,3,Consider Language principles at level 1
lang-l1-099,Language,1,What is a key concept in Language at level 1? (variation 98),Option E,Option C,Option B,Option D,Option A,1,Consider Language principles at level 1
lang-l1-100,Language,1,What is a key concept in Language at level 1? (variation 99),Option A,Option B,Option C,Option D,Option E,2,Consider Language principles at level 1
lang-l2-001,Language,2,What is a key concept in Language at level 2?,Option B,Option A,Option D,Option C,Option E,3,Consider Language principles at level 2
lang-l2-002,Language,2,What is a key concept in Language at level 2? (variation 1),Option A,Option B,Option C,Option D,Option E,2,Consider Language principles at level 2
lang-l2-003,Language,2,What is a key concept in Language at level 2? (variation 2),Option A,Option B,Option C,Option D,Option E,2,Consider Language principles at level 2
lang-l2-004,Language,2,What is a key concept in Language at level 2? (variation 3),Option A,Option B,Option C,Option D,Option E,2,Consider Language principles at level 2
lang-l2-005,Language,2,What is a key concept in Language at level 2? (variation 4),Option C,Option E,Option A,Option D,Option B,0,Consider Language principles at level 2
lang-l2-006,Language,2,What is a key concept in Language at level 2? (variation 5),Option C,Option D,Option A,Option E,Option B,0,Consider Language principles at level 2
lang-l2-007,Language,2,What is a key concept in Language at level 2? (variation 6),Option A,Option B,Option C,Option D,Option E,2,Consider Language principles at level 2
lang-l2-008,Language,2,What is a key concept in Language at level 2? (variation 7),Option A,Option B,Option C,Option D,Option E,2,Consider Language principles at level 2
lang-l2-009,Language,2,What is a key concept in Language at level 2? (variation 8),Option A,Option B,Option C,Option D,Option E,2,Consider Language principles at level 2
lang-l2-010,Language,2,What is a key concept in Language at level 2? (variation 9),Option A,Option B,Option C,Option D,Option E,2,Consider Language principles at level 2
lang-l2-011,Language,2,What is a key concept in Language at level 2? (variation 10),Option A,Option B,Option C,Option D,Option E,2,Consider Language principles at level 2
lang-l2-012,Language,2,What is a key concept in Language at level 2? (variation 11),Option A,Option B,Option C,Option D,Option E,2,Consider Language principles at level 2
lang-l2-013,Language,2,What is a key concept in Language at level 2? (variation 12),Option A,Option B,Option C,Option D,Option E,2,Consider Language principles at level 2
lang-l2-014,Language,2,What is a key concept in Language at level 2? (variation 13),Option A,Option B,Option C,Option D,Option E,2,Consider Language principles at level 2
lang-l2-015,Language,2,What is a key concept in Language at level 2? (variation 14),Option A,Option B,Option C,Option D,Option E,2,Consider Language principles at level 2
lang-l2-016,Language,2,What is a key concept in Language at level 2? (variation 15),Option A,Option E,Option B,Option D,Option C,4,Consider Language principles at level 2
lang-l2-017,Language,2,What is a key concept in Language at level 2? (variation 16),Option A,Option B,Option C,Option D,Option E,2,Consider Language principles at level 2
lang-l2-018,Language,2,What is a key concept in Language at level 2? (variation 17),Option A,Option B,Option C,Option D,Option E,2,Consider Language principles at level 2
lang-l2-019,Language,2,What is a key concept in Language at level 2? (variation 18),Option A,Option B,Option C,Option D,Option E,2,Consider Language principles at level 2
lang-l2-020,Language,2,What is a key concept in Language at level 2? (variation 19),Option A,Option B,Option C,Option D,Option E,2,Consider Language principles at level 2
lang-l2-021,Language,2,What is a key concept in Language at level 2? (variation 20),Option A,Option B,Option C,Option D,Option E,2,Consider Language principles at level 2
lang-l2-022,Language,2,What is a key concept in Language at level 2? (variation 21),Option A,Option B,Option C,Option D,Option E,2,Consider Language principles at level 2
lang-l2-023,Language,2,What is a key concept in Language at level 2? (variation 22),Option A,Option B,Option C,Option D,Option E,2,Consider Language principles at level 2
lang-l2-024,Language,2,What is a key concept in Language at level 2? (variation 23),Option A,Option E,Option C,Option D,Option B,2,Consider Language principles at level 2
lang-l2-025,Language,2,What is a key concept in Language at level 2? (variation 24),Option A,Option B,Option C,Option D,Option E,2,Consider Language principles at level 2
lang-l2-026,Language,2,What is a key concept in Language at level 2? (variation 25),Option C,Option D,Option E,Option A,Option B,0,Consider Language principles at level 2
lang-l2-027,Language,2,What is a key concept in Language at level 2? (variation 26),Option A,Option B,Option C,Option D,Option E,2,Consider Language principles at level 2
lang-l2-028,Language,2,What is a key concept in Language at level 2? (variation 27),Option B,Option C,Option A,Option D,Option E,1,Consider Language principles at level 2
lang-l2-029,Language,2,What is a key concept in Language at level 2? (variation 28),Option A,Option B,Option C,Option D,Option E,2,Consider Language principles at level 2
lang-l2-030,Language,2,What is a key concept in Language at level 2? (variation 29),Option A,Option B,Option C,Option D,Option E,2,Consider Language principles at level 2
lang-l2-031,Language,2,What is a key concept in Language at level 2? (variation 30),Option A,Option B,Option C,Option D,Option E,2,Consider Language principles at level 2
lang-l2-032,Language,2,What is a key concept in Language at level 2? (variation 31),Option A,Option B,Option C,Option D,Option E,2,Consider Language principles at level 2
lang-l2-033,Language,2,What is a key concept in Language at level 2? (variation 32),Option A,Option B,Option C,Option D,Option E,2,Consider Language principles at level 2
lang-l2-034,Language,2,What is a key concept in Language at level 2? (variation 33),Option A,Option B,Option C,Option D,Option E,2,Consider Language principles at level 2
lang-l2-035,Language,2,What is a key concept in Language at level 2? (variation 34),Option A,Option B,Option C,Option D,Option E,2,Consider Language principles at level 2
lang-l2-036,Language,2,What is a key concept in Language at level 2? (variation 35),Option A,Option B,Option C,Option D,Option E,2,Consider Language principles at level 2
lang-l2-037,Language,2,What is a key concept in Language at level 2? (variation 36),Option A,Option B,Option C,Option D,Option E,2,Consider Language principles at level 2
lang-l2-038,Language,2,What is a key concept in Language at level 2? (variation 37),Option A,Option B,Option C,Option D,Option E,2,Consider Language principles at level 2
lang-l2-039,Language,2,What is a key concept in Language at level 2? (variation 38),Option A,Option B,Option C,Option D,Option E,2,Consider Language principles at level 2
lang-l2-040,Language,2,What is a key concept in Language at level 2? (variation 39),Option A,Option B,Option C,Option D,Option E,2,Consider Language principles at level 2
lang-l2-041,Language,2,What is a key concept in Language at level 2? (variation 40),Option E,Option C,Option B,Option D,Option A,1,Consider Language principles at level 2
lang-l2-042,Language,2,What is a key concept in Language at level 2? (variation 41),Option A,Option B,Option C,Option D,Option E,2,Consider Language principles at level 2
lang-l2-043,Language,2,What is a key concept in Language at level 2? (variation 42),Option A,Option B,Option C,Option D,Option E,2,Consider Language principles at level 2
lang-l2-044,Language,2,What is a key concept in Language at level 2? (variation 43),Option A,Option B,Option C,Option D,Option E,2,Consider Language principles at level 2
lang-l2-045,Language,2,What is a key concept in Language at level 2? (variation 44),Option A,Option B,Option C,Option D,Option E,2,Consider Language principles at level 2
lang-l2-046,Language,2,What is a key concept in Language at level 2? (variation 45),Option A,Option B,Option C,Option D,Option E,2,Consider Language principles at level 2
lang-l2-047,Language,2,What is a key concept in Language at level 2? (variation 46),Option C,Option A,Option D,Option E,Option B,0,Consider Language principles at level 2
lang-l2-048,Language,2,What is a key concept in Language at level 2? (variation 47),Option A,Option B,Option C,Option D,Option E,2,Consider Language principles at level 2
lang-l2-049,Language,2,What is a key concept in Language at level 2? (variation 48),Option A,Option B,Option C,Option D,Option E,2,Consider Language principles at level 2
lang-l2-050,Language,2,What is a key concept in Language at level 2? (variation 49),Option A,Option B,Option C,Option D,Option E,2,Consider Language principles at level 2
lang-l2-051,Language,2,What is a key concept in Language at level 2? (variation 50),Option E,Option B,Option D,Option A,Option C,4,Consider Language principles at level 2
lang-l2-052,Language,2,What is a key concept in Language at level 2? (variation 51),Option A,Option B,Option C,Option D,Option E,2,Consider Language principles at level 2
lang-l2-053,Language,2,What is a key concept in Language at level 2? (variation 52),Option A,Option B,Option C,Option D,Option E,2,Consider Language principles at level 2
lang-l2-054,Language,2,What is a key concept in Language at level 2? (variation 53),Option A,Option B,Option C,Option D,Option E,2,Consider Language principles at level 2
lang-l2-055,Language,2,What is a key concept in Language at level 2? (variation 54),Option A,Option D,Option B,Option C,Option E,3,Consider Language principles at level 2
lang-l2-056,Language,2,What is a key concept in Language at level 2? (variation 55),Option A,Option B,Option C,Option D,Option E,2,Consider Language principles at level 2
lang-l2-057,Language,2,What is a key concept in Language at level 2? (variation 56),Option A,Option D,Option B,Option C,Option E,3,Consider Language principles at level 2
lang-l2-058,Language,2,What is a key concept in Language at level 2? (variation 57),Option A,Option C,Option E,Option D,Option B,1,Consider Language principles at level 2
lang-l2-059,Language,2,What is a key concept in Language at level 2? (variation 58),Option C,Option A,Option D,Option B,Option E,0,Consider Language principles at level 2
lang-l2-060,Language,2,What is a key concept in Language at level 2? (variation 59),Option E,Option D,Option A,Option C,Option B,3,Consider Language principles at level 2
lang-l2-061,Language,2,What is a key concept in Language at level 2? (variation 60),Option A,Option B,Option C,Option D,Option E,2,Consider Language principles at level 2
lang-l2-062,Language,2,What is a key concept in Language at level 2? (variation 61),Option A,Option B,Option C,Option D,Option E,2,Consider Language principles at level 2
lang-l2-063,Language,2,What is a key concept in Language at level 2? (variation 62),Option A,Option B,Option C,Option D,Option E,2,Consider Language principles at level 2
lang-l2-064,Language,2,What is a key concept in Language at level 2? (variation 63),Option A,Option B,Option C,Option D,Option E,2,Consider Language principles at level 2
lang-l2-065,Language,2,What is a key concept in Language at level 2? (variation 64),Option A,Option B,Option C,Option D,Option E,2,Consider Language principles at level 2
lang-l2-066,Language,2,What is a key concept in Language at level 2? (variation 65),Option A,Option B,Option C,Option D,Option E,2,Consider Language principles at level 2
lang-l2-067,Language,2,What is a key concept in Language at level 2? (variation 66),Option D,Option A,Option E,Option C,Option B,3,Consider Language principles at level 2
lang-l2-068,Language,2,What is a key concept in Language at level 2? (variation 67),Option A,Option B,Option C,Option D,Option E,2,Consider Language principles at level 2
lang-l2-069,Language,2,What is a key concept in Language at level 2? (variation 68),Option C,Option E,Option D,Option B,Option A,0,Consider Language principles at level 2
lang-l2-070,Language,2,What is a key concept in Language at level 2? (variation 69),Option B,Option C,Option E,Option A,Option D,1,Consider Language principles at level 2
lang-l2-071,Language,2,What is a key concept in Language at level 2? (variation 70),Option A,Option B,Option C,Option D,Option E,2,Consider Language principles at level 2
lang-l2-072,Language,2,What is a key concept in Language at level 2? (variation 71),Option A,Option E,Option D,Option C,Option B,3,Consider Language principles at level 2
lang-l2-073,Language,2,What is a key concept in Language at level 2? (variation 72),Option A,Option B,Option C,Option D,Option E,2,Consider Language principles at level 2
lang-l2-074,Language,2,What is a key concept in Language at level 2? (variation 73),Option E,Option B,Option D,Option C,Option A,3,Consider Language principles at level 2
lang-l2-075,Language,2,What is a key concept in Language at level 2? (variation 74),Option A,Option B,Option C,Option D,Option E,2,Consider Language principles at level 2
lang-l2-076,Language,2,What is a key concept in Language at level 2? (variation 75),Option A,Option B,Option C,Option D,Option E,2,Consider Language principles at level 2
lang-l2-077,Language,2,What is a key concept in Language at level 2? (variation 76),Option A,Option B,Option C,Option D,Option E,2,Consider Language principles at level 2
lang-l2-078,Language,2,What is a key concept in Language at level 2? (variation 77),Option A,Option B,Option C,Option D,Option E,2,Consider Language principles at level 2
lang-l2-079,Language,2,What is a key concept in Language at level 2? (variation 78),Option A,Option B,Option C,Option D,Option E,2,Consider Language principles at level 2
lang-l2-080,Language,2,What is a key concept in Language at level 2? (variation 79),Option A,Option B,Option C,Option D,Option E,2,Consider Language principles at level 2
lang-l2-081,Language,2,What is a key concept in Language at level 2? (variation 80),Option A,Option B,Option C,Option D,Option E,2,Consider Language principles at level 2
lang-l2-082,Language,2,What is a key concept in Language at level 2? (variation 81),Option B,Option E,Option C,Option A,Option D,2,Consider Language principles at level 2
lang-l2-083,Language,2,What is a key concept in Language at level 2? (variation 82),Option B,Option E,Option A,Option C,Option D,3,Consider Language principles at level 2
lang-l2-084,Language,2,What is a key concept in Language at level 2? (variation 83),Option B,Option D,Option A,Option E,Option C,4,Consider Language principles at level 2
lang-l2-085,Language,2,What is a key concept in Language at level 2? (variation 84),Option A,Option B,Option C,Option D,Option E,2,Consider Language principles at level 2
lang-l2-086,Language,2,What is a key concept in Language at level 2? (variation 85),Option B,Option C,Option D,Option A,Option E,1,Consider Language principles at level 2
lang-l2-087,Language,2,What is a key concept in Language at level 2? (variation 86),Option A,Option B,Option C,Option D,Option E,2,Consider Language principles at level 2
lang-l2-088,Language,2,What is a key concept in Language at level 2? (variation 87),Option A,Option B,Option C,Option D,Option E,2,Consider Language principles at level 2
lang-l2-089,Language,2,What is a key concept in Language at level 2? (variation 88),Option A,Option B,Option C,Option D,Option E,2,Consider Language principles at level 2
lang-l2-090,Language,2,What is a key concept in Language at level 2? (variation 89),Option A,Option B,Option C,Option D,Option E,2,Consider Language principles at level 2
lang-l2-091,Language,2,What is a key concept in Language at level 2? (variation 90),Option A,Option B,Option C,Option D,Option E,2,Consider Language principles at level 2
lang-l2-092,Language,2,What is a key concept in Language at level 2? (variation 91),Option A,Option B,Option C,Option D,Option E,2,Consider Language principles at level 2
lang-l2-093,Language,2,What is a key concept in Language at level 2? (variation 92),Option A,Option B,Option C,Option D,Option E,2,Consider Language principles at level 2
lang-l2-094,Language,2,What is a key concept in Language at level 2? (variation 93),Option E,Option D,Option B,Option A,Option C,4,Consider Language principles at level 2
lang-l2-095,Language,2,What is a key concept in Language at level 2? (variation 94),Option D,Option E,Option A,Option B,Option C,4,Consider Language principles at level 2
lang-l2-096,Language,2,What is a key concept in Language at level 2? (variation 95),Option A,Option B,Option C,Option D,Option E,2,Consider Language principles at level 2
lang-l2-097,Language,2,What is a key concept in Language at level 2? (variation 96),Option A,Option B,Option C,Option D,Option E,2,Consider Language principles at level 2
lang-l2-098,Language,2,What is a key concept in Language at level 2? (variation 97),Option A,Option C,Option B,Option D,Option E,1,Consider Language principles at level 2
lang-l2-099,Language,2,What is a key concept in Language at level 2? (variation 98),Option A,Option B,Option C,Option D,Option E,2,Consider Language principles at level 2
lang-l2-100,Language,2,What is a key concept in Language at level 2? (variation 99),Option A,Option B,Option C,Option D,Option E,2,Consider Language principles at level 2
lang-l3-001,Language,3,What is a key concept in Language at level 3?,Option D,Option B,Option C,Option E,Option A,2,Consider Language principles at level 3
lang-l3-002,Language,3,What is a key concept in Language at level 3? (variation 1),Option B,Option C,Option A,Option D,Option E,1,Consider Language principles at level 3
lang-l3-003,Language,3,What is a key concept in Language at level 3? (variation 2),Option B,Option A,Option D,Option E,Option C,4,Consider Language principles at level 3
lang-l3-004,Language,3,What is a key concept in Language at level 3? (variation 3),Option B,Option A,Option E,Option C,Option D,3,Consider Language principles at level 3
lang-l3-005,Language,3,What is a key concept in Language at level 3? (variation 4),Option A,Option B,Option C,Option D,Option E,2,Consider Language principles at level 3
lang-l3-006,Language,3,What is a key concept in Language at level 3? (variation 5),Option B,Option A,Option E,Option C,Option D,3,Consider Language principles at level 3
lang-l3-007,Language,3,What is a key concept in Language at level 3? (variation 6),Option A,Option B,Option C,Option D,Option E,2,Consider Language principles at level 3
lang-l3-008,Language,3,What is a key concept in Language at level 3? (variation 7),Option A,Option B,Option C,Option D,Option E,2,Consider Language principles at level 3
lang-l3-009,Language,3,What is a key concept in Language at level 3? (variation 8),Option C,Option D,Option A,Option E,Option B,0,Consider Language principles at level 3
lang-l3-010,Language,3,What is a key concept in Language at level 3? (variation 9),Option A,Option B,Option C,Option D,Option E,2,Consider Language principles at level 3
lang-l3-011,Language,3,What is a key concept in Language at level 3? (variation 10),Option A,Option D,Option C,Option B,Option E,2,Consider Language principles at level 3
lang-l3-012,Language,3,What is a key concept in Language at level 3? (variation 11),Option A,Option B,Option C,Option D,Option E,2,Consider Language principles at level 3
lang-l3-013,Language,3,What is a key concept in Language at level 3? (variation 12),Option A,Option B,Option C,Option D,Option E,2,Consider Language principles at level 3
lang-l3-014,Language,3,What is a key concept in Language at level 3? (variation 13),Option A,Option B,Option C,Option D,Option E,2,Consider Language principles at level 3
lang-l3-015,Language,3,What is a key concept in Language at level 3? (variation 14),Option A,Option B,Option C,Option D,Option E,2,Consider Language principles at level 3
lang-l3-016,Language,3,What is a key concept in Language at level 3? (variation 15),Option E,Option A,Option D,Option B,Option C,4,Consider Language principles at level 3
lang-l3-017,Language,3,What is a key concept in Language at level 3? (variation 16),Option A,Option B,Option C,Option D,Option E,2,Consider Language principles at level 3
lang-l3-018,Language,3,What is a key concept in Language at level 3? (variation 17),Option D,Option B,Option E,Option C,Option A,3,Consider Language principles at level 3
lang-l3-019,Language,3,What is a key concept in Language at level 3? (variation 18),Option A,Option B,Option C,Option D,Option E,2,Consider Language principles at level 3
lang-l3-020,Language,3,What is a key concept in Language at level 3? (variation 19),Option A,Option B,Option C,Option D,Option E,2,Consider Language principles at level 3
lang-l3-021,Language,3,What is a key concept in Language at level 3? (variation 20),Option A,Option B,Option C,Option D,Option E,2,Consider Language principles at level 3
lang-l3-022,Language,3,What is a key concept in Language at level 3? (variation 21),Option A,Option B,Option C,Option D,Option E,2,Consider Language principles at level 3
lang-l3-023,Language,3,What is a key concept in Language at level 3? (variation 22),Option B,Option E,Option A,Option D,Option C,4,Consider Language principles at level 3
lang-l3-024,Language,3,What is a key concept in Language at level 3? (variation 23),Option A,Option B,Option C,Option D,Option E,2,Consider Language principles at level 3
lang-l3-025,Language,3,What is a key concept in Language at level 3? (variation 24),Option A,Option B,Option C,Option D,Option E,2,Consider Language principles at level 3
lang-l3-026,Language,3,What is a key concept in Language at level 3? (variation 25),Option D,Option C,Option B,Option A,Option E,1,Consider Language principles at level 3
lang-l3-027,Language,3,What is a key concept in Language at level 3? (variation 26),Option A,Option B,Option C,Option D,Option E,2,Consider Language principles at level 3
lang-l3-028,Language,3,What is a key concept in Language at level 3? (variation 27),Option A,Option B,Option C,Option D,Option E,2,Consider Language principles at level 3
lang-l3-029,Language,3,What is a key concept in Language at level 3? (variation 28),Option A,Option B,Option C,Option D,Option E,2,Consider Language principles at level 3
lang-l3-030,Language,3,What is a key concept in Language at level 3? (variation 29),Option B,Option D,Option C,Option E,Option A,2,Consider Language principles at level 3
lang-l3-031,Language,3,What is a key concept in Language at level 3? (variation 30),Option D,Option E,Option C,Option A,Option B,2,Consider Language principles at level 3
lang-l3-032,Language,3,What is a key concept in Language at level 3? (variation 31),Option A,Option D,Option B,Option C,Option E,3,Consider Language principles at level 3
lang-l3-033,Language,3,What is a key concept in Language at level 3? (variation 32),Option D,Option E,Option A,Option C,Option B,3,Consider Language principles at level 3
lang-l3-034,Language,3,What is a key concept in Language at level 3? (variation 33),Option A,Option B,Option C,Option D,Option E,2,Consider Language principles at level 3
lang-l3-035,Language,3,What is a key concept in Language at level 3? (variation 34),Option B,Option A,Option E,Option C,Option D,3,Consider Language principles at level 3
lang-l3-036,Language,3,What is a key concept in Language at level 3? (variation 35),Option D,Option C,Option A,Option B,Option E,1,Consider Language principles at level 3
lang-l3-037,Language,3,What is a key concept in Language at level 3? (variation 36),Option A,Option E,Option D,Option B,Option C,4,Consider Language principles at level 3
lang-l3-038,Language,3,What is a key concept in Language at level 3? (variation 37),Option A,Option B,Option C,Option D,Option E,2,Consider Language principles at level 3
lang-l3-039,Language,3,What is a key concept in Language at level 3? (variation 38),Option A,Option D,Option C,Option B,Option E,2,Consider Language principles at level 3
lang-l3-040,Language,3,What is a key concept in Language at level 3? (variation 39),Option D,Option B,Option E,Option C,Option A,3,Consider Language principles at level 3
lang-l3-041,Language,3,What is a key concept in Language at level 3? (variation 40),Option A,Option B,Option C,Option D,Option E,2,Consider Language principles at level 3
lang-l3-042,Language,3,What is a key concept in Language at level 3? (variation 41),Option A,Option B,Option C,Option D,Option E,2,Consider Language principles at level 3
lang-l3-043,Language,3,What is a key concept in Language at level 3? (variation 42),Option B,Option A,Option C,Option E,Option D,2,Consider Language principles at level 3
lang-l3-044,Language,3,What is a key concept in Language at level 3? (variation 43),Option D,Option B,Option E,Option A,Option C,4,Consider Language principles at level 3
lang-l3-045,Language,3,What is a key concept in Language at level 3? (variation 44),Option A,Option B,Option C,Option D,Option E,2,Consider Language principles at level 3
lang-l3-046,Language,3,What is a key concept in Language at level 3? (variation 45),Option A,Option B,Option C,Option D,Option E,2,Consider Language principles at level 3
lang-l3-047,Language,3,What is a key concept in Language at level 3? (variation 46),Option D,Option A,Option E,Option B,Option C,4,Consider Language principles at level 3
lang-l3-048,Language,3,What is a key concept in Language at level 3? (variation 47),Option A,Option B,Option C,Option D,Option E,2,Consider Language principles at level 3
lang-l3-049,Language,3,What is a key concept in Language at level 3? (variation 48),Option A,Option B,Option C,Option D,Option E,2,Consider Language principles at level 3
lang-l3-050,Language,3,What is a key concept in Language at level 3? (variation 49),Option B,Option E,Option D,Option C,Option A,3,Consider Language principles at level 3
lang-l3-051,Language,3,What is a key concept in Language at level 3? (variation 50),Option A,Option B,Option C,Option D,Option E,2,Consider Language principles at level 3
lang-l3-052,Language,3,What is a key concept in Language at level 3? (variation 51),Option A,Option B,Option C,Option D,Option E,2,Consider Language principles at level 3
lang-l3-053,Language,3,What is a key concept in Language at level 3? (variation 52),Option A,Option B,Option C,Option D,Option E,2,Consider Language principles at level 3
lang-l3-054,Language,3,What is a key concept in Language at level 3? (variation 53),Option A,Option B,Option C,Option D,Option E,2,Consider Language principles at level 3
lang-l3-055,Language,3,What is a key concept in Language at level 3? (variation 54),Option D,Option A,Option E,Option B,Option C,4,Consider Language principles at level 3
lang-l3-056,Language,3,What is a key concept in Language at level 3? (variation 55),Option A,Option B,Option C,Option D,Option E,2,Consider Language principles at level 3
lang-l3-057,Language,3,What is a key concept in Language at level 3? (variation 56),Option A,Option B,Option C,Option D,Option E,2,Consider Language principles at level 3
lang-l3-058,Language,3,What is a key concept in Language at level 3? (variation 57),Option A,Option B,Option C,Option D,Option E,2,Consider Language principles at level 3
lang-l3-059,Language,3,What is a key concept in Language at level 3? (variation 58),Option A,Option B,Option C,Option D,Option E,2,Consider Language principles at level 3
lang-l3-060,Language,3,What is a key concept in Language at level 3? (variation 59),Option C,Option A,Option B,Option D,Option E,0,Consider Language principles at level 3
lang-l3-061,Language,3,What is a key concept in Language at level 3? (variation 60),Option A,Option B,Option C,Option D,Option E,2,Consider Language principles at level 3
lang-l3-062,Language,3,What is a key concept in Language at level 3? (variation 61),Option B,Option A,Option E,Option D,Option C,4,Consider Language principles at level 3
lang-l3-063,Language,3,What is a key concept in Language at level 3? (variation 62),Option A,Option B,Option C,Option D,Option E,2,Consider Language principles at level 3
lang-l3-064,Language,3,What is a key concept in Language at level 3? (variation 63),Option A,Option B,Option C,Option D,Option E,2,Consider Language principles at level 3
lang-l3-065,Language,3,What is a key concept in Language at level 3? (variation 64),Option A,Option B,Option C,Option D,Option E,2,Consider Language principles at level 3
lang-l3-066,Language,3,What is a key concept in Language at level 3? (variation 65),Option A,Option B,Option C,Option D,Option E,2,Consider Language principles at level 3
lang-l3-067,Language,3,What is a key concept in Language at level 3? (variation 66),Option A,Option B,Option C,Option D,Option E,2,Consider Language principles at level 3
lang-l3-068,Language,3,What is a key concept in Language at level 3? (variation 67),Option B,Option D,Option E,Option A,Option C,4,Consider Language principles at level 3
lang-l3-069,Language,3,What is a key concept in Language at level 3? (variation 68),Option A,Option B,Option C,Option D,Option E,2,Consider Language principles at level 3
lang-l3-070,Language,3,What is a key concept in Language at level 3? (variation 69),Option D,Option B,Option C,Option A,Option E,2,Consider Language principles at level 3
lang-l3-071,Language,3,What is a key concept in Language at level 3? (variation 70),Option E,Option D,Option B,Option A,Option C,4,Consider Language principles at level 3
lang-l3-072,Language,3,What is a key concept in Language at level 3? (variation 71),Option A,Option B,Option C,Option D,Option E,2,Consider Language principles at level 3
lang-l3-073,Language,3,What is a key concept in Language at level 3? (variation 72),Option B,Option D,Option A,Option C,Option E,3,Consider Language principles at level 3
lang-l3-074,Language,3,What is a key concept in Language at level 3? (variation 73),Option D,Option A,Option C,Option B,Option E,2,Consider Language principles at level 3
lang-l3-075,Language,3,What is a key concept in Language at level 3? (variation 74),Option A,Option B,Option C,Option D,Option E,2,Consider Language principles at level 3
lang-l3-076,Language,3,What is a key concept in Language at level 3? (variation 75),Option A,Option B,Option C,Option D,Option E,2,Consider Language principles at level 3
lang-l3-077,Language,3,What is a key concept in Language at level 3? (variation 76),Option D,Option E,Option A,Option B,Option C,4,Consider Language principles at level 3
lang-l3-078,Language,3,What is a key concept in Language at level 3? (variation 77),Option A,Option B,Option C,Option D,Option E,2,Consider Language principles at level 3
lang-l3-079,Language,3,What is a key concept in Language at level 3? (variation 78),Option A,Option B,Option C,Option D,Option E,2,Consider Language principles at level 3
lang-l3-080,Language,3,What is a key concept in Language at level 3? (variation 79),Option A,Option B,Option C,Option D,Option E,2,Consider Language principles at level 3
lang-l3-081,Language,3,What is a key concept in Language at level 3? (variation 80),Option A,Option B,Option C,Option D,Option E,2,Consider Language principles at level 3
lang-l3-082,Language,3,What is a key concept in Language at level 3? (variation 81),Option C,Option B,Option D,Option A,Option E,0,Consider Language principles at level 3
lang-l3-083,Language,3,What is a key concept in Language at level 3? (variation 82),Option A,Option B,Option C,Option D,Option E,2,Consider Language principles at level 3
lang-l3-084,Language,3,What is a key concept in Language at level 3? (variation 83),Option A,Option B,Option C,Option D,Option E,2,Consider Language principles at level 3
lang-l3-085,Language,3,What is a key concept in Language at level 3? (variation 84),Option A,Option B,Option C,Option D,Option E,2,Consider Language principles at level 3
lang-l3-086,Language,3,What is a key concept in Language at level 3? (variation 85),Option A,Option D,Option B,Option E,Option C,4,Consider Language principles at level 3
lang-l3-087,Language,3,What is a key concept in Language at level 3? (variation 86),Option A,Option B,Option C,Option D,Option E,2,Consider Language principles at level 3
lang-l3-088,Language,3,What is a key concept in Language at level 3? (variation 87),Option A,Option B,Option C,Option D,Option E,2,Consider Language principles at level 3
lang-l3-089,Language,3,What is a key concept in Language at level 3? (variation 88),Option A,Option B,Option C,Option D,Option E,2,Consider Language principles at level 3
lang-l3-090,Language,3,What is a key concept in Language at level 3? (variation 89),Option B,Option A,Option E,Option C,Option D,3,Consider Language principles at level 3
lang-l3-091,Language,3,What is a key concept in Language at level 3? (variation 90),Option A,Option B,Option C,Option D,Option E,2,Consider Language principles at level 3
lang-l3-092,Language,3,What is a key concept in Language at level 3? (variation 91),Option A,Option D,Option B,Option C,Option E,3,Consider Language principles at level 3
lang-l3-093,Language,3,What is a key concept in Language at level 3? (variation 92),Option A,Option B,Option C,Option D,Option E,2,Consider Language principles at level 3
lang-l3-094,Language,3,What is a key concept in Language at level 3? (variation 93),Option A,Option B,Option C,Option D,Option E,2,Consider Language principles at level 3
lang-l3-095,Language,3,What is a key concept in Language at level 3? (variation 94),Option A,Option B,Option C,Option D,Option E,2,Consider Language principles at level 3
lang-l3-096,Language,3,What is a key concept in Language at level 3? (variation 95),Option A,Option B,Option C,Option D,Option E,2,Consider Language principles at level 3
lang-l3-097,Language,3,What is a key concept in Language at level 3? (variation 96),Option A,Option B,Option C,Option D,Option E,2,Consider Language principles at level 3
lang-l3-098,Language,3,What is a key concept in Language at level 3? (variation 97),Option D,Option E,Option A,Option B,Option C,4,Consider Language principles at level 3
lang-l3-099,Language,3,What is a key concept in Language at level 3? (variation 98),Option A,Option B,Option C,Option D,Option E,2,Consider Language principles at level 3
lang-l3-100,Language,3,What is a key concept in Language at level 3? (variation 99),Option A,Option E,Option C,Option B,Option D,2,Consider Language principles at level 3
lang-l4-001,Language,4,What is a key concept in Language at level 4?,Option A,Option B,Option C,Option D,Option E,2,Consider Language principles at level 4
lang-l4-002,Language,4,What is a key concept in Language at level 4? (variation 1),Option A,Option B,Option C,Option D,Option E,2,Consider Language principles at level 4
lang-l4-003,Language,4,What is a key concept in Language at level 4? (variation 2),Option E,Option D,Option B,Option C,Option A,3,Consider Language principles at level 4
lang-l4-004,Language,4,What is a key concept in Language at level 4? (variation 3),Option B,Option E,Option A,Option C,Option D,3,Consider Language principles at level 4
lang-l4-005,Language,4,What is a key concept in Language at level 4? (variation 4),Option A,Option B,Option C,Option D,Option E,2,Consider Language principles at level 4
lang-l4-006,Language,4,What is a key concept in Language at level 4? (variation 5),Option A,Option B,Option C,Option D,Option E,2,Consider Language principles at level 4
lang-l4-007,Language,4,What is a key concept in Language at level 4? (variation 6),Option A,Option B,Option C,Option D,Option E,2,Consider Language principles at level 4
lang-l4-008,Language,4,What is a key concept in Language at level 4? (variation 7),Option A,Option B,Option C,Option D,Option E,2,Consider Language principles at level 4
lang-l4-009,Language,4,What is a key concept in Language at level 4? (variation 8),Option A,Option B,Option C,Option D,Option E,2,Consider Language principles at level 4
lang-l4-010,Language,4,What is a key concept in Language at level 4? (variation 9),Option E,Option C,Option A,Option D,Option B,1,Consider Language principles at level 4
lang-l4-011,Language,4,What is a key concept in Language at level 4? (variation 10),Option C,Option E,Option B,Option D,Option A,0,Consider Language principles at level 4
lang-l4-012,Language,4,What is a key concept in Language at level 4? (variation 11),Option A,Option B,Option C,Option D,Option E,2,Consider Language principles at level 4
lang-l4-013,Language,4,What is a key concept in Language at level 4? (variation 12),Option A,Option B,Option C,Option D,Option E,2,Consider Language principles at level 4
lang-l4-014,Language,4,What is a key concept in Language at level 4? (variation 13),Option E,Option A,Option D,Option B,Option C,4,Consider Language principles at level 4
lang-l4-015,Language,4,What is a key concept in Language at level 4? (variation 14),Option A,Option B,Option C,Option D,Option E,2,Consider Language principles at level 4
lang-l4-016,Language,4,What is a key concept in Language at level 4? (variation 15),Option D,Option E,Option B,Option A,Option C,4,Consider Language principles at level 4
lang-l4-017,Language,4,What is a key concept in Language at level 4? (variation 16),Option A,Option B,Option C,Option D,Option E,2,Consider Language principles at level 4
lang-l4-018,Language,4,What is a key concept in Language at level 4? (variation 17),Option A,Option B,Option C,Option D,Option E,2,Consider Language principles at level 4
lang-l4-019,Language,4,What is a key concept in Language at level 4? (variation 18),Option A,Option B,Option C,Option D,Option E,2,Consider Language principles at level 4
lang-l4-020,Language,4,What is a key concept in Language at level 4? (variation 19),Option A,Option B,Option C,Option D,Option E,2,Consider Language principles at level 4
lang-l4-021,Language,4,What is a key concept in Language at level 4? (variation 20),Option A,Option B,Option C,Option D,Option E,2,Consider Language principles at level 4
lang-l4-022,Language,4,What is a key concept in Language at level 4? (variation 21),Option A,Option B,Option C,Option D,Option E,2,Consider Language principles at level 4
lang-l4-023,Language,4,What is a key concept in Language at level 4? (variation 22),Option A,Option B,Option C,Option D,Option E,2,Consider Language principles at level 4
lang-l4-024,Language,4,What is a key concept in Language at level 4? (variation 23),Option A,Option B,Option C,Option D,Option E,2,Consider Language principles at level 4
lang-l4-025,Language,4,What is a key concept in Language at level 4? (variation 24),Option A,Option B,Option C,Option D,Option E,2,Consider Language principles at level 4
lang-l4-026,Language,4,What is a key concept in Language at level 4? (variation 25),Option D,Option C,Option E,Option A,Option B,1,Consider Language principles at level 4
lang-l4-027,Language,4,What is a key concept in Language at level 4? (variation 26),Option B,Option D,Option E,Option A,Option C,4,Consider Language principles at level 4
lang-l4-028,Language,4,What is a key concept in Language at level 4? (variation 27),Option A,Option B,Option C,Option D,Option E,2,Consider Language principles at level 4
lang-l4-029,Language,4,What is a key concept in Language at level 4? (variation 28),Option A,Option B,Option C,Option D,Option E,2,Consider Language principles at level 4
lang-l4-030,Language,4,What is a key concept in Language at level 4? (variation 29),Option A,Option B,Option C,Option D,Option E,2,Consider Language principles at level 4
lang-l4-031,Language,4,What is a key concept in Language at level 4? (variation 30),Option A,Option B,Option C,Option D,Option E,2,Consider Language principles at level 4
lang-l4-032,Language,4,What is a key concept in Language at level 4? (variation 31),Option A,Option B,Option C,Option D,Option E,2,Consider Language principles at level 4
lang-l4-033,Language,4,What is a key concept in Language at level 4? (variation 32),Option B,Option C,Option E,Option A,Option D,1,Consider Language principles at level 4
lang-l4-034,Language,4,What is a key concept in Language at level 4? (variation 33),Option A,Option B,Option C,Option D,Option E,2,Consider Language principles at level 4
lang-l4-035,Language,4,What is a key concept in Language at level 4? (variation 34),Option A,Option B,Option C,Option D,Option E,2,Consider Language principles at level 4
lang-l4-036,Language,4,What is a key concept in Language at level 4? (variation 35),Option A,Option B,Option C,Option D,Option E,2,Consider Language principles at level 4
lang-l4-037,Language,4,What is a key concept in Language at level 4? (variation 36),Option A,Option B,Option C,Option D,Option E,2,Consider Language principles at level 4
lang-l4-038,Language,4,What is a key concept in Language at level 4? (variation 37),Option A,Option B,Option C,Option D,Option E,2,Consider Language principles at level 4
lang-l4-039,Language,4,What is a key concept in Language at level 4? (variation 38),Option A,Option B,Option C,Option D,Option E,2,Consider Language principles at level 4
lang-l4-040,Language,4,What is a key concept in Language at level 4? (variation 39),Option A,Option B,Option C,Option D,Option E,2,Consider Language principles at level 4
lang-l4-041,Language,4,What is a key concept in Language at level 4? (variation 40),Option E,Option D,Option B,Option C,Option A,3,Consider Language principles at level 4
lang-l4-042,Language,4,What is a key concept in Language at level 4? (variation 41),Option D,Option A,Option E,Option B,Option C,4,Consider Language principles at level 4
lang-l4-043,Language,4,What is a key concept in Language at level 4? (variation 42),Option A,Option B,Option C,Option D,Option E,2,Consider Language principles at level 4
lang-l4-044,Language,4,What is a key concept in Language at level 4? (variation 43),Option A,Option B,Option C,Option D,Option E,2,Consider Language principles at level 4
lang-l4-045,Language,4,What is a key concept in Language at level 4? (variation 44),Option A,Option B,Option C,Option D,Option E,2,Consider Language principles at level 4
lang-l4-046,Language,4,What is a key concept in Language at level 4? (variation 45),Option A,Option B,Option C,Option D,Option E,2,Consider Language principles at level 4
lang-l4-047,Language,4,What is a key concept in Language at level 4? (variation 46),Option A,Option B,Option C,Option D,Option E,2,Consider Language principles at level 4
lang-l4-048,Language,4,What is a key concept in Language at level 4? (variation 47),Option A,Option B,Option C,Option D,Option E,2,Consider Language principles at level 4
lang-l4-049,Language,4,What is a key concept in Language at level 4? (variation 48),Option A,Option B,Option C,Option D,Option E,2,Consider Language principles at level 4
lang-l4-050,Language,4,What is a key concept in Language at level 4? (variation 49),Option D,Option B,Option E,Option C,Option A,3,Consider Language principles at level 4
lang-l4-051,Language,4,What is a key concept in Language at level 4? (variation 50),Option B,Option E,Option D,Option C,Option A,3,Consider Language principles at level 4
lang-l4-052,Language,4,What is a key concept in Language at level 4? (variation 51),Option A,Option B,Option C,Option D,Option E,2,Consider Language principles at level 4
lang-l4-053,Language,4,What is a key concept in Language at level 4? (variation 52),Option A,Option B,Option C,Option D,Option E,2,Consider Language principles at level 4
lang-l4-054,Language,4,What is a key concept in Language at level 4? (variation 53),Option A,Option E,Option C,Option D,Option B,2,Consider Language principles at level 4
lang-l4-055,Language,4,What is a key concept in Language at level 4? (variation 54),Option A,Option B,Option C,Option D,Option E,2,Consider Language principles at level 4
lang-l4-056,Language,4,What is a key concept in Language at level 4? (variation 55),Option A,Option B,Option C,Option D,Option E,2,Consider Language principles at level 4
lang-l4-057,Language,4,What is a key concept in Language at level 4? (variation 56),Option E,Option B,Option D,Option C,Option A,3,Consider Language principles at level 4
lang-l4-058,Language,4,What is a key concept in Language at level 4? (variation 57),Option A,Option B,Option C,Option D,Option E,2,Consider Language principles at level 4
lang-l4-059,Language,4,What is a key concept in Language at level 4? (variation 58),Option A,Option B,Option C,Option D,Option E,2,Consider Language principles at level 4
lang-l4-060,Language,4,What is a key concept in Language at level 4? (variation 59),Option B,Option A,Option C,Option E,Option D,2,Consider Language principles at level 4
lang-l4-061,Language,4,What is a key concept in Language at level 4? (variation 60),Option A,Option B,Option C,Option D,Option E,2,Consider Language principles at level 4
lang-l4-062,Language,4,What is a key concept in Language at level 4? (variation 61),Option A,Option B,Option C,Option D,Option E,2,Consider Language principles at level 4
lang-l4-063,Language,4,What is a key concept in Language at level 4? (variation 62),Option A,Option B,Option C,Option D,Option E,2,Consider Language principles at level 4
lang-l4-064,Language,4,What is a key concept in Language at level 4? (variation 63),Option A,Option B,Option C,Option D,Option E,2,Consider Language principles at level 4
lang-l4-065,Language,4,What is a key concept in Language at level 4? (variation 64),Option A,Option B,Option C,Option D,Option E,2,Consider Language principles at level 4
lang-l4-066,Language,4,What is a key concept in Language at level 4? (variation 65),Option B,Option D,Option C,Option A,Option E,2,Consider Language principles at level 4
lang-l4-067,Language,4,What is a key concept in Language at level 4? (variation 66),Option D,Option B,Option E,Option C,Option A,3,Consider Language principles at level 4
lang-l4-068,Language,4,What is a key concept in Language at level 4? (variation 67),Option D,Option E,Option A,Option B,Option C,4,Consider Language principles at level 4
lang-l4-069,Language,4,What is a key concept in Language at level 4? (variation 68),Option A,Option B,Option C,Option D,Option E,2,Consider Language principles at level 4
lang-l4-070,Language,4,What is a key concept in Language at level 4? (variation 69),Option A,Option E,Option B,Option C,Option D,3,Consider Language principles at level 4
lang-l4-071,Language,4,What is a key concept in Language at level 4? (variation 70),Option A,Option B,Option C,Option D,Option E,2,Consider Language principles at level 4
lang-l4-072,Language,4,What is a key concept in Language at level 4? (variation 71),Option E,Option B,Option A,Option C,Option D,3,Consider Language principles at level 4
lang-l4-073,Language,4,What is a key concept in Language at level 4? (variation 72),Option C,Option D,Option E,Option A,Option B,0,Consider Language principles at level 4
lang-l4-074,Language,4,What is a key concept in Language at level 4? (variation 73),Option E,Option A,Option D,Option B,Option C,4,Consider Language principles at level 4
lang-l4-075,Language,4,What is a key concept in Language at level 4? (variation 74),Option A,Option B,Option C,Option D,Option E,2,Consider Language principles at level 4
lang-l4-076,Language,4,What is a key concept in Language at level 4? (variation 75),Option A,Option B,Option C,Option D,Option E,2,Consider Language principles at level 4
lang-l4-077,Language,4,What is a key concept in Language at level 4? (variation 76),Option C,Option A,Option B,Option D,Option E,0,Consider Language principles at level 4
lang-l4-078,Language,4,What is a key concept in Language at level 4? (variation 77),Option A,Option B,Option C,Option D,Option E,2,Consider Language principles at level 4
lang-l4-079,Language,4,What is a key concept in Language at level 4? (variation 78),Option A,Option B,Option C,Option D,Option E,2,Consider Language principles at level 4
lang-l4-080,Language,4,What is a key concept in Language at level 4? (variation 79),Option A,Option B,Option C,Option D,Option E,2,Consider Language principles at level 4
lang-l4-081,Language,4,What is a key concept in Language at level 4? (variation 80),Option A,Option B,Option C,Option E,Option D,2,Consider Language principles at level 4
lang-l4-082,Language,4,What is a key concept in Language at level 4? (variation 81),Option A,Option B,Option C,Option D,Option E,2,Consider Language principles at level 4
lang-l4-083,Language,4,What is a key concept in Language at level 4? (variation 82),Option A,Option B,Option C,Option D,Option E,2,Consider Language principles at level 4
lang-l4-084,Language,4,What is a key concept in Language at level 4? (variation 83),Option E,Option A,Option D,Option C,Option B,3,Consider Language principles at level 4
lang-l4-085,Language,4,What is a key concept in Language at level 4? (variation 84),Option C,Option A,Option D,Option E,Option B,0,Consider Language principles at level 4
lang-l4-086,Language,4,What is a key concept in Language at level 4? (variation 85),Option A,Option B,Option C,Option D,Option E,2,Consider Language principles at level 4
lang-l4-087,Language,4,What is a key concept in Language at level 4? (variation 86),Option A,Option B,Option C,Option D,Option E,2,Consider Language principles at level 4
lang-l4-088,Language,4,What is a key concept in Language at level 4? (variation 87),Option A,Option B,Option C,Option D,Option E,2,Consider Language principles at level 4
lang-l4-089,Language,4,What is a key concept in Language at level 4? (variation 88),Option A,Option B,Option C,Option D,Option E,2,Consider Language principles at level 4
lang-l4-090,Language,4,What is a key concept in Language at level 4? (variation 89),Option A,Option B,Option C,Option D,Option E,2,Consider Language principles at level 4
lang-l4-091,Language,4,What is a key concept in Language at level 4? (variation 90),Option D,Option A,Option C,Option B,Option E,2,Consider Language principles at level 4
lang-l4-092,Language,4,What is a key concept in Language at level 4? (variation 91),Option A,Option B,Option C,Option D,Option E,2,Consider Language principles at level 4
lang-l4-093,Language,4,What is a key concept in Language at level 4? (variation 92),Option A,Option C,Option E,Option D,Option B,1,Consider Language principles at level 4
lang-l4-094,Language,4,What is a key concept in Language at level 4? (variation 93),Option A,Option B,Option C,Option D,Option E,2,Consider Language principles at level 4
lang-l4-095,Language,4,What is a key concept in Language at level 4? (variation 94),Option A,Option B,Option C,Option D,Option E,2,Consider Language principles at level 4
lang-l4-096,Language,4,What is a key concept in Language at level 4? (variation 95),Option B,Option A,Option E,Option C,Option D,3,Consider Language principles at level 4
lang-l4-097,Language,4,What is a key concept in Language at level 4? (variation 96),Option B,Option E,Option D,Option A,Option C,4,Consider Language principles at level 4
lang-l4-098,Language,4,What is a key concept in Language at level 4? (variation 97),Option E,Option D,Option B,Option A,Option C,4,Consider Language principles at level 4
lang-l4-099,Language,4,What is a key concept in Language at level 4? (variation 98),Option A,Option B,Option C,Option D,Option E,2,Consider Language principles at level 4
lang-l4-100,Language,4,What is a key concept in Language at level 4? (variation 99),Option A,Option B,Option C,Option D,Option E,2,Consider Language principles at level 4
lang-l5-001,Language,5,What is a key concept in Language at level 5?,Option A,Option B,Option C,Option D,Option E,2,Consider Language principles at level 5
lang-l5-002,Language,5,What is a key concept in Language at level 5? (variation 1),Option A,Option B,Option C,Option D,Option E,2,Consider Language principles at level 5
lang-l5-003,Language,5,What is a key concept in Language at level 5? (variation 2),Option A,Option D,Option B,Option E,Option C,4,Consider Language principles at level 5
lang-l5-004,Language,5,What is a key concept in Language at level 5? (variation 3),Option A,Option B,Option C,Option D,Option E,2,Consider Language principles at level 5
lang-l5-005,Language,5,What is a key concept in Language at level 5? (variation 4),Option A,Option B,Option C,Option D,Option E,2,Consider Language principles at level 5
lang-l5-006,Language,5,What is a key concept in Language at level 5? (variation 5),Option A,Option B,Option C,Option D,Option E,2,Consider Language principles at level 5
lang-l5-007,Language,5,What is a key concept in Language at level 5? (variation 6),Option A,Option B,Option C,Option D,Option E,2,Consider Language principles at level 5
lang-l5-008,Language,5,What is a key concept in Language at level 5? (variation 7),Option A,Option B,Option C,Option D,Option E,2,Consider Language principles at level 5
lang-l5-009,Language,5,What is a key concept in Language at level 5? (variation 8),Option A,Option B,Option C,Option D,Option E,2,Consider Language principles at level 5
lang-l5-010,Language,5,What is a key concept in Language at level 5? (variation 9),Option A,Option B,Option C,Option D,Option E,2,Consider Language principles at level 5
lang-l5-011,Language,5,What is a key concept in Language at level 5? (variation 10),Option B,Option C,Option D,Option E,Option A,1,Consider Language principles at level 5
lang-l5-012,Language,5,What is a key concept in Language at level 5? (variation 11),Option A,Option B,Option C,Option D,Option E,2,Consider Language principles at level 5
lang-l5-013,Language,5,What is a key concept in Language at level 5? (variation 12),Option A,Option B,Option C,Option D,Option E,2,Consider Language principles at level 5
lang-l5-014,Language,5,What is a key concept in Language at level 5? (variation 13),Option A,Option B,Option C,Option D,Option E,2,Consider Language principles at level 5
lang-l5-015,Language,5,What is a key concept in Language at level 5? (variation 14),Option C,Option E,Option A,Option B,Option D,0,Consider Language principles at level 5
lang-l5-016,Language,5,What is a key concept in Language at level 5? (variation 15),Option A,Option B,Option C,Option D,Option E,2,Consider Language principles at level 5
lang-l5-017,Language,5,What is a key concept in Language at level 5? (variation 16),Option A,Option B,Option C,Option D,Option E,2,Consider Language principles at level 5
lang-l5-018,Language,5,What is a key concept in Language at level 5? (variation 17),Option A,Option B,Option C,Option D,Option E,2,Consider Language principles at level 5
lang-l5-019,Language,5,What is a key concept in Language at level 5? (variation 18),Option A,Option B,Option C,Option D,Option E,2,Consider Language principles at level 5
lang-l5-020,Language,5,What is a key concept in Language at level 5? (variation 19),Option A,Option B,Option C,Option D,Option E,2,Consider Language principles at level 5
lang-l5-021,Language,5,What is a key concept in Language at level 5? (variation 20),Option B,Option C,Option E,Option A,Option D,1,Consider Language principles at level 5
lang-l5-022,Language,5,What is a key concept in Language at level 5? (variation 21),Option A,Option B,Option C,Option D,Option E,2,Consider Language principles at level 5
lang-l5-023,Language,5,What is a key concept in Language at level 5? (variation 22),Option A,Option B,Option C,Option D,Option E,2,Consider Language principles at level 5
lang-l5-024,Language,5,What is a key concept in Language at level 5? (variation 23),Option C,Option E,Option A,Option D,Option B,0,Consider Language principles at level 5
lang-l5-025,Language,5,What is a key concept in Language at level 5? (variation 24),Option D,Option B,Option A,Option C,Option E,3,Consider Language principles at level 5
lang-l5-026,Language,5,What is a key concept in Language at level 5? (variation 25),Option D,Option E,Option C,Option B,Option A,2,Consider Language principles at level 5
lang-l5-027,Language,5,What is a key concept in Language at level 5? (variation 26),Option A,Option B,Option C,Option D,Option E,2,Consider Language principles at level 5
lang-l5-028,Language,5,What is a key concept in Language at level 5? (variation 27),Option C,Option A,Option E,Option D,Option B,0,Consider Language principles at level 5
lang-l5-029,Language,5,What is a key concept in Language at level 5? (variation 28),Option A,Option B,Option C,Option D,Option E,2,Consider Language principles at level 5
lang-l5-030,Language,5,What is a key concept in Language at level 5? (variation 29),Option A,Option B,Option C,Option D,Option E,2,Consider Language principles at level 5
lang-l5-031,Language,5,What is a key concept in Language at level 5? (variation 30),Option A,Option B,Option C,Option D,Option E,2,Consider Language principles at level 5
lang-l5-032,Language,5,What is a key concept in Language at level 5? (variation 31),Option A,Option B,Option C,Option D,Option E,2,Consider Language principles at level 5
lang-l5-033,Language,5,What is a key concept in Language at level 5? (variation 32),Option C,Option D,Option A,Option E,Option B,0,Consider Language principles at level 5
lang-l5-034,Language,5,What is a key concept in Language at level 5? (variation 33),Option A,Option B,Option C,Option D,Option E,2,Consider Language principles at level 5
lang-l5-035,Language,5,What is a key concept in Language at level 5? (variation 34),Option C,Option B,Option E,Option A,Option D,0,Consider Language principles at level 5
lang-l5-036,Language,5,What is a key concept in Language at level 5? (variation 35),Option A,Option B,Option C,Option D,Option E,2,Consider Language principles at level 5
lang-l5-037,Language,5,What is a key concept in Language at level 5? (variation 36),Option A,Option B,Option C,Option D,Option E,2,Consider Language principles at level 5
lang-l5-038,Language,5,What is a key concept in Language at level 5? (variation 37),Option A,Option B,Option C,Option D,Option E,2,Consider Language principles at level 5
lang-l5-039,Language,5,What is a key concept in Language at level 5? (variation 38),Option A,Option B,Option C,Option D,Option E,2,Consider Language principles at level 5
lang-l5-040,Language,5,What is a key concept in Language at level 5? (variation 39),Option C,Option E,Option D,Option B,Option A,0,Consider Language principles at level 5
lang-l5-041,Language,5,What is a key concept in Language at level 5? (variation 40),Option A,Option B,Option C,Option D,Option E,2,Consider Language principles at level 5
lang-l5-042,Language,5,What is a key concept in Language at level 5? (variation 41),Option A,Option B,Option C,Option D,Option E,2,Consider Language principles at level 5
lang-l5-043,Language,5,What is a key concept in Language at level 5? (variation 42),Option E,Option C,Option A,Option B,Option D,1,Consider Language principles at level 5
lang-l5-044,Language,5,What is a key concept in Language at level 5? (variation 43),Option A,Option B,Option C,Option D,Option E,2,Consider Language principles at level 5
lang-l5-045,Language,5,What is a key concept in Language at level 5? (variation 44),Option A,Option B,Option C,Option D,Option E,2,Consider Language principles at level 5
lang-l5-046,Language,5,What is a key concept in Language at level 5? (variation 45),Option B,Option C,Option D,Option E,Option A,1,Consider Language principles at level 5
lang-l5-047,Language,5,What is a key concept in Language at level 5? (variation 46),Option A,Option B,Option C,Option D,Option E,2,Consider Language principles at level 5
lang-l5-048,Language,5,What is a key concept in Language at level 5? (variation 47),Option C,Option E,Option B,Option D,Option A,0,Consider Language principles at level 5
lang-l5-049,Language,5,What is a key concept in Language at level 5? (variation 48),Option A,Option B,Option C,Option D,Option E,2,Consider Language principles at level 5
lang-l5-050,Language,5,What is a key concept in Language at level 5? (variation 49),Option A,Option B,Option C,Option D,Option E,2,Consider Language principles at level 5
lang-l5-051,Language,5,What is a key concept in Language at level 5? (variation 50),Option A,Option B,Option C,Option D,Option E,2,Consider Language principles at level 5
lang-l5-052,Language,5,What is a key concept in Language at level 5? (variation 51),Option B,Option A,Option C,Option E,Option D,2,Consider Language principles at level 5
lang-l5-053,Language,5,What is a key concept in Language at level 5? (variation 52),Option A,Option B,Option C,Option D,Option E,2,Consider Language principles at level 5
lang-l5-054,Language,5,What is a key concept in Language at level 5? (variation 53),Option A,Option B,Option C,Option D,Option E,2,Consider Language principles at level 5
lang-l5-055,Language,5,What is a key concept in Language at level 5? (variation 54),Option A,Option B,Option C,Option D,Option E,2,Consider Language principles at level 5
lang-l5-056,Language,5,What is a key concept in Language at level 5? (variation 55),Option A,Option B,Option C,Option D,Option E,2,Consider Language principles at level 5
lang-l5-057,Language,5,What is a key concept in Language at level 5? (variation 56),Option B,Option D,Option E,Option A,Option C,4,Consider Language principles at level 5
lang-l5-058,Language,5,What is a key concept in Language at level 5? (variation 57),Option C,Option E,Option A,Option B,Option D,0,Consider Language principles at level 5
lang-l5-059,Language,5,What is a key concept in Language at level 5? (variation 58),Option C,Option E,Option B,Option A,Option D,0,Consider Language principles at level 5
lang-l5-060,Language,5,What is a key concept in Language at level 5? (variation 59),Option A,Option B,Option C,Option D,Option E,2,Consider Language principles at level 5
lang-l5-061,Language,5,What is a key concept in Language at level 5? (variation 60),Option A,Option D,Option B,Option E,Option C,4,Consider Language principles at level 5
lang-l5-062,Language,5,What is a key concept in Language at level 5? (variation 61),Option E,Option D,Option B,Option A,Option C,4,Consider Language principles at level 5
lang-l5-063,Language,5,What is a key concept in Language at level 5? (variation 62),Option C,Option A,Option E,Option B,Option D,0,Consider Language principles at level 5
lang-l5-064,Language,5,What is a key concept in Language at level 5? (variation 63),Option C,Option B,Option E,Option D,Option A,0,Consider Language principles at level 5
lang-l5-065,Language,5,What is a key concept in Language at level 5? (variation 64),Option B,Option A,Option D,Option C,Option E,3,Consider Language principles at level 5
lang-l5-066,Language,5,What is a key concept in Language at level 5? (variation 65),Option A,Option B,Option C,Option D,Option E,2,Consider Language principles at level 5
lang-l5-067,Language,5,What is a key concept in Language at level 5? (variation 66),Option E,Option D,Option C,Option B,Option A,2,Consider Language principles at level 5
lang-l5-068,Language,5,What is a key concept in Language at level 5? (variation 67),Option A,Option B,Option C,Option D,Option E,2,Consider Language principles at level 5
lang-l5-069,Language,5,What is a key concept in Language at level 5? (variation 68),Option A,Option B,Option C,Option D,Option E,2,Consider Language principles at level 5
lang-l5-070,Language,5,What is a key concept in Language at level 5? (variation 69),Option D,Option C,Option A,Option B,Option E,1,Consider Language principles at level 5
lang-l5-071,Language,5,What is a key concept in Language at level 5? (variation 70),Option A,Option B,Option C,Option D,Option E,2,Consider Language principles at level 5
lang-l5-072,Language,5,What is a key concept in Language at level 5? (variation 71),Option A,Option B,Option C,Option D,Option E,2,Consider Language principles at level 5
lang-l5-073,Language,5,What is a key concept in Language at level 5? (variation 72),Option A,Option B,Option C,Option D,Option E,2,Consider Language principles at level 5
lang-l5-074,Language,5,What is a key concept in Language at level 5? (variation 73),Option A,Option B,Option C,Option D,Option E,2,Consider Language principles at level 5
lang-l5-075,Language,5,What is a key concept in Language at level 5? (variation 74),Option A,Option B,Option C,Option D,Option E,2,Consider Language principles at level 5
lang-l5-076,Language,5,What is a key concept in Language at level 5? (variation 75),Option A,Option B,Option C,Option D,Option E,2,Consider Language principles at level 5
lang-l5-077,Language,5,What is a key concept in Language at level 5? (variation 76),Option A,Option E,Option B,Option C,Option D,3,Consider Language principles at level 5
lang-l5-078,Language,5,What is a key concept in Language at level 5? (variation 77),Option A,Option B,Option C,Option D,Option E,2,Consider Language principles at level 5
lang-l5-079,Language,5,What is a key concept in Language at level 5? (variation 78),Option A,Option B,Option C,Option D,Option E,2,Consider Language principles at level 5
lang-l5-080,Language,5,What is a key concept in Language at level 5? (variation 79),Option B,Option A,Option C,Option D,Option E,2,Consider Language principles at level 5
lang-l5-081,Language,5,What is a key concept in Language at level 5? (variation 80),Option A,Option B,Option C,Option D,Option E,2,Consider Language principles at level 5
lang-l5-082,Language,5,What is a key concept in Language at level 5? (variation 81),Option A,Option B,Option C,Option D,Option E,2,Consider Language principles at level 5
lang-l5-083,Language,5,What is a key concept in Language at level 5? (variation 82),Option A,Option B,Option C,Option D,Option E,2,Consider Language principles at level 5
lang-l5-084,Language,5,What is a key concept in Language at level 5? (variation 83),Option B,Option D,Option C,Option E,Option A,2,Consider Language principles at level 5
lang-l5-085,Language,5,What is a key concept in Language at level 5? (variation 84),Option A,Option B,Option C,Option D,Option E,2,Consider Language principles at level 5
lang-l5-086,Language,5,What is a key concept in Language at level 5? (variation 85),Option A,Option B,Option C,Option D,Option E,2,Consider Language principles at level 5
lang-l5-087,Language,5,What is a key concept in Language at level 5? (variation 86),Option A,Option B,Option C,Option D,Option E,2,Consider Language principles at level 5
lang-l5-088,Language,5,What is a key concept in Language at level 5? (variation 87),Option E,Option C,Option B,Option A,Option D,1,Consider Language principles at level 5
lang-l5-089,Language,5,What is a key concept in Language at level 5? (variation 88),Option C,Option E,Option A,Option D,Option B,0,Consider Language principles at level 5
lang-l5-090,Language,5,What is a key concept in Language at level 5? (variation 89),Option A,Option B,Option C,Option D,Option E,2,Consider Language principles at level 5
lang-l5-091,Language,5,What is a key concept in Language at level 5? (variation 90),Option A,Option B,Option C,Option D,Option E,2,Consider Language principles at level 5
lang-l5-092,Language,5,What is a key concept in Language at level 5? (variation 91),Option A,Option B,Option C,Option D,Option E,2,Consider Language principles at level 5
lang-l5-093,Language,5,What is a key concept in Language at level 5? (variation 92),Option A,Option B,Option C,Option D,Option E,2,Consider Language principles at level 5
lang-l5-094,Language,5,What is a key concept in Language at level 5? (variation 93),Option A,Option B,Option C,Option D,Option E,2,Consider Language principles at level 5
lang-l5-095,Language,5,What is a key concept in Language at level 5? (variation 94),Option A,Option B,Option C,Option D,Option E,2,Consider Language principles at level 5
lang-l5-096,Language,5,What is a key concept in Language at level 5? (variation 95),Option A,Option B,Option C,Option D,Option E,2,Consider Language principles at level 5
lang-l5-097,Language,5,What is a key concept in Language at level 5? (variation 96),Option A,Option B,Option C,Option D,Option E,2,Consider Language principles at level 5
lang-l5-098,Language,5,What is a key concept in Language at level 5? (variation 97),Option C,Option A,Option E,Option B,Option D,0,Consider Language principles at level 5
lang-l5-099,Language,5,What is a key concept in Language at level 5? (variation 98),Option A,Option B,Option C,Option D,Option E,2,Consider Language principles at level 5
lang-l5-100,Language,5,What is a key concept in Language at level 5? (variation 99),Option A,Option B,Option C,Option D,Option E,2,Consider Language principles at level 5
earth-l1-001,Earth,1,What is a key concept in Earth at level 1?,Option A,Option B,Option C,Option D,Option E,2,Consider Earth principles at level 1
earth-l1-002,Earth,1,What is a key concept in Earth at level 1? (variation 1),Option E,Option D,Option C,Option B,Option A,2,Consider Earth principles at level 1
earth-l1-003,Earth,1,What is a key concept in Earth at level 1? (variation 2),Option A,Option B,Option C,Option D,Option E,2,Consider Earth principles at level 1
earth-l1-004,Earth,1,What is a key concept in Earth at level 1? (variation 3),Option A,Option B,Option C,Option D,Option E,2,Consider Earth principles at level 1
earth-l1-005,Earth,1,What is a key concept in Earth at level 1? (variation 4),Option A,Option B,Option C,Option D,Option E,2,Consider Earth principles at level 1
earth-l1-006,Earth,1,What is a key concept in Earth at level 1? (variation 5),Option D,Option E,Option A,Option C,Option B,3,Consider Earth principles at level 1
earth-l1-007,Earth,1,What is a key concept in Earth at level 1? (variation 6),Option A,Option B,Option C,Option D,Option E,2,Consider Earth principles at level 1
earth-l1-008,Earth,1,What is a key concept in Earth at level 1? (variation 7),Option A,Option B,Option C,Option D,Option E,2,Consider Earth principles at level 1
earth-l1-009,Earth,1,What is a key concept in Earth at level 1? (variation 8),Option A,Option B,Option C,Option D,Option E,2,Consider Earth principles at level 1
earth-l1-010,Earth,1,What is a key concept in Earth at level 1? (variation 9),Option A,Option B,Option C,Option D,Option E,2,Consider Earth principles at level 1
earth-l1-011,Earth,1,What is a key concept in Earth at level 1? (variation 10),Option A,Option B,Option C,Option D,Option E,2,Consider Earth principles at level 1
earth-l1-012,Earth,1,What is a key concept in Earth at level 1? (variation 11),Option B,Option C,Option A,Option D,Option E,1,Consider Earth principles at level 1
earth-l1-013,Earth,1,What is a key concept in Earth at level 1? (variation 12),Option A,Option B,Option C,Option D,Option E,2,Consider Earth principles at level 1
earth-l1-014,Earth,1,What is a key concept in Earth at level 1? (variation 13),Option E,Option A,Option B,Option D,Option C,4,Consider Earth principles at level 1
earth-l1-015,Earth,1,What is a key concept in Earth at level 1? (variation 14),Option C,Option D,Option E,Option B,Option A,0,Consider Earth principles at level 1
earth-l1-016,Earth,1,What is a key concept in Earth at level 1? (variation 15),Option A,Option B,Option C,Option D,Option E,2,Consider Earth principles at level 1
earth-l1-017,Earth,1,What is a key concept in Earth at level 1? (variation 16),Option A,Option B,Option C,Option D,Option E,2,Consider Earth principles at level 1
earth-l1-018,Earth,1,What is a key concept in Earth at level 1? (variation 17),Option A,Option B,Option C,Option D,Option E,2,Consider Earth principles at level 1
earth-l1-019,Earth,1,What is a key concept in Earth at level 1? (variation 18),Option A,Option B,Option C,Option D,Option E,2,Consider Earth principles at level 1
earth-l1-020,Earth,1,What is a key concept in Earth at level 1? (variation 19),Option A,Option B,Option C,Option D,Option E,2,Consider Earth principles at level 1
earth-l1-021,Earth,1,What is a key concept in Earth at level 1? (variation 20),Option A,Option B,Option C,Option D,Option E,2,Consider Earth principles at level 1
earth-l1-022,Earth,1,What is a key concept in Earth at level 1? (variation 21),Option A,Option C,Option D,Option B,Option E,1,Consider Earth principles at level 1
earth-l1-023,Earth,1,What is a key concept in Earth at level 1? (variation 22),Option A,Option B,Option C,Option D,Option E,2,Consider Earth principles at level 1
earth-l1-024,Earth,1,What is a key concept in Earth at level 1? (variation 23),Option E,Option C,Option B,Option A,Option D,1,Consider Earth principles at level 1
earth-l1-025,Earth,1,What is a key concept in Earth at level 1? (variation 24),Option A,Option B,Option C,Option D,Option E,2,Consider Earth principles at level 1
earth-l1-026,Earth,1,What is a key concept in Earth at level 1? (variation 25),Option D,Option A,Option C,Option E,Option B,2,Consider Earth principles at level 1
earth-l1-027,Earth,1,What is a key concept in Earth at level 1? (variation 26),Option A,Option B,Option C,Option D,Option E,2,Consider Earth principles at level 1
earth-l1-028,Earth,1,What is a key concept in Earth at level 1? (variation 27),Option A,Option B,Option C,Option D,Option E,2,Consider Earth principles at level 1
earth-l1-029,Earth,1,What is a key concept in Earth at level 1? (variation 28),Option E,Option C,Option B,Option D,Option A,1,Consider Earth principles at level 1
earth-l1-030,Earth,1,What is a key concept in Earth at level 1? (variation 29),Option A,Option B,Option C,Option D,Option E,2,Consider Earth principles at level 1
earth-l1-031,Earth,1,What is a key concept in Earth at level 1? (variation 30),Option D,Option B,Option A,Option E,Option C,4,Consider Earth principles at level 1
earth-l1-032,Earth,1,What is a key concept in Earth at level 1? (variation 31),Option B,Option A,Option D,Option E,Option C,4,Consider Earth principles at level 1
earth-l1-033,Earth,1,What is a key concept in Earth at level 1? (variation 32),Option A,Option B,Option C,Option D,Option E,2,Consider Earth principles at level 1
earth-l1-034,Earth,1,What is a key concept in Earth at level 1? (variation 33),Option B,Option E,Option D,Option A,Option C,4,Consider Earth principles at level 1
earth-l1-035,Earth,1,What is a key concept in Earth at level 1? (variation 34),Option A,Option B,Option C,Option D,Option E,2,Consider Earth principles at level 1
earth-l1-036,Earth,1,What is a key concept in Earth at level 1? (variation 35),Option E,Option D,Option A,Option B,Option C,4,Consider Earth principles at level 1
earth-l1-037,Earth,1,What is a key concept in Earth at level 1? (variation 36),Option A,Option B,Option C,Option D,Option E,2,Consider Earth principles at level 1
earth-l1-038,Earth,1,What is a key concept in Earth at level 1? (variation 37),Option A,Option B,Option C,Option D,Option E,2,Consider Earth principles at level 1
earth-l1-039,Earth,1,What is a key concept in Earth at level 1? (variation 38),Option A,Option B,Option C,Option D,Option E,2,Consider Earth principles at level 1
earth-l1-040,Earth,1,What is a key concept in Earth at level 1? (variation 39),Option A,Option B,Option C,Option D,Option E,2,Consider Earth principles at level 1
earth-l1-041,Earth,1,What is a key concept in Earth at level 1? (variation 40),Option A,Option B,Option C,Option D,Option E,2,Consider Earth principles at level 1
earth-l1-042,Earth,1,What is a key concept in Earth at level 1? (variation 41),Option A,Option B,Option C,Option D,Option E,2,Consider Earth principles at level 1
earth-l1-043,Earth,1,What is a key concept in Earth at level 1? (variation 42),Option B,Option E,Option A,Option D,Option C,4,Consider Earth principles at level 1
earth-l1-044,Earth,1,What is a key concept in Earth at level 1? (variation 43),Option A,Option B,Option C,Option D,Option E,2,Consider Earth principles at level 1
earth-l1-045,Earth,1,What is a key concept in Earth at level 1? (variation 44),Option E,Option D,Option A,Option B,Option C,4,Consider Earth principles at level 1
earth-l1-046,Earth,1,What is a key concept in Earth at level 1? (variation 45),Option B,Option A,Option C,Option E,Option D,2,Consider Earth principles at level 1
earth-l1-047,Earth,1,What is a key concept in Earth at level 1? (variation 46),Option A,Option B,Option C,Option D,Option E,2,Consider Earth principles at level 1
earth-l1-048,Earth,1,What is a key concept in Earth at level 1? (variation 47),Option A,Option B,Option C,Option D,Option E,2,Consider Earth principles at level 1
earth-l1-049,Earth,1,What is a key concept in Earth at level 1? (variation 48),Option A,Option B,Option C,Option D,Option E,2,Consider Earth principles at level 1
earth-l1-050,Earth,1,What is a key concept in Earth at level 1? (variation 49),Option B,Option C,Option E,Option D,Option A,1,Consider Earth principles at level 1
earth-l1-051,Earth,1,What is a key concept in Earth at level 1? (variation 50),Option A,Option B,Option C,Option D,Option E,2,Consider Earth principles at level 1
earth-l1-052,Earth,1,What is a key concept in Earth at level 1? (variation 51),Option A,Option B,Option C,Option D,Option E,2,Consider Earth principles at level 1
earth-l1-053,Earth,1,What is a key concept in Earth at level 1? (variation 52),Option A,Option B,Option C,Option D,Option E,2,Consider Earth principles at level 1
earth-l1-054,Earth,1,What is a key concept in Earth at level 1? (variation 53),Option A,Option C,Option D,Option E,Option B,1,Consider Earth principles at level 1
earth-l1-055,Earth,1,What is a key concept in Earth at level 1? (variation 54),Option A,Option B,Option C,Option D,Option E,2,Consider Earth principles at level 1
earth-l1-056,Earth,1,What is a key concept in Earth at level 1? (variation 55),Option C,Option B,Option D,Option E,Option A,0,Consider Earth principles at level 1
earth-l1-057,Earth,1,What is a key concept in Earth at level 1? (variation 56),Option A,Option B,Option C,Option D,Option E,2,Consider Earth principles at level 1
earth-l1-058,Earth,1,What is a key concept in Earth at level 1? (variation 57),Option C,Option E,Option B,Option A,Option D,0,Consider Earth principles at level 1
earth-l1-059,Earth,1,What is a key concept in Earth at level 1? (variation 58),Option B,Option D,Option C,Option E,Option A,2,Consider Earth principles at level 1
earth-l1-060,Earth,1,What is a key concept in Earth at level 1? (variation 59),Option A,Option B,Option C,Option D,Option E,2,Consider Earth principles at level 1
earth-l1-061,Earth,1,What is a key concept in Earth at level 1? (variation 60),Option A,Option B,Option C,Option D,Option E,2,Consider Earth principles at level 1
earth-l1-062,Earth,1,What is a key concept in Earth at level 1? (variation 61),Option A,Option B,Option C,Option D,Option E,2,Consider Earth principles at level 1
earth-l1-063,Earth,1,What is a key concept in Earth at level 1? (variation 62),Option D,Option E,Option A,Option C,Option B,3,Consider Earth principles at level 1
earth-l1-064,Earth,1,What is a key concept in Earth at level 1? (variation 63),Option A,Option B,Option C,Option D,Option E,2,Consider Earth principles at level 1
earth-l1-065,Earth,1,What is a key concept in Earth at level 1? (variation 64),Option A,Option B,Option C,Option D,Option E,2,Consider Earth principles at level 1
earth-l1-066,Earth,1,What is a key concept in Earth at level 1? (variation 65),Option D,Option C,Option E,Option B,Option A,1,Consider Earth principles at level 1
earth-l1-067,Earth,1,What is a key concept in Earth at level 1? (variation 66),Option A,Option B,Option C,Option D,Option E,2,Consider Earth principles at level 1
earth-l1-068,Earth,1,What is a key concept in Earth at level 1? (variation 67),Option A,Option B,Option C,Option D,Option E,2,Consider Earth principles at level 1
earth-l1-069,Earth,1,What is a key concept in Earth at level 1? (variation 68),Option A,Option B,Option C,Option D,Option E,2,Consider Earth principles at level 1
earth-l1-070,Earth,1,What is a key concept in Earth at level 1? (variation 69),Option A,Option B,Option C,Option D,Option E,2,Consider Earth principles at level 1
earth-l1-071,Earth,1,What is a key concept in Earth at level 1? (variation 70),Option A,Option B,Option C,Option D,Option E,2,Consider Earth principles at level 1
earth-l1-072,Earth,1,What is a key concept in Earth at level 1? (variation 71),Option A,Option B,Option C,Option D,Option E,2,Consider Earth principles at level 1
earth-l1-073,Earth,1,What is a key concept in Earth at level 1? (variation 72),Option A,Option B,Option C,Option D,Option E,2,Consider Earth principles at level 1
earth-l1-074,Earth,1,What is a key concept in Earth at level 1? (variation 73),Option E,Option A,Option B,Option C,Option D,3,Consider Earth principles at level 1
earth-l1-075,Earth,1,What is a key concept in Earth at level 1? (variation 74),Option A,Option B,Option C,Option D,Option E,2,Consider Earth principles at level 1
earth-l1-076,Earth,1,What is a key concept in Earth at level 1? (variation 75),Option A,Option B,Option C,Option D,Option E,2,Consider Earth principles at level 1
earth-l1-077,Earth,1,What is a key concept in Earth at level 1? (variation 76),Option A,Option B,Option C,Option D,Option E,2,Consider Earth principles at level 1
earth-l1-078,Earth,1,What is a key concept in Earth at level 1? (variation 77),Option A,Option B,Option C,Option D,Option E,2,Consider Earth principles at level 1
earth-l1-079,Earth,1,What is a key concept in Earth at level 1? (variation 78),Option A,Option B,Option C,Option D,Option E,2,Consider Earth principles at level 1
earth-l1-080,Earth,1,What is a key concept in Earth at level 1? (variation 79),Option A,Option B,Option C,Option D,Option E,2,Consider Earth principles at level 1
earth-l1-081,Earth,1,What is a key concept in Earth at level 1? (variation 80),Option A,Option B,Option C,Option D,Option E,2,Consider Earth principles at level 1
earth-l1-082,Earth,1,What is a key concept in Earth at level 1? (variation 81),Option A,Option B,Option C,Option D,Option E,2,Consider Earth principles at level 1
earth-l1-083,Earth,1,What is a key concept in Earth at level 1? (variation 82),Option A,Option B,Option C,Option D,Option E,2,Consider Earth principles at level 1
earth-l1-084,Earth,1,What is a key concept in Earth at level 1? (variation 83),Option A,Option B,Option C,Option D,Option E,2,Consider Earth principles at level 1
earth-l1-085,Earth,1,What is a key concept in Earth at level 1? (variation 84),Option A,Option B,Option C,Option D,Option E,2,Consider Earth principles at level 1
earth-l1-086,Earth,1,What is a key concept in Earth at level 1? (variation 85),Option A,Option B,Option C,Option D,Option E,2,Consider Earth principles at level 1
earth-l1-087,Earth,1,What is a key concept in Earth at level 1? (variation 86),Option A,Option B,Option C,Option D,Option E,2,Consider Earth principles at level 1
earth-l1-088,Earth,1,What is a key concept in Earth at level 1? (variation 87),Option E,Option B,Option C,Option D,Option A,2,Consider Earth principles at level 1
earth-l1-089,Earth,1,What is a key concept in Earth at level 1? (variation 88),Option A,Option B,Option C,Option D,Option E,2,Consider Earth principles at level 1
earth-l1-090,Earth,1,What is a key concept in Earth at level 1? (variation 89),Option A,Option B,Option C,Option D,Option E,2,Consider Earth principles at level 1
earth-l1-091,Earth,1,What is a key concept in Earth at level 1? (variation 90),Option A,Option B,Option C,Option D,Option E,2,Consider Earth principles at level 1
earth-l1-092,Earth,1,What is a key concept in Earth at level 1? (variation 91),Option A,Option B,Option C,Option D,Option E,2,Consider Earth principles at level 1
earth-l1-093,Earth,1,What is a key concept in Earth at level 1? (variation 92),Option A,Option B,Option C,Option D,Option E,2,Consider Earth principles at level 1
earth-l1-094,Earth,1,What is a key concept in Earth at level 1? (variation 93),Option E,Option A,Option D,Option B,Option C,4,Consider Earth principles at level 1
earth-l1-095,Earth,1,What is a key concept in Earth at level 1? (variation 94),Option C,Option B,Option E,Option A,Option D,0,Consider Earth principles at level 1
earth-l1-096,Earth,1,What is a key concept in Earth at level 1? (variation 95),Option A,Option B,Option C,Option D,Option E,2,Consider Earth principles at level 1
earth-l1-097,Earth,1,What is a key concept in Earth at level 1? (variation 96),Option A,Option B,Option C,Option D,Option E,2,Consider Earth principles at level 1
earth-l1-098,Earth,1,What is a key concept in Earth at level 1? (variation 97),Option C,Option D,Option A,Option B,Option E,0,Consider Earth principles at level 1
earth-l1-099,Earth,1,What is a key concept in Earth at level 1? (variation 98),Option A,Option B,Option C,Option D,Option E,2,Consider Earth principles at level 1
earth-l1-100,Earth,1,What is a key concept in Earth at level 1? (variation 99),Option A,Option B,Option C,Option D,Option E,2,Consider Earth principles at level 1
earth-l2-001,Earth,2,What is a key concept in Earth at level 2?,Option A,Option B,Option C,Option D,Option E,2,Consider Earth principles at level 2
earth-l2-002,Earth,2,What is a key concept in Earth at level 2? (variation 1),Option A,Option B,Option C,Option D,Option E,2,Consider Earth principles at level 2
earth-l2-003,Earth,2,What is a key concept in Earth at level 2? (variation 2),Option D,Option E,Option B,Option C,Option A,3,Consider Earth principles at level 2
earth-l2-004,Earth,2,What is a key concept in Earth at level 2? (variation 3),Option C,Option E,Option B,Option D,Option A,0,Consider Earth principles at level 2
earth-l2-005,Earth,2,What is a key concept in Earth at level 2? (variation 4),Option D,Option B,Option C,Option E,Option A,2,Consider Earth principles at level 2
earth-l2-006,Earth,2,What is a key concept in Earth at level 2? (variation 5),Option A,Option B,Option C,Option D,Option E,2,Consider Earth principles at level 2
earth-l2-007,Earth,2,What is a key concept in Earth at level 2? (variation 6),Option A,Option B,Option C,Option D,Option E,2,Consider Earth principles at level 2
earth-l2-008,Earth,2,What is a key concept in Earth at level 2? (variation 7),Option B,Option A,Option D,Option E,Option C,4,Consider Earth principles at level 2
earth-l2-009,Earth,2,What is a key concept in Earth at level 2? (variation 8),Option A,Option B,Option C,Option D,Option E,2,Consider Earth principles at level 2
earth-l2-010,Earth,2,What is a key concept in Earth at level 2? (variation 9),Option A,Option B,Option C,Option D,Option E,2,Consider Earth principles at level 2
earth-l2-011,Earth,2,What is a key concept in Earth at level 2? (variation 10),Option A,Option B,Option C,Option D,Option E,2,Consider Earth principles at level 2
earth-l2-012,Earth,2,What is a key concept in Earth at level 2? (variation 11),Option C,Option E,Option B,Option A,Option D,0,Consider Earth principles at level 2
earth-l2-013,Earth,2,What is a key concept in Earth at level 2? (variation 12),Option D,Option C,Option B,Option A,Option E,1,Consider Earth principles at level 2
earth-l2-014,Earth,2,What is a key concept in Earth at level 2? (variation 13),Option A,Option B,Option C,Option D,Option E,2,Consider Earth principles at level 2
earth-l2-015,Earth,2,What is a key concept in Earth at level 2? (variation 14),Option A,Option B,Option C,Option D,Option E,2,Consider Earth principles at level 2
earth-l2-016,Earth,2,What is a key concept in Earth at level 2? (variation 15),Option E,Option C,Option A,Option B,Option D,1,Consider Earth principles at level 2
earth-l2-017,Earth,2,What is a key concept in Earth at level 2? (variation 16),Option A,Option B,Option C,Option D,Option E,2,Consider Earth principles at level 2
earth-l2-018,Earth,2,What is a key concept in Earth at level 2? (variation 17),Option A,Option B,Option C,Option D,Option E,2,Consider Earth principles at level 2
earth-l2-019,Earth,2,What is a key concept in Earth at level 2? (variation 18),Option A,Option B,Option C,Option D,Option E,2,Consider Earth principles at level 2
earth-l2-020,Earth,2,What is a key concept in Earth at level 2? (variation 19),Option A,Option B,Option C,Option D,Option E,2,Consider Earth principles at level 2
earth-l2-021,Earth,2,What is a key concept in Earth at level 2? (variation 20),Option A,Option B,Option C,Option D,Option E,2,Consider Earth principles at level 2
earth-l2-022,Earth,2,What is a key concept in Earth at level 2? (variation 21),Option C,Option B,Option E,Option A,Option D,0,Consider Earth principles at level 2
earth-l2-023,Earth,2,What is a key concept in Earth at level 2? (variation 22),Option A,Option B,Option C,Option D,Option E,2,Consider Earth principles at level 2
earth-l2-024,Earth,2,What is a key concept in Earth at level 2? (variation 23),Option A,Option B,Option C,Option E,Option D,2,Consider Earth principles at level 2
earth-l2-025,Earth,2,What is a key concept in Earth at level 2? (variation 24),Option B,Option D,Option A,Option E,Option C,4,Consider Earth principles at level 2
earth-l2-026,Earth,2,What is a key concept in Earth at level 2? (variation 25),Option A,Option B,Option C,Option D,Option E,2,Consider Earth principles at level 2
earth-l2-027,Earth,2,What is a key concept in Earth at level 2? (variation 26),Option A,Option B,Option C,Option D,Option E,2,Consider Earth principles at level 2
earth-l2-028,Earth,2,What is a key concept in Earth at level 2? (variation 27),Option E,Option A,Option B,Option D,Option C,4,Consider Earth principles at level 2
earth-l2-029,Earth,2,What is a key concept in Earth at level 2? (variation 28),Option C,Option A,Option B,Option D,Option E,0,Consider Earth principles at level 2
earth-l2-030,Earth,2,What is a key concept in Earth at level 2? (variation 29),Option A,Option B,Option C,Option D,Option E,2,Consider Earth principles at level 2
earth-l2-031,Earth,2,What is a key concept in Earth at level 2? (variation 30),Option E,Option B,Option D,Option C,Option A,3,Consider Earth principles at level 2
earth-l2-032,Earth,2,What is a key concept in Earth at level 2? (variation 31),Option A,Option B,Option C,Option D,Option E,2,Consider Earth principles at level 2
earth-l2-033,Earth,2,What is a key concept in Earth at level 2? (variation 32),Option A,Option B,Option C,Option D,Option E,2,Consider Earth principles at level 2
earth-l2-034,Earth,2,What is a key concept in Earth at level 2? (variation 33),Option A,Option B,Option C,Option D,Option E,2,Consider Earth principles at level 2
earth-l2-035,Earth,2,What is a key concept in Earth at level 2? (variation 34),Option D,Option A,Option B,Option C,Option E,3,Consider Earth principles at level 2
earth-l2-036,Earth,2,What is a key concept in Earth at level 2? (variation 35),Option A,Option B,Option C,Option D,Option E,2,Consider Earth principles at level 2
earth-l2-037,Earth,2,What is a key concept in Earth at level 2? (variation 36),Option A,Option B,Option C,Option D,Option E,2,Consider Earth principles at level 2
earth-l2-038,Earth,2,What is a key concept in Earth at level 2? (variation 37),Option C,Option E,Option A,Option D,Option B,0,Consider Earth principles at level 2
earth-l2-039,Earth,2,What is a key concept in Earth at level 2? (variation 38),Option A,Option B,Option C,Option D,Option E,2,Consider Earth principles at level 2
earth-l2-040,Earth,2,What is a key concept in Earth at level 2? (variation 39),Option A,Option B,Option C,Option D,Option E,2,Consider Earth principles at level 2
earth-l2-041,Earth,2,What is a key concept in Earth at level 2? (variation 40),Option A,Option B,Option C,Option D,Option E,2,Consider Earth principles at level 2
earth-l2-042,Earth,2,What is a key concept in Earth at level 2? (variation 41),Option A,Option B,Option C,Option D,Option E,2,Consider Earth principles at level 2
earth-l2-043,Earth,2,What is a key concept in Earth at level 2? (variation 42),Option A,Option B,Option C,Option D,Option E,2,Consider Earth principles at level 2
earth-l2-044,Earth,2,What is a key concept in Earth at level 2? (variation 43),Option A,Option E,Option D,Option C,Option B,3,Consider Earth principles at level 2
earth-l2-045,Earth,2,What is a key concept in Earth at level 2? (variation 44),Option A,Option B,Option C,Option D,Option E,2,Consider Earth principles at level 2
earth-l2-046,Earth,2,What is a key concept in Earth at level 2? (variation 45),Option B,Option E,Option C,Option D,Option A,2,Consider Earth principles at level 2
earth-l2-047,Earth,2,What is a key concept in Earth at level 2? (variation 46),Option E,Option C,Option A,Option D,Option B,1,Consider Earth principles at level 2
earth-l2-048,Earth,2,What is a key concept in Earth at level 2? (variation 47),Option A,Option B,Option C,Option D,Option E,2,Consider Earth principles at level 2
earth-l2-049,Earth,2,What is a key concept in Earth at level 2? (variation 48),Option A,Option B,Option E,Option D,Option C,4,Consider Earth principles at level 2
earth-l2-050,Earth,2,What is a key concept in Earth at level 2? (variation 49),Option E,Option C,Option D,Option A,Option B,1,Consider Earth principles at level 2
earth-l2-051,Earth,2,What is a key concept in Earth at level 2? (variation 50),Option A,Option B,Option C,Option D,Option E,2,Consider Earth principles at level 2
earth-l2-052,Earth,2,What is a key concept in Earth at level 2? (variation 51),Option C,Option D,Option E,Option A,Option B,0,Consider Earth principles at level 2
earth-l2-053,Earth,2,What is a key concept in Earth at level 2? (variation 52),Option D,Option E,Option B,Option C,Option A,3,Consider Earth principles at level 2
earth-l2-054,Earth,2,What is a key concept in Earth at level 2? (variation 53),Option A,Option B,Option C,Option D,Option E,2,Consider Earth principles at level 2
earth-l2-055,Earth,2,What is a key concept in Earth at level 2? (variation 54),Option C,Option A,Option D,Option B,Option E,0,Consider Earth principles at level 2
earth-l2-056,Earth,2,What is a key concept in Earth at level 2? (variation 55),Option A,Option B,Option C,Option D,Option E,2,Consider Earth principles at level 2
earth-l2-057,Earth,2,What is a key concept in Earth at level 2? (variation 56),Option A,Option D,Option C,Option B,Option E,2,Consider Earth principles at level 2
earth-l2-058,Earth,2,What is a key concept in Earth at level 2? (variation 57),Option A,Option B,Option C,Option D,Option E,2,Consider Earth principles at level 2
earth-l2-059,Earth,2,What is a key concept in Earth at level 2? (variation 58),Option A,Option B,Option C,Option D,Option E,2,Consider Earth principles at level 2
earth-l2-060,Earth,2,What is a key concept in Earth at level 2? (variation 59),Option A,Option B,Option C,Option D,Option E,2,Consider Earth principles at level 2
earth-l2-061,Earth,2,What is a key concept in Earth at level 2? (variation 60),Option A,Option B,Option C,Option D,Option E,2,Consider Earth principles at level 2
earth-l2-062,Earth,2,What is a key concept in Earth at level 2? (variation 61),Option A,Option B,Option C,Option D,Option E,2,Consider Earth principles at level 2
earth-l2-063,Earth,2,What is a key concept in Earth at level 2? (variation 62),Option A,Option B,Option C,Option D,Option E,2,Consider Earth principles at level 2
earth-l2-064,Earth,2,What is a key concept in Earth at level 2? (variation 63),Option A,Option B,Option C,Option D,Option E,2,Consider Earth principles at level 2
earth-l2-065,Earth,2,What is a key concept in Earth at level 2? (variation 64),Option A,Option B,Option C,Option D,Option E,2,Consider Earth principles at level 2
earth-l2-066,Earth,2,What is a key concept in Earth at level 2? (variation 65),Option A,Option B,Option C,Option D,Option E,2,Consider Earth principles at level 2
earth-l2-067,Earth,2,What is a key concept in Earth at level 2? (variation 66),Option A,Option B,Option D,Option E,Option C,4,Consider Earth principles at level 2
earth-l2-068,Earth,2,What is a key concept in Earth at level 2? (variation 67),Option A,Option B,Option C,Option D,Option E,2,Consider Earth principles at level 2
earth-l2-069,Earth,2,What is a key concept in Earth at level 2? (variation 68),Option B,Option D,Option C,Option E,Option A,2,Consider Earth principles at level 2
earth-l2-070,Earth,2,What is a key concept in Earth at level 2? (variation 69),Option B,Option D,Option E,Option C,Option A,3,Consider Earth principles at level 2
earth-l2-071,Earth,2,What is a key concept in Earth at level 2? (variation 70),Option A,Option B,Option C,Option D,Option E,2,Consider Earth principles at level 2
earth-l2-072,Earth,2,What is a key concept in Earth at level 2? (variation 71),Option A,Option B,Option C,Option D,Option E,2,Consider Earth principles at level 2
earth-l2-073,Earth,2,What is a key concept in Earth at level 2? (variation 72),Option A,Option B,Option C,Option D,Option E,2,Consider Earth principles at level 2
earth-l2-074,Earth,2,What is a key concept in Earth at level 2? (variation 73),Option A,Option B,Option C,Option D,Option E,2,Consider Earth principles at level 2
earth-l2-075,Earth,2,What is a key concept in Earth at level 2? (variation 74),Option C,Option E,Option D,Option A,Option B,0,Consider Earth principles at level 2
earth-l2-076,Earth,2,What is a key concept in Earth at level 2? (variation 75),Option A,Option B,Option C,Option D,Option E,2,Consider Earth principles at level 2
earth-l2-077,Earth,2,What is a key concept in Earth at level 2? (variation 76),Option D,Option E,Option B,Option A,Option C,4,Consider Earth principles at level 2
earth-l2-078,Earth,2,What is a key concept in Earth at level 2? (variation 77),Option A,Option E,Option D,Option B,Option C,4,Consider Earth principles at level 2
earth-l2-079,Earth,2,What is a key concept in Earth at level 2? (variation 78),Option A,Option B,Option C,Option D,Option E,2,Consider Earth principles at level 2
earth-l2-080,Earth,2,What is a key concept in Earth at level 2? (variation 79),Option A,Option B,Option C,Option D,Option E,2,Consider Earth principles at level 2
earth-l2-081,Earth,2,What is a key concept in Earth at level 2? (variation 80),Option B,Option C,Option D,Option E,Option A,1,Consider Earth principles at level 2
earth-l2-082,Earth,2,What is a key concept in Earth at level 2? (variation 81),Option A,Option B,Option C,Option D,Option E,2,Consider Earth principles at level 2
earth-l2-083,Earth,2,What is a key concept in Earth at level 2? (variation 82),Option A,Option B,Option C,Option D,Option E,2,Consider Earth principles at level 2
earth-l2-084,Earth,2,What is a key concept in Earth at level 2? (variation 83),Option A,Option E,Option B,Option D,Option C,4,Consider Earth principles at level 2
earth-l2-085,Earth,2,What is a key concept in Earth at level 2? (variation 84),Option D,Option B,Option A,Option E,Option C,4,Consider Earth principles at level 2
earth-l2-086,Earth,2,What is a key concept in Earth at level 2? (variation 85),Option A,Option B,Option C,Option D,Option E,2,Consider Earth principles at level 2
earth-l2-087,Earth,2,What is a key concept in Earth at level 2? (variation 86),Option A,Option B,Option C,Option D,Option E,2,Consider Earth principles at level 2
earth-l2-088,Earth,2,What is a key concept in Earth at level 2? (variation 87),Option A,Option B,Option C,Option D,Option E,2,Consider Earth principles at level 2
earth-l2-089,Earth,2,What is a key concept in Earth at level 2? (variation 88),Option B,Option C,Option D,Option A,Option E,1,Consider Earth principles at level 2
earth-l2-090,Earth,2,What is a key concept in Earth at level 2? (variation 89),Option A,Option B,Option C,Option D,Option E,2,Consider Earth principles at level 2
earth-l2-091,Earth,2,What is a key concept in Earth at level 2? (variation 90),Option A,Option B,Option C,Option D,Option E,2,Consider Earth principles at level 2
earth-l2-092,Earth,2,What is a key concept in Earth at level 2? (variation 91),Option B,Option E,Option D,Option A,Option C,4,Consider Earth principles at level 2
earth-l2-093,Earth,2,What is a key concept in Earth at level 2? (variation 92),Option B,Option E,Option C,Option A,Option D,2,Consider Earth principles at level 2
earth-l2-094,Earth,2,What is a key concept in Earth at level 2? (variation 93),Option D,Option A,Option C,Option B,Option E,2,Consider Earth principles at level 2
earth-l2-095,Earth,2,What is a key concept in Earth at level 2? (variation 94),Option A,Option B,Option C,Option D,Option E,2,Consider Earth principles at level 2
earth-l2-096,Earth,2,What is a key concept in Earth at level 2? (variation 95),Option A,Option B,Option C,Option D,Option E,2,Consider Earth principles at level 2
earth-l2-097,Earth,2,What is a key concept in Earth at level 2? (variation 96),Option A,Option B,Option C,Option D,Option E,2,Consider Earth principles at level 2
earth-l2-098,Earth,2,What is a key concept in Earth at level 2? (variation 97),Option A,Option B,Option C,Option D,Option E,2,Consider Earth principles at level 2
earth-l2-099,Earth,2,What is a key concept in Earth at level 2? (variation 98),Option A,Option B,Option C,Option D,Option E,2,Consider Earth principles at level 2
earth-l2-100,Earth,2,What is a key concept in Earth at level 2? (variation 99),Option A,Option B,Option C,Option D,Option E,2,Consider Earth principles at level 2
earth-l3-001,Earth,3,What is a key concept in Earth at level 3?,Option A,Option B,Option C,Option D,Option E,2,Consider Earth principles at level 3
earth-l3-002,Earth,3,What is a key concept in Earth at level 3? (variation 1),Option A,Option E,Option B,Option C,Option D,3,Consider Earth principles at level 3
earth-l3-003,Earth,3,What is a key concept in Earth at level 3? (variation 2),Option E,Option C,Option D,Option A,Option B,1,Consider Earth principles at level 3
earth-l3-004,Earth,3,What is a key concept in Earth at level 3? (variation 3),Option A,Option B,Option C,Option D,Option E,2,Consider Earth principles at level 3
earth-l3-005,Earth,3,What is a key concept in Earth at level 3? (variation 4),Option A,Option B,Option C,Option D,Option E,2,Consider Earth principles at level 3
earth-l3-006,Earth,3,What is a key concept in Earth at level 3? (variation 5),Option A,Option B,Option C,Option D,Option E,2,Consider Earth principles at level 3
earth-l3-007,Earth,3,What is a key concept in Earth at level 3? (variation 6),Option A,Option B,Option C,Option D,Option E,2,Consider Earth principles at level 3
earth-l3-008,Earth,3,What is a key concept in Earth at level 3? (variation 7),Option E,Option C,Option B,Option A,Option D,1,Consider Earth principles at level 3
earth-l3-009,Earth,3,What is a key concept in Earth at level 3? (variation 8),Option A,Option B,Option C,Option D,Option E,2,Consider Earth principles at level 3
earth-l3-010,Earth,3,What is a key concept in Earth at level 3? (variation 9),Option C,Option A,Option B,Option D,Option E,0,Consider Earth principles at level 3
earth-l3-011,Earth,3,What is a key concept in Earth at level 3? (variation 10),Option A,Option B,Option C,Option D,Option E,2,Consider Earth principles at level 3
earth-l3-012,Earth,3,What is a key concept in Earth at level 3? (variation 11),Option D,Option A,Option B,Option E,Option C,4,Consider Earth principles at level 3
earth-l3-013,Earth,3,What is a key concept in Earth at level 3? (variation 12),Option A,Option B,Option C,Option D,Option E,2,Consider Earth principles at level 3
earth-l3-014,Earth,3,What is a key concept in Earth at level 3? (variation 13),Option A,Option B,Option C,Option D,Option E,2,Consider Earth principles at level 3
earth-l3-015,Earth,3,What is a key concept in Earth at level 3? (variation 14),Option A,Option B,Option C,Option D,Option E,2,Consider Earth principles at level 3
earth-l3-016,Earth,3,What is a key concept in Earth at level 3? (variation 15),Option B,Option E,Option D,Option A,Option C,4,Consider Earth principles at level 3
earth-l3-017,Earth,3,What is a key concept in Earth at level 3? (variation 16),Option A,Option B,Option C,Option D,Option E,2,Consider Earth principles at level 3
earth-l3-018,Earth,3,What is a key concept in Earth at level 3? (variation 17),Option B,Option D,Option A,Option E,Option C,4,Consider Earth principles at level 3
earth-l3-019,Earth,3,What is a key concept in Earth at level 3? (variation 18),Option A,Option B,Option C,Option D,Option E,2,Consider Earth principles at level 3
earth-l3-020,Earth,3,What is a key concept in Earth at level 3? (variation 19),Option A,Option B,Option D,Option C,Option E,3,Consider Earth principles at level 3
earth-l3-021,Earth,3,What is a key concept in Earth at level 3? (variation 20),Option A,Option B,Option C,Option D,Option E,2,Consider Earth principles at level 3
earth-l3-022,Earth,3,What is a key concept in Earth at level 3? (variation 21),Option A,Option B,Option C,Option D,Option E,2,Consider Earth principles at level 3
earth-l3-023,Earth,3,What is a key concept in Earth at level 3? (variation 22),Option A,Option C,Option B,Option E,Option D,1,Consider Earth principles at level 3
earth-l3-024,Earth,3,What is a key concept in Earth at level 3? (variation 23),Option A,Option B,Option C,Option D,Option E,2,Consider Earth principles at level 3
earth-l3-025,Earth,3,What is a key concept in Earth at level 3? (variation 24),Option A,Option B,Option C,Option D,Option E,2,Consider Earth principles at level 3
earth-l3-026,Earth,3,What is a key concept in Earth at level 3? (variation 25),Option A,Option D,Option C,Option B,Option E,2,Consider Earth principles at level 3
earth-l3-027,Earth,3,What is a key concept in Earth at level 3? (variation 26),Option A,Option B,Option C,Option D,Option E,2,Consider Earth principles at level 3
earth-l3-028,Earth,3,What is a key concept in Earth at level 3? (variation 27),Option A,Option B,Option C,Option D,Option E,2,Consider Earth principles at level 3
earth-l3-029,Earth,3,What is a key concept in Earth at level 3? (variation 28),Option A,Option B,Option C,Option D,Option E,2,Consider Earth principles at level 3
earth-l3-030,Earth,3,What is a key concept in Earth at level 3? (variation 29),Option A,Option C,Option D,Option E,Option B,1,Consider Earth principles at level 3
earth-l3-031,Earth,3,What is a key concept in Earth at level 3? (variation 30),Option A,Option B,Option C,Option D,Option E,2,Consider Earth principles at level 3
earth-l3-032,Earth,3,What is a key concept in Earth at level 3? (variation 31),Option A,Option B,Option C,Option D,Option E,2,Consider Earth principles at level 3
earth-l3-033,Earth,3,What is a key concept in Earth at level 3? (variation 32),Option A,Option B,Option C,Option D,Option E,2,Consider Earth principles at level 3
earth-l3-034,Earth,3,What is a key concept in Earth at level 3? (variation 33),Option D,Option B,Option C,Option A,Option E,2,Consider Earth principles at level 3
earth-l3-035,Earth,3,What is a key concept in Earth at level 3? (variation 34),Option A,Option B,Option C,Option D,Option E,2,Consider Earth principles at level 3
earth-l3-036,Earth,3,What is a key concept in Earth at level 3? (variation 35),Option A,Option B,Option C,Option D,Option E,2,Consider Earth principles at level 3
earth-l3-037,Earth,3,What is a key concept in Earth at level 3? (variation 36),Option A,Option B,Option C,Option D,Option E,2,Consider Earth principles at level 3
earth-l3-038,Earth,3,What is a key concept in Earth at level 3? (variation 37),Option A,Option B,Option C,Option D,Option E,2,Consider Earth principles at level 3
earth-l3-039,Earth,3,What is a key concept in Earth at level 3? (variation 38),Option A,Option B,Option C,Option D,Option E,2,Consider Earth principles at level 3
earth-l3-040,Earth,3,What is a key concept in Earth at level 3? (variation 39),Option A,Option B,Option C,Option D,Option E,2,Consider Earth principles at level 3
earth-l3-041,Earth,3,What is a key concept in Earth at level 3? (variation 40),Option A,Option B,Option C,Option D,Option E,2,Consider Earth principles at level 3
earth-l3-042,Earth,3,What is a key concept in Earth at level 3? (variation 41),Option A,Option B,Option C,Option D,Option E,2,Consider Earth principles at level 3
earth-l3-043,Earth,3,What is a key concept in Earth at level 3? (variation 42),Option A,Option B,Option C,Option D,Option E,2,Consider Earth principles at level 3
earth-l3-044,Earth,3,What is a key concept in Earth at level 3? (variation 43),Option A,Option B,Option C,Option E,Option D,2,Consider Earth principles at level 3
earth-l3-045,Earth,3,What is a key concept in Earth at level 3? (variation 44),Option C,Option B,Option E,Option D,Option A,0,Consider Earth principles at level 3
earth-l3-046,Earth,3,What is a key concept in Earth at level 3? (variation 45),Option A,Option B,Option C,Option D,Option E,2,Consider Earth principles at level 3
earth-l3-047,Earth,3,What is a key concept in Earth at level 3? (variation 46),Option D,Option A,Option B,Option E,Option C,4,Consider Earth principles at level 3
earth-l3-048,Earth,3,What is a key concept in Earth at level 3? (variation 47),Option A,Option B,Option C,Option D,Option E,2,Consider Earth principles at level 3
earth-l3-049,Earth,3,What is a key concept in Earth at level 3? (variation 48),Option A,Option B,Option C,Option D,Option E,2,Consider Earth principles at level 3
earth-l3-050,Earth,3,What is a key concept in Earth at level 3? (variation 49),Option A,Option B,Option C,Option D,Option E,2,Consider Earth principles at level 3
earth-l3-051,Earth,3,What is a key concept in Earth at level 3? (variation 50),Option C,Option B,Option A,Option E,Option D,0,Consider Earth principles at level 3
earth-l3-052,Earth,3,What is a key concept in Earth at level 3? (variation 51),Option A,Option B,Option C,Option D,Option E,2,Consider Earth principles at level 3
earth-l3-053,Earth,3,What is a key concept in Earth at level 3? (variation 52),Option A,Option B,Option C,Option D,Option E,2,Consider Earth principles at level 3
earth-l3-054,Earth,3,What is a key concept in Earth at level 3? (variation 53),Option A,Option B,Option C,Option D,Option E,2,Consider Earth principles at level 3
earth-l3-055,Earth,3,What is a key concept in Earth at level 3? (variation 54),Option A,Option B,Option C,Option D,Option E,2,Consider Earth principles at level 3
earth-l3-056,Earth,3,What is a key concept in Earth at level 3? (variation 55),Option A,Option B,Option C,Option D,Option E,2,Consider Earth principles at level 3
earth-l3-057,Earth,3,What is a key concept in Earth at level 3? (variation 56),Option D,Option E,Option A,Option C,Option B,3,Consider Earth principles at level 3
earth-l3-058,Earth,3,What is a key concept in Earth at level 3? (variation 57),Option A,Option B,Option C,Option D,Option E,2,Consider Earth principles at level 3
earth-l3-059,Earth,3,What is a key concept in Earth at level 3? (variation 58),Option C,Option B,Option A,Option E,Option D,0,Consider Earth principles at level 3
earth-l3-060,Earth,3,What is a key concept in Earth at level 3? (variation 59),Option A,Option B,Option C,Option D,Option E,2,Consider Earth principles at level 3
earth-l3-061,Earth,3,What is a key concept in Earth at level 3? (variation 60),Option A,Option B,Option C,Option D,Option E,2,Consider Earth principles at level 3
earth-l3-062,Earth,3,What is a key concept in Earth at level 3? (variation 61),Option A,Option B,Option C,Option D,Option E,2,Consider Earth principles at level 3
earth-l3-063,Earth,3,What is a key concept in Earth at level 3? (variation 62),Option A,Option B,Option C,Option D,Option E,2,Consider Earth principles at level 3
earth-l3-064,Earth,3,What is a key concept in Earth at level 3? (variation 63),Option D,Option A,Option E,Option C,Option B,3,Consider Earth principles at level 3
earth-l3-065,Earth,3,What is a key concept in Earth at level 3? (variation 64),Option C,Option D,Option A,Option E,Option B,0,Consider Earth principles at level 3
earth-l3-066,Earth,3,What is a key concept in Earth at level 3? (variation 65),Option A,Option B,Option C,Option D,Option E,2,Consider Earth principles at level 3
earth-l3-067,Earth,3,What is a key concept in Earth at level 3? (variation 66),Option A,Option B,Option C,Option D,Option E,2,Consider Earth principles at level 3
earth-l3-068,Earth,3,What is a key concept in Earth at level 3? (variation 67),Option A,Option B,Option C,Option D,Option E,2,Consider Earth principles at level 3
earth-l3-069,Earth,3,What is a key concept in Earth at level 3? (variation 68),Option C,Option E,Option A,Option B,Option D,0,Consider Earth principles at level 3
earth-l3-070,Earth,3,What is a key concept in Earth at level 3? (variation 69),Option A,Option B,Option C,Option D,Option E,2,Consider Earth principles at level 3
earth-l3-071,Earth,3,What is a key concept in Earth at level 3? (variation 70),Option E,Option B,Option C,Option D,Option A,2,Consider Earth principles at level 3
earth-l3-072,Earth,3,What is a key concept in Earth at level 3? (variation 71),Option A,Option B,Option C,Option D,Option E,2,Consider Earth principles at level 3
earth-l3-073,Earth,3,What is a key concept in Earth at level 3? (variation 72),Option A,Option B,Option E,Option D,Option C,4,Consider Earth principles at level 3
earth-l3-074,Earth,3,What is a key concept in Earth at level 3? (variation 73),Option A,Option B,Option C,Option D,Option E,2,Consider Earth principles at level 3
earth-l3-075,Earth,3,What is a key concept in Earth at level 3? (variation 74),Option A,Option B,Option C,Option D,Option E,2,Consider Earth principles at level 3
earth-l3-076,Earth,3,What is a key concept in Earth at level 3? (variation 75),Option E,Option A,Option B,Option C,Option D,3,Consider Earth principles at level 3
earth-l3-077,Earth,3,What is a key concept in Earth at level 3? (variation 76),Option A,Option B,Option C,Option D,Option E,2,Consider Earth principles at level 3
earth-l3-078,Earth,3,What is a key concept in Earth at level 3? (variation 77),Option A,Option B,Option C,Option D,Option E,2,Consider Earth principles at level 3
earth-l3-079,Earth,3,What is a key concept in Earth at level 3? (variation 78),Option A,Option B,Option C,Option D,Option E,2,Consider Earth principles at level 3
earth-l3-080,Earth,3,What is a key concept in Earth at level 3? (variation 79),Option C,Option A,Option D,Option B,Option E,0,Consider Earth principles at level 3
earth-l3-081,Earth,3,What is a key concept in Earth at level 3? (variation 80),Option A,Option B,Option C,Option D,Option E,2,Consider Earth principles at level 3
earth-l3-082,Earth,3,What is a key concept in Earth at level 3? (variation 81),Option A,Option B,Option C,Option D,Option E,2,Consider Earth principles at level 3
earth-l3-083,Earth,3,What is a key concept in Earth at level 3? (variation 82),Option A,Option C,Option E,Option D,Option B,1,Consider Earth principles at level 3
earth-l3-084,Earth,3,What is a key concept in Earth at level 3? (variation 83),Option A,Option B,Option C,Option D,Option E,2,Consider Earth principles at level 3
earth-l3-085,Earth,3,What is a key concept in Earth at level 3? (variation 84),Option D,Option A,Option C,Option B,Option E,2,Consider Earth principles at level 3
earth-l3-086,Earth,3,What is a key concept in Earth at level 3? (variation 85),Option A,Option B,Option C,Option D,Option E,2,Consider Earth principles at level 3
earth-l3-087,Earth,3,What is a key concept in Earth at level 3? (variation 86),Option A,Option B,Option C,Option D,Option E,2,Consider Earth principles at level 3
earth-l3-088,Earth,3,What is a key concept in Earth at level 3? (variation 87),Option A,Option B,Option C,Option D,Option E,2,Consider Earth principles at level 3
earth-l3-089,Earth,3,What is a key concept in Earth at level 3? (variation 88),Option A,Option B,Option C,Option D,Option E,2,Consider Earth principles at level 3
earth-l3-090,Earth,3,What is a key concept in Earth at level 3? (variation 89),Option A,Option B,Option C,Option D,Option E,2,Consider Earth principles at level 3
earth-l3-091,Earth,3,What is a key concept in Earth at level 3? (variation 90),Option A,Option B,Option C,Option D,Option E,2,Consider Earth principles at level 3
earth-l3-092,Earth,3,What is a key concept in Earth at level 3? (variation 91),Option B,Option A,Option C,Option D,Option E,2,Consider Earth principles at level 3
earth-l3-093,Earth,3,What is a key concept in Earth at level 3? (variation 92),Option A,Option B,Option C,Option D,Option E,2,Consider Earth principles at level 3
earth-l3-094,Earth,3,What is a key concept in Earth at level 3? (variation 93),Option A,Option B,Option C,Option D,Option E,2,Consider Earth principles at level 3
earth-l3-095,Earth,3,What is a key concept in Earth at level 3? (variation 94),Option C,Option B,Option A,Option E,Option D,0,Consider Earth principles at level 3
earth-l3-096,Earth,3,What is a key concept in Earth at level 3? (variation 95),Option A,Option B,Option C,Option D,Option E,2,Consider Earth principles at level 3
earth-l3-097,Earth,3,What is a key concept in Earth at level 3? (variation 96),Option A,Option B,Option C,Option D,Option E,2,Consider Earth principles at level 3
earth-l3-098,Earth,3,What is a key concept in Earth at level 3? (variation 97),Option E,Option D,Option B,Option C,Option A,3,Consider Earth principles at level 3
earth-l3-099,Earth,3,What is a key concept in Earth at level 3? (variation 98),Option A,Option B,Option C,Option D,Option E,2,Consider Earth principles at level 3
earth-l3-100,Earth,3,What is a key concept in Earth at level 3? (variation 99),Option A,Option B,Option C,Option D,Option E,2,Consider Earth principles at level 3
earth-l4-001,Earth,4,What is a key concept in Earth at level 4?,Option A,Option B,Option C,Option D,Option E,2,Consider Earth principles at level 4
earth-l4-002,Earth,4,What is a key concept in Earth at level 4? (variation 1),Option A,Option B,Option C,Option D,Option E,2,Consider Earth principles at level 4
earth-l4-003,Earth,4,What is a key concept in Earth at level 4? (variation 2),Option A,Option B,Option C,Option D,Option E,2,Consider Earth principles at level 4
earth-l4-004,Earth,4,What is a key concept in Earth at level 4? (variation 3),Option A,Option B,Option C,Option D,Option E,2,Consider Earth principles at level 4
earth-l4-005,Earth,4,What is a key concept in Earth at level 4? (variation 4),Option A,Option B,Option C,Option D,Option E,2,Consider Earth principles at level 4
earth-l4-006,Earth,4,What is a key concept in Earth at level 4? (variation 5),Option A,Option B,Option D,Option C,Option E,3,Consider Earth principles at level 4
earth-l4-007,Earth,4,What is a key concept in Earth at level 4? (variation 6),Option A,Option B,Option C,Option D,Option E,2,Consider Earth principles at level 4
earth-l4-008,Earth,4,What is a key concept in Earth at level 4? (variation 7),Option A,Option B,Option C,Option D,Option E,2,Consider Earth principles at level 4
earth-l4-009,Earth,4,What is a key concept in Earth at level 4? (variation 8),Option D,Option C,Option B,Option E,Option A,1,Consider Earth principles at level 4
earth-l4-010,Earth,4,What is a key concept in Earth at level 4? (variation 9),Option A,Option B,Option C,Option D,Option E,2,Consider Earth principles at level 4
earth-l4-011,Earth,4,What is a key concept in Earth at level 4? (variation 10),Option A,Option B,Option C,Option D,Option E,2,Consider Earth principles at level 4
earth-l4-012,Earth,4,What is a key concept in Earth at level 4? (variation 11),Option A,Option B,Option C,Option D,Option E,2,Consider Earth principles at level 4
earth-l4-013,Earth,4,What is a key concept in Earth at level 4? (variation 12),Option E,Option C,Option A,Option D,Option B,1,Consider Earth principles at level 4
earth-l4-014,Earth,4,What is a key concept in Earth at level 4? (variation 13),Option A,Option B,Option C,Option D,Option E,2,Consider Earth principles at level 4
earth-l4-015,Earth,4,What is a key concept in Earth at level 4? (variation 14),Option A,Option B,Option C,Option D,Option E,2,Consider Earth principles at level 4
earth-l4-016,Earth,4,What is a key concept in Earth at level 4? (variation 15),Option A,Option B,Option C,Option D,Option E,2,Consider Earth principles at level 4
earth-l4-017,Earth,4,What is a key concept in Earth at level 4? (variation 16),Option B,Option C,Option E,Option A,Option D,1,Consider Earth principles at level 4
earth-l4-018,Earth,4,What is a key concept in Earth at level 4? (variation 17),Option A,Option B,Option C,Option D,Option E,2,Consider Earth principles at level 4
earth-l4-019,Earth,4,What is a key concept in Earth at level 4? (variation 18),Option A,Option B,Option C,Option D,Option E,2,Consider Earth principles at level 4
earth-l4-020,Earth,4,What is a key concept in Earth at level 4? (variation 19),Option B,Option E,Option D,Option C,Option A,3,Consider Earth principles at level 4
earth-l4-021,Earth,4,What is a key concept in Earth at level 4? (variation 20),Option A,Option C,Option E,Option D,Option B,1,Consider Earth principles at level 4
earth-l4-022,Earth,4,What is a key concept in Earth at level 4? (variation 21),Option A,Option B,Option C,Option D,Option E,2,Consider Earth principles at level 4
earth-l4-023,Earth,4,What is a key concept in Earth at level 4? (variation 22),Option E,Option B,Option A,Option C,Option D,3,Consider Earth principles at level 4
earth-l4-024,Earth,4,What is a key concept in Earth at level 4? (variation 23),Option A,Option B,Option C,Option D,Option E,2,Consider Earth principles at level 4
earth-l4-025,Earth,4,What is a key concept in Earth at level 4? (variation 24),Option A,Option B,Option C,Option D,Option E,2,Consider Earth principles at level 4
earth-l4-026,Earth,4,What is a key concept in Earth at level 4? (variation 25),Option A,Option B,Option C,Option D,Option E,2,Consider Earth principles at level 4
earth-l4-027,Earth,4,What is a key concept in Earth at level 4? (variation 26),Option B,Option C,Option A,Option D,Option E,1,Consider Earth principles at level 4
earth-l4-028,Earth,4,What is a key concept in Earth at level 4? (variation 27),Option A,Option B,Option C,Option D,Option E,2,Consider Earth principles at level 4
earth-l4-029,Earth,4,What is a key concept in Earth at level 4? (variation 28),Option C,Option E,Option A,Option B,Option D,0,Consider Earth principles at level 4
earth-l4-030,Earth,4,What is a key concept in Earth at level 4? (variation 29),Option A,Option B,Option C,Option D,Option E,2,Consider Earth principles at level 4
earth-l4-031,Earth,4,What is a key concept in Earth at level 4? (variation 30),Option A,Option B,Option C,Option D,Option E,2,Consider Earth principles at level 4
earth-l4-032,Earth,4,What is a key concept in Earth at level 4? (variation 31),Option A,Option B,Option C,Option D,Option E,2,Consider Earth principles at level 4
earth-l4-033,Earth,4,What is a key concept in Earth at level 4? (variation 32),Option B,Option D,Option E,Option C,Option A,3,Consider Earth principles at level 4
earth-l4-034,Earth,4,What is a key concept in Earth at level 4? (variation 33),Option D,Option E,Option B,Option C,Option A,3,Consider Earth principles at level 4
earth-l4-035,Earth,4,What is a key concept in Earth at level 4? (variation 34),Option A,Option B,Option C,Option D,Option E,2,Consider Earth principles at level 4
earth-l4-036,Earth,4,What is a key concept in Earth at level 4? (variation 35),Option A,Option B,Option C,Option D,Option E,2,Consider Earth principles at level 4
earth-l4-037,Earth,4,What is a key concept in Earth at level 4? (variation 36),Option A,Option B,Option C,Option D,Option E,2,Consider Earth principles at level 4
earth-l4-038,Earth,4,What is a key concept in Earth at level 4? (variation 37),Option B,Option D,Option E,Option C,Option A,3,Consider Earth principles at level 4
earth-l4-039,Earth,4,What is a key concept in Earth at level 4? (variation 38),Option A,Option B,Option C,Option D,Option E,2,Consider Earth principles at level 4
earth-l4-040,Earth,4,What is a key concept in Earth at level 4? (variation 39),Option A,Option B,Option D,Option C,Option E,3,Consider Earth principles at level 4
earth-l4-041,Earth,4,What is a key concept in Earth at level 4? (variation 40),Option A,Option E,Option C,Option D,Option B,2,Consider Earth principles at level 4
earth-l4-042,Earth,4,What is a key concept in Earth at level 4? (variation 41),Option C,Option D,Option E,Option A,Option B,0,Consider Earth principles at level 4
earth-l4-043,Earth,4,What is a key concept in Earth at level 4? (variation 42),Option A,Option B,Option C,Option D,Option E,2,Consider Earth principles at level 4
earth-l4-044,Earth,4,What is a key concept in Earth at level 4? (variation 43),Option A,Option B,Option C,Option D,Option E,2,Consider Earth principles at level 4
earth-l4-045,Earth,4,What is a key concept in Earth at level 4? (variation 44),Option A,Option B,Option C,Option D,Option E,2,Consider Earth principles at level 4
earth-l4-046,Earth,4,What is a key concept in Earth at level 4? (variation 45),Option A,Option B,Option C,Option D,Option E,2,Consider Earth principles at level 4
earth-l4-047,Earth,4,What is a key concept in Earth at level 4? (variation 46),Option A,Option B,Option C,Option D,Option E,2,Consider Earth principles at level 4
earth-l4-048,Earth,4,What is a key concept in Earth at level 4? (variation 47),Option A,Option B,Option C,Option D,Option E,2,Consider Earth principles at level 4
earth-l4-049,Earth,4,What is a key concept in Earth at level 4? (variation 48),Option A,Option B,Option C,Option D,Option E,2,Consider Earth principles at level 4
earth-l4-050,Earth,4,What is a key concept in Earth at level 4? (variation 49),Option A,Option B,Option C,Option D,Option E,2,Consider Earth principles at level 4
earth-l4-051,Earth,4,What is a key concept in Earth at level 4? (variation 50),Option A,Option B,Option C,Option D,Option E,2,Consider Earth principles at level 4
earth-l4-052,Earth,4,What is a key concept in Earth at level 4? (variation 51),Option D,Option C,Option B,Option A,Option E,1,Consider Earth principles at level 4
earth-l4-053,Earth,4,What is a key concept in Earth at level 4? (variation 52),Option A,Option B,Option C,Option D,Option E,2,Consider Earth principles at level 4
earth-l4-054,Earth,4,What is a key concept in Earth at level 4? (variation 53),Option A,Option B,Option C,Option D,Option E,2,Consider Earth principles at level 4
earth-l4-055,Earth,4,What is a key concept in Earth at level 4? (variation 54),Option A,Option B,Option C,Option D,Option E,2,Consider Earth principles at level 4
earth-l4-056,Earth,4,What is a key concept in Earth at level 4? (variation 55),Option A,Option B,Option C,Option D,Option E,2,Consider Earth principles at level 4
earth-l4-057,Earth,4,What is a key concept in Earth at level 4? (variation 56),Option A,Option B,Option C,Option D,Option E,2,Consider Earth principles at level 4
earth-l4-058,Earth,4,What is a key concept in Earth at level 4? (variation 57),Option A,Option B,Option C,Option D,Option E,2,Consider Earth principles at level 4
earth-l4-059,Earth,4,What is a key concept in Earth at level 4? (variation 58),Option D,Option C,Option B,Option A,Option E,1,Consider Earth principles at level 4
earth-l4-060,Earth,4,What is a key concept in Earth at level 4? (variation 59),Option A,Option B,Option C,Option D,Option E,2,Consider Earth principles at level 4
earth-l4-061,Earth,4,What is a key concept in Earth at level 4? (variation 60),Option A,Option B,Option C,Option D,Option E,2,Consider Earth principles at level 4
earth-l4-062,Earth,4,What is a key concept in Earth at level 4? (variation 61),Option A,Option B,Option C,Option D,Option E,2,Consider Earth principles at level 4
earth-l4-063,Earth,4,What is a key concept in Earth at level 4? (variation 62),Option E,Option D,Option C,Option B,Option A,2,Consider Earth principles at level 4
earth-l4-064,Earth,4,What is a key concept in Earth at level 4? (variation 63),Option E,Option C,Option D,Option B,Option A,1,Consider Earth principles at level 4
earth-l4-065,Earth,4,What is a key concept in Earth at level 4? (variation 64),Option C,Option D,Option A,Option E,Option B,0,Consider Earth principles at level 4
earth-l4-066,Earth,4,What is a key concept in Earth at level 4? (variation 65),Option A,Option B,Option C,Option D,Option E,2,Consider Earth principles at level 4
earth-l4-067,Earth,4,What is a key concept in Earth at level 4? (variation 66),Option A,Option B,Option C,Option D,Option E,2,Consider Earth principles at level 4
earth-l4-068,Earth,4,What is a key concept in Earth at level 4? (variation 67),Option B,Option D,Option C,Option E,Option A,2,Consider Earth principles at level 4
earth-l4-069,Earth,4,What is a key concept in Earth at level 4? (variation 68),Option A,Option B,Option C,Option D,Option E,2,Consider Earth principles at level 4
earth-l4-070,Earth,4,What is a key concept in Earth at level 4? (variation 69),Option A,Option B,Option C,Option D,Option E,2,Consider Earth principles at level 4
earth-l4-071,Earth,4,What is a key concept in Earth at level 4? (variation 70),Option A,Option B,Option C,Option D,Option E,2,Consider Earth principles at level 4
earth-l4-072,Earth,4,What is a key concept in Earth at level 4? (variation 71),Option A,Option B,Option C,Option D,Option E,2,Consider Earth principles at level 4
earth-l4-073,Earth,4,What is a key concept in Earth at level 4? (variation 72),Option A,Option B,Option C,Option D,Option E,2,Consider Earth principles at level 4
earth-l4-074,Earth,4,What is a key concept in Earth at level 4? (variation 73),Option A,Option B,Option C,Option D,Option E,2,Consider Earth principles at level 4
earth-l4-075,Earth,4,What is a key concept in Earth at level 4? (variation 74),Option A,Option B,Option C,Option D,Option E,2,Consider Earth principles at level 4
earth-l4-076,Earth,4,What is a key concept in Earth at level 4? (variation 75),Option A,Option B,Option C,Option D,Option E,2,Consider Earth principles at level 4
earth-l4-077,Earth,4,What is a key concept in Earth at level 4? (variation 76),Option A,Option B,Option C,Option D,Option E,2,Consider Earth principles at level 4
earth-l4-078,Earth,4,What is a key concept in Earth at level 4? (variation 77),Option A,Option B,Option C,Option D,Option E,2,Consider Earth principles at level 4
earth-l4-079,Earth,4,What is a key concept in Earth at level 4? (variation 78),Option A,Option B,Option C,Option D,Option E,2,Consider Earth principles at level 4
earth-l4-080,Earth,4,What is a key concept in Earth at level 4? (variation 79),Option A,Option B,Option C,Option D,Option E,2,Consider Earth principles at level 4
earth-l4-081,Earth,4,What is a key concept in Earth at level 4? (variation 80),Option A,Option B,Option C,Option D,Option E,2,Consider Earth principles at level 4
earth-l4-082,Earth,4,What is a key concept in Earth at level 4? (variation 81),Option A,Option B,Option C,Option D,Option E,2,Consider Earth principles at level 4
earth-l4-083,Earth,4,What is a key concept in Earth at level 4? (variation 82),Option A,Option B,Option C,Option D,Option E,2,Consider Earth principles at level 4
earth-l4-084,Earth,4,What is a key concept in Earth at level 4? (variation 83),Option D,Option E,Option A,Option B,Option C,4,Consider Earth principles at level 4
earth-l4-085,Earth,4,What is a key concept in Earth at level 4? (variation 84),Option C,Option A,Option B,Option D,Option E,0,Consider Earth principles at level 4
earth-l4-086,Earth,4,What is a key concept in Earth at level 4? (variation 85),Option A,Option B,Option C,Option D,Option E,2,Consider Earth principles at level 4
earth-l4-087,Earth,4,What is a key concept in Earth at level 4? (variation 86),Option A,Option B,Option C,Option D,Option E,2,Consider Earth principles at level 4
earth-l4-088,Earth,4,What is a key concept in Earth at level 4? (variation 87),Option A,Option B,Option C,Option D,Option E,2,Consider Earth principles at level 4
earth-l4-089,Earth,4,What is a key concept in Earth at level 4? (variation 88),Option A,Option B,Option C,Option D,Option E,2,Consider Earth principles at level 4
earth-l4-090,Earth,4,What is a key concept in Earth at level 4? (variation 89),Option A,Option B,Option C,Option D,Option E,2,Consider Earth principles at level 4
earth-l4-091,Earth,4,What is a key concept in Earth at level 4? (variation 90),Option A,Option B,Option C,Option D,Option E,2,Consider Earth principles at level 4
earth-l4-092,Earth,4,What is a key concept in Earth at level 4? (variation 91),Option A,Option B,Option C,Option D,Option E,2,Consider Earth principles at level 4
earth-l4-093,Earth,4,What is a key concept in Earth at level 4? (variation 92),Option A,Option B,Option C,Option D,Option E,2,Consider Earth principles at level 4
earth-l4-094,Earth,4,What is a key concept in Earth at level 4? (variation 93),Option E,Option B,Option C,Option A,Option D,2,Consider Earth principles at level 4
earth-l4-095,Earth,4,What is a key concept in Earth at level 4? (variation 94),Option A,Option B,Option C,Option D,Option E,2,Consider Earth principles at level 4
earth-l4-096,Earth,4,What is a key concept in Earth at level 4? (variation 95),Option A,Option B,Option C,Option D,Option E,2,Consider Earth principles at level 4
earth-l4-097,Earth,4,What is a key concept in Earth at level 4? (variation 96),Option A,Option B,Option C,Option D,Option E,2,Consider Earth principles at level 4
earth-l4-098,Earth,4,What is a key concept in Earth at level 4? (variation 97),Option A,Option B,Option C,Option D,Option E,2,Consider Earth principles at level 4
earth-l4-099,Earth,4,What is a key concept in Earth at level 4? (variation 98),Option A,Option B,Option C,Option D,Option E,2,Consider Earth principles at level 4
earth-l4-100,Earth,4,What is a key concept in Earth at level 4? (variation 99),Option A,Option B,Option C,Option D,Option E,2,Consider Earth principles at level 4
earth-l5-001,Earth,5,What is a key concept in Earth at level 5?,Option A,Option B,Option C,Option D,Option E,2,Consider Earth principles at level 5
earth-l5-002,Earth,5,What is a key concept in Earth at level 5? (variation 1),Option A,Option B,Option C,Option D,Option E,2,Consider Earth principles at level 5
earth-l5-003,Earth,5,What is a key concept in Earth at level 5? (variation 2),Option A,Option B,Option C,Option D,Option E,2,Consider Earth principles at level 5
earth-l5-004,Earth,5,What is a key concept in Earth at level 5? (variation 3),Option A,Option B,Option C,Option D,Option E,2,Consider Earth principles at level 5
earth-l5-005,Earth,5,What is a key concept in Earth at level 5? (variation 4),Option A,Option B,Option C,Option D,Option E,2,Consider Earth principles at level 5
earth-l5-006,Earth,5,What is a key concept in Earth at level 5? (variation 5),Option A,Option B,Option C,Option D,Option E,2,Consider Earth principles at level 5
earth-l5-007,Earth,5,What is a key concept in Earth at level 5? (variation 6),Option A,Option B,Option C,Option D,Option E,2,Consider Earth principles at level 5
earth-l5-008,Earth,5,What is a key concept in Earth at level 5? (variation 7),Option A,Option B,Option C,Option D,Option E,2,Consider Earth principles at level 5
earth-l5-009,Earth,5,What is a key concept in Earth at level 5? (variation 8),Option A,Option B,Option C,Option D,Option E,2,Consider Earth principles at level 5
earth-l5-010,Earth,5,What is a key concept in Earth at level 5? (variation 9),Option A,Option B,Option C,Option D,Option E,2,Consider Earth principles at level 5
earth-l5-011,Earth,5,What is a key concept in Earth at level 5? (variation 10),Option A,Option B,Option C,Option D,Option E,2,Consider Earth principles at level 5
earth-l5-012,Earth,5,What is a key concept in Earth at level 5? (variation 11),Option A,Option B,Option C,Option D,Option E,2,Consider Earth principles at level 5
earth-l5-013,Earth,5,What is a key concept in Earth at level 5? (variation 12),Option A,Option B,Option C,Option D,Option E,2,Consider Earth principles at level 5
earth-l5-014,Earth,5,What is a key concept in Earth at level 5? (variation 13),Option A,Option B,Option C,Option D,Option E,2,Consider Earth principles at level 5
earth-l5-015,Earth,5,What is a key concept in Earth at level 5? (variation 14),Option A,Option E,Option D,Option B,Option C,4,Consider Earth principles at level 5
earth-l5-016,Earth,5,What is a key concept in Earth at level 5? (variation 15),Option A,Option B,Option C,Option D,Option E,2,Consider Earth principles at level 5
earth-l5-017,Earth,5,What is a key concept in Earth at level 5? (variation 16),Option A,Option B,Option C,Option D,Option E,2,Consider Earth principles at level 5
earth-l5-018,Earth,5,What is a key concept in Earth at level 5? (variation 17),Option A,Option B,Option C,Option D,Option E,2,Consider Earth principles at level 5
earth-l5-019,Earth,5,What is a key concept in Earth at level 5? (variation 18),Option C,Option A,Option D,Option E,Option B,0,Consider Earth principles at level 5
earth-l5-020,Earth,5,What is a key concept in Earth at level 5? (variation 19),Option C,Option B,Option E,Option D,Option A,0,Consider Earth principles at level 5
earth-l5-021,Earth,5,What is a key concept in Earth at level 5? (variation 20),Option A,Option B,Option C,Option D,Option E,2,Consider Earth principles at level 5
earth-l5-022,Earth,5,What is a key concept in Earth at level 5? (variation 21),Option A,Option B,Option C,Option D,Option E,2,Consider Earth principles at level 5
earth-l5-023,Earth,5,What is a key concept in Earth at level 5? (variation 22),Option A,Option B,Option C,Option D,Option E,2,Consider Earth principles at level 5
earth-l5-024,Earth,5,What is a key concept in Earth at level 5? (variation 23),Option D,Option A,Option C,Option E,Option B,2,Consider Earth principles at level 5
earth-l5-025,Earth,5,What is a key concept in Earth at level 5? (variation 24),Option E,Option A,Option B,Option D,Option C,4,Consider Earth principles at level 5
earth-l5-026,Earth,5,What is a key concept in Earth at level 5? (variation 25),Option E,Option B,Option A,Option C,Option D,3,Consider Earth principles at level 5
earth-l5-027,Earth,5,What is a key concept in Earth at level 5? (variation 26),Option A,Option B,Option C,Option D,Option E,2,Consider Earth principles at level 5
earth-l5-028,Earth,5,What is a key concept in Earth at level 5? (variation 27),Option A,Option B,Option C,Option D,Option E,2,Consider Earth principles at level 5
earth-l5-029,Earth,5,What is a key concept in Earth at level 5? (variation 28),Option D,Option A,Option C,Option E,Option B,2,Consider Earth principles at level 5
earth-l5-030,Earth,5,What is a key concept in Earth at level 5? (variation 29),Option A,Option B,Option C,Option D,Option E,2,Consider Earth principles at level 5
earth-l5-031,Earth,5,What is a key concept in Earth at level 5? (variation 30),Option A,Option E,Option B,Option C,Option D,3,Consider Earth principles at level 5
earth-l5-032,Earth,5,What is a key concept in Earth at level 5? (variation 31),Option B,Option C,Option D,Option A,Option E,1,Consider Earth principles at level 5
earth-l5-033,Earth,5,What is a key concept in Earth at level 5? (variation 32),Option A,Option B,Option C,Option D,Option E,2,Consider Earth principles at level 5
earth-l5-034,Earth,5,What is a key concept in Earth at level 5? (variation 33),Option B,Option C,Option E,Option A,Option D,1,Consider Earth principles at level 5
earth-l5-035,Earth,5,What is a key concept in Earth at level 5? (variation 34),Option B,Option A,Option D,Option E,Option C,4,Consider Earth principles at level 5
earth-l5-036,Earth,5,What is a key concept in Earth at level 5? (variation 35),Option A,Option B,Option C,Option D,Option E,2,Consider Earth principles at level 5
earth-l5-037,Earth,5,What is a key concept in Earth at level 5? (variation 36),Option A,Option B,Option C,Option D,Option E,2,Consider Earth principles at level 5
earth-l5-038,Earth,5,What is a key concept in Earth at level 5? (variation 37),Option A,Option B,Option C,Option D,Option E,2,Consider Earth principles at level 5
earth-l5-039,Earth,5,What is a key concept in Earth at level 5? (variation 38),Option A,Option B,Option C,Option D,Option E,2,Consider Earth principles at level 5
earth-l5-040,Earth,5,What is a key concept in Earth at level 5? (variation 39),Option C,Option E,Option A,Option B,Option D,0,Consider Earth principles at level 5
earth-l5-041,Earth,5,What is a key concept in Earth at level 5? (variation 40),Option A,Option E,Option D,Option B,Option C,4,Consider Earth principles at level 5
earth-l5-042,Earth,5,What is a key concept in Earth at level 5? (variation 41),Option A,Option B,Option C,Option D,Option E,2,Consider Earth principles at level 5
earth-l5-043,Earth,5,What is a key concept in Earth at level 5? (variation 42),Option E,Option B,Option A,Option D,Option C,4,Consider Earth principles at level 5
earth-l5-044,Earth,5,What is a key concept in Earth at level 5? (variation 43),Option A,Option B,Option C,Option D,Option E,2,Consider Earth principles at level 5
earth-l5-045,Earth,5,What is a key concept in Earth at level 5? (variation 44),Option A,Option B,Option C,Option D,Option E,2,Consider Earth principles at level 5
earth-l5-046,Earth,5,What is a key concept in Earth at level 5? (variation 45),Option A,Option B,Option C,Option D,Option E,2,Consider Earth principles at level 5
earth-l5-047,Earth,5,What is a key concept in Earth at level 5? (variation 46),Option C,Option D,Option E,Option A,Option B,0,Consider Earth principles at level 5
earth-l5-048,Earth,5,What is a key concept in Earth at level 5? (variation 47),Option D,Option E,Option B,Option C,Option A,3,Consider Earth principles at level 5
earth-l5-049,Earth,5,What is a key concept in Earth at level 5? (variation 48),Option A,Option B,Option C,Option D,Option E,2,Consider Earth principles at level 5
earth-l5-050,Earth,5,What is a key concept in Earth at level 5? (variation 49),Option A,Option B,Option C,Option D,Option E,2,Consider Earth principles at level 5
earth-l5-051,Earth,5,What is a key concept in Earth at level 5? (variation 50),Option E,Option D,Option C,Option A,Option B,2,Consider Earth principles at level 5
earth-l5-052,Earth,5,What is a key concept in Earth at level 5? (variation 51),Option E,Option C,Option A,Option D,Option B,1,Consider Earth principles at level 5
earth-l5-053,Earth,5,What is a key concept in Earth at level 5? (variation 52),Option A,Option B,Option C,Option D,Option E,2,Consider Earth principles at level 5
earth-l5-054,Earth,5,What is a key concept in Earth at level 5? (variation 53),Option E,Option D,Option C,Option B,Option A,2,Consider Earth principles at level 5
earth-l5-055,Earth,5,What is a key concept in Earth at level 5? (variation 54),Option A,Option B,Option C,Option D,Option E,2,Consider Earth principles at level 5
earth-l5-056,Earth,5,What is a key concept in Earth at level 5? (variation 55),Option A,Option B,Option C,Option D,Option E,2,Consider Earth principles at level 5
earth-l5-057,Earth,5,What is a key concept in Earth at level 5? (variation 56),Option A,Option B,Option C,Option D,Option E,2,Consider Earth principles at level 5
earth-l5-058,Earth,5,What is a key concept in Earth at level 5? (variation 57),Option A,Option B,Option C,Option D,Option E,2,Consider Earth principles at level 5
earth-l5-059,Earth,5,What is a key concept in Earth at level 5? (variation 58),Option A,Option B,Option C,Option D,Option E,2,Consider Earth principles at level 5
earth-l5-060,Earth,5,What is a key concept in Earth at level 5? (variation 59),Option A,Option B,Option C,Option D,Option E,2,Consider Earth principles at level 5
earth-l5-061,Earth,5,What is a key concept in Earth at level 5? (variation 60),Option C,Option E,Option A,Option D,Option B,0,Consider Earth principles at level 5
earth-l5-062,Earth,5,What is a key concept in Earth at level 5? (variation 61),Option E,Option C,Option D,Option B,Option A,1,Consider Earth principles at level 5
earth-l5-063,Earth,5,What is a key concept in Earth at level 5? (variation 62),Option A,Option B,Option C,Option D,Option E,2,Consider Earth principles at level 5
earth-l5-064,Earth,5,What is a key concept in Earth at level 5? (variation 63),Option A,Option B,Option C,Option D,Option E,2,Consider Earth principles at level 5
earth-l5-065,Earth,5,What is a key concept in Earth at level 5? (variation 64),Option A,Option B,Option C,Option D,Option E,2,Consider Earth principles at level 5
earth-l5-066,Earth,5,What is a key concept in Earth at level 5? (variation 65),Option A,Option B,Option C,Option D,Option E,2,Consider Earth principles at level 5
earth-l5-067,Earth,5,What is a key concept in Earth at level 5? (variation 66),Option A,Option B,Option C,Option D,Option E,2,Consider Earth principles at level 5
earth-l5-068,Earth,5,What is a key concept in Earth at level 5? (variation 67),Option A,Option B,Option C,Option D,Option E,2,Consider Earth principles at level 5
earth-l5-069,Earth,5,What is a key concept in Earth at level 5? (variation 68),Option A,Option B,Option C,Option D,Option E,2,Consider Earth principles at level 5
earth-l5-070,Earth,5,What is a key concept in Earth at level 5? (variation 69),Option B,Option A,Option D,Option E,Option C,4,Consider Earth principles at level 5
earth-l5-071,Earth,5,What is a key concept in Earth at level 5? (variation 70),Option A,Option B,Option C,Option D,Option E,2,Consider Earth principles at level 5
earth-l5-072,Earth,5,What is a key concept in Earth at level 5? (variation 71),Option A,Option B,Option C,Option D,Option E,2,Consider Earth principles at level 5
earth-l5-073,Earth,5,What is a key concept in Earth at level 5? (variation 72),Option A,Option D,Option C,Option B,Option E,2,Consider Earth principles at level 5
earth-l5-074,Earth,5,What is a key concept in Earth at level 5? (variation 73),Option A,Option B,Option C,Option D,Option E,2,Consider Earth principles at level 5
earth-l5-075,Earth,5,What is a key concept in Earth at level 5? (variation 74),Option C,Option B,Option A,Option D,Option E,0,Consider Earth principles at level 5
earth-l5-076,Earth,5,What is a key concept in Earth at level 5? (variation 75),Option A,Option B,Option C,Option D,Option E,2,Consider Earth principles at level 5
earth-l5-077,Earth,5,What is a key concept in Earth at level 5? (variation 76),Option A,Option B,Option C,Option D,Option E,2,Consider Earth principles at level 5
earth-l5-078,Earth,5,What is a key concept in Earth at level 5? (variation 77),Option A,Option B,Option C,Option D,Option E,2,Consider Earth principles at level 5
earth-l5-079,Earth,5,What is a key concept in Earth at level 5? (variation 78),Option D,Option E,Option B,Option C,Option A,3,Consider Earth principles at level 5
earth-l5-080,Earth,5,What is a key concept in Earth at level 5? (variation 79),Option A,Option B,Option C,Option D,Option E,2,Consider Earth principles at level 5
earth-l5-081,Earth,5,What is a key concept in Earth at level 5? (variation 80),Option A,Option B,Option C,Option D,Option E,2,Consider Earth principles at level 5
earth-l5-082,Earth,5,What is a key concept in Earth at level 5? (variation 81),Option A,Option B,Option C,Option D,Option E,2,Consider Earth principles at level 5
earth-l5-083,Earth,5,What is a key concept in Earth at level 5? (variation 82),Option A,Option D,Option E,Option C,Option B,3,Consider Earth principles at level 5
earth-l5-084,Earth,5,What is a key concept in Earth at level 5? (variation 83),Option A,Option B,Option D,Option E,Option C,4,Consider Earth principles at level 5
earth-l5-085,Earth,5,What is a key concept in Earth at level 5? (variation 84),Option E,Option A,Option D,Option C,Option B,3,Consider Earth principles at level 5
earth-l5-086,Earth,5,What is a key concept in Earth at level 5? (variation 85),Option A,Option B,Option C,Option D,Option E,2,Consider Earth principles at level 5
earth-l5-087,Earth,5,What is a key concept in Earth at level 5? (variation 86),Option A,Option B,Option C,Option D,Option E,2,Consider Earth principles at level 5
earth-l5-088,Earth,5,What is a key concept in Earth at level 5? (variation 87),Option A,Option B,Option C,Option D,Option E,2,Consider Earth principles at level 5
earth-l5-089,Earth,5,What is a key concept in Earth at level 5? (variation 88),Option A,Option B,Option C,Option D,Option E,2,Consider Earth principles at level 5
earth-l5-090,Earth,5,What is a key concept in Earth at level 5? (variation 89),Option A,Option B,Option C,Option D,Option E,2,Consider Earth principles at level 5
earth-l5-091,Earth,5,What is a key concept in Earth at level 5? (variation 90),Option B,Option E,Option C,Option D,Option A,2,Consider Earth principles at level 5
earth-l5-092,Earth,5,What is a key concept in Earth at level 5? (variation 91),Option B,Option A,Option C,Option E,Option D,2,Consider Earth principles at level 5
earth-l5-093,Earth,5,What is a key concept in Earth at level 5? (variation 92),Option C,Option B,Option A,Option E,Option D,0,Consider Earth principles at level 5
earth-l5-094,Earth,5,What is a key concept in Earth at level 5? (variation 93),Option A,Option C,Option D,Option B,Option E,1,Consider Earth principles at level 5
earth-l5-095,Earth,5,What is a key concept in Earth at level 5? (variation 94),Option A,Option B,Option C,Option D,Option E,2,Consider Earth principles at level 5
earth-l5-096,Earth,5,What is a key concept in Earth at level 5? (variation 95),Option A,Option B,Option C,Option D,Option E,2,Consider Earth principles at level 5
earth-l5-097,Earth,5,What is a key concept in Earth at level 5? (variation 96),Option A,Option B,Option C,Option D,Option E,2,Consider Earth principles at level 5
earth-l5-098,Earth,5,What is a key concept in Earth at level 5? (variation 97),Option E,Option B,Option D,Option C,Option A,3,Consider Earth principles at level 5
earth-l5-099,Earth,5,What is a key concept in Earth at level 5? (variation 98),Option A,Option B,Option C,Option D,Option E,2,Consider Earth principles at level 5
earth-l5-100,Earth,5,What is a key concept in Earth at level 5? (variation 99),Option E,Option D,Option C,Option B,Option A,2,Consider Earth principles at level 5
