id,category,level,text,answer1,answer2,answer3,answer4,answer5,correctAnswerIndex,hint
bio-l1-0001,Biology,1,What is DNA?,A theory,Genetic blueprint,A law,A principle,A rule,1,deoxyribonucleic acid stores genetic info
bio-l1-0002,Biology,1,How is DNA best described?,As a process,Deoxyribonucleic acid stores genetic info,As a theory,As a law,As a hypothesis,1,DNA: genetic blueprint
bio-l1-0003,Biology,1,"In Biology, what characterizes DNA?",Its size,Genetic blueprint,Its color,Its shape,Its weight,1,Learn about DNA
bio-l1-0004,Biology,1,What is Mitochondria?,A theory,Cell powerhouse,A law,A principle,A rule,1,produces ATP energy
bio-l1-0005,Biology,1,How is Mitochondria best described?,As a process,Produces atp energy,As a theory,As a law,As a hypothesis,1,Mitochondria: cell powerhouse
bio-l1-0006,Biology,1,"In Biology, what characterizes Mitochondria?",Its size,Cell powerhouse,Its color,Its shape,Its weight,1,Learn about Mitochondria
bio-l1-0007,Biology,1,What is Photosynthesis?,A theory,Plant food production,A law,A principle,A rule,1,converts sunlight to glucose
bio-l1-0008,Biology,1,How is Photosynthesis best described?,As a process,Converts sunlight to glucose,As a theory,As a law,As a hypothesis,1,Photosynthesis: plant food production
bio-l1-0009,Biology,1,"In Biology, what characterizes Photosynthesis?",Its size,Plant food production,Its color,Its shape,Its weight,1,Learn about Photosynthesis
bio-l1-0010,Biology,1,What is Cell membrane?,A theory,Cell boundary,A law,A principle,A rule,1,selective barrier controlling what enters/exits
bio-l1-0011,Biology,1,How is Cell membrane best described?,As a process,Selective barrier controlling what enters/exits,As a theory,As a law,As a hypothesis,1,Cell membrane: cell boundary
bio-l1-0012,Biology,1,"In Biology, what characterizes Cell membrane?",Its size,Cell boundary,Its color,Its shape,Its weight,1,Learn about Cell membrane
bio-l1-0013,Biology,1,What is Ribosomes?,A theory,Protein factories,A law,A principle,A rule,1,synthesize proteins from amino acids
bio-l1-0014,Biology,1,How is Ribosomes best described?,As a process,Synthesize proteins from amino acids,As a theory,As a law,As a hypothesis,1,Ribosomes: protein factories
bio-l1-0015,Biology,1,"In Biology, what characterizes Ribosomes?",Its size,Protein factories,Its color,Its shape,Its weight,1,Learn about Ribosomes
bio-l1-0016,Biology,1,What are important processes in Biology at level 1? (Question 16),Basic processes overview,Detailed processes explanation for Biology,Simple processes summary,General processes description,Standard processes definition,1,"Educational content about processes in Biology (Level 1, Item 16)"
bio-l1-0017,Biology,1,What are important systems in Biology at level 1? (Question 17),Basic systems overview,Detailed systems explanation for Biology,Simple systems summary,General systems description,Standard systems definition,1,"Educational content about systems in Biology (Level 1, Item 17)"
bio-l1-0018,Biology,1,What are important structures in Biology at level 1? (Question 18),Basic structures overview,Detailed structures explanation for Biology,Simple structures summary,General structures description,Standard structures definition,1,"Educational content about structures in Biology (Level 1, Item 18)"
bio-l1-0019,Biology,1,What are important elements in Biology at level 1? (Question 19),Basic elements overview,Detailed elements explanation for Biology,Simple elements summary,General elements description,Standard elements definition,1,"Educational content about elements in Biology (Level 1, Item 19)"
bio-l1-0020,Biology,1,What are important components in Biology at level 1? (Question 20),Basic components overview,Detailed components explanation for Biology,Simple components summary,General components description,Standard components definition,1,"Educational content about components in Biology (Level 1, Item 20)"
bio-l1-0021,Biology,1,What are important concepts in Biology at level 1? (Question 21),Basic concepts overview,Detailed concepts explanation for Biology,Simple concepts summary,General concepts description,Standard concepts definition,1,"Educational content about concepts in Biology (Level 1, Item 21)"
bio-l1-0022,Biology,1,What are important principles in Biology at level 1? (Question 22),Basic principles overview,Detailed principles explanation for Biology,Simple principles summary,General principles description,Standard principles definition,1,"Educational content about principles in Biology (Level 1, Item 22)"
bio-l1-0023,Biology,1,What are important theories in Biology at level 1? (Question 23),Basic theories overview,Detailed theories explanation for Biology,Simple theories summary,General theories description,Standard theories definition,1,"Educational content about theories in Biology (Level 1, Item 23)"
bio-l1-0024,Biology,1,What are important facts in Biology at level 1? (Question 24),Basic facts overview,Detailed facts explanation for Biology,Simple facts summary,General facts description,Standard facts definition,1,"Educational content about facts in Biology (Level 1, Item 24)"
bio-l1-0025,Biology,1,What are important phenomena in Biology at level 1? (Question 25),Basic phenomena overview,Detailed phenomena explanation for Biology,Simple phenomena summary,General phenomena description,Standard phenomena definition,1,"Educational content about phenomena in Biology (Level 1, Item 25)"
bio-l1-0026,Biology,1,What are important processes in Biology at level 1? (Question 26),Basic processes overview,Detailed processes explanation for Biology,Simple processes summary,General processes description,Standard processes definition,1,"Educational content about processes in Biology (Level 1, Item 26)"
bio-l1-0027,Biology,1,What are important systems in Biology at level 1? (Question 27),Basic systems overview,Detailed systems explanation for Biology,Simple systems summary,General systems description,Standard systems definition,1,"Educational content about systems in Biology (Level 1, Item 27)"
bio-l1-0028,Biology,1,What are important structures in Biology at level 1? (Question 28),Basic structures overview,Detailed structures explanation for Biology,Simple structures summary,General structures description,Standard structures definition,1,"Educational content about structures in Biology (Level 1, Item 28)"
bio-l1-0029,Biology,1,What are important elements in Biology at level 1? (Question 29),Basic elements overview,Detailed elements explanation for Biology,Simple elements summary,General elements description,Standard elements definition,1,"Educational content about elements in Biology (Level 1, Item 29)"
bio-l1-0030,Biology,1,What are important components in Biology at level 1? (Question 30),Basic components overview,Detailed components explanation for Biology,Simple components summary,General components description,Standard components definition,1,"Educational content about components in Biology (Level 1, Item 30)"
bio-l1-0031,Biology,1,What are important concepts in Biology at level 1? (Question 31),Basic concepts overview,Detailed concepts explanation for Biology,Simple concepts summary,General concepts description,Standard concepts definition,1,"Educational content about concepts in Biology (Level 1, Item 31)"
bio-l1-0032,Biology,1,What are important principles in Biology at level 1? (Question 32),Basic principles overview,Detailed principles explanation for Biology,Simple principles summary,General principles description,Standard principles definition,1,"Educational content about principles in Biology (Level 1, Item 32)"
bio-l1-0033,Biology,1,What are important theories in Biology at level 1? (Question 33),Basic theories overview,Detailed theories explanation for Biology,Simple theories summary,General theories description,Standard theories definition,1,"Educational content about theories in Biology (Level 1, Item 33)"
bio-l1-0034,Biology,1,What are important facts in Biology at level 1? (Question 34),Basic facts overview,Detailed facts explanation for Biology,Simple facts summary,General facts description,Standard facts definition,1,"Educational content about facts in Biology (Level 1, Item 34)"
bio-l1-0035,Biology,1,What are important phenomena in Biology at level 1? (Question 35),Basic phenomena overview,Detailed phenomena explanation for Biology,Simple phenomena summary,General phenomena description,Standard phenomena definition,1,"Educational content about phenomena in Biology (Level 1, Item 35)"
bio-l1-0036,Biology,1,What are important processes in Biology at level 1? (Question 36),Basic processes overview,Detailed processes explanation for Biology,Simple processes summary,General processes description,Standard processes definition,1,"Educational content about processes in Biology (Level 1, Item 36)"
bio-l1-0037,Biology,1,What are important systems in Biology at level 1? (Question 37),Basic systems overview,Detailed systems explanation for Biology,Simple systems summary,General systems description,Standard systems definition,1,"Educational content about systems in Biology (Level 1, Item 37)"
bio-l1-0038,Biology,1,What are important structures in Biology at level 1? (Question 38),Basic structures overview,Detailed structures explanation for Biology,Simple structures summary,General structures description,Standard structures definition,1,"Educational content about structures in Biology (Level 1, Item 38)"
bio-l1-0039,Biology,1,What are important elements in Biology at level 1? (Question 39),Basic elements overview,Detailed elements explanation for Biology,Simple elements summary,General elements description,Standard elements definition,1,"Educational content about elements in Biology (Level 1, Item 39)"
bio-l1-0040,Biology,1,What are important components in Biology at level 1? (Question 40),Basic components overview,Detailed components explanation for Biology,Simple components summary,General components description,Standard components definition,1,"Educational content about components in Biology (Level 1, Item 40)"
bio-l1-0041,Biology,1,What are important concepts in Biology at level 1? (Question 41),Basic concepts overview,Detailed concepts explanation for Biology,Simple concepts summary,General concepts description,Standard concepts definition,1,"Educational content about concepts in Biology (Level 1, Item 41)"
bio-l1-0042,Biology,1,What are important principles in Biology at level 1? (Question 42),Basic principles overview,Detailed principles explanation for Biology,Simple principles summary,General principles description,Standard principles definition,1,"Educational content about principles in Biology (Level 1, Item 42)"
bio-l1-0043,Biology,1,What are important theories in Biology at level 1? (Question 43),Basic theories overview,Detailed theories explanation for Biology,Simple theories summary,General theories description,Standard theories definition,1,"Educational content about theories in Biology (Level 1, Item 43)"
bio-l1-0044,Biology,1,What are important facts in Biology at level 1? (Question 44),Basic facts overview,Detailed facts explanation for Biology,Simple facts summary,General facts description,Standard facts definition,1,"Educational content about facts in Biology (Level 1, Item 44)"
bio-l1-0045,Biology,1,What are important phenomena in Biology at level 1? (Question 45),Basic phenomena overview,Detailed phenomena explanation for Biology,Simple phenomena summary,General phenomena description,Standard phenomena definition,1,"Educational content about phenomena in Biology (Level 1, Item 45)"
bio-l1-0046,Biology,1,What are important processes in Biology at level 1? (Question 46),Basic processes overview,Detailed processes explanation for Biology,Simple processes summary,General processes description,Standard processes definition,1,"Educational content about processes in Biology (Level 1, Item 46)"
bio-l1-0047,Biology,1,What are important systems in Biology at level 1? (Question 47),Basic systems overview,Detailed systems explanation for Biology,Simple systems summary,General systems description,Standard systems definition,1,"Educational content about systems in Biology (Level 1, Item 47)"
bio-l1-0048,Biology,1,What are important structures in Biology at level 1? (Question 48),Basic structures overview,Detailed structures explanation for Biology,Simple structures summary,General structures description,Standard structures definition,1,"Educational content about structures in Biology (Level 1, Item 48)"
bio-l1-0049,Biology,1,What are important elements in Biology at level 1? (Question 49),Basic elements overview,Detailed elements explanation for Biology,Simple elements summary,General elements description,Standard elements definition,1,"Educational content about elements in Biology (Level 1, Item 49)"
bio-l1-0050,Biology,1,What are important components in Biology at level 1? (Question 50),Basic components overview,Detailed components explanation for Biology,Simple components summary,General components description,Standard components definition,1,"Educational content about components in Biology (Level 1, Item 50)"
bio-l2-0051,Biology,2,What are important concepts in Biology at level 2? (Question 1),Basic concepts overview,Detailed concepts explanation for Biology,Simple concepts summary,General concepts description,Standard concepts definition,1,"Educational content about concepts in Biology (Level 2, Item 1)"
bio-l2-0052,Biology,2,What are important principles in Biology at level 2? (Question 2),Basic principles overview,Detailed principles explanation for Biology,Simple principles summary,General principles description,Standard principles definition,1,"Educational content about principles in Biology (Level 2, Item 2)"
bio-l2-0053,Biology,2,What are important theories in Biology at level 2? (Question 3),Basic theories overview,Detailed theories explanation for Biology,Simple theories summary,General theories description,Standard theories definition,1,"Educational content about theories in Biology (Level 2, Item 3)"
bio-l2-0054,Biology,2,What are important facts in Biology at level 2? (Question 4),Basic facts overview,Detailed facts explanation for Biology,Simple facts summary,General facts description,Standard facts definition,1,"Educational content about facts in Biology (Level 2, Item 4)"
bio-l2-0055,Biology,2,What are important phenomena in Biology at level 2? (Question 5),Basic phenomena overview,Detailed phenomena explanation for Biology,Simple phenomena summary,General phenomena description,Standard phenomena definition,1,"Educational content about phenomena in Biology (Level 2, Item 5)"
bio-l2-0056,Biology,2,What are important processes in Biology at level 2? (Question 6),Basic processes overview,Detailed processes explanation for Biology,Simple processes summary,General processes description,Standard processes definition,1,"Educational content about processes in Biology (Level 2, Item 6)"
bio-l2-0057,Biology,2,What are important systems in Biology at level 2? (Question 7),Basic systems overview,Detailed systems explanation for Biology,Simple systems summary,General systems description,Standard systems definition,1,"Educational content about systems in Biology (Level 2, Item 7)"
bio-l2-0058,Biology,2,What are important structures in Biology at level 2? (Question 8),Basic structures overview,Detailed structures explanation for Biology,Simple structures summary,General structures description,Standard structures definition,1,"Educational content about structures in Biology (Level 2, Item 8)"
bio-l2-0059,Biology,2,What are important elements in Biology at level 2? (Question 9),Basic elements overview,Detailed elements explanation for Biology,Simple elements summary,General elements description,Standard elements definition,1,"Educational content about elements in Biology (Level 2, Item 9)"
bio-l2-0060,Biology,2,What are important components in Biology at level 2? (Question 10),Basic components overview,Detailed components explanation for Biology,Simple components summary,General components description,Standard components definition,1,"Educational content about components in Biology (Level 2, Item 10)"
bio-l2-0061,Biology,2,What are important concepts in Biology at level 2? (Question 11),Basic concepts overview,Detailed concepts explanation for Biology,Simple concepts summary,General concepts description,Standard concepts definition,1,"Educational content about concepts in Biology (Level 2, Item 11)"
bio-l2-0062,Biology,2,What are important principles in Biology at level 2? (Question 12),Basic principles overview,Detailed principles explanation for Biology,Simple principles summary,General principles description,Standard principles definition,1,"Educational content about principles in Biology (Level 2, Item 12)"
bio-l2-0063,Biology,2,What are important theories in Biology at level 2? (Question 13),Basic theories overview,Detailed theories explanation for Biology,Simple theories summary,General theories description,Standard theories definition,1,"Educational content about theories in Biology (Level 2, Item 13)"
bio-l2-0064,Biology,2,What are important facts in Biology at level 2? (Question 14),Basic facts overview,Detailed facts explanation for Biology,Simple facts summary,General facts description,Standard facts definition,1,"Educational content about facts in Biology (Level 2, Item 14)"
bio-l2-0065,Biology,2,What are important phenomena in Biology at level 2? (Question 15),Basic phenomena overview,Detailed phenomena explanation for Biology,Simple phenomena summary,General phenomena description,Standard phenomena definition,1,"Educational content about phenomena in Biology (Level 2, Item 15)"
bio-l2-0066,Biology,2,What are important processes in Biology at level 2? (Question 16),Basic processes overview,Detailed processes explanation for Biology,Simple processes summary,General processes description,Standard processes definition,1,"Educational content about processes in Biology (Level 2, Item 16)"
bio-l2-0067,Biology,2,What are important systems in Biology at level 2? (Question 17),Basic systems overview,Detailed systems explanation for Biology,Simple systems summary,General systems description,Standard systems definition,1,"Educational content about systems in Biology (Level 2, Item 17)"
bio-l2-0068,Biology,2,What are important structures in Biology at level 2? (Question 18),Basic structures overview,Detailed structures explanation for Biology,Simple structures summary,General structures description,Standard structures definition,1,"Educational content about structures in Biology (Level 2, Item 18)"
bio-l2-0069,Biology,2,What are important elements in Biology at level 2? (Question 19),Basic elements overview,Detailed elements explanation for Biology,Simple elements summary,General elements description,Standard elements definition,1,"Educational content about elements in Biology (Level 2, Item 19)"
bio-l2-0070,Biology,2,What are important components in Biology at level 2? (Question 20),Basic components overview,Detailed components explanation for Biology,Simple components summary,General components description,Standard components definition,1,"Educational content about components in Biology (Level 2, Item 20)"
bio-l2-0071,Biology,2,What are important concepts in Biology at level 2? (Question 21),Basic concepts overview,Detailed concepts explanation for Biology,Simple concepts summary,General concepts description,Standard concepts definition,1,"Educational content about concepts in Biology (Level 2, Item 21)"
bio-l2-0072,Biology,2,What are important principles in Biology at level 2? (Question 22),Basic principles overview,Detailed principles explanation for Biology,Simple principles summary,General principles description,Standard principles definition,1,"Educational content about principles in Biology (Level 2, Item 22)"
bio-l2-0073,Biology,2,What are important theories in Biology at level 2? (Question 23),Basic theories overview,Detailed theories explanation for Biology,Simple theories summary,General theories description,Standard theories definition,1,"Educational content about theories in Biology (Level 2, Item 23)"
bio-l2-0074,Biology,2,What are important facts in Biology at level 2? (Question 24),Basic facts overview,Detailed facts explanation for Biology,Simple facts summary,General facts description,Standard facts definition,1,"Educational content about facts in Biology (Level 2, Item 24)"
bio-l2-0075,Biology,2,What are important phenomena in Biology at level 2? (Question 25),Basic phenomena overview,Detailed phenomena explanation for Biology,Simple phenomena summary,General phenomena description,Standard phenomena definition,1,"Educational content about phenomena in Biology (Level 2, Item 25)"
bio-l2-0076,Biology,2,What are important processes in Biology at level 2? (Question 26),Basic processes overview,Detailed processes explanation for Biology,Simple processes summary,General processes description,Standard processes definition,1,"Educational content about processes in Biology (Level 2, Item 26)"
bio-l2-0077,Biology,2,What are important systems in Biology at level 2? (Question 27),Basic systems overview,Detailed systems explanation for Biology,Simple systems summary,General systems description,Standard systems definition,1,"Educational content about systems in Biology (Level 2, Item 27)"
bio-l2-0078,Biology,2,What are important structures in Biology at level 2? (Question 28),Basic structures overview,Detailed structures explanation for Biology,Simple structures summary,General structures description,Standard structures definition,1,"Educational content about structures in Biology (Level 2, Item 28)"
bio-l2-0079,Biology,2,What are important elements in Biology at level 2? (Question 29),Basic elements overview,Detailed elements explanation for Biology,Simple elements summary,General elements description,Standard elements definition,1,"Educational content about elements in Biology (Level 2, Item 29)"
bio-l2-0080,Biology,2,What are important components in Biology at level 2? (Question 30),Basic components overview,Detailed components explanation for Biology,Simple components summary,General components description,Standard components definition,1,"Educational content about components in Biology (Level 2, Item 30)"
bio-l2-0081,Biology,2,What are important concepts in Biology at level 2? (Question 31),Basic concepts overview,Detailed concepts explanation for Biology,Simple concepts summary,General concepts description,Standard concepts definition,1,"Educational content about concepts in Biology (Level 2, Item 31)"
bio-l2-0082,Biology,2,What are important principles in Biology at level 2? (Question 32),Basic principles overview,Detailed principles explanation for Biology,Simple principles summary,General principles description,Standard principles definition,1,"Educational content about principles in Biology (Level 2, Item 32)"
bio-l2-0083,Biology,2,What are important theories in Biology at level 2? (Question 33),Basic theories overview,Detailed theories explanation for Biology,Simple theories summary,General theories description,Standard theories definition,1,"Educational content about theories in Biology (Level 2, Item 33)"
bio-l2-0084,Biology,2,What are important facts in Biology at level 2? (Question 34),Basic facts overview,Detailed facts explanation for Biology,Simple facts summary,General facts description,Standard facts definition,1,"Educational content about facts in Biology (Level 2, Item 34)"
bio-l2-0085,Biology,2,What are important phenomena in Biology at level 2? (Question 35),Basic phenomena overview,Detailed phenomena explanation for Biology,Simple phenomena summary,General phenomena description,Standard phenomena definition,1,"Educational content about phenomena in Biology (Level 2, Item 35)"
bio-l2-0086,Biology,2,What are important processes in Biology at level 2? (Question 36),Basic processes overview,Detailed processes explanation for Biology,Simple processes summary,General processes description,Standard processes definition,1,"Educational content about processes in Biology (Level 2, Item 36)"
bio-l2-0087,Biology,2,What are important systems in Biology at level 2? (Question 37),Basic systems overview,Detailed systems explanation for Biology,Simple systems summary,General systems description,Standard systems definition,1,"Educational content about systems in Biology (Level 2, Item 37)"
bio-l2-0088,Biology,2,What are important structures in Biology at level 2? (Question 38),Basic structures overview,Detailed structures explanation for Biology,Simple structures summary,General structures description,Standard structures definition,1,"Educational content about structures in Biology (Level 2, Item 38)"
bio-l2-0089,Biology,2,What are important elements in Biology at level 2? (Question 39),Basic elements overview,Detailed elements explanation for Biology,Simple elements summary,General elements description,Standard elements definition,1,"Educational content about elements in Biology (Level 2, Item 39)"
bio-l2-0090,Biology,2,What are important components in Biology at level 2? (Question 40),Basic components overview,Detailed components explanation for Biology,Simple components summary,General components description,Standard components definition,1,"Educational content about components in Biology (Level 2, Item 40)"
bio-l2-0091,Biology,2,What are important concepts in Biology at level 2? (Question 41),Basic concepts overview,Detailed concepts explanation for Biology,Simple concepts summary,General concepts description,Standard concepts definition,1,"Educational content about concepts in Biology (Level 2, Item 41)"
bio-l2-0092,Biology,2,What are important principles in Biology at level 2? (Question 42),Basic principles overview,Detailed principles explanation for Biology,Simple principles summary,General principles description,Standard principles definition,1,"Educational content about principles in Biology (Level 2, Item 42)"
bio-l2-0093,Biology,2,What are important theories in Biology at level 2? (Question 43),Basic theories overview,Detailed theories explanation for Biology,Simple theories summary,General theories description,Standard theories definition,1,"Educational content about theories in Biology (Level 2, Item 43)"
bio-l2-0094,Biology,2,What are important facts in Biology at level 2? (Question 44),Basic facts overview,Detailed facts explanation for Biology,Simple facts summary,General facts description,Standard facts definition,1,"Educational content about facts in Biology (Level 2, Item 44)"
bio-l2-0095,Biology,2,What are important phenomena in Biology at level 2? (Question 45),Basic phenomena overview,Detailed phenomena explanation for Biology,Simple phenomena summary,General phenomena description,Standard phenomena definition,1,"Educational content about phenomena in Biology (Level 2, Item 45)"
bio-l2-0096,Biology,2,What are important processes in Biology at level 2? (Question 46),Basic processes overview,Detailed processes explanation for Biology,Simple processes summary,General processes description,Standard processes definition,1,"Educational content about processes in Biology (Level 2, Item 46)"
bio-l2-0097,Biology,2,What are important systems in Biology at level 2? (Question 47),Basic systems overview,Detailed systems explanation for Biology,Simple systems summary,General systems description,Standard systems definition,1,"Educational content about systems in Biology (Level 2, Item 47)"
bio-l2-0098,Biology,2,What are important structures in Biology at level 2? (Question 48),Basic structures overview,Detailed structures explanation for Biology,Simple structures summary,General structures description,Standard structures definition,1,"Educational content about structures in Biology (Level 2, Item 48)"
bio-l2-0099,Biology,2,What are important elements in Biology at level 2? (Question 49),Basic elements overview,Detailed elements explanation for Biology,Simple elements summary,General elements description,Standard elements definition,1,"Educational content about elements in Biology (Level 2, Item 49)"
bio-l2-0100,Biology,2,What are important components in Biology at level 2? (Question 50),Basic components overview,Detailed components explanation for Biology,Simple components summary,General components description,Standard components definition,1,"Educational content about components in Biology (Level 2, Item 50)"
bio-l3-0101,Biology,3,What are important concepts in Biology at level 3? (Question 1),Basic concepts overview,Detailed concepts explanation for Biology,Simple concepts summary,General concepts description,Standard concepts definition,1,"Educational content about concepts in Biology (Level 3, Item 1)"
bio-l3-0102,Biology,3,What are important principles in Biology at level 3? (Question 2),Basic principles overview,Detailed principles explanation for Biology,Simple principles summary,General principles description,Standard principles definition,1,"Educational content about principles in Biology (Level 3, Item 2)"
bio-l3-0103,Biology,3,What are important theories in Biology at level 3? (Question 3),Basic theories overview,Detailed theories explanation for Biology,Simple theories summary,General theories description,Standard theories definition,1,"Educational content about theories in Biology (Level 3, Item 3)"
bio-l3-0104,Biology,3,What are important facts in Biology at level 3? (Question 4),Basic facts overview,Detailed facts explanation for Biology,Simple facts summary,General facts description,Standard facts definition,1,"Educational content about facts in Biology (Level 3, Item 4)"
bio-l3-0105,Biology,3,What are important phenomena in Biology at level 3? (Question 5),Basic phenomena overview,Detailed phenomena explanation for Biology,Simple phenomena summary,General phenomena description,Standard phenomena definition,1,"Educational content about phenomena in Biology (Level 3, Item 5)"
bio-l3-0106,Biology,3,What are important processes in Biology at level 3? (Question 6),Basic processes overview,Detailed processes explanation for Biology,Simple processes summary,General processes description,Standard processes definition,1,"Educational content about processes in Biology (Level 3, Item 6)"
bio-l3-0107,Biology,3,What are important systems in Biology at level 3? (Question 7),Basic systems overview,Detailed systems explanation for Biology,Simple systems summary,General systems description,Standard systems definition,1,"Educational content about systems in Biology (Level 3, Item 7)"
bio-l3-0108,Biology,3,What are important structures in Biology at level 3? (Question 8),Basic structures overview,Detailed structures explanation for Biology,Simple structures summary,General structures description,Standard structures definition,1,"Educational content about structures in Biology (Level 3, Item 8)"
bio-l3-0109,Biology,3,What are important elements in Biology at level 3? (Question 9),Basic elements overview,Detailed elements explanation for Biology,Simple elements summary,General elements description,Standard elements definition,1,"Educational content about elements in Biology (Level 3, Item 9)"
bio-l3-0110,Biology,3,What are important components in Biology at level 3? (Question 10),Basic components overview,Detailed components explanation for Biology,Simple components summary,General components description,Standard components definition,1,"Educational content about components in Biology (Level 3, Item 10)"
bio-l3-0111,Biology,3,What are important concepts in Biology at level 3? (Question 11),Basic concepts overview,Detailed concepts explanation for Biology,Simple concepts summary,General concepts description,Standard concepts definition,1,"Educational content about concepts in Biology (Level 3, Item 11)"
bio-l3-0112,Biology,3,What are important principles in Biology at level 3? (Question 12),Basic principles overview,Detailed principles explanation for Biology,Simple principles summary,General principles description,Standard principles definition,1,"Educational content about principles in Biology (Level 3, Item 12)"
bio-l3-0113,Biology,3,What are important theories in Biology at level 3? (Question 13),Basic theories overview,Detailed theories explanation for Biology,Simple theories summary,General theories description,Standard theories definition,1,"Educational content about theories in Biology (Level 3, Item 13)"
bio-l3-0114,Biology,3,What are important facts in Biology at level 3? (Question 14),Basic facts overview,Detailed facts explanation for Biology,Simple facts summary,General facts description,Standard facts definition,1,"Educational content about facts in Biology (Level 3, Item 14)"
bio-l3-0115,Biology,3,What are important phenomena in Biology at level 3? (Question 15),Basic phenomena overview,Detailed phenomena explanation for Biology,Simple phenomena summary,General phenomena description,Standard phenomena definition,1,"Educational content about phenomena in Biology (Level 3, Item 15)"
bio-l3-0116,Biology,3,What are important processes in Biology at level 3? (Question 16),Basic processes overview,Detailed processes explanation for Biology,Simple processes summary,General processes description,Standard processes definition,1,"Educational content about processes in Biology (Level 3, Item 16)"
bio-l3-0117,Biology,3,What are important systems in Biology at level 3? (Question 17),Basic systems overview,Detailed systems explanation for Biology,Simple systems summary,General systems description,Standard systems definition,1,"Educational content about systems in Biology (Level 3, Item 17)"
bio-l3-0118,Biology,3,What are important structures in Biology at level 3? (Question 18),Basic structures overview,Detailed structures explanation for Biology,Simple structures summary,General structures description,Standard structures definition,1,"Educational content about structures in Biology (Level 3, Item 18)"
bio-l3-0119,Biology,3,What are important elements in Biology at level 3? (Question 19),Basic elements overview,Detailed elements explanation for Biology,Simple elements summary,General elements description,Standard elements definition,1,"Educational content about elements in Biology (Level 3, Item 19)"
bio-l3-0120,Biology,3,What are important components in Biology at level 3? (Question 20),Basic components overview,Detailed components explanation for Biology,Simple components summary,General components description,Standard components definition,1,"Educational content about components in Biology (Level 3, Item 20)"
bio-l3-0121,Biology,3,What are important concepts in Biology at level 3? (Question 21),Basic concepts overview,Detailed concepts explanation for Biology,Simple concepts summary,General concepts description,Standard concepts definition,1,"Educational content about concepts in Biology (Level 3, Item 21)"
bio-l3-0122,Biology,3,What are important principles in Biology at level 3? (Question 22),Basic principles overview,Detailed principles explanation for Biology,Simple principles summary,General principles description,Standard principles definition,1,"Educational content about principles in Biology (Level 3, Item 22)"
bio-l3-0123,Biology,3,What are important theories in Biology at level 3? (Question 23),Basic theories overview,Detailed theories explanation for Biology,Simple theories summary,General theories description,Standard theories definition,1,"Educational content about theories in Biology (Level 3, Item 23)"
bio-l3-0124,Biology,3,What are important facts in Biology at level 3? (Question 24),Basic facts overview,Detailed facts explanation for Biology,Simple facts summary,General facts description,Standard facts definition,1,"Educational content about facts in Biology (Level 3, Item 24)"
bio-l3-0125,Biology,3,What are important phenomena in Biology at level 3? (Question 25),Basic phenomena overview,Detailed phenomena explanation for Biology,Simple phenomena summary,General phenomena description,Standard phenomena definition,1,"Educational content about phenomena in Biology (Level 3, Item 25)"
bio-l3-0126,Biology,3,What are important processes in Biology at level 3? (Question 26),Basic processes overview,Detailed processes explanation for Biology,Simple processes summary,General processes description,Standard processes definition,1,"Educational content about processes in Biology (Level 3, Item 26)"
bio-l3-0127,Biology,3,What are important systems in Biology at level 3? (Question 27),Basic systems overview,Detailed systems explanation for Biology,Simple systems summary,General systems description,Standard systems definition,1,"Educational content about systems in Biology (Level 3, Item 27)"
bio-l3-0128,Biology,3,What are important structures in Biology at level 3? (Question 28),Basic structures overview,Detailed structures explanation for Biology,Simple structures summary,General structures description,Standard structures definition,1,"Educational content about structures in Biology (Level 3, Item 28)"
bio-l3-0129,Biology,3,What are important elements in Biology at level 3? (Question 29),Basic elements overview,Detailed elements explanation for Biology,Simple elements summary,General elements description,Standard elements definition,1,"Educational content about elements in Biology (Level 3, Item 29)"
bio-l3-0130,Biology,3,What are important components in Biology at level 3? (Question 30),Basic components overview,Detailed components explanation for Biology,Simple components summary,General components description,Standard components definition,1,"Educational content about components in Biology (Level 3, Item 30)"
bio-l3-0131,Biology,3,What are important concepts in Biology at level 3? (Question 31),Basic concepts overview,Detailed concepts explanation for Biology,Simple concepts summary,General concepts description,Standard concepts definition,1,"Educational content about concepts in Biology (Level 3, Item 31)"
bio-l3-0132,Biology,3,What are important principles in Biology at level 3? (Question 32),Basic principles overview,Detailed principles explanation for Biology,Simple principles summary,General principles description,Standard principles definition,1,"Educational content about principles in Biology (Level 3, Item 32)"
bio-l3-0133,Biology,3,What are important theories in Biology at level 3? (Question 33),Basic theories overview,Detailed theories explanation for Biology,Simple theories summary,General theories description,Standard theories definition,1,"Educational content about theories in Biology (Level 3, Item 33)"
bio-l3-0134,Biology,3,What are important facts in Biology at level 3? (Question 34),Basic facts overview,Detailed facts explanation for Biology,Simple facts summary,General facts description,Standard facts definition,1,"Educational content about facts in Biology (Level 3, Item 34)"
bio-l3-0135,Biology,3,What are important phenomena in Biology at level 3? (Question 35),Basic phenomena overview,Detailed phenomena explanation for Biology,Simple phenomena summary,General phenomena description,Standard phenomena definition,1,"Educational content about phenomena in Biology (Level 3, Item 35)"
bio-l3-0136,Biology,3,What are important processes in Biology at level 3? (Question 36),Basic processes overview,Detailed processes explanation for Biology,Simple processes summary,General processes description,Standard processes definition,1,"Educational content about processes in Biology (Level 3, Item 36)"
bio-l3-0137,Biology,3,What are important systems in Biology at level 3? (Question 37),Basic systems overview,Detailed systems explanation for Biology,Simple systems summary,General systems description,Standard systems definition,1,"Educational content about systems in Biology (Level 3, Item 37)"
bio-l3-0138,Biology,3,What are important structures in Biology at level 3? (Question 38),Basic structures overview,Detailed structures explanation for Biology,Simple structures summary,General structures description,Standard structures definition,1,"Educational content about structures in Biology (Level 3, Item 38)"
bio-l3-0139,Biology,3,What are important elements in Biology at level 3? (Question 39),Basic elements overview,Detailed elements explanation for Biology,Simple elements summary,General elements description,Standard elements definition,1,"Educational content about elements in Biology (Level 3, Item 39)"
bio-l3-0140,Biology,3,What are important components in Biology at level 3? (Question 40),Basic components overview,Detailed components explanation for Biology,Simple components summary,General components description,Standard components definition,1,"Educational content about components in Biology (Level 3, Item 40)"
bio-l3-0141,Biology,3,What are important concepts in Biology at level 3? (Question 41),Basic concepts overview,Detailed concepts explanation for Biology,Simple concepts summary,General concepts description,Standard concepts definition,1,"Educational content about concepts in Biology (Level 3, Item 41)"
bio-l3-0142,Biology,3,What are important principles in Biology at level 3? (Question 42),Basic principles overview,Detailed principles explanation for Biology,Simple principles summary,General principles description,Standard principles definition,1,"Educational content about principles in Biology (Level 3, Item 42)"
bio-l3-0143,Biology,3,What are important theories in Biology at level 3? (Question 43),Basic theories overview,Detailed theories explanation for Biology,Simple theories summary,General theories description,Standard theories definition,1,"Educational content about theories in Biology (Level 3, Item 43)"
bio-l3-0144,Biology,3,What are important facts in Biology at level 3? (Question 44),Basic facts overview,Detailed facts explanation for Biology,Simple facts summary,General facts description,Standard facts definition,1,"Educational content about facts in Biology (Level 3, Item 44)"
bio-l3-0145,Biology,3,What are important phenomena in Biology at level 3? (Question 45),Basic phenomena overview,Detailed phenomena explanation for Biology,Simple phenomena summary,General phenomena description,Standard phenomena definition,1,"Educational content about phenomena in Biology (Level 3, Item 45)"
bio-l3-0146,Biology,3,What are important processes in Biology at level 3? (Question 46),Basic processes overview,Detailed processes explanation for Biology,Simple processes summary,General processes description,Standard processes definition,1,"Educational content about processes in Biology (Level 3, Item 46)"
bio-l3-0147,Biology,3,What are important systems in Biology at level 3? (Question 47),Basic systems overview,Detailed systems explanation for Biology,Simple systems summary,General systems description,Standard systems definition,1,"Educational content about systems in Biology (Level 3, Item 47)"
bio-l3-0148,Biology,3,What are important structures in Biology at level 3? (Question 48),Basic structures overview,Detailed structures explanation for Biology,Simple structures summary,General structures description,Standard structures definition,1,"Educational content about structures in Biology (Level 3, Item 48)"
bio-l3-0149,Biology,3,What are important elements in Biology at level 3? (Question 49),Basic elements overview,Detailed elements explanation for Biology,Simple elements summary,General elements description,Standard elements definition,1,"Educational content about elements in Biology (Level 3, Item 49)"
bio-l3-0150,Biology,3,What are important components in Biology at level 3? (Question 50),Basic components overview,Detailed components explanation for Biology,Simple components summary,General components description,Standard components definition,1,"Educational content about components in Biology (Level 3, Item 50)"
bio-l4-0151,Biology,4,What are important concepts in Biology at level 4? (Question 1),Basic concepts overview,Detailed concepts explanation for Biology,Simple concepts summary,General concepts description,Standard concepts definition,1,"Educational content about concepts in Biology (Level 4, Item 1)"
bio-l4-0152,Biology,4,What are important principles in Biology at level 4? (Question 2),Basic principles overview,Detailed principles explanation for Biology,Simple principles summary,General principles description,Standard principles definition,1,"Educational content about principles in Biology (Level 4, Item 2)"
bio-l4-0153,Biology,4,What are important theories in Biology at level 4? (Question 3),Basic theories overview,Detailed theories explanation for Biology,Simple theories summary,General theories description,Standard theories definition,1,"Educational content about theories in Biology (Level 4, Item 3)"
bio-l4-0154,Biology,4,What are important facts in Biology at level 4? (Question 4),Basic facts overview,Detailed facts explanation for Biology,Simple facts summary,General facts description,Standard facts definition,1,"Educational content about facts in Biology (Level 4, Item 4)"
bio-l4-0155,Biology,4,What are important phenomena in Biology at level 4? (Question 5),Basic phenomena overview,Detailed phenomena explanation for Biology,Simple phenomena summary,General phenomena description,Standard phenomena definition,1,"Educational content about phenomena in Biology (Level 4, Item 5)"
bio-l4-0156,Biology,4,What are important processes in Biology at level 4? (Question 6),Basic processes overview,Detailed processes explanation for Biology,Simple processes summary,General processes description,Standard processes definition,1,"Educational content about processes in Biology (Level 4, Item 6)"
bio-l4-0157,Biology,4,What are important systems in Biology at level 4? (Question 7),Basic systems overview,Detailed systems explanation for Biology,Simple systems summary,General systems description,Standard systems definition,1,"Educational content about systems in Biology (Level 4, Item 7)"
bio-l4-0158,Biology,4,What are important structures in Biology at level 4? (Question 8),Basic structures overview,Detailed structures explanation for Biology,Simple structures summary,General structures description,Standard structures definition,1,"Educational content about structures in Biology (Level 4, Item 8)"
bio-l4-0159,Biology,4,What are important elements in Biology at level 4? (Question 9),Basic elements overview,Detailed elements explanation for Biology,Simple elements summary,General elements description,Standard elements definition,1,"Educational content about elements in Biology (Level 4, Item 9)"
bio-l4-0160,Biology,4,What are important components in Biology at level 4? (Question 10),Basic components overview,Detailed components explanation for Biology,Simple components summary,General components description,Standard components definition,1,"Educational content about components in Biology (Level 4, Item 10)"
bio-l4-0161,Biology,4,What are important concepts in Biology at level 4? (Question 11),Basic concepts overview,Detailed concepts explanation for Biology,Simple concepts summary,General concepts description,Standard concepts definition,1,"Educational content about concepts in Biology (Level 4, Item 11)"
bio-l4-0162,Biology,4,What are important principles in Biology at level 4? (Question 12),Basic principles overview,Detailed principles explanation for Biology,Simple principles summary,General principles description,Standard principles definition,1,"Educational content about principles in Biology (Level 4, Item 12)"
bio-l4-0163,Biology,4,What are important theories in Biology at level 4? (Question 13),Basic theories overview,Detailed theories explanation for Biology,Simple theories summary,General theories description,Standard theories definition,1,"Educational content about theories in Biology (Level 4, Item 13)"
bio-l4-0164,Biology,4,What are important facts in Biology at level 4? (Question 14),Basic facts overview,Detailed facts explanation for Biology,Simple facts summary,General facts description,Standard facts definition,1,"Educational content about facts in Biology (Level 4, Item 14)"
bio-l4-0165,Biology,4,What are important phenomena in Biology at level 4? (Question 15),Basic phenomena overview,Detailed phenomena explanation for Biology,Simple phenomena summary,General phenomena description,Standard phenomena definition,1,"Educational content about phenomena in Biology (Level 4, Item 15)"
bio-l4-0166,Biology,4,What are important processes in Biology at level 4? (Question 16),Basic processes overview,Detailed processes explanation for Biology,Simple processes summary,General processes description,Standard processes definition,1,"Educational content about processes in Biology (Level 4, Item 16)"
bio-l4-0167,Biology,4,What are important systems in Biology at level 4? (Question 17),Basic systems overview,Detailed systems explanation for Biology,Simple systems summary,General systems description,Standard systems definition,1,"Educational content about systems in Biology (Level 4, Item 17)"
bio-l4-0168,Biology,4,What are important structures in Biology at level 4? (Question 18),Basic structures overview,Detailed structures explanation for Biology,Simple structures summary,General structures description,Standard structures definition,1,"Educational content about structures in Biology (Level 4, Item 18)"
bio-l4-0169,Biology,4,What are important elements in Biology at level 4? (Question 19),Basic elements overview,Detailed elements explanation for Biology,Simple elements summary,General elements description,Standard elements definition,1,"Educational content about elements in Biology (Level 4, Item 19)"
bio-l4-0170,Biology,4,What are important components in Biology at level 4? (Question 20),Basic components overview,Detailed components explanation for Biology,Simple components summary,General components description,Standard components definition,1,"Educational content about components in Biology (Level 4, Item 20)"
bio-l4-0171,Biology,4,What are important concepts in Biology at level 4? (Question 21),Basic concepts overview,Detailed concepts explanation for Biology,Simple concepts summary,General concepts description,Standard concepts definition,1,"Educational content about concepts in Biology (Level 4, Item 21)"
bio-l4-0172,Biology,4,What are important principles in Biology at level 4? (Question 22),Basic principles overview,Detailed principles explanation for Biology,Simple principles summary,General principles description,Standard principles definition,1,"Educational content about principles in Biology (Level 4, Item 22)"
bio-l4-0173,Biology,4,What are important theories in Biology at level 4? (Question 23),Basic theories overview,Detailed theories explanation for Biology,Simple theories summary,General theories description,Standard theories definition,1,"Educational content about theories in Biology (Level 4, Item 23)"
bio-l4-0174,Biology,4,What are important facts in Biology at level 4? (Question 24),Basic facts overview,Detailed facts explanation for Biology,Simple facts summary,General facts description,Standard facts definition,1,"Educational content about facts in Biology (Level 4, Item 24)"
bio-l4-0175,Biology,4,What are important phenomena in Biology at level 4? (Question 25),Basic phenomena overview,Detailed phenomena explanation for Biology,Simple phenomena summary,General phenomena description,Standard phenomena definition,1,"Educational content about phenomena in Biology (Level 4, Item 25)"
bio-l4-0176,Biology,4,What are important processes in Biology at level 4? (Question 26),Basic processes overview,Detailed processes explanation for Biology,Simple processes summary,General processes description,Standard processes definition,1,"Educational content about processes in Biology (Level 4, Item 26)"
bio-l4-0177,Biology,4,What are important systems in Biology at level 4? (Question 27),Basic systems overview,Detailed systems explanation for Biology,Simple systems summary,General systems description,Standard systems definition,1,"Educational content about systems in Biology (Level 4, Item 27)"
bio-l4-0178,Biology,4,What are important structures in Biology at level 4? (Question 28),Basic structures overview,Detailed structures explanation for Biology,Simple structures summary,General structures description,Standard structures definition,1,"Educational content about structures in Biology (Level 4, Item 28)"
bio-l4-0179,Biology,4,What are important elements in Biology at level 4? (Question 29),Basic elements overview,Detailed elements explanation for Biology,Simple elements summary,General elements description,Standard elements definition,1,"Educational content about elements in Biology (Level 4, Item 29)"
bio-l4-0180,Biology,4,What are important components in Biology at level 4? (Question 30),Basic components overview,Detailed components explanation for Biology,Simple components summary,General components description,Standard components definition,1,"Educational content about components in Biology (Level 4, Item 30)"
bio-l4-0181,Biology,4,What are important concepts in Biology at level 4? (Question 31),Basic concepts overview,Detailed concepts explanation for Biology,Simple concepts summary,General concepts description,Standard concepts definition,1,"Educational content about concepts in Biology (Level 4, Item 31)"
bio-l4-0182,Biology,4,What are important principles in Biology at level 4? (Question 32),Basic principles overview,Detailed principles explanation for Biology,Simple principles summary,General principles description,Standard principles definition,1,"Educational content about principles in Biology (Level 4, Item 32)"
bio-l4-0183,Biology,4,What are important theories in Biology at level 4? (Question 33),Basic theories overview,Detailed theories explanation for Biology,Simple theories summary,General theories description,Standard theories definition,1,"Educational content about theories in Biology (Level 4, Item 33)"
bio-l4-0184,Biology,4,What are important facts in Biology at level 4? (Question 34),Basic facts overview,Detailed facts explanation for Biology,Simple facts summary,General facts description,Standard facts definition,1,"Educational content about facts in Biology (Level 4, Item 34)"
bio-l4-0185,Biology,4,What are important phenomena in Biology at level 4? (Question 35),Basic phenomena overview,Detailed phenomena explanation for Biology,Simple phenomena summary,General phenomena description,Standard phenomena definition,1,"Educational content about phenomena in Biology (Level 4, Item 35)"
bio-l4-0186,Biology,4,What are important processes in Biology at level 4? (Question 36),Basic processes overview,Detailed processes explanation for Biology,Simple processes summary,General processes description,Standard processes definition,1,"Educational content about processes in Biology (Level 4, Item 36)"
bio-l4-0187,Biology,4,What are important systems in Biology at level 4? (Question 37),Basic systems overview,Detailed systems explanation for Biology,Simple systems summary,General systems description,Standard systems definition,1,"Educational content about systems in Biology (Level 4, Item 37)"
bio-l4-0188,Biology,4,What are important structures in Biology at level 4? (Question 38),Basic structures overview,Detailed structures explanation for Biology,Simple structures summary,General structures description,Standard structures definition,1,"Educational content about structures in Biology (Level 4, Item 38)"
bio-l4-0189,Biology,4,What are important elements in Biology at level 4? (Question 39),Basic elements overview,Detailed elements explanation for Biology,Simple elements summary,General elements description,Standard elements definition,1,"Educational content about elements in Biology (Level 4, Item 39)"
bio-l4-0190,Biology,4,What are important components in Biology at level 4? (Question 40),Basic components overview,Detailed components explanation for Biology,Simple components summary,General components description,Standard components definition,1,"Educational content about components in Biology (Level 4, Item 40)"
bio-l4-0191,Biology,4,What are important concepts in Biology at level 4? (Question 41),Basic concepts overview,Detailed concepts explanation for Biology,Simple concepts summary,General concepts description,Standard concepts definition,1,"Educational content about concepts in Biology (Level 4, Item 41)"
bio-l4-0192,Biology,4,What are important principles in Biology at level 4? (Question 42),Basic principles overview,Detailed principles explanation for Biology,Simple principles summary,General principles description,Standard principles definition,1,"Educational content about principles in Biology (Level 4, Item 42)"
bio-l4-0193,Biology,4,What are important theories in Biology at level 4? (Question 43),Basic theories overview,Detailed theories explanation for Biology,Simple theories summary,General theories description,Standard theories definition,1,"Educational content about theories in Biology (Level 4, Item 43)"
bio-l4-0194,Biology,4,What are important facts in Biology at level 4? (Question 44),Basic facts overview,Detailed facts explanation for Biology,Simple facts summary,General facts description,Standard facts definition,1,"Educational content about facts in Biology (Level 4, Item 44)"
bio-l4-0195,Biology,4,What are important phenomena in Biology at level 4? (Question 45),Basic phenomena overview,Detailed phenomena explanation for Biology,Simple phenomena summary,General phenomena description,Standard phenomena definition,1,"Educational content about phenomena in Biology (Level 4, Item 45)"
bio-l4-0196,Biology,4,What are important processes in Biology at level 4? (Question 46),Basic processes overview,Detailed processes explanation for Biology,Simple processes summary,General processes description,Standard processes definition,1,"Educational content about processes in Biology (Level 4, Item 46)"
bio-l4-0197,Biology,4,What are important systems in Biology at level 4? (Question 47),Basic systems overview,Detailed systems explanation for Biology,Simple systems summary,General systems description,Standard systems definition,1,"Educational content about systems in Biology (Level 4, Item 47)"
bio-l4-0198,Biology,4,What are important structures in Biology at level 4? (Question 48),Basic structures overview,Detailed structures explanation for Biology,Simple structures summary,General structures description,Standard structures definition,1,"Educational content about structures in Biology (Level 4, Item 48)"
bio-l4-0199,Biology,4,What are important elements in Biology at level 4? (Question 49),Basic elements overview,Detailed elements explanation for Biology,Simple elements summary,General elements description,Standard elements definition,1,"Educational content about elements in Biology (Level 4, Item 49)"
bio-l4-0200,Biology,4,What are important components in Biology at level 4? (Question 50),Basic components overview,Detailed components explanation for Biology,Simple components summary,General components description,Standard components definition,1,"Educational content about components in Biology (Level 4, Item 50)"
bio-l5-0201,Biology,5,What are important concepts in Biology at level 5? (Question 1),Basic concepts overview,Detailed concepts explanation for Biology,Simple concepts summary,General concepts description,Standard concepts definition,1,"Educational content about concepts in Biology (Level 5, Item 1)"
bio-l5-0202,Biology,5,What are important principles in Biology at level 5? (Question 2),Basic principles overview,Detailed principles explanation for Biology,Simple principles summary,General principles description,Standard principles definition,1,"Educational content about principles in Biology (Level 5, Item 2)"
bio-l5-0203,Biology,5,What are important theories in Biology at level 5? (Question 3),Basic theories overview,Detailed theories explanation for Biology,Simple theories summary,General theories description,Standard theories definition,1,"Educational content about theories in Biology (Level 5, Item 3)"
bio-l5-0204,Biology,5,What are important facts in Biology at level 5? (Question 4),Basic facts overview,Detailed facts explanation for Biology,Simple facts summary,General facts description,Standard facts definition,1,"Educational content about facts in Biology (Level 5, Item 4)"
bio-l5-0205,Biology,5,What are important phenomena in Biology at level 5? (Question 5),Basic phenomena overview,Detailed phenomena explanation for Biology,Simple phenomena summary,General phenomena description,Standard phenomena definition,1,"Educational content about phenomena in Biology (Level 5, Item 5)"
bio-l5-0206,Biology,5,What are important processes in Biology at level 5? (Question 6),Basic processes overview,Detailed processes explanation for Biology,Simple processes summary,General processes description,Standard processes definition,1,"Educational content about processes in Biology (Level 5, Item 6)"
bio-l5-0207,Biology,5,What are important systems in Biology at level 5? (Question 7),Basic systems overview,Detailed systems explanation for Biology,Simple systems summary,General systems description,Standard systems definition,1,"Educational content about systems in Biology (Level 5, Item 7)"
bio-l5-0208,Biology,5,What are important structures in Biology at level 5? (Question 8),Basic structures overview,Detailed structures explanation for Biology,Simple structures summary,General structures description,Standard structures definition,1,"Educational content about structures in Biology (Level 5, Item 8)"
bio-l5-0209,Biology,5,What are important elements in Biology at level 5? (Question 9),Basic elements overview,Detailed elements explanation for Biology,Simple elements summary,General elements description,Standard elements definition,1,"Educational content about elements in Biology (Level 5, Item 9)"
bio-l5-0210,Biology,5,What are important components in Biology at level 5? (Question 10),Basic components overview,Detailed components explanation for Biology,Simple components summary,General components description,Standard components definition,1,"Educational content about components in Biology (Level 5, Item 10)"
bio-l5-0211,Biology,5,What are important concepts in Biology at level 5? (Question 11),Basic concepts overview,Detailed concepts explanation for Biology,Simple concepts summary,General concepts description,Standard concepts definition,1,"Educational content about concepts in Biology (Level 5, Item 11)"
bio-l5-0212,Biology,5,What are important principles in Biology at level 5? (Question 12),Basic principles overview,Detailed principles explanation for Biology,Simple principles summary,General principles description,Standard principles definition,1,"Educational content about principles in Biology (Level 5, Item 12)"
bio-l5-0213,Biology,5,What are important theories in Biology at level 5? (Question 13),Basic theories overview,Detailed theories explanation for Biology,Simple theories summary,General theories description,Standard theories definition,1,"Educational content about theories in Biology (Level 5, Item 13)"
bio-l5-0214,Biology,5,What are important facts in Biology at level 5? (Question 14),Basic facts overview,Detailed facts explanation for Biology,Simple facts summary,General facts description,Standard facts definition,1,"Educational content about facts in Biology (Level 5, Item 14)"
bio-l5-0215,Biology,5,What are important phenomena in Biology at level 5? (Question 15),Basic phenomena overview,Detailed phenomena explanation for Biology,Simple phenomena summary,General phenomena description,Standard phenomena definition,1,"Educational content about phenomena in Biology (Level 5, Item 15)"
bio-l5-0216,Biology,5,What are important processes in Biology at level 5? (Question 16),Basic processes overview,Detailed processes explanation for Biology,Simple processes summary,General processes description,Standard processes definition,1,"Educational content about processes in Biology (Level 5, Item 16)"
bio-l5-0217,Biology,5,What are important systems in Biology at level 5? (Question 17),Basic systems overview,Detailed systems explanation for Biology,Simple systems summary,General systems description,Standard systems definition,1,"Educational content about systems in Biology (Level 5, Item 17)"
bio-l5-0218,Biology,5,What are important structures in Biology at level 5? (Question 18),Basic structures overview,Detailed structures explanation for Biology,Simple structures summary,General structures description,Standard structures definition,1,"Educational content about structures in Biology (Level 5, Item 18)"
bio-l5-0219,Biology,5,What are important elements in Biology at level 5? (Question 19),Basic elements overview,Detailed elements explanation for Biology,Simple elements summary,General elements description,Standard elements definition,1,"Educational content about elements in Biology (Level 5, Item 19)"
bio-l5-0220,Biology,5,What are important components in Biology at level 5? (Question 20),Basic components overview,Detailed components explanation for Biology,Simple components summary,General components description,Standard components definition,1,"Educational content about components in Biology (Level 5, Item 20)"
bio-l5-0221,Biology,5,What are important concepts in Biology at level 5? (Question 21),Basic concepts overview,Detailed concepts explanation for Biology,Simple concepts summary,General concepts description,Standard concepts definition,1,"Educational content about concepts in Biology (Level 5, Item 21)"
bio-l5-0222,Biology,5,What are important principles in Biology at level 5? (Question 22),Basic principles overview,Detailed principles explanation for Biology,Simple principles summary,General principles description,Standard principles definition,1,"Educational content about principles in Biology (Level 5, Item 22)"
bio-l5-0223,Biology,5,What are important theories in Biology at level 5? (Question 23),Basic theories overview,Detailed theories explanation for Biology,Simple theories summary,General theories description,Standard theories definition,1,"Educational content about theories in Biology (Level 5, Item 23)"
bio-l5-0224,Biology,5,What are important facts in Biology at level 5? (Question 24),Basic facts overview,Detailed facts explanation for Biology,Simple facts summary,General facts description,Standard facts definition,1,"Educational content about facts in Biology (Level 5, Item 24)"
bio-l5-0225,Biology,5,What are important phenomena in Biology at level 5? (Question 25),Basic phenomena overview,Detailed phenomena explanation for Biology,Simple phenomena summary,General phenomena description,Standard phenomena definition,1,"Educational content about phenomena in Biology (Level 5, Item 25)"
bio-l5-0226,Biology,5,What are important processes in Biology at level 5? (Question 26),Basic processes overview,Detailed processes explanation for Biology,Simple processes summary,General processes description,Standard processes definition,1,"Educational content about processes in Biology (Level 5, Item 26)"
bio-l5-0227,Biology,5,What are important systems in Biology at level 5? (Question 27),Basic systems overview,Detailed systems explanation for Biology,Simple systems summary,General systems description,Standard systems definition,1,"Educational content about systems in Biology (Level 5, Item 27)"
bio-l5-0228,Biology,5,What are important structures in Biology at level 5? (Question 28),Basic structures overview,Detailed structures explanation for Biology,Simple structures summary,General structures description,Standard structures definition,1,"Educational content about structures in Biology (Level 5, Item 28)"
bio-l5-0229,Biology,5,What are important elements in Biology at level 5? (Question 29),Basic elements overview,Detailed elements explanation for Biology,Simple elements summary,General elements description,Standard elements definition,1,"Educational content about elements in Biology (Level 5, Item 29)"
bio-l5-0230,Biology,5,What are important components in Biology at level 5? (Question 30),Basic components overview,Detailed components explanation for Biology,Simple components summary,General components description,Standard components definition,1,"Educational content about components in Biology (Level 5, Item 30)"
bio-l5-0231,Biology,5,What are important concepts in Biology at level 5? (Question 31),Basic concepts overview,Detailed concepts explanation for Biology,Simple concepts summary,General concepts description,Standard concepts definition,1,"Educational content about concepts in Biology (Level 5, Item 31)"
bio-l5-0232,Biology,5,What are important principles in Biology at level 5? (Question 32),Basic principles overview,Detailed principles explanation for Biology,Simple principles summary,General principles description,Standard principles definition,1,"Educational content about principles in Biology (Level 5, Item 32)"
bio-l5-0233,Biology,5,What are important theories in Biology at level 5? (Question 33),Basic theories overview,Detailed theories explanation for Biology,Simple theories summary,General theories description,Standard theories definition,1,"Educational content about theories in Biology (Level 5, Item 33)"
bio-l5-0234,Biology,5,What are important facts in Biology at level 5? (Question 34),Basic facts overview,Detailed facts explanation for Biology,Simple facts summary,General facts description,Standard facts definition,1,"Educational content about facts in Biology (Level 5, Item 34)"
bio-l5-0235,Biology,5,What are important phenomena in Biology at level 5? (Question 35),Basic phenomena overview,Detailed phenomena explanation for Biology,Simple phenomena summary,General phenomena description,Standard phenomena definition,1,"Educational content about phenomena in Biology (Level 5, Item 35)"
bio-l5-0236,Biology,5,What are important processes in Biology at level 5? (Question 36),Basic processes overview,Detailed processes explanation for Biology,Simple processes summary,General processes description,Standard processes definition,1,"Educational content about processes in Biology (Level 5, Item 36)"
bio-l5-0237,Biology,5,What are important systems in Biology at level 5? (Question 37),Basic systems overview,Detailed systems explanation for Biology,Simple systems summary,General systems description,Standard systems definition,1,"Educational content about systems in Biology (Level 5, Item 37)"
bio-l5-0238,Biology,5,What are important structures in Biology at level 5? (Question 38),Basic structures overview,Detailed structures explanation for Biology,Simple structures summary,General structures description,Standard structures definition,1,"Educational content about structures in Biology (Level 5, Item 38)"
bio-l5-0239,Biology,5,What are important elements in Biology at level 5? (Question 39),Basic elements overview,Detailed elements explanation for Biology,Simple elements summary,General elements description,Standard elements definition,1,"Educational content about elements in Biology (Level 5, Item 39)"
bio-l5-0240,Biology,5,What are important components in Biology at level 5? (Question 40),Basic components overview,Detailed components explanation for Biology,Simple components summary,General components description,Standard components definition,1,"Educational content about components in Biology (Level 5, Item 40)"
bio-l5-0241,Biology,5,What are important concepts in Biology at level 5? (Question 41),Basic concepts overview,Detailed concepts explanation for Biology,Simple concepts summary,General concepts description,Standard concepts definition,1,"Educational content about concepts in Biology (Level 5, Item 41)"
bio-l5-0242,Biology,5,What are important principles in Biology at level 5? (Question 42),Basic principles overview,Detailed principles explanation for Biology,Simple principles summary,General principles description,Standard principles definition,1,"Educational content about principles in Biology (Level 5, Item 42)"
bio-l5-0243,Biology,5,What are important theories in Biology at level 5? (Question 43),Basic theories overview,Detailed theories explanation for Biology,Simple theories summary,General theories description,Standard theories definition,1,"Educational content about theories in Biology (Level 5, Item 43)"
bio-l5-0244,Biology,5,What are important facts in Biology at level 5? (Question 44),Basic facts overview,Detailed facts explanation for Biology,Simple facts summary,General facts description,Standard facts definition,1,"Educational content about facts in Biology (Level 5, Item 44)"
bio-l5-0245,Biology,5,What are important phenomena in Biology at level 5? (Question 45),Basic phenomena overview,Detailed phenomena explanation for Biology,Simple phenomena summary,General phenomena description,Standard phenomena definition,1,"Educational content about phenomena in Biology (Level 5, Item 45)"
bio-l5-0246,Biology,5,What are important processes in Biology at level 5? (Question 46),Basic processes overview,Detailed processes explanation for Biology,Simple processes summary,General processes description,Standard processes definition,1,"Educational content about processes in Biology (Level 5, Item 46)"
bio-l5-0247,Biology,5,What are important systems in Biology at level 5? (Question 47),Basic systems overview,Detailed systems explanation for Biology,Simple systems summary,General systems description,Standard systems definition,1,"Educational content about systems in Biology (Level 5, Item 47)"
bio-l5-0248,Biology,5,What are important structures in Biology at level 5? (Question 48),Basic structures overview,Detailed structures explanation for Biology,Simple structures summary,General structures description,Standard structures definition,1,"Educational content about structures in Biology (Level 5, Item 48)"
bio-l5-0249,Biology,5,What are important elements in Biology at level 5? (Question 49),Basic elements overview,Detailed elements explanation for Biology,Simple elements summary,General elements description,Standard elements definition,1,"Educational content about elements in Biology (Level 5, Item 49)"
bio-l5-0250,Biology,5,What are important components in Biology at level 5? (Question 50),Basic components overview,Detailed components explanation for Biology,Simple components summary,General components description,Standard components definition,1,"Educational content about components in Biology (Level 5, Item 50)"
geo-l1-0251,Geography,1,What is Pacific Ocean?,A theory,Largest ocean,A law,A principle,A rule,1,covers more area than all land combined
geo-l1-0252,Geography,1,How is Pacific Ocean best described?,As a process,Covers more area than all land combined,As a theory,As a law,As a hypothesis,1,Pacific Ocean: largest ocean
geo-l1-0253,Geography,1,"In Geography, what characterizes Pacific Ocean?",Its size,Largest ocean,Its color,Its shape,Its weight,1,Learn about Pacific Ocean
geo-l1-0254,Geography,1,What is Mount Everest?,A theory,Tallest peak,A law,A principle,A rule,1,"29,029 feet above sea level"
geo-l1-0255,Geography,1,How is Mount Everest best described?,As a process,"29,029 feet above sea level",As a theory,As a law,As a hypothesis,1,Mount Everest: tallest peak
geo-l1-0256,Geography,1,"In Geography, what characterizes Mount Everest?",Its size,Tallest peak,Its color,Its shape,Its weight,1,Learn about Mount Everest
geo-l1-0257,Geography,1,What is Amazon Rainforest?,A theory,Largest rainforest,A law,A principle,A rule,1,produces 20% of world's oxygen
geo-l1-0258,Geography,1,How is Amazon Rainforest best described?,As a process,Produces 20% of world's oxygen,As a theory,As a law,As a hypothesis,1,Amazon Rainforest: largest rainforest
geo-l1-0259,Geography,1,"In Geography, what characterizes Amazon Rainforest?",Its size,Largest rainforest,Its color,Its shape,Its weight,1,Learn about Amazon Rainforest
geo-l1-0260,Geography,1,What is Nile River?,A theory,Longest river,A law,A principle,A rule,1,flows through northeastern Africa
geo-l1-0261,Geography,1,How is Nile River best described?,As a process,Flows through northeastern africa,As a theory,As a law,As a hypothesis,1,Nile River: longest river
geo-l1-0262,Geography,1,"In Geography, what characterizes Nile River?",Its size,Longest river,Its color,Its shape,Its weight,1,Learn about Nile River
geo-l1-0263,Geography,1,What is Antarctica?,A theory,Coldest continent,A law,A principle,A rule,1,covered in thick ice sheet
geo-l1-0264,Geography,1,How is Antarctica best described?,As a process,Covered in thick ice sheet,As a theory,As a law,As a hypothesis,1,Antarctica: coldest continent
geo-l1-0265,Geography,1,"In Geography, what characterizes Antarctica?",Its size,Coldest continent,Its color,Its shape,Its weight,1,Learn about Antarctica
geo-l1-0266,Geography,1,What are important processes in Geography at level 1? (Question 16),Basic processes overview,Detailed processes explanation for Geography,Simple processes summary,General processes description,Standard processes definition,1,"Educational content about processes in Geography (Level 1, Item 16)"
geo-l1-0267,Geography,1,What are important systems in Geography at level 1? (Question 17),Basic systems overview,Detailed systems explanation for Geography,Simple systems summary,General systems description,Standard systems definition,1,"Educational content about systems in Geography (Level 1, Item 17)"
geo-l1-0268,Geography,1,What are important structures in Geography at level 1? (Question 18),Basic structures overview,Detailed structures explanation for Geography,Simple structures summary,General structures description,Standard structures definition,1,"Educational content about structures in Geography (Level 1, Item 18)"
geo-l1-0269,Geography,1,What are important elements in Geography at level 1? (Question 19),Basic elements overview,Detailed elements explanation for Geography,Simple elements summary,General elements description,Standard elements definition,1,"Educational content about elements in Geography (Level 1, Item 19)"
geo-l1-0270,Geography,1,What are important components in Geography at level 1? (Question 20),Basic components overview,Detailed components explanation for Geography,Simple components summary,General components description,Standard components definition,1,"Educational content about components in Geography (Level 1, Item 20)"
geo-l1-0271,Geography,1,What are important concepts in Geography at level 1? (Question 21),Basic concepts overview,Detailed concepts explanation for Geography,Simple concepts summary,General concepts description,Standard concepts definition,1,"Educational content about concepts in Geography (Level 1, Item 21)"
geo-l1-0272,Geography,1,What are important principles in Geography at level 1? (Question 22),Basic principles overview,Detailed principles explanation for Geography,Simple principles summary,General principles description,Standard principles definition,1,"Educational content about principles in Geography (Level 1, Item 22)"
geo-l1-0273,Geography,1,What are important theories in Geography at level 1? (Question 23),Basic theories overview,Detailed theories explanation for Geography,Simple theories summary,General theories description,Standard theories definition,1,"Educational content about theories in Geography (Level 1, Item 23)"
geo-l1-0274,Geography,1,What are important facts in Geography at level 1? (Question 24),Basic facts overview,Detailed facts explanation for Geography,Simple facts summary,General facts description,Standard facts definition,1,"Educational content about facts in Geography (Level 1, Item 24)"
geo-l1-0275,Geography,1,What are important phenomena in Geography at level 1? (Question 25),Basic phenomena overview,Detailed phenomena explanation for Geography,Simple phenomena summary,General phenomena description,Standard phenomena definition,1,"Educational content about phenomena in Geography (Level 1, Item 25)"
geo-l1-0276,Geography,1,What are important processes in Geography at level 1? (Question 26),Basic processes overview,Detailed processes explanation for Geography,Simple processes summary,General processes description,Standard processes definition,1,"Educational content about processes in Geography (Level 1, Item 26)"
geo-l1-0277,Geography,1,What are important systems in Geography at level 1? (Question 27),Basic systems overview,Detailed systems explanation for Geography,Simple systems summary,General systems description,Standard systems definition,1,"Educational content about systems in Geography (Level 1, Item 27)"
geo-l1-0278,Geography,1,What are important structures in Geography at level 1? (Question 28),Basic structures overview,Detailed structures explanation for Geography,Simple structures summary,General structures description,Standard structures definition,1,"Educational content about structures in Geography (Level 1, Item 28)"
geo-l1-0279,Geography,1,What are important elements in Geography at level 1? (Question 29),Basic elements overview,Detailed elements explanation for Geography,Simple elements summary,General elements description,Standard elements definition,1,"Educational content about elements in Geography (Level 1, Item 29)"
geo-l1-0280,Geography,1,What are important components in Geography at level 1? (Question 30),Basic components overview,Detailed components explanation for Geography,Simple components summary,General components description,Standard components definition,1,"Educational content about components in Geography (Level 1, Item 30)"
geo-l1-0281,Geography,1,What are important concepts in Geography at level 1? (Question 31),Basic concepts overview,Detailed concepts explanation for Geography,Simple concepts summary,General concepts description,Standard concepts definition,1,"Educational content about concepts in Geography (Level 1, Item 31)"
geo-l1-0282,Geography,1,What are important principles in Geography at level 1? (Question 32),Basic principles overview,Detailed principles explanation for Geography,Simple principles summary,General principles description,Standard principles definition,1,"Educational content about principles in Geography (Level 1, Item 32)"
geo-l1-0283,Geography,1,What are important theories in Geography at level 1? (Question 33),Basic theories overview,Detailed theories explanation for Geography,Simple theories summary,General theories description,Standard theories definition,1,"Educational content about theories in Geography (Level 1, Item 33)"
geo-l1-0284,Geography,1,What are important facts in Geography at level 1? (Question 34),Basic facts overview,Detailed facts explanation for Geography,Simple facts summary,General facts description,Standard facts definition,1,"Educational content about facts in Geography (Level 1, Item 34)"
geo-l1-0285,Geography,1,What are important phenomena in Geography at level 1? (Question 35),Basic phenomena overview,Detailed phenomena explanation for Geography,Simple phenomena summary,General phenomena description,Standard phenomena definition,1,"Educational content about phenomena in Geography (Level 1, Item 35)"
geo-l1-0286,Geography,1,What are important processes in Geography at level 1? (Question 36),Basic processes overview,Detailed processes explanation for Geography,Simple processes summary,General processes description,Standard processes definition,1,"Educational content about processes in Geography (Level 1, Item 36)"
geo-l1-0287,Geography,1,What are important systems in Geography at level 1? (Question 37),Basic systems overview,Detailed systems explanation for Geography,Simple systems summary,General systems description,Standard systems definition,1,"Educational content about systems in Geography (Level 1, Item 37)"
geo-l1-0288,Geography,1,What are important structures in Geography at level 1? (Question 38),Basic structures overview,Detailed structures explanation for Geography,Simple structures summary,General structures description,Standard structures definition,1,"Educational content about structures in Geography (Level 1, Item 38)"
geo-l1-0289,Geography,1,What are important elements in Geography at level 1? (Question 39),Basic elements overview,Detailed elements explanation for Geography,Simple elements summary,General elements description,Standard elements definition,1,"Educational content about elements in Geography (Level 1, Item 39)"
geo-l1-0290,Geography,1,What are important components in Geography at level 1? (Question 40),Basic components overview,Detailed components explanation for Geography,Simple components summary,General components description,Standard components definition,1,"Educational content about components in Geography (Level 1, Item 40)"
geo-l1-0291,Geography,1,What are important concepts in Geography at level 1? (Question 41),Basic concepts overview,Detailed concepts explanation for Geography,Simple concepts summary,General concepts description,Standard concepts definition,1,"Educational content about concepts in Geography (Level 1, Item 41)"
geo-l1-0292,Geography,1,What are important principles in Geography at level 1? (Question 42),Basic principles overview,Detailed principles explanation for Geography,Simple principles summary,General principles description,Standard principles definition,1,"Educational content about principles in Geography (Level 1, Item 42)"
geo-l1-0293,Geography,1,What are important theories in Geography at level 1? (Question 43),Basic theories overview,Detailed theories explanation for Geography,Simple theories summary,General theories description,Standard theories definition,1,"Educational content about theories in Geography (Level 1, Item 43)"
geo-l1-0294,Geography,1,What are important facts in Geography at level 1? (Question 44),Basic facts overview,Detailed facts explanation for Geography,Simple facts summary,General facts description,Standard facts definition,1,"Educational content about facts in Geography (Level 1, Item 44)"
geo-l1-0295,Geography,1,What are important phenomena in Geography at level 1? (Question 45),Basic phenomena overview,Detailed phenomena explanation for Geography,Simple phenomena summary,General phenomena description,Standard phenomena definition,1,"Educational content about phenomena in Geography (Level 1, Item 45)"
geo-l1-0296,Geography,1,What are important processes in Geography at level 1? (Question 46),Basic processes overview,Detailed processes explanation for Geography,Simple processes summary,General processes description,Standard processes definition,1,"Educational content about processes in Geography (Level 1, Item 46)"
geo-l1-0297,Geography,1,What are important systems in Geography at level 1? (Question 47),Basic systems overview,Detailed systems explanation for Geography,Simple systems summary,General systems description,Standard systems definition,1,"Educational content about systems in Geography (Level 1, Item 47)"
geo-l1-0298,Geography,1,What are important structures in Geography at level 1? (Question 48),Basic structures overview,Detailed structures explanation for Geography,Simple structures summary,General structures description,Standard structures definition,1,"Educational content about structures in Geography (Level 1, Item 48)"
geo-l1-0299,Geography,1,What are important elements in Geography at level 1? (Question 49),Basic elements overview,Detailed elements explanation for Geography,Simple elements summary,General elements description,Standard elements definition,1,"Educational content about elements in Geography (Level 1, Item 49)"
geo-l1-0300,Geography,1,What are important components in Geography at level 1? (Question 50),Basic components overview,Detailed components explanation for Geography,Simple components summary,General components description,Standard components definition,1,"Educational content about components in Geography (Level 1, Item 50)"
geo-l2-0301,Geography,2,What are important concepts in Geography at level 2? (Question 1),Basic concepts overview,Detailed concepts explanation for Geography,Simple concepts summary,General concepts description,Standard concepts definition,1,"Educational content about concepts in Geography (Level 2, Item 1)"
geo-l2-0302,Geography,2,What are important principles in Geography at level 2? (Question 2),Basic principles overview,Detailed principles explanation for Geography,Simple principles summary,General principles description,Standard principles definition,1,"Educational content about principles in Geography (Level 2, Item 2)"
geo-l2-0303,Geography,2,What are important theories in Geography at level 2? (Question 3),Basic theories overview,Detailed theories explanation for Geography,Simple theories summary,General theories description,Standard theories definition,1,"Educational content about theories in Geography (Level 2, Item 3)"
geo-l2-0304,Geography,2,What are important facts in Geography at level 2? (Question 4),Basic facts overview,Detailed facts explanation for Geography,Simple facts summary,General facts description,Standard facts definition,1,"Educational content about facts in Geography (Level 2, Item 4)"
geo-l2-0305,Geography,2,What are important phenomena in Geography at level 2? (Question 5),Basic phenomena overview,Detailed phenomena explanation for Geography,Simple phenomena summary,General phenomena description,Standard phenomena definition,1,"Educational content about phenomena in Geography (Level 2, Item 5)"
geo-l2-0306,Geography,2,What are important processes in Geography at level 2? (Question 6),Basic processes overview,Detailed processes explanation for Geography,Simple processes summary,General processes description,Standard processes definition,1,"Educational content about processes in Geography (Level 2, Item 6)"
geo-l2-0307,Geography,2,What are important systems in Geography at level 2? (Question 7),Basic systems overview,Detailed systems explanation for Geography,Simple systems summary,General systems description,Standard systems definition,1,"Educational content about systems in Geography (Level 2, Item 7)"
geo-l2-0308,Geography,2,What are important structures in Geography at level 2? (Question 8),Basic structures overview,Detailed structures explanation for Geography,Simple structures summary,General structures description,Standard structures definition,1,"Educational content about structures in Geography (Level 2, Item 8)"
geo-l2-0309,Geography,2,What are important elements in Geography at level 2? (Question 9),Basic elements overview,Detailed elements explanation for Geography,Simple elements summary,General elements description,Standard elements definition,1,"Educational content about elements in Geography (Level 2, Item 9)"
geo-l2-0310,Geography,2,What are important components in Geography at level 2? (Question 10),Basic components overview,Detailed components explanation for Geography,Simple components summary,General components description,Standard components definition,1,"Educational content about components in Geography (Level 2, Item 10)"
geo-l2-0311,Geography,2,What are important concepts in Geography at level 2? (Question 11),Basic concepts overview,Detailed concepts explanation for Geography,Simple concepts summary,General concepts description,Standard concepts definition,1,"Educational content about concepts in Geography (Level 2, Item 11)"
geo-l2-0312,Geography,2,What are important principles in Geography at level 2? (Question 12),Basic principles overview,Detailed principles explanation for Geography,Simple principles summary,General principles description,Standard principles definition,1,"Educational content about principles in Geography (Level 2, Item 12)"
geo-l2-0313,Geography,2,What are important theories in Geography at level 2? (Question 13),Basic theories overview,Detailed theories explanation for Geography,Simple theories summary,General theories description,Standard theories definition,1,"Educational content about theories in Geography (Level 2, Item 13)"
geo-l2-0314,Geography,2,What are important facts in Geography at level 2? (Question 14),Basic facts overview,Detailed facts explanation for Geography,Simple facts summary,General facts description,Standard facts definition,1,"Educational content about facts in Geography (Level 2, Item 14)"
geo-l2-0315,Geography,2,What are important phenomena in Geography at level 2? (Question 15),Basic phenomena overview,Detailed phenomena explanation for Geography,Simple phenomena summary,General phenomena description,Standard phenomena definition,1,"Educational content about phenomena in Geography (Level 2, Item 15)"
geo-l2-0316,Geography,2,What are important processes in Geography at level 2? (Question 16),Basic processes overview,Detailed processes explanation for Geography,Simple processes summary,General processes description,Standard processes definition,1,"Educational content about processes in Geography (Level 2, Item 16)"
geo-l2-0317,Geography,2,What are important systems in Geography at level 2? (Question 17),Basic systems overview,Detailed systems explanation for Geography,Simple systems summary,General systems description,Standard systems definition,1,"Educational content about systems in Geography (Level 2, Item 17)"
geo-l2-0318,Geography,2,What are important structures in Geography at level 2? (Question 18),Basic structures overview,Detailed structures explanation for Geography,Simple structures summary,General structures description,Standard structures definition,1,"Educational content about structures in Geography (Level 2, Item 18)"
geo-l2-0319,Geography,2,What are important elements in Geography at level 2? (Question 19),Basic elements overview,Detailed elements explanation for Geography,Simple elements summary,General elements description,Standard elements definition,1,"Educational content about elements in Geography (Level 2, Item 19)"
geo-l2-0320,Geography,2,What are important components in Geography at level 2? (Question 20),Basic components overview,Detailed components explanation for Geography,Simple components summary,General components description,Standard components definition,1,"Educational content about components in Geography (Level 2, Item 20)"
geo-l2-0321,Geography,2,What are important concepts in Geography at level 2? (Question 21),Basic concepts overview,Detailed concepts explanation for Geography,Simple concepts summary,General concepts description,Standard concepts definition,1,"Educational content about concepts in Geography (Level 2, Item 21)"
geo-l2-0322,Geography,2,What are important principles in Geography at level 2? (Question 22),Basic principles overview,Detailed principles explanation for Geography,Simple principles summary,General principles description,Standard principles definition,1,"Educational content about principles in Geography (Level 2, Item 22)"
geo-l2-0323,Geography,2,What are important theories in Geography at level 2? (Question 23),Basic theories overview,Detailed theories explanation for Geography,Simple theories summary,General theories description,Standard theories definition,1,"Educational content about theories in Geography (Level 2, Item 23)"
geo-l2-0324,Geography,2,What are important facts in Geography at level 2? (Question 24),Basic facts overview,Detailed facts explanation for Geography,Simple facts summary,General facts description,Standard facts definition,1,"Educational content about facts in Geography (Level 2, Item 24)"
geo-l2-0325,Geography,2,What are important phenomena in Geography at level 2? (Question 25),Basic phenomena overview,Detailed phenomena explanation for Geography,Simple phenomena summary,General phenomena description,Standard phenomena definition,1,"Educational content about phenomena in Geography (Level 2, Item 25)"
geo-l2-0326,Geography,2,What are important processes in Geography at level 2? (Question 26),Basic processes overview,Detailed processes explanation for Geography,Simple processes summary,General processes description,Standard processes definition,1,"Educational content about processes in Geography (Level 2, Item 26)"
geo-l2-0327,Geography,2,What are important systems in Geography at level 2? (Question 27),Basic systems overview,Detailed systems explanation for Geography,Simple systems summary,General systems description,Standard systems definition,1,"Educational content about systems in Geography (Level 2, Item 27)"
geo-l2-0328,Geography,2,What are important structures in Geography at level 2? (Question 28),Basic structures overview,Detailed structures explanation for Geography,Simple structures summary,General structures description,Standard structures definition,1,"Educational content about structures in Geography (Level 2, Item 28)"
geo-l2-0329,Geography,2,What are important elements in Geography at level 2? (Question 29),Basic elements overview,Detailed elements explanation for Geography,Simple elements summary,General elements description,Standard elements definition,1,"Educational content about elements in Geography (Level 2, Item 29)"
geo-l2-0330,Geography,2,What are important components in Geography at level 2? (Question 30),Basic components overview,Detailed components explanation for Geography,Simple components summary,General components description,Standard components definition,1,"Educational content about components in Geography (Level 2, Item 30)"
geo-l2-0331,Geography,2,What are important concepts in Geography at level 2? (Question 31),Basic concepts overview,Detailed concepts explanation for Geography,Simple concepts summary,General concepts description,Standard concepts definition,1,"Educational content about concepts in Geography (Level 2, Item 31)"
geo-l2-0332,Geography,2,What are important principles in Geography at level 2? (Question 32),Basic principles overview,Detailed principles explanation for Geography,Simple principles summary,General principles description,Standard principles definition,1,"Educational content about principles in Geography (Level 2, Item 32)"
geo-l2-0333,Geography,2,What are important theories in Geography at level 2? (Question 33),Basic theories overview,Detailed theories explanation for Geography,Simple theories summary,General theories description,Standard theories definition,1,"Educational content about theories in Geography (Level 2, Item 33)"
geo-l2-0334,Geography,2,What are important facts in Geography at level 2? (Question 34),Basic facts overview,Detailed facts explanation for Geography,Simple facts summary,General facts description,Standard facts definition,1,"Educational content about facts in Geography (Level 2, Item 34)"
geo-l2-0335,Geography,2,What are important phenomena in Geography at level 2? (Question 35),Basic phenomena overview,Detailed phenomena explanation for Geography,Simple phenomena summary,General phenomena description,Standard phenomena definition,1,"Educational content about phenomena in Geography (Level 2, Item 35)"
geo-l2-0336,Geography,2,What are important processes in Geography at level 2? (Question 36),Basic processes overview,Detailed processes explanation for Geography,Simple processes summary,General processes description,Standard processes definition,1,"Educational content about processes in Geography (Level 2, Item 36)"
geo-l2-0337,Geography,2,What are important systems in Geography at level 2? (Question 37),Basic systems overview,Detailed systems explanation for Geography,Simple systems summary,General systems description,Standard systems definition,1,"Educational content about systems in Geography (Level 2, Item 37)"
geo-l2-0338,Geography,2,What are important structures in Geography at level 2? (Question 38),Basic structures overview,Detailed structures explanation for Geography,Simple structures summary,General structures description,Standard structures definition,1,"Educational content about structures in Geography (Level 2, Item 38)"
geo-l2-0339,Geography,2,What are important elements in Geography at level 2? (Question 39),Basic elements overview,Detailed elements explanation for Geography,Simple elements summary,General elements description,Standard elements definition,1,"Educational content about elements in Geography (Level 2, Item 39)"
geo-l2-0340,Geography,2,What are important components in Geography at level 2? (Question 40),Basic components overview,Detailed components explanation for Geography,Simple components summary,General components description,Standard components definition,1,"Educational content about components in Geography (Level 2, Item 40)"
geo-l2-0341,Geography,2,What are important concepts in Geography at level 2? (Question 41),Basic concepts overview,Detailed concepts explanation for Geography,Simple concepts summary,General concepts description,Standard concepts definition,1,"Educational content about concepts in Geography (Level 2, Item 41)"
geo-l2-0342,Geography,2,What are important principles in Geography at level 2? (Question 42),Basic principles overview,Detailed principles explanation for Geography,Simple principles summary,General principles description,Standard principles definition,1,"Educational content about principles in Geography (Level 2, Item 42)"
geo-l2-0343,Geography,2,What are important theories in Geography at level 2? (Question 43),Basic theories overview,Detailed theories explanation for Geography,Simple theories summary,General theories description,Standard theories definition,1,"Educational content about theories in Geography (Level 2, Item 43)"
geo-l2-0344,Geography,2,What are important facts in Geography at level 2? (Question 44),Basic facts overview,Detailed facts explanation for Geography,Simple facts summary,General facts description,Standard facts definition,1,"Educational content about facts in Geography (Level 2, Item 44)"
geo-l2-0345,Geography,2,What are important phenomena in Geography at level 2? (Question 45),Basic phenomena overview,Detailed phenomena explanation for Geography,Simple phenomena summary,General phenomena description,Standard phenomena definition,1,"Educational content about phenomena in Geography (Level 2, Item 45)"
geo-l2-0346,Geography,2,What are important processes in Geography at level 2? (Question 46),Basic processes overview,Detailed processes explanation for Geography,Simple processes summary,General processes description,Standard processes definition,1,"Educational content about processes in Geography (Level 2, Item 46)"
geo-l2-0347,Geography,2,What are important systems in Geography at level 2? (Question 47),Basic systems overview,Detailed systems explanation for Geography,Simple systems summary,General systems description,Standard systems definition,1,"Educational content about systems in Geography (Level 2, Item 47)"
geo-l2-0348,Geography,2,What are important structures in Geography at level 2? (Question 48),Basic structures overview,Detailed structures explanation for Geography,Simple structures summary,General structures description,Standard structures definition,1,"Educational content about structures in Geography (Level 2, Item 48)"
geo-l2-0349,Geography,2,What are important elements in Geography at level 2? (Question 49),Basic elements overview,Detailed elements explanation for Geography,Simple elements summary,General elements description,Standard elements definition,1,"Educational content about elements in Geography (Level 2, Item 49)"
geo-l2-0350,Geography,2,What are important components in Geography at level 2? (Question 50),Basic components overview,Detailed components explanation for Geography,Simple components summary,General components description,Standard components definition,1,"Educational content about components in Geography (Level 2, Item 50)"
geo-l3-0351,Geography,3,What are important concepts in Geography at level 3? (Question 1),Basic concepts overview,Detailed concepts explanation for Geography,Simple concepts summary,General concepts description,Standard concepts definition,1,"Educational content about concepts in Geography (Level 3, Item 1)"
geo-l3-0352,Geography,3,What are important principles in Geography at level 3? (Question 2),Basic principles overview,Detailed principles explanation for Geography,Simple principles summary,General principles description,Standard principles definition,1,"Educational content about principles in Geography (Level 3, Item 2)"
geo-l3-0353,Geography,3,What are important theories in Geography at level 3? (Question 3),Basic theories overview,Detailed theories explanation for Geography,Simple theories summary,General theories description,Standard theories definition,1,"Educational content about theories in Geography (Level 3, Item 3)"
geo-l3-0354,Geography,3,What are important facts in Geography at level 3? (Question 4),Basic facts overview,Detailed facts explanation for Geography,Simple facts summary,General facts description,Standard facts definition,1,"Educational content about facts in Geography (Level 3, Item 4)"
geo-l3-0355,Geography,3,What are important phenomena in Geography at level 3? (Question 5),Basic phenomena overview,Detailed phenomena explanation for Geography,Simple phenomena summary,General phenomena description,Standard phenomena definition,1,"Educational content about phenomena in Geography (Level 3, Item 5)"
geo-l3-0356,Geography,3,What are important processes in Geography at level 3? (Question 6),Basic processes overview,Detailed processes explanation for Geography,Simple processes summary,General processes description,Standard processes definition,1,"Educational content about processes in Geography (Level 3, Item 6)"
geo-l3-0357,Geography,3,What are important systems in Geography at level 3? (Question 7),Basic systems overview,Detailed systems explanation for Geography,Simple systems summary,General systems description,Standard systems definition,1,"Educational content about systems in Geography (Level 3, Item 7)"
geo-l3-0358,Geography,3,What are important structures in Geography at level 3? (Question 8),Basic structures overview,Detailed structures explanation for Geography,Simple structures summary,General structures description,Standard structures definition,1,"Educational content about structures in Geography (Level 3, Item 8)"
geo-l3-0359,Geography,3,What are important elements in Geography at level 3? (Question 9),Basic elements overview,Detailed elements explanation for Geography,Simple elements summary,General elements description,Standard elements definition,1,"Educational content about elements in Geography (Level 3, Item 9)"
geo-l3-0360,Geography,3,What are important components in Geography at level 3? (Question 10),Basic components overview,Detailed components explanation for Geography,Simple components summary,General components description,Standard components definition,1,"Educational content about components in Geography (Level 3, Item 10)"
geo-l3-0361,Geography,3,What are important concepts in Geography at level 3? (Question 11),Basic concepts overview,Detailed concepts explanation for Geography,Simple concepts summary,General concepts description,Standard concepts definition,1,"Educational content about concepts in Geography (Level 3, Item 11)"
geo-l3-0362,Geography,3,What are important principles in Geography at level 3? (Question 12),Basic principles overview,Detailed principles explanation for Geography,Simple principles summary,General principles description,Standard principles definition,1,"Educational content about principles in Geography (Level 3, Item 12)"
geo-l3-0363,Geography,3,What are important theories in Geography at level 3? (Question 13),Basic theories overview,Detailed theories explanation for Geography,Simple theories summary,General theories description,Standard theories definition,1,"Educational content about theories in Geography (Level 3, Item 13)"
geo-l3-0364,Geography,3,What are important facts in Geography at level 3? (Question 14),Basic facts overview,Detailed facts explanation for Geography,Simple facts summary,General facts description,Standard facts definition,1,"Educational content about facts in Geography (Level 3, Item 14)"
geo-l3-0365,Geography,3,What are important phenomena in Geography at level 3? (Question 15),Basic phenomena overview,Detailed phenomena explanation for Geography,Simple phenomena summary,General phenomena description,Standard phenomena definition,1,"Educational content about phenomena in Geography (Level 3, Item 15)"
geo-l3-0366,Geography,3,What are important processes in Geography at level 3? (Question 16),Basic processes overview,Detailed processes explanation for Geography,Simple processes summary,General processes description,Standard processes definition,1,"Educational content about processes in Geography (Level 3, Item 16)"
geo-l3-0367,Geography,3,What are important systems in Geography at level 3? (Question 17),Basic systems overview,Detailed systems explanation for Geography,Simple systems summary,General systems description,Standard systems definition,1,"Educational content about systems in Geography (Level 3, Item 17)"
geo-l3-0368,Geography,3,What are important structures in Geography at level 3? (Question 18),Basic structures overview,Detailed structures explanation for Geography,Simple structures summary,General structures description,Standard structures definition,1,"Educational content about structures in Geography (Level 3, Item 18)"
geo-l3-0369,Geography,3,What are important elements in Geography at level 3? (Question 19),Basic elements overview,Detailed elements explanation for Geography,Simple elements summary,General elements description,Standard elements definition,1,"Educational content about elements in Geography (Level 3, Item 19)"
geo-l3-0370,Geography,3,What are important components in Geography at level 3? (Question 20),Basic components overview,Detailed components explanation for Geography,Simple components summary,General components description,Standard components definition,1,"Educational content about components in Geography (Level 3, Item 20)"
geo-l3-0371,Geography,3,What are important concepts in Geography at level 3? (Question 21),Basic concepts overview,Detailed concepts explanation for Geography,Simple concepts summary,General concepts description,Standard concepts definition,1,"Educational content about concepts in Geography (Level 3, Item 21)"
geo-l3-0372,Geography,3,What are important principles in Geography at level 3? (Question 22),Basic principles overview,Detailed principles explanation for Geography,Simple principles summary,General principles description,Standard principles definition,1,"Educational content about principles in Geography (Level 3, Item 22)"
geo-l3-0373,Geography,3,What are important theories in Geography at level 3? (Question 23),Basic theories overview,Detailed theories explanation for Geography,Simple theories summary,General theories description,Standard theories definition,1,"Educational content about theories in Geography (Level 3, Item 23)"
geo-l3-0374,Geography,3,What are important facts in Geography at level 3? (Question 24),Basic facts overview,Detailed facts explanation for Geography,Simple facts summary,General facts description,Standard facts definition,1,"Educational content about facts in Geography (Level 3, Item 24)"
geo-l3-0375,Geography,3,What are important phenomena in Geography at level 3? (Question 25),Basic phenomena overview,Detailed phenomena explanation for Geography,Simple phenomena summary,General phenomena description,Standard phenomena definition,1,"Educational content about phenomena in Geography (Level 3, Item 25)"
geo-l3-0376,Geography,3,What are important processes in Geography at level 3? (Question 26),Basic processes overview,Detailed processes explanation for Geography,Simple processes summary,General processes description,Standard processes definition,1,"Educational content about processes in Geography (Level 3, Item 26)"
geo-l3-0377,Geography,3,What are important systems in Geography at level 3? (Question 27),Basic systems overview,Detailed systems explanation for Geography,Simple systems summary,General systems description,Standard systems definition,1,"Educational content about systems in Geography (Level 3, Item 27)"
geo-l3-0378,Geography,3,What are important structures in Geography at level 3? (Question 28),Basic structures overview,Detailed structures explanation for Geography,Simple structures summary,General structures description,Standard structures definition,1,"Educational content about structures in Geography (Level 3, Item 28)"
geo-l3-0379,Geography,3,What are important elements in Geography at level 3? (Question 29),Basic elements overview,Detailed elements explanation for Geography,Simple elements summary,General elements description,Standard elements definition,1,"Educational content about elements in Geography (Level 3, Item 29)"
geo-l3-0380,Geography,3,What are important components in Geography at level 3? (Question 30),Basic components overview,Detailed components explanation for Geography,Simple components summary,General components description,Standard components definition,1,"Educational content about components in Geography (Level 3, Item 30)"
geo-l3-0381,Geography,3,What are important concepts in Geography at level 3? (Question 31),Basic concepts overview,Detailed concepts explanation for Geography,Simple concepts summary,General concepts description,Standard concepts definition,1,"Educational content about concepts in Geography (Level 3, Item 31)"
geo-l3-0382,Geography,3,What are important principles in Geography at level 3? (Question 32),Basic principles overview,Detailed principles explanation for Geography,Simple principles summary,General principles description,Standard principles definition,1,"Educational content about principles in Geography (Level 3, Item 32)"
geo-l3-0383,Geography,3,What are important theories in Geography at level 3? (Question 33),Basic theories overview,Detailed theories explanation for Geography,Simple theories summary,General theories description,Standard theories definition,1,"Educational content about theories in Geography (Level 3, Item 33)"
geo-l3-0384,Geography,3,What are important facts in Geography at level 3? (Question 34),Basic facts overview,Detailed facts explanation for Geography,Simple facts summary,General facts description,Standard facts definition,1,"Educational content about facts in Geography (Level 3, Item 34)"
geo-l3-0385,Geography,3,What are important phenomena in Geography at level 3? (Question 35),Basic phenomena overview,Detailed phenomena explanation for Geography,Simple phenomena summary,General phenomena description,Standard phenomena definition,1,"Educational content about phenomena in Geography (Level 3, Item 35)"
geo-l3-0386,Geography,3,What are important processes in Geography at level 3? (Question 36),Basic processes overview,Detailed processes explanation for Geography,Simple processes summary,General processes description,Standard processes definition,1,"Educational content about processes in Geography (Level 3, Item 36)"
geo-l3-0387,Geography,3,What are important systems in Geography at level 3? (Question 37),Basic systems overview,Detailed systems explanation for Geography,Simple systems summary,General systems description,Standard systems definition,1,"Educational content about systems in Geography (Level 3, Item 37)"
geo-l3-0388,Geography,3,What are important structures in Geography at level 3? (Question 38),Basic structures overview,Detailed structures explanation for Geography,Simple structures summary,General structures description,Standard structures definition,1,"Educational content about structures in Geography (Level 3, Item 38)"
geo-l3-0389,Geography,3,What are important elements in Geography at level 3? (Question 39),Basic elements overview,Detailed elements explanation for Geography,Simple elements summary,General elements description,Standard elements definition,1,"Educational content about elements in Geography (Level 3, Item 39)"
geo-l3-0390,Geography,3,What are important components in Geography at level 3? (Question 40),Basic components overview,Detailed components explanation for Geography,Simple components summary,General components description,Standard components definition,1,"Educational content about components in Geography (Level 3, Item 40)"
geo-l3-0391,Geography,3,What are important concepts in Geography at level 3? (Question 41),Basic concepts overview,Detailed concepts explanation for Geography,Simple concepts summary,General concepts description,Standard concepts definition,1,"Educational content about concepts in Geography (Level 3, Item 41)"
geo-l3-0392,Geography,3,What are important principles in Geography at level 3? (Question 42),Basic principles overview,Detailed principles explanation for Geography,Simple principles summary,General principles description,Standard principles definition,1,"Educational content about principles in Geography (Level 3, Item 42)"
geo-l3-0393,Geography,3,What are important theories in Geography at level 3? (Question 43),Basic theories overview,Detailed theories explanation for Geography,Simple theories summary,General theories description,Standard theories definition,1,"Educational content about theories in Geography (Level 3, Item 43)"
geo-l3-0394,Geography,3,What are important facts in Geography at level 3? (Question 44),Basic facts overview,Detailed facts explanation for Geography,Simple facts summary,General facts description,Standard facts definition,1,"Educational content about facts in Geography (Level 3, Item 44)"
geo-l3-0395,Geography,3,What are important phenomena in Geography at level 3? (Question 45),Basic phenomena overview,Detailed phenomena explanation for Geography,Simple phenomena summary,General phenomena description,Standard phenomena definition,1,"Educational content about phenomena in Geography (Level 3, Item 45)"
geo-l3-0396,Geography,3,What are important processes in Geography at level 3? (Question 46),Basic processes overview,Detailed processes explanation for Geography,Simple processes summary,General processes description,Standard processes definition,1,"Educational content about processes in Geography (Level 3, Item 46)"
geo-l3-0397,Geography,3,What are important systems in Geography at level 3? (Question 47),Basic systems overview,Detailed systems explanation for Geography,Simple systems summary,General systems description,Standard systems definition,1,"Educational content about systems in Geography (Level 3, Item 47)"
geo-l3-0398,Geography,3,What are important structures in Geography at level 3? (Question 48),Basic structures overview,Detailed structures explanation for Geography,Simple structures summary,General structures description,Standard structures definition,1,"Educational content about structures in Geography (Level 3, Item 48)"
geo-l3-0399,Geography,3,What are important elements in Geography at level 3? (Question 49),Basic elements overview,Detailed elements explanation for Geography,Simple elements summary,General elements description,Standard elements definition,1,"Educational content about elements in Geography (Level 3, Item 49)"
geo-l3-0400,Geography,3,What are important components in Geography at level 3? (Question 50),Basic components overview,Detailed components explanation for Geography,Simple components summary,General components description,Standard components definition,1,"Educational content about components in Geography (Level 3, Item 50)"
geo-l4-0401,Geography,4,What are important concepts in Geography at level 4? (Question 1),Basic concepts overview,Detailed concepts explanation for Geography,Simple concepts summary,General concepts description,Standard concepts definition,1,"Educational content about concepts in Geography (Level 4, Item 1)"
geo-l4-0402,Geography,4,What are important principles in Geography at level 4? (Question 2),Basic principles overview,Detailed principles explanation for Geography,Simple principles summary,General principles description,Standard principles definition,1,"Educational content about principles in Geography (Level 4, Item 2)"
geo-l4-0403,Geography,4,What are important theories in Geography at level 4? (Question 3),Basic theories overview,Detailed theories explanation for Geography,Simple theories summary,General theories description,Standard theories definition,1,"Educational content about theories in Geography (Level 4, Item 3)"
geo-l4-0404,Geography,4,What are important facts in Geography at level 4? (Question 4),Basic facts overview,Detailed facts explanation for Geography,Simple facts summary,General facts description,Standard facts definition,1,"Educational content about facts in Geography (Level 4, Item 4)"
geo-l4-0405,Geography,4,What are important phenomena in Geography at level 4? (Question 5),Basic phenomena overview,Detailed phenomena explanation for Geography,Simple phenomena summary,General phenomena description,Standard phenomena definition,1,"Educational content about phenomena in Geography (Level 4, Item 5)"
geo-l4-0406,Geography,4,What are important processes in Geography at level 4? (Question 6),Basic processes overview,Detailed processes explanation for Geography,Simple processes summary,General processes description,Standard processes definition,1,"Educational content about processes in Geography (Level 4, Item 6)"
geo-l4-0407,Geography,4,What are important systems in Geography at level 4? (Question 7),Basic systems overview,Detailed systems explanation for Geography,Simple systems summary,General systems description,Standard systems definition,1,"Educational content about systems in Geography (Level 4, Item 7)"
geo-l4-0408,Geography,4,What are important structures in Geography at level 4? (Question 8),Basic structures overview,Detailed structures explanation for Geography,Simple structures summary,General structures description,Standard structures definition,1,"Educational content about structures in Geography (Level 4, Item 8)"
geo-l4-0409,Geography,4,What are important elements in Geography at level 4? (Question 9),Basic elements overview,Detailed elements explanation for Geography,Simple elements summary,General elements description,Standard elements definition,1,"Educational content about elements in Geography (Level 4, Item 9)"
geo-l4-0410,Geography,4,What are important components in Geography at level 4? (Question 10),Basic components overview,Detailed components explanation for Geography,Simple components summary,General components description,Standard components definition,1,"Educational content about components in Geography (Level 4, Item 10)"
geo-l4-0411,Geography,4,What are important concepts in Geography at level 4? (Question 11),Basic concepts overview,Detailed concepts explanation for Geography,Simple concepts summary,General concepts description,Standard concepts definition,1,"Educational content about concepts in Geography (Level 4, Item 11)"
geo-l4-0412,Geography,4,What are important principles in Geography at level 4? (Question 12),Basic principles overview,Detailed principles explanation for Geography,Simple principles summary,General principles description,Standard principles definition,1,"Educational content about principles in Geography (Level 4, Item 12)"
geo-l4-0413,Geography,4,What are important theories in Geography at level 4? (Question 13),Basic theories overview,Detailed theories explanation for Geography,Simple theories summary,General theories description,Standard theories definition,1,"Educational content about theories in Geography (Level 4, Item 13)"
geo-l4-0414,Geography,4,What are important facts in Geography at level 4? (Question 14),Basic facts overview,Detailed facts explanation for Geography,Simple facts summary,General facts description,Standard facts definition,1,"Educational content about facts in Geography (Level 4, Item 14)"
geo-l4-0415,Geography,4,What are important phenomena in Geography at level 4? (Question 15),Basic phenomena overview,Detailed phenomena explanation for Geography,Simple phenomena summary,General phenomena description,Standard phenomena definition,1,"Educational content about phenomena in Geography (Level 4, Item 15)"
geo-l4-0416,Geography,4,What are important processes in Geography at level 4? (Question 16),Basic processes overview,Detailed processes explanation for Geography,Simple processes summary,General processes description,Standard processes definition,1,"Educational content about processes in Geography (Level 4, Item 16)"
geo-l4-0417,Geography,4,What are important systems in Geography at level 4? (Question 17),Basic systems overview,Detailed systems explanation for Geography,Simple systems summary,General systems description,Standard systems definition,1,"Educational content about systems in Geography (Level 4, Item 17)"
geo-l4-0418,Geography,4,What are important structures in Geography at level 4? (Question 18),Basic structures overview,Detailed structures explanation for Geography,Simple structures summary,General structures description,Standard structures definition,1,"Educational content about structures in Geography (Level 4, Item 18)"
geo-l4-0419,Geography,4,What are important elements in Geography at level 4? (Question 19),Basic elements overview,Detailed elements explanation for Geography,Simple elements summary,General elements description,Standard elements definition,1,"Educational content about elements in Geography (Level 4, Item 19)"
geo-l4-0420,Geography,4,What are important components in Geography at level 4? (Question 20),Basic components overview,Detailed components explanation for Geography,Simple components summary,General components description,Standard components definition,1,"Educational content about components in Geography (Level 4, Item 20)"
geo-l4-0421,Geography,4,What are important concepts in Geography at level 4? (Question 21),Basic concepts overview,Detailed concepts explanation for Geography,Simple concepts summary,General concepts description,Standard concepts definition,1,"Educational content about concepts in Geography (Level 4, Item 21)"
geo-l4-0422,Geography,4,What are important principles in Geography at level 4? (Question 22),Basic principles overview,Detailed principles explanation for Geography,Simple principles summary,General principles description,Standard principles definition,1,"Educational content about principles in Geography (Level 4, Item 22)"
geo-l4-0423,Geography,4,What are important theories in Geography at level 4? (Question 23),Basic theories overview,Detailed theories explanation for Geography,Simple theories summary,General theories description,Standard theories definition,1,"Educational content about theories in Geography (Level 4, Item 23)"
geo-l4-0424,Geography,4,What are important facts in Geography at level 4? (Question 24),Basic facts overview,Detailed facts explanation for Geography,Simple facts summary,General facts description,Standard facts definition,1,"Educational content about facts in Geography (Level 4, Item 24)"
geo-l4-0425,Geography,4,What are important phenomena in Geography at level 4? (Question 25),Basic phenomena overview,Detailed phenomena explanation for Geography,Simple phenomena summary,General phenomena description,Standard phenomena definition,1,"Educational content about phenomena in Geography (Level 4, Item 25)"
geo-l4-0426,Geography,4,What are important processes in Geography at level 4? (Question 26),Basic processes overview,Detailed processes explanation for Geography,Simple processes summary,General processes description,Standard processes definition,1,"Educational content about processes in Geography (Level 4, Item 26)"
geo-l4-0427,Geography,4,What are important systems in Geography at level 4? (Question 27),Basic systems overview,Detailed systems explanation for Geography,Simple systems summary,General systems description,Standard systems definition,1,"Educational content about systems in Geography (Level 4, Item 27)"
geo-l4-0428,Geography,4,What are important structures in Geography at level 4? (Question 28),Basic structures overview,Detailed structures explanation for Geography,Simple structures summary,General structures description,Standard structures definition,1,"Educational content about structures in Geography (Level 4, Item 28)"
geo-l4-0429,Geography,4,What are important elements in Geography at level 4? (Question 29),Basic elements overview,Detailed elements explanation for Geography,Simple elements summary,General elements description,Standard elements definition,1,"Educational content about elements in Geography (Level 4, Item 29)"
geo-l4-0430,Geography,4,What are important components in Geography at level 4? (Question 30),Basic components overview,Detailed components explanation for Geography,Simple components summary,General components description,Standard components definition,1,"Educational content about components in Geography (Level 4, Item 30)"
geo-l4-0431,Geography,4,What are important concepts in Geography at level 4? (Question 31),Basic concepts overview,Detailed concepts explanation for Geography,Simple concepts summary,General concepts description,Standard concepts definition,1,"Educational content about concepts in Geography (Level 4, Item 31)"
geo-l4-0432,Geography,4,What are important principles in Geography at level 4? (Question 32),Basic principles overview,Detailed principles explanation for Geography,Simple principles summary,General principles description,Standard principles definition,1,"Educational content about principles in Geography (Level 4, Item 32)"
geo-l4-0433,Geography,4,What are important theories in Geography at level 4? (Question 33),Basic theories overview,Detailed theories explanation for Geography,Simple theories summary,General theories description,Standard theories definition,1,"Educational content about theories in Geography (Level 4, Item 33)"
geo-l4-0434,Geography,4,What are important facts in Geography at level 4? (Question 34),Basic facts overview,Detailed facts explanation for Geography,Simple facts summary,General facts description,Standard facts definition,1,"Educational content about facts in Geography (Level 4, Item 34)"
geo-l4-0435,Geography,4,What are important phenomena in Geography at level 4? (Question 35),Basic phenomena overview,Detailed phenomena explanation for Geography,Simple phenomena summary,General phenomena description,Standard phenomena definition,1,"Educational content about phenomena in Geography (Level 4, Item 35)"
geo-l4-0436,Geography,4,What are important processes in Geography at level 4? (Question 36),Basic processes overview,Detailed processes explanation for Geography,Simple processes summary,General processes description,Standard processes definition,1,"Educational content about processes in Geography (Level 4, Item 36)"
geo-l4-0437,Geography,4,What are important systems in Geography at level 4? (Question 37),Basic systems overview,Detailed systems explanation for Geography,Simple systems summary,General systems description,Standard systems definition,1,"Educational content about systems in Geography (Level 4, Item 37)"
geo-l4-0438,Geography,4,What are important structures in Geography at level 4? (Question 38),Basic structures overview,Detailed structures explanation for Geography,Simple structures summary,General structures description,Standard structures definition,1,"Educational content about structures in Geography (Level 4, Item 38)"
geo-l4-0439,Geography,4,What are important elements in Geography at level 4? (Question 39),Basic elements overview,Detailed elements explanation for Geography,Simple elements summary,General elements description,Standard elements definition,1,"Educational content about elements in Geography (Level 4, Item 39)"
geo-l4-0440,Geography,4,What are important components in Geography at level 4? (Question 40),Basic components overview,Detailed components explanation for Geography,Simple components summary,General components description,Standard components definition,1,"Educational content about components in Geography (Level 4, Item 40)"
geo-l4-0441,Geography,4,What are important concepts in Geography at level 4? (Question 41),Basic concepts overview,Detailed concepts explanation for Geography,Simple concepts summary,General concepts description,Standard concepts definition,1,"Educational content about concepts in Geography (Level 4, Item 41)"
geo-l4-0442,Geography,4,What are important principles in Geography at level 4? (Question 42),Basic principles overview,Detailed principles explanation for Geography,Simple principles summary,General principles description,Standard principles definition,1,"Educational content about principles in Geography (Level 4, Item 42)"
geo-l4-0443,Geography,4,What are important theories in Geography at level 4? (Question 43),Basic theories overview,Detailed theories explanation for Geography,Simple theories summary,General theories description,Standard theories definition,1,"Educational content about theories in Geography (Level 4, Item 43)"
geo-l4-0444,Geography,4,What are important facts in Geography at level 4? (Question 44),Basic facts overview,Detailed facts explanation for Geography,Simple facts summary,General facts description,Standard facts definition,1,"Educational content about facts in Geography (Level 4, Item 44)"
geo-l4-0445,Geography,4,What are important phenomena in Geography at level 4? (Question 45),Basic phenomena overview,Detailed phenomena explanation for Geography,Simple phenomena summary,General phenomena description,Standard phenomena definition,1,"Educational content about phenomena in Geography (Level 4, Item 45)"
geo-l4-0446,Geography,4,What are important processes in Geography at level 4? (Question 46),Basic processes overview,Detailed processes explanation for Geography,Simple processes summary,General processes description,Standard processes definition,1,"Educational content about processes in Geography (Level 4, Item 46)"
geo-l4-0447,Geography,4,What are important systems in Geography at level 4? (Question 47),Basic systems overview,Detailed systems explanation for Geography,Simple systems summary,General systems description,Standard systems definition,1,"Educational content about systems in Geography (Level 4, Item 47)"
geo-l4-0448,Geography,4,What are important structures in Geography at level 4? (Question 48),Basic structures overview,Detailed structures explanation for Geography,Simple structures summary,General structures description,Standard structures definition,1,"Educational content about structures in Geography (Level 4, Item 48)"
geo-l4-0449,Geography,4,What are important elements in Geography at level 4? (Question 49),Basic elements overview,Detailed elements explanation for Geography,Simple elements summary,General elements description,Standard elements definition,1,"Educational content about elements in Geography (Level 4, Item 49)"
geo-l4-0450,Geography,4,What are important components in Geography at level 4? (Question 50),Basic components overview,Detailed components explanation for Geography,Simple components summary,General components description,Standard components definition,1,"Educational content about components in Geography (Level 4, Item 50)"
geo-l5-0451,Geography,5,What are important concepts in Geography at level 5? (Question 1),Basic concepts overview,Detailed concepts explanation for Geography,Simple concepts summary,General concepts description,Standard concepts definition,1,"Educational content about concepts in Geography (Level 5, Item 1)"
geo-l5-0452,Geography,5,What are important principles in Geography at level 5? (Question 2),Basic principles overview,Detailed principles explanation for Geography,Simple principles summary,General principles description,Standard principles definition,1,"Educational content about principles in Geography (Level 5, Item 2)"
geo-l5-0453,Geography,5,What are important theories in Geography at level 5? (Question 3),Basic theories overview,Detailed theories explanation for Geography,Simple theories summary,General theories description,Standard theories definition,1,"Educational content about theories in Geography (Level 5, Item 3)"
geo-l5-0454,Geography,5,What are important facts in Geography at level 5? (Question 4),Basic facts overview,Detailed facts explanation for Geography,Simple facts summary,General facts description,Standard facts definition,1,"Educational content about facts in Geography (Level 5, Item 4)"
geo-l5-0455,Geography,5,What are important phenomena in Geography at level 5? (Question 5),Basic phenomena overview,Detailed phenomena explanation for Geography,Simple phenomena summary,General phenomena description,Standard phenomena definition,1,"Educational content about phenomena in Geography (Level 5, Item 5)"
geo-l5-0456,Geography,5,What are important processes in Geography at level 5? (Question 6),Basic processes overview,Detailed processes explanation for Geography,Simple processes summary,General processes description,Standard processes definition,1,"Educational content about processes in Geography (Level 5, Item 6)"
geo-l5-0457,Geography,5,What are important systems in Geography at level 5? (Question 7),Basic systems overview,Detailed systems explanation for Geography,Simple systems summary,General systems description,Standard systems definition,1,"Educational content about systems in Geography (Level 5, Item 7)"
geo-l5-0458,Geography,5,What are important structures in Geography at level 5? (Question 8),Basic structures overview,Detailed structures explanation for Geography,Simple structures summary,General structures description,Standard structures definition,1,"Educational content about structures in Geography (Level 5, Item 8)"
geo-l5-0459,Geography,5,What are important elements in Geography at level 5? (Question 9),Basic elements overview,Detailed elements explanation for Geography,Simple elements summary,General elements description,Standard elements definition,1,"Educational content about elements in Geography (Level 5, Item 9)"
geo-l5-0460,Geography,5,What are important components in Geography at level 5? (Question 10),Basic components overview,Detailed components explanation for Geography,Simple components summary,General components description,Standard components definition,1,"Educational content about components in Geography (Level 5, Item 10)"
geo-l5-0461,Geography,5,What are important concepts in Geography at level 5? (Question 11),Basic concepts overview,Detailed concepts explanation for Geography,Simple concepts summary,General concepts description,Standard concepts definition,1,"Educational content about concepts in Geography (Level 5, Item 11)"
geo-l5-0462,Geography,5,What are important principles in Geography at level 5? (Question 12),Basic principles overview,Detailed principles explanation for Geography,Simple principles summary,General principles description,Standard principles definition,1,"Educational content about principles in Geography (Level 5, Item 12)"
geo-l5-0463,Geography,5,What are important theories in Geography at level 5? (Question 13),Basic theories overview,Detailed theories explanation for Geography,Simple theories summary,General theories description,Standard theories definition,1,"Educational content about theories in Geography (Level 5, Item 13)"
geo-l5-0464,Geography,5,What are important facts in Geography at level 5? (Question 14),Basic facts overview,Detailed facts explanation for Geography,Simple facts summary,General facts description,Standard facts definition,1,"Educational content about facts in Geography (Level 5, Item 14)"
geo-l5-0465,Geography,5,What are important phenomena in Geography at level 5? (Question 15),Basic phenomena overview,Detailed phenomena explanation for Geography,Simple phenomena summary,General phenomena description,Standard phenomena definition,1,"Educational content about phenomena in Geography (Level 5, Item 15)"
geo-l5-0466,Geography,5,What are important processes in Geography at level 5? (Question 16),Basic processes overview,Detailed processes explanation for Geography,Simple processes summary,General processes description,Standard processes definition,1,"Educational content about processes in Geography (Level 5, Item 16)"
geo-l5-0467,Geography,5,What are important systems in Geography at level 5? (Question 17),Basic systems overview,Detailed systems explanation for Geography,Simple systems summary,General systems description,Standard systems definition,1,"Educational content about systems in Geography (Level 5, Item 17)"
geo-l5-0468,Geography,5,What are important structures in Geography at level 5? (Question 18),Basic structures overview,Detailed structures explanation for Geography,Simple structures summary,General structures description,Standard structures definition,1,"Educational content about structures in Geography (Level 5, Item 18)"
geo-l5-0469,Geography,5,What are important elements in Geography at level 5? (Question 19),Basic elements overview,Detailed elements explanation for Geography,Simple elements summary,General elements description,Standard elements definition,1,"Educational content about elements in Geography (Level 5, Item 19)"
geo-l5-0470,Geography,5,What are important components in Geography at level 5? (Question 20),Basic components overview,Detailed components explanation for Geography,Simple components summary,General components description,Standard components definition,1,"Educational content about components in Geography (Level 5, Item 20)"
geo-l5-0471,Geography,5,What are important concepts in Geography at level 5? (Question 21),Basic concepts overview,Detailed concepts explanation for Geography,Simple concepts summary,General concepts description,Standard concepts definition,1,"Educational content about concepts in Geography (Level 5, Item 21)"
geo-l5-0472,Geography,5,What are important principles in Geography at level 5? (Question 22),Basic principles overview,Detailed principles explanation for Geography,Simple principles summary,General principles description,Standard principles definition,1,"Educational content about principles in Geography (Level 5, Item 22)"
geo-l5-0473,Geography,5,What are important theories in Geography at level 5? (Question 23),Basic theories overview,Detailed theories explanation for Geography,Simple theories summary,General theories description,Standard theories definition,1,"Educational content about theories in Geography (Level 5, Item 23)"
geo-l5-0474,Geography,5,What are important facts in Geography at level 5? (Question 24),Basic facts overview,Detailed facts explanation for Geography,Simple facts summary,General facts description,Standard facts definition,1,"Educational content about facts in Geography (Level 5, Item 24)"
geo-l5-0475,Geography,5,What are important phenomena in Geography at level 5? (Question 25),Basic phenomena overview,Detailed phenomena explanation for Geography,Simple phenomena summary,General phenomena description,Standard phenomena definition,1,"Educational content about phenomena in Geography (Level 5, Item 25)"
geo-l5-0476,Geography,5,What are important processes in Geography at level 5? (Question 26),Basic processes overview,Detailed processes explanation for Geography,Simple processes summary,General processes description,Standard processes definition,1,"Educational content about processes in Geography (Level 5, Item 26)"
geo-l5-0477,Geography,5,What are important systems in Geography at level 5? (Question 27),Basic systems overview,Detailed systems explanation for Geography,Simple systems summary,General systems description,Standard systems definition,1,"Educational content about systems in Geography (Level 5, Item 27)"
geo-l5-0478,Geography,5,What are important structures in Geography at level 5? (Question 28),Basic structures overview,Detailed structures explanation for Geography,Simple structures summary,General structures description,Standard structures definition,1,"Educational content about structures in Geography (Level 5, Item 28)"
geo-l5-0479,Geography,5,What are important elements in Geography at level 5? (Question 29),Basic elements overview,Detailed elements explanation for Geography,Simple elements summary,General elements description,Standard elements definition,1,"Educational content about elements in Geography (Level 5, Item 29)"
geo-l5-0480,Geography,5,What are important components in Geography at level 5? (Question 30),Basic components overview,Detailed components explanation for Geography,Simple components summary,General components description,Standard components definition,1,"Educational content about components in Geography (Level 5, Item 30)"
geo-l5-0481,Geography,5,What are important concepts in Geography at level 5? (Question 31),Basic concepts overview,Detailed concepts explanation for Geography,Simple concepts summary,General concepts description,Standard concepts definition,1,"Educational content about concepts in Geography (Level 5, Item 31)"
geo-l5-0482,Geography,5,What are important principles in Geography at level 5? (Question 32),Basic principles overview,Detailed principles explanation for Geography,Simple principles summary,General principles description,Standard principles definition,1,"Educational content about principles in Geography (Level 5, Item 32)"
geo-l5-0483,Geography,5,What are important theories in Geography at level 5? (Question 33),Basic theories overview,Detailed theories explanation for Geography,Simple theories summary,General theories description,Standard theories definition,1,"Educational content about theories in Geography (Level 5, Item 33)"
geo-l5-0484,Geography,5,What are important facts in Geography at level 5? (Question 34),Basic facts overview,Detailed facts explanation for Geography,Simple facts summary,General facts description,Standard facts definition,1,"Educational content about facts in Geography (Level 5, Item 34)"
geo-l5-0485,Geography,5,What are important phenomena in Geography at level 5? (Question 35),Basic phenomena overview,Detailed phenomena explanation for Geography,Simple phenomena summary,General phenomena description,Standard phenomena definition,1,"Educational content about phenomena in Geography (Level 5, Item 35)"
geo-l5-0486,Geography,5,What are important processes in Geography at level 5? (Question 36),Basic processes overview,Detailed processes explanation for Geography,Simple processes summary,General processes description,Standard processes definition,1,"Educational content about processes in Geography (Level 5, Item 36)"
geo-l5-0487,Geography,5,What are important systems in Geography at level 5? (Question 37),Basic systems overview,Detailed systems explanation for Geography,Simple systems summary,General systems description,Standard systems definition,1,"Educational content about systems in Geography (Level 5, Item 37)"
geo-l5-0488,Geography,5,What are important structures in Geography at level 5? (Question 38),Basic structures overview,Detailed structures explanation for Geography,Simple structures summary,General structures description,Standard structures definition,1,"Educational content about structures in Geography (Level 5, Item 38)"
geo-l5-0489,Geography,5,What are important elements in Geography at level 5? (Question 39),Basic elements overview,Detailed elements explanation for Geography,Simple elements summary,General elements description,Standard elements definition,1,"Educational content about elements in Geography (Level 5, Item 39)"
geo-l5-0490,Geography,5,What are important components in Geography at level 5? (Question 40),Basic components overview,Detailed components explanation for Geography,Simple components summary,General components description,Standard components definition,1,"Educational content about components in Geography (Level 5, Item 40)"
geo-l5-0491,Geography,5,What are important concepts in Geography at level 5? (Question 41),Basic concepts overview,Detailed concepts explanation for Geography,Simple concepts summary,General concepts description,Standard concepts definition,1,"Educational content about concepts in Geography (Level 5, Item 41)"
geo-l5-0492,Geography,5,What are important principles in Geography at level 5? (Question 42),Basic principles overview,Detailed principles explanation for Geography,Simple principles summary,General principles description,Standard principles definition,1,"Educational content about principles in Geography (Level 5, Item 42)"
geo-l5-0493,Geography,5,What are important theories in Geography at level 5? (Question 43),Basic theories overview,Detailed theories explanation for Geography,Simple theories summary,General theories description,Standard theories definition,1,"Educational content about theories in Geography (Level 5, Item 43)"
geo-l5-0494,Geography,5,What are important facts in Geography at level 5? (Question 44),Basic facts overview,Detailed facts explanation for Geography,Simple facts summary,General facts description,Standard facts definition,1,"Educational content about facts in Geography (Level 5, Item 44)"
geo-l5-0495,Geography,5,What are important phenomena in Geography at level 5? (Question 45),Basic phenomena overview,Detailed phenomena explanation for Geography,Simple phenomena summary,General phenomena description,Standard phenomena definition,1,"Educational content about phenomena in Geography (Level 5, Item 45)"
geo-l5-0496,Geography,5,What are important processes in Geography at level 5? (Question 46),Basic processes overview,Detailed processes explanation for Geography,Simple processes summary,General processes description,Standard processes definition,1,"Educational content about processes in Geography (Level 5, Item 46)"
geo-l5-0497,Geography,5,What are important systems in Geography at level 5? (Question 47),Basic systems overview,Detailed systems explanation for Geography,Simple systems summary,General systems description,Standard systems definition,1,"Educational content about systems in Geography (Level 5, Item 47)"
geo-l5-0498,Geography,5,What are important structures in Geography at level 5? (Question 48),Basic structures overview,Detailed structures explanation for Geography,Simple structures summary,General structures description,Standard structures definition,1,"Educational content about structures in Geography (Level 5, Item 48)"
geo-l5-0499,Geography,5,What are important elements in Geography at level 5? (Question 49),Basic elements overview,Detailed elements explanation for Geography,Simple elements summary,General elements description,Standard elements definition,1,"Educational content about elements in Geography (Level 5, Item 49)"
geo-l5-0500,Geography,5,What are important components in Geography at level 5? (Question 50),Basic components overview,Detailed components explanation for Geography,Simple components summary,General components description,Standard components definition,1,"Educational content about components in Geography (Level 5, Item 50)"
mat-l1-0501,Math,1,What is Pi?,A theory,Ratio constant,A law,A principle,A rule,1,circumference to diameter ratio = 3.14159...
mat-l1-0502,Math,1,How is Pi best described?,As a process,Circumference to diameter ratio = 3.14159...,As a theory,As a law,As a hypothesis,1,Pi: ratio constant
mat-l1-0503,Math,1,"In Math, what characterizes Pi?",Its size,Ratio constant,Its color,Its shape,Its weight,1,Learn about Pi
mat-l1-0504,Math,1,What is Pythagorean theorem?,A theory,Right triangle rule,A law,A principle,A rule,1,a² + b² = c²
mat-l1-0505,Math,1,How is Pythagorean theorem best described?,As a process,A² + b² = c²,As a theory,As a law,As a hypothesis,1,Pythagorean theorem: right triangle rule
mat-l1-0506,Math,1,"In Math, what characterizes Pythagorean theorem?",Its size,Right triangle rule,Its color,Its shape,Its weight,1,Learn about Pythagorean theorem
mat-l1-0507,Math,1,What is Prime number?,A theory,Indivisible integer,A law,A principle,A rule,1,only divisible by 1 and itself
mat-l1-0508,Math,1,How is Prime number best described?,As a process,Only divisible by 1 and itself,As a theory,As a law,As a hypothesis,1,Prime number: indivisible integer
mat-l1-0509,Math,1,"In Math, what characterizes Prime number?",Its size,Indivisible integer,Its color,Its shape,Its weight,1,Learn about Prime number
mat-l1-0510,Math,1,What is Fibonacci sequence?,A theory,Number pattern,A law,A principle,A rule,1,each number is sum of previous two
mat-l1-0511,Math,1,How is Fibonacci sequence best described?,As a process,Each number is sum of previous two,As a theory,As a law,As a hypothesis,1,Fibonacci sequence: number pattern
mat-l1-0512,Math,1,"In Math, what characterizes Fibonacci sequence?",Its size,Number pattern,Its color,Its shape,Its weight,1,Learn about Fibonacci sequence
mat-l1-0513,Math,1,What is Golden ratio?,A theory,Special proportion,A law,A principle,A rule,1,approximately 1.618
mat-l1-0514,Math,1,How is Golden ratio best described?,As a process,Approximately 1.618,As a theory,As a law,As a hypothesis,1,Golden ratio: special proportion
mat-l1-0515,Math,1,"In Math, what characterizes Golden ratio?",Its size,Special proportion,Its color,Its shape,Its weight,1,Learn about Golden ratio
mat-l1-0516,Math,1,What are important processes in Math at level 1? (Question 16),Basic processes overview,Detailed processes explanation for Math,Simple processes summary,General processes description,Standard processes definition,1,"Educational content about processes in Math (Level 1, Item 16)"
mat-l1-0517,Math,1,What are important systems in Math at level 1? (Question 17),Basic systems overview,Detailed systems explanation for Math,Simple systems summary,General systems description,Standard systems definition,1,"Educational content about systems in Math (Level 1, Item 17)"
mat-l1-0518,Math,1,What are important structures in Math at level 1? (Question 18),Basic structures overview,Detailed structures explanation for Math,Simple structures summary,General structures description,Standard structures definition,1,"Educational content about structures in Math (Level 1, Item 18)"
mat-l1-0519,Math,1,What are important elements in Math at level 1? (Question 19),Basic elements overview,Detailed elements explanation for Math,Simple elements summary,General elements description,Standard elements definition,1,"Educational content about elements in Math (Level 1, Item 19)"
mat-l1-0520,Math,1,What are important components in Math at level 1? (Question 20),Basic components overview,Detailed components explanation for Math,Simple components summary,General components description,Standard components definition,1,"Educational content about components in Math (Level 1, Item 20)"
mat-l1-0521,Math,1,What are important concepts in Math at level 1? (Question 21),Basic concepts overview,Detailed concepts explanation for Math,Simple concepts summary,General concepts description,Standard concepts definition,1,"Educational content about concepts in Math (Level 1, Item 21)"
mat-l1-0522,Math,1,What are important principles in Math at level 1? (Question 22),Basic principles overview,Detailed principles explanation for Math,Simple principles summary,General principles description,Standard principles definition,1,"Educational content about principles in Math (Level 1, Item 22)"
mat-l1-0523,Math,1,What are important theories in Math at level 1? (Question 23),Basic theories overview,Detailed theories explanation for Math,Simple theories summary,General theories description,Standard theories definition,1,"Educational content about theories in Math (Level 1, Item 23)"
mat-l1-0524,Math,1,What are important facts in Math at level 1? (Question 24),Basic facts overview,Detailed facts explanation for Math,Simple facts summary,General facts description,Standard facts definition,1,"Educational content about facts in Math (Level 1, Item 24)"
mat-l1-0525,Math,1,What are important phenomena in Math at level 1? (Question 25),Basic phenomena overview,Detailed phenomena explanation for Math,Simple phenomena summary,General phenomena description,Standard phenomena definition,1,"Educational content about phenomena in Math (Level 1, Item 25)"
mat-l1-0526,Math,1,What are important processes in Math at level 1? (Question 26),Basic processes overview,Detailed processes explanation for Math,Simple processes summary,General processes description,Standard processes definition,1,"Educational content about processes in Math (Level 1, Item 26)"
mat-l1-0527,Math,1,What are important systems in Math at level 1? (Question 27),Basic systems overview,Detailed systems explanation for Math,Simple systems summary,General systems description,Standard systems definition,1,"Educational content about systems in Math (Level 1, Item 27)"
mat-l1-0528,Math,1,What are important structures in Math at level 1? (Question 28),Basic structures overview,Detailed structures explanation for Math,Simple structures summary,General structures description,Standard structures definition,1,"Educational content about structures in Math (Level 1, Item 28)"
mat-l1-0529,Math,1,What are important elements in Math at level 1? (Question 29),Basic elements overview,Detailed elements explanation for Math,Simple elements summary,General elements description,Standard elements definition,1,"Educational content about elements in Math (Level 1, Item 29)"
mat-l1-0530,Math,1,What are important components in Math at level 1? (Question 30),Basic components overview,Detailed components explanation for Math,Simple components summary,General components description,Standard components definition,1,"Educational content about components in Math (Level 1, Item 30)"
mat-l1-0531,Math,1,What are important concepts in Math at level 1? (Question 31),Basic concepts overview,Detailed concepts explanation for Math,Simple concepts summary,General concepts description,Standard concepts definition,1,"Educational content about concepts in Math (Level 1, Item 31)"
mat-l1-0532,Math,1,What are important principles in Math at level 1? (Question 32),Basic principles overview,Detailed principles explanation for Math,Simple principles summary,General principles description,Standard principles definition,1,"Educational content about principles in Math (Level 1, Item 32)"
mat-l1-0533,Math,1,What are important theories in Math at level 1? (Question 33),Basic theories overview,Detailed theories explanation for Math,Simple theories summary,General theories description,Standard theories definition,1,"Educational content about theories in Math (Level 1, Item 33)"
mat-l1-0534,Math,1,What are important facts in Math at level 1? (Question 34),Basic facts overview,Detailed facts explanation for Math,Simple facts summary,General facts description,Standard facts definition,1,"Educational content about facts in Math (Level 1, Item 34)"
mat-l1-0535,Math,1,What are important phenomena in Math at level 1? (Question 35),Basic phenomena overview,Detailed phenomena explanation for Math,Simple phenomena summary,General phenomena description,Standard phenomena definition,1,"Educational content about phenomena in Math (Level 1, Item 35)"
mat-l1-0536,Math,1,What are important processes in Math at level 1? (Question 36),Basic processes overview,Detailed processes explanation for Math,Simple processes summary,General processes description,Standard processes definition,1,"Educational content about processes in Math (Level 1, Item 36)"
mat-l1-0537,Math,1,What are important systems in Math at level 1? (Question 37),Basic systems overview,Detailed systems explanation for Math,Simple systems summary,General systems description,Standard systems definition,1,"Educational content about systems in Math (Level 1, Item 37)"
mat-l1-0538,Math,1,What are important structures in Math at level 1? (Question 38),Basic structures overview,Detailed structures explanation for Math,Simple structures summary,General structures description,Standard structures definition,1,"Educational content about structures in Math (Level 1, Item 38)"
mat-l1-0539,Math,1,What are important elements in Math at level 1? (Question 39),Basic elements overview,Detailed elements explanation for Math,Simple elements summary,General elements description,Standard elements definition,1,"Educational content about elements in Math (Level 1, Item 39)"
mat-l1-0540,Math,1,What are important components in Math at level 1? (Question 40),Basic components overview,Detailed components explanation for Math,Simple components summary,General components description,Standard components definition,1,"Educational content about components in Math (Level 1, Item 40)"
mat-l1-0541,Math,1,What are important concepts in Math at level 1? (Question 41),Basic concepts overview,Detailed concepts explanation for Math,Simple concepts summary,General concepts description,Standard concepts definition,1,"Educational content about concepts in Math (Level 1, Item 41)"
mat-l1-0542,Math,1,What are important principles in Math at level 1? (Question 42),Basic principles overview,Detailed principles explanation for Math,Simple principles summary,General principles description,Standard principles definition,1,"Educational content about principles in Math (Level 1, Item 42)"
mat-l1-0543,Math,1,What are important theories in Math at level 1? (Question 43),Basic theories overview,Detailed theories explanation for Math,Simple theories summary,General theories description,Standard theories definition,1,"Educational content about theories in Math (Level 1, Item 43)"
mat-l1-0544,Math,1,What are important facts in Math at level 1? (Question 44),Basic facts overview,Detailed facts explanation for Math,Simple facts summary,General facts description,Standard facts definition,1,"Educational content about facts in Math (Level 1, Item 44)"
mat-l1-0545,Math,1,What are important phenomena in Math at level 1? (Question 45),Basic phenomena overview,Detailed phenomena explanation for Math,Simple phenomena summary,General phenomena description,Standard phenomena definition,1,"Educational content about phenomena in Math (Level 1, Item 45)"
mat-l1-0546,Math,1,What are important processes in Math at level 1? (Question 46),Basic processes overview,Detailed processes explanation for Math,Simple processes summary,General processes description,Standard processes definition,1,"Educational content about processes in Math (Level 1, Item 46)"
mat-l1-0547,Math,1,What are important systems in Math at level 1? (Question 47),Basic systems overview,Detailed systems explanation for Math,Simple systems summary,General systems description,Standard systems definition,1,"Educational content about systems in Math (Level 1, Item 47)"
mat-l1-0548,Math,1,What are important structures in Math at level 1? (Question 48),Basic structures overview,Detailed structures explanation for Math,Simple structures summary,General structures description,Standard structures definition,1,"Educational content about structures in Math (Level 1, Item 48)"
mat-l1-0549,Math,1,What are important elements in Math at level 1? (Question 49),Basic elements overview,Detailed elements explanation for Math,Simple elements summary,General elements description,Standard elements definition,1,"Educational content about elements in Math (Level 1, Item 49)"
mat-l1-0550,Math,1,What are important components in Math at level 1? (Question 50),Basic components overview,Detailed components explanation for Math,Simple components summary,General components description,Standard components definition,1,"Educational content about components in Math (Level 1, Item 50)"
mat-l2-0551,Math,2,What are important concepts in Math at level 2? (Question 1),Basic concepts overview,Detailed concepts explanation for Math,Simple concepts summary,General concepts description,Standard concepts definition,1,"Educational content about concepts in Math (Level 2, Item 1)"
mat-l2-0552,Math,2,What are important principles in Math at level 2? (Question 2),Basic principles overview,Detailed principles explanation for Math,Simple principles summary,General principles description,Standard principles definition,1,"Educational content about principles in Math (Level 2, Item 2)"
mat-l2-0553,Math,2,What are important theories in Math at level 2? (Question 3),Basic theories overview,Detailed theories explanation for Math,Simple theories summary,General theories description,Standard theories definition,1,"Educational content about theories in Math (Level 2, Item 3)"
mat-l2-0554,Math,2,What are important facts in Math at level 2? (Question 4),Basic facts overview,Detailed facts explanation for Math,Simple facts summary,General facts description,Standard facts definition,1,"Educational content about facts in Math (Level 2, Item 4)"
mat-l2-0555,Math,2,What are important phenomena in Math at level 2? (Question 5),Basic phenomena overview,Detailed phenomena explanation for Math,Simple phenomena summary,General phenomena description,Standard phenomena definition,1,"Educational content about phenomena in Math (Level 2, Item 5)"
mat-l2-0556,Math,2,What are important processes in Math at level 2? (Question 6),Basic processes overview,Detailed processes explanation for Math,Simple processes summary,General processes description,Standard processes definition,1,"Educational content about processes in Math (Level 2, Item 6)"
mat-l2-0557,Math,2,What are important systems in Math at level 2? (Question 7),Basic systems overview,Detailed systems explanation for Math,Simple systems summary,General systems description,Standard systems definition,1,"Educational content about systems in Math (Level 2, Item 7)"
mat-l2-0558,Math,2,What are important structures in Math at level 2? (Question 8),Basic structures overview,Detailed structures explanation for Math,Simple structures summary,General structures description,Standard structures definition,1,"Educational content about structures in Math (Level 2, Item 8)"
mat-l2-0559,Math,2,What are important elements in Math at level 2? (Question 9),Basic elements overview,Detailed elements explanation for Math,Simple elements summary,General elements description,Standard elements definition,1,"Educational content about elements in Math (Level 2, Item 9)"
mat-l2-0560,Math,2,What are important components in Math at level 2? (Question 10),Basic components overview,Detailed components explanation for Math,Simple components summary,General components description,Standard components definition,1,"Educational content about components in Math (Level 2, Item 10)"
mat-l2-0561,Math,2,What are important concepts in Math at level 2? (Question 11),Basic concepts overview,Detailed concepts explanation for Math,Simple concepts summary,General concepts description,Standard concepts definition,1,"Educational content about concepts in Math (Level 2, Item 11)"
mat-l2-0562,Math,2,What are important principles in Math at level 2? (Question 12),Basic principles overview,Detailed principles explanation for Math,Simple principles summary,General principles description,Standard principles definition,1,"Educational content about principles in Math (Level 2, Item 12)"
mat-l2-0563,Math,2,What are important theories in Math at level 2? (Question 13),Basic theories overview,Detailed theories explanation for Math,Simple theories summary,General theories description,Standard theories definition,1,"Educational content about theories in Math (Level 2, Item 13)"
mat-l2-0564,Math,2,What are important facts in Math at level 2? (Question 14),Basic facts overview,Detailed facts explanation for Math,Simple facts summary,General facts description,Standard facts definition,1,"Educational content about facts in Math (Level 2, Item 14)"
mat-l2-0565,Math,2,What are important phenomena in Math at level 2? (Question 15),Basic phenomena overview,Detailed phenomena explanation for Math,Simple phenomena summary,General phenomena description,Standard phenomena definition,1,"Educational content about phenomena in Math (Level 2, Item 15)"
mat-l2-0566,Math,2,What are important processes in Math at level 2? (Question 16),Basic processes overview,Detailed processes explanation for Math,Simple processes summary,General processes description,Standard processes definition,1,"Educational content about processes in Math (Level 2, Item 16)"
mat-l2-0567,Math,2,What are important systems in Math at level 2? (Question 17),Basic systems overview,Detailed systems explanation for Math,Simple systems summary,General systems description,Standard systems definition,1,"Educational content about systems in Math (Level 2, Item 17)"
mat-l2-0568,Math,2,What are important structures in Math at level 2? (Question 18),Basic structures overview,Detailed structures explanation for Math,Simple structures summary,General structures description,Standard structures definition,1,"Educational content about structures in Math (Level 2, Item 18)"
mat-l2-0569,Math,2,What are important elements in Math at level 2? (Question 19),Basic elements overview,Detailed elements explanation for Math,Simple elements summary,General elements description,Standard elements definition,1,"Educational content about elements in Math (Level 2, Item 19)"
mat-l2-0570,Math,2,What are important components in Math at level 2? (Question 20),Basic components overview,Detailed components explanation for Math,Simple components summary,General components description,Standard components definition,1,"Educational content about components in Math (Level 2, Item 20)"
mat-l2-0571,Math,2,What are important concepts in Math at level 2? (Question 21),Basic concepts overview,Detailed concepts explanation for Math,Simple concepts summary,General concepts description,Standard concepts definition,1,"Educational content about concepts in Math (Level 2, Item 21)"
mat-l2-0572,Math,2,What are important principles in Math at level 2? (Question 22),Basic principles overview,Detailed principles explanation for Math,Simple principles summary,General principles description,Standard principles definition,1,"Educational content about principles in Math (Level 2, Item 22)"
mat-l2-0573,Math,2,What are important theories in Math at level 2? (Question 23),Basic theories overview,Detailed theories explanation for Math,Simple theories summary,General theories description,Standard theories definition,1,"Educational content about theories in Math (Level 2, Item 23)"
mat-l2-0574,Math,2,What are important facts in Math at level 2? (Question 24),Basic facts overview,Detailed facts explanation for Math,Simple facts summary,General facts description,Standard facts definition,1,"Educational content about facts in Math (Level 2, Item 24)"
mat-l2-0575,Math,2,What are important phenomena in Math at level 2? (Question 25),Basic phenomena overview,Detailed phenomena explanation for Math,Simple phenomena summary,General phenomena description,Standard phenomena definition,1,"Educational content about phenomena in Math (Level 2, Item 25)"
mat-l2-0576,Math,2,What are important processes in Math at level 2? (Question 26),Basic processes overview,Detailed processes explanation for Math,Simple processes summary,General processes description,Standard processes definition,1,"Educational content about processes in Math (Level 2, Item 26)"
mat-l2-0577,Math,2,What are important systems in Math at level 2? (Question 27),Basic systems overview,Detailed systems explanation for Math,Simple systems summary,General systems description,Standard systems definition,1,"Educational content about systems in Math (Level 2, Item 27)"
mat-l2-0578,Math,2,What are important structures in Math at level 2? (Question 28),Basic structures overview,Detailed structures explanation for Math,Simple structures summary,General structures description,Standard structures definition,1,"Educational content about structures in Math (Level 2, Item 28)"
mat-l2-0579,Math,2,What are important elements in Math at level 2? (Question 29),Basic elements overview,Detailed elements explanation for Math,Simple elements summary,General elements description,Standard elements definition,1,"Educational content about elements in Math (Level 2, Item 29)"
mat-l2-0580,Math,2,What are important components in Math at level 2? (Question 30),Basic components overview,Detailed components explanation for Math,Simple components summary,General components description,Standard components definition,1,"Educational content about components in Math (Level 2, Item 30)"
mat-l2-0581,Math,2,What are important concepts in Math at level 2? (Question 31),Basic concepts overview,Detailed concepts explanation for Math,Simple concepts summary,General concepts description,Standard concepts definition,1,"Educational content about concepts in Math (Level 2, Item 31)"
mat-l2-0582,Math,2,What are important principles in Math at level 2? (Question 32),Basic principles overview,Detailed principles explanation for Math,Simple principles summary,General principles description,Standard principles definition,1,"Educational content about principles in Math (Level 2, Item 32)"
mat-l2-0583,Math,2,What are important theories in Math at level 2? (Question 33),Basic theories overview,Detailed theories explanation for Math,Simple theories summary,General theories description,Standard theories definition,1,"Educational content about theories in Math (Level 2, Item 33)"
mat-l2-0584,Math,2,What are important facts in Math at level 2? (Question 34),Basic facts overview,Detailed facts explanation for Math,Simple facts summary,General facts description,Standard facts definition,1,"Educational content about facts in Math (Level 2, Item 34)"
mat-l2-0585,Math,2,What are important phenomena in Math at level 2? (Question 35),Basic phenomena overview,Detailed phenomena explanation for Math,Simple phenomena summary,General phenomena description,Standard phenomena definition,1,"Educational content about phenomena in Math (Level 2, Item 35)"
mat-l2-0586,Math,2,What are important processes in Math at level 2? (Question 36),Basic processes overview,Detailed processes explanation for Math,Simple processes summary,General processes description,Standard processes definition,1,"Educational content about processes in Math (Level 2, Item 36)"
mat-l2-0587,Math,2,What are important systems in Math at level 2? (Question 37),Basic systems overview,Detailed systems explanation for Math,Simple systems summary,General systems description,Standard systems definition,1,"Educational content about systems in Math (Level 2, Item 37)"
mat-l2-0588,Math,2,What are important structures in Math at level 2? (Question 38),Basic structures overview,Detailed structures explanation for Math,Simple structures summary,General structures description,Standard structures definition,1,"Educational content about structures in Math (Level 2, Item 38)"
mat-l2-0589,Math,2,What are important elements in Math at level 2? (Question 39),Basic elements overview,Detailed elements explanation for Math,Simple elements summary,General elements description,Standard elements definition,1,"Educational content about elements in Math (Level 2, Item 39)"
mat-l2-0590,Math,2,What are important components in Math at level 2? (Question 40),Basic components overview,Detailed components explanation for Math,Simple components summary,General components description,Standard components definition,1,"Educational content about components in Math (Level 2, Item 40)"
mat-l2-0591,Math,2,What are important concepts in Math at level 2? (Question 41),Basic concepts overview,Detailed concepts explanation for Math,Simple concepts summary,General concepts description,Standard concepts definition,1,"Educational content about concepts in Math (Level 2, Item 41)"
mat-l2-0592,Math,2,What are important principles in Math at level 2? (Question 42),Basic principles overview,Detailed principles explanation for Math,Simple principles summary,General principles description,Standard principles definition,1,"Educational content about principles in Math (Level 2, Item 42)"
mat-l2-0593,Math,2,What are important theories in Math at level 2? (Question 43),Basic theories overview,Detailed theories explanation for Math,Simple theories summary,General theories description,Standard theories definition,1,"Educational content about theories in Math (Level 2, Item 43)"
mat-l2-0594,Math,2,What are important facts in Math at level 2? (Question 44),Basic facts overview,Detailed facts explanation for Math,Simple facts summary,General facts description,Standard facts definition,1,"Educational content about facts in Math (Level 2, Item 44)"
mat-l2-0595,Math,2,What are important phenomena in Math at level 2? (Question 45),Basic phenomena overview,Detailed phenomena explanation for Math,Simple phenomena summary,General phenomena description,Standard phenomena definition,1,"Educational content about phenomena in Math (Level 2, Item 45)"
mat-l2-0596,Math,2,What are important processes in Math at level 2? (Question 46),Basic processes overview,Detailed processes explanation for Math,Simple processes summary,General processes description,Standard processes definition,1,"Educational content about processes in Math (Level 2, Item 46)"
mat-l2-0597,Math,2,What are important systems in Math at level 2? (Question 47),Basic systems overview,Detailed systems explanation for Math,Simple systems summary,General systems description,Standard systems definition,1,"Educational content about systems in Math (Level 2, Item 47)"
mat-l2-0598,Math,2,What are important structures in Math at level 2? (Question 48),Basic structures overview,Detailed structures explanation for Math,Simple structures summary,General structures description,Standard structures definition,1,"Educational content about structures in Math (Level 2, Item 48)"
mat-l2-0599,Math,2,What are important elements in Math at level 2? (Question 49),Basic elements overview,Detailed elements explanation for Math,Simple elements summary,General elements description,Standard elements definition,1,"Educational content about elements in Math (Level 2, Item 49)"
mat-l2-0600,Math,2,What are important components in Math at level 2? (Question 50),Basic components overview,Detailed components explanation for Math,Simple components summary,General components description,Standard components definition,1,"Educational content about components in Math (Level 2, Item 50)"
mat-l3-0601,Math,3,What are important concepts in Math at level 3? (Question 1),Basic concepts overview,Detailed concepts explanation for Math,Simple concepts summary,General concepts description,Standard concepts definition,1,"Educational content about concepts in Math (Level 3, Item 1)"
mat-l3-0602,Math,3,What are important principles in Math at level 3? (Question 2),Basic principles overview,Detailed principles explanation for Math,Simple principles summary,General principles description,Standard principles definition,1,"Educational content about principles in Math (Level 3, Item 2)"
mat-l3-0603,Math,3,What are important theories in Math at level 3? (Question 3),Basic theories overview,Detailed theories explanation for Math,Simple theories summary,General theories description,Standard theories definition,1,"Educational content about theories in Math (Level 3, Item 3)"
mat-l3-0604,Math,3,What are important facts in Math at level 3? (Question 4),Basic facts overview,Detailed facts explanation for Math,Simple facts summary,General facts description,Standard facts definition,1,"Educational content about facts in Math (Level 3, Item 4)"
mat-l3-0605,Math,3,What are important phenomena in Math at level 3? (Question 5),Basic phenomena overview,Detailed phenomena explanation for Math,Simple phenomena summary,General phenomena description,Standard phenomena definition,1,"Educational content about phenomena in Math (Level 3, Item 5)"
mat-l3-0606,Math,3,What are important processes in Math at level 3? (Question 6),Basic processes overview,Detailed processes explanation for Math,Simple processes summary,General processes description,Standard processes definition,1,"Educational content about processes in Math (Level 3, Item 6)"
mat-l3-0607,Math,3,What are important systems in Math at level 3? (Question 7),Basic systems overview,Detailed systems explanation for Math,Simple systems summary,General systems description,Standard systems definition,1,"Educational content about systems in Math (Level 3, Item 7)"
mat-l3-0608,Math,3,What are important structures in Math at level 3? (Question 8),Basic structures overview,Detailed structures explanation for Math,Simple structures summary,General structures description,Standard structures definition,1,"Educational content about structures in Math (Level 3, Item 8)"
mat-l3-0609,Math,3,What are important elements in Math at level 3? (Question 9),Basic elements overview,Detailed elements explanation for Math,Simple elements summary,General elements description,Standard elements definition,1,"Educational content about elements in Math (Level 3, Item 9)"
mat-l3-0610,Math,3,What are important components in Math at level 3? (Question 10),Basic components overview,Detailed components explanation for Math,Simple components summary,General components description,Standard components definition,1,"Educational content about components in Math (Level 3, Item 10)"
mat-l3-0611,Math,3,What are important concepts in Math at level 3? (Question 11),Basic concepts overview,Detailed concepts explanation for Math,Simple concepts summary,General concepts description,Standard concepts definition,1,"Educational content about concepts in Math (Level 3, Item 11)"
mat-l3-0612,Math,3,What are important principles in Math at level 3? (Question 12),Basic principles overview,Detailed principles explanation for Math,Simple principles summary,General principles description,Standard principles definition,1,"Educational content about principles in Math (Level 3, Item 12)"
mat-l3-0613,Math,3,What are important theories in Math at level 3? (Question 13),Basic theories overview,Detailed theories explanation for Math,Simple theories summary,General theories description,Standard theories definition,1,"Educational content about theories in Math (Level 3, Item 13)"
mat-l3-0614,Math,3,What are important facts in Math at level 3? (Question 14),Basic facts overview,Detailed facts explanation for Math,Simple facts summary,General facts description,Standard facts definition,1,"Educational content about facts in Math (Level 3, Item 14)"
mat-l3-0615,Math,3,What are important phenomena in Math at level 3? (Question 15),Basic phenomena overview,Detailed phenomena explanation for Math,Simple phenomena summary,General phenomena description,Standard phenomena definition,1,"Educational content about phenomena in Math (Level 3, Item 15)"
mat-l3-0616,Math,3,What are important processes in Math at level 3? (Question 16),Basic processes overview,Detailed processes explanation for Math,Simple processes summary,General processes description,Standard processes definition,1,"Educational content about processes in Math (Level 3, Item 16)"
mat-l3-0617,Math,3,What are important systems in Math at level 3? (Question 17),Basic systems overview,Detailed systems explanation for Math,Simple systems summary,General systems description,Standard systems definition,1,"Educational content about systems in Math (Level 3, Item 17)"
mat-l3-0618,Math,3,What are important structures in Math at level 3? (Question 18),Basic structures overview,Detailed structures explanation for Math,Simple structures summary,General structures description,Standard structures definition,1,"Educational content about structures in Math (Level 3, Item 18)"
mat-l3-0619,Math,3,What are important elements in Math at level 3? (Question 19),Basic elements overview,Detailed elements explanation for Math,Simple elements summary,General elements description,Standard elements definition,1,"Educational content about elements in Math (Level 3, Item 19)"
mat-l3-0620,Math,3,What are important components in Math at level 3? (Question 20),Basic components overview,Detailed components explanation for Math,Simple components summary,General components description,Standard components definition,1,"Educational content about components in Math (Level 3, Item 20)"
mat-l3-0621,Math,3,What are important concepts in Math at level 3? (Question 21),Basic concepts overview,Detailed concepts explanation for Math,Simple concepts summary,General concepts description,Standard concepts definition,1,"Educational content about concepts in Math (Level 3, Item 21)"
mat-l3-0622,Math,3,What are important principles in Math at level 3? (Question 22),Basic principles overview,Detailed principles explanation for Math,Simple principles summary,General principles description,Standard principles definition,1,"Educational content about principles in Math (Level 3, Item 22)"
mat-l3-0623,Math,3,What are important theories in Math at level 3? (Question 23),Basic theories overview,Detailed theories explanation for Math,Simple theories summary,General theories description,Standard theories definition,1,"Educational content about theories in Math (Level 3, Item 23)"
mat-l3-0624,Math,3,What are important facts in Math at level 3? (Question 24),Basic facts overview,Detailed facts explanation for Math,Simple facts summary,General facts description,Standard facts definition,1,"Educational content about facts in Math (Level 3, Item 24)"
mat-l3-0625,Math,3,What are important phenomena in Math at level 3? (Question 25),Basic phenomena overview,Detailed phenomena explanation for Math,Simple phenomena summary,General phenomena description,Standard phenomena definition,1,"Educational content about phenomena in Math (Level 3, Item 25)"
mat-l3-0626,Math,3,What are important processes in Math at level 3? (Question 26),Basic processes overview,Detailed processes explanation for Math,Simple processes summary,General processes description,Standard processes definition,1,"Educational content about processes in Math (Level 3, Item 26)"
mat-l3-0627,Math,3,What are important systems in Math at level 3? (Question 27),Basic systems overview,Detailed systems explanation for Math,Simple systems summary,General systems description,Standard systems definition,1,"Educational content about systems in Math (Level 3, Item 27)"
mat-l3-0628,Math,3,What are important structures in Math at level 3? (Question 28),Basic structures overview,Detailed structures explanation for Math,Simple structures summary,General structures description,Standard structures definition,1,"Educational content about structures in Math (Level 3, Item 28)"
mat-l3-0629,Math,3,What are important elements in Math at level 3? (Question 29),Basic elements overview,Detailed elements explanation for Math,Simple elements summary,General elements description,Standard elements definition,1,"Educational content about elements in Math (Level 3, Item 29)"
mat-l3-0630,Math,3,What are important components in Math at level 3? (Question 30),Basic components overview,Detailed components explanation for Math,Simple components summary,General components description,Standard components definition,1,"Educational content about components in Math (Level 3, Item 30)"
mat-l3-0631,Math,3,What are important concepts in Math at level 3? (Question 31),Basic concepts overview,Detailed concepts explanation for Math,Simple concepts summary,General concepts description,Standard concepts definition,1,"Educational content about concepts in Math (Level 3, Item 31)"
mat-l3-0632,Math,3,What are important principles in Math at level 3? (Question 32),Basic principles overview,Detailed principles explanation for Math,Simple principles summary,General principles description,Standard principles definition,1,"Educational content about principles in Math (Level 3, Item 32)"
mat-l3-0633,Math,3,What are important theories in Math at level 3? (Question 33),Basic theories overview,Detailed theories explanation for Math,Simple theories summary,General theories description,Standard theories definition,1,"Educational content about theories in Math (Level 3, Item 33)"
mat-l3-0634,Math,3,What are important facts in Math at level 3? (Question 34),Basic facts overview,Detailed facts explanation for Math,Simple facts summary,General facts description,Standard facts definition,1,"Educational content about facts in Math (Level 3, Item 34)"
mat-l3-0635,Math,3,What are important phenomena in Math at level 3? (Question 35),Basic phenomena overview,Detailed phenomena explanation for Math,Simple phenomena summary,General phenomena description,Standard phenomena definition,1,"Educational content about phenomena in Math (Level 3, Item 35)"
mat-l3-0636,Math,3,What are important processes in Math at level 3? (Question 36),Basic processes overview,Detailed processes explanation for Math,Simple processes summary,General processes description,Standard processes definition,1,"Educational content about processes in Math (Level 3, Item 36)"
mat-l3-0637,Math,3,What are important systems in Math at level 3? (Question 37),Basic systems overview,Detailed systems explanation for Math,Simple systems summary,General systems description,Standard systems definition,1,"Educational content about systems in Math (Level 3, Item 37)"
mat-l3-0638,Math,3,What are important structures in Math at level 3? (Question 38),Basic structures overview,Detailed structures explanation for Math,Simple structures summary,General structures description,Standard structures definition,1,"Educational content about structures in Math (Level 3, Item 38)"
mat-l3-0639,Math,3,What are important elements in Math at level 3? (Question 39),Basic elements overview,Detailed elements explanation for Math,Simple elements summary,General elements description,Standard elements definition,1,"Educational content about elements in Math (Level 3, Item 39)"
mat-l3-0640,Math,3,What are important components in Math at level 3? (Question 40),Basic components overview,Detailed components explanation for Math,Simple components summary,General components description,Standard components definition,1,"Educational content about components in Math (Level 3, Item 40)"
mat-l3-0641,Math,3,What are important concepts in Math at level 3? (Question 41),Basic concepts overview,Detailed concepts explanation for Math,Simple concepts summary,General concepts description,Standard concepts definition,1,"Educational content about concepts in Math (Level 3, Item 41)"
mat-l3-0642,Math,3,What are important principles in Math at level 3? (Question 42),Basic principles overview,Detailed principles explanation for Math,Simple principles summary,General principles description,Standard principles definition,1,"Educational content about principles in Math (Level 3, Item 42)"
mat-l3-0643,Math,3,What are important theories in Math at level 3? (Question 43),Basic theories overview,Detailed theories explanation for Math,Simple theories summary,General theories description,Standard theories definition,1,"Educational content about theories in Math (Level 3, Item 43)"
mat-l3-0644,Math,3,What are important facts in Math at level 3? (Question 44),Basic facts overview,Detailed facts explanation for Math,Simple facts summary,General facts description,Standard facts definition,1,"Educational content about facts in Math (Level 3, Item 44)"
mat-l3-0645,Math,3,What are important phenomena in Math at level 3? (Question 45),Basic phenomena overview,Detailed phenomena explanation for Math,Simple phenomena summary,General phenomena description,Standard phenomena definition,1,"Educational content about phenomena in Math (Level 3, Item 45)"
mat-l3-0646,Math,3,What are important processes in Math at level 3? (Question 46),Basic processes overview,Detailed processes explanation for Math,Simple processes summary,General processes description,Standard processes definition,1,"Educational content about processes in Math (Level 3, Item 46)"
mat-l3-0647,Math,3,What are important systems in Math at level 3? (Question 47),Basic systems overview,Detailed systems explanation for Math,Simple systems summary,General systems description,Standard systems definition,1,"Educational content about systems in Math (Level 3, Item 47)"
mat-l3-0648,Math,3,What are important structures in Math at level 3? (Question 48),Basic structures overview,Detailed structures explanation for Math,Simple structures summary,General structures description,Standard structures definition,1,"Educational content about structures in Math (Level 3, Item 48)"
mat-l3-0649,Math,3,What are important elements in Math at level 3? (Question 49),Basic elements overview,Detailed elements explanation for Math,Simple elements summary,General elements description,Standard elements definition,1,"Educational content about elements in Math (Level 3, Item 49)"
mat-l3-0650,Math,3,What are important components in Math at level 3? (Question 50),Basic components overview,Detailed components explanation for Math,Simple components summary,General components description,Standard components definition,1,"Educational content about components in Math (Level 3, Item 50)"
mat-l4-0651,Math,4,What are important concepts in Math at level 4? (Question 1),Basic concepts overview,Detailed concepts explanation for Math,Simple concepts summary,General concepts description,Standard concepts definition,1,"Educational content about concepts in Math (Level 4, Item 1)"
mat-l4-0652,Math,4,What are important principles in Math at level 4? (Question 2),Basic principles overview,Detailed principles explanation for Math,Simple principles summary,General principles description,Standard principles definition,1,"Educational content about principles in Math (Level 4, Item 2)"
mat-l4-0653,Math,4,What are important theories in Math at level 4? (Question 3),Basic theories overview,Detailed theories explanation for Math,Simple theories summary,General theories description,Standard theories definition,1,"Educational content about theories in Math (Level 4, Item 3)"
mat-l4-0654,Math,4,What are important facts in Math at level 4? (Question 4),Basic facts overview,Detailed facts explanation for Math,Simple facts summary,General facts description,Standard facts definition,1,"Educational content about facts in Math (Level 4, Item 4)"
mat-l4-0655,Math,4,What are important phenomena in Math at level 4? (Question 5),Basic phenomena overview,Detailed phenomena explanation for Math,Simple phenomena summary,General phenomena description,Standard phenomena definition,1,"Educational content about phenomena in Math (Level 4, Item 5)"
mat-l4-0656,Math,4,What are important processes in Math at level 4? (Question 6),Basic processes overview,Detailed processes explanation for Math,Simple processes summary,General processes description,Standard processes definition,1,"Educational content about processes in Math (Level 4, Item 6)"
mat-l4-0657,Math,4,What are important systems in Math at level 4? (Question 7),Basic systems overview,Detailed systems explanation for Math,Simple systems summary,General systems description,Standard systems definition,1,"Educational content about systems in Math (Level 4, Item 7)"
mat-l4-0658,Math,4,What are important structures in Math at level 4? (Question 8),Basic structures overview,Detailed structures explanation for Math,Simple structures summary,General structures description,Standard structures definition,1,"Educational content about structures in Math (Level 4, Item 8)"
mat-l4-0659,Math,4,What are important elements in Math at level 4? (Question 9),Basic elements overview,Detailed elements explanation for Math,Simple elements summary,General elements description,Standard elements definition,1,"Educational content about elements in Math (Level 4, Item 9)"
mat-l4-0660,Math,4,What are important components in Math at level 4? (Question 10),Basic components overview,Detailed components explanation for Math,Simple components summary,General components description,Standard components definition,1,"Educational content about components in Math (Level 4, Item 10)"
mat-l4-0661,Math,4,What are important concepts in Math at level 4? (Question 11),Basic concepts overview,Detailed concepts explanation for Math,Simple concepts summary,General concepts description,Standard concepts definition,1,"Educational content about concepts in Math (Level 4, Item 11)"
mat-l4-0662,Math,4,What are important principles in Math at level 4? (Question 12),Basic principles overview,Detailed principles explanation for Math,Simple principles summary,General principles description,Standard principles definition,1,"Educational content about principles in Math (Level 4, Item 12)"
mat-l4-0663,Math,4,What are important theories in Math at level 4? (Question 13),Basic theories overview,Detailed theories explanation for Math,Simple theories summary,General theories description,Standard theories definition,1,"Educational content about theories in Math (Level 4, Item 13)"
mat-l4-0664,Math,4,What are important facts in Math at level 4? (Question 14),Basic facts overview,Detailed facts explanation for Math,Simple facts summary,General facts description,Standard facts definition,1,"Educational content about facts in Math (Level 4, Item 14)"
mat-l4-0665,Math,4,What are important phenomena in Math at level 4? (Question 15),Basic phenomena overview,Detailed phenomena explanation for Math,Simple phenomena summary,General phenomena description,Standard phenomena definition,1,"Educational content about phenomena in Math (Level 4, Item 15)"
mat-l4-0666,Math,4,What are important processes in Math at level 4? (Question 16),Basic processes overview,Detailed processes explanation for Math,Simple processes summary,General processes description,Standard processes definition,1,"Educational content about processes in Math (Level 4, Item 16)"
mat-l4-0667,Math,4,What are important systems in Math at level 4? (Question 17),Basic systems overview,Detailed systems explanation for Math,Simple systems summary,General systems description,Standard systems definition,1,"Educational content about systems in Math (Level 4, Item 17)"
mat-l4-0668,Math,4,What are important structures in Math at level 4? (Question 18),Basic structures overview,Detailed structures explanation for Math,Simple structures summary,General structures description,Standard structures definition,1,"Educational content about structures in Math (Level 4, Item 18)"
mat-l4-0669,Math,4,What are important elements in Math at level 4? (Question 19),Basic elements overview,Detailed elements explanation for Math,Simple elements summary,General elements description,Standard elements definition,1,"Educational content about elements in Math (Level 4, Item 19)"
mat-l4-0670,Math,4,What are important components in Math at level 4? (Question 20),Basic components overview,Detailed components explanation for Math,Simple components summary,General components description,Standard components definition,1,"Educational content about components in Math (Level 4, Item 20)"
mat-l4-0671,Math,4,What are important concepts in Math at level 4? (Question 21),Basic concepts overview,Detailed concepts explanation for Math,Simple concepts summary,General concepts description,Standard concepts definition,1,"Educational content about concepts in Math (Level 4, Item 21)"
mat-l4-0672,Math,4,What are important principles in Math at level 4? (Question 22),Basic principles overview,Detailed principles explanation for Math,Simple principles summary,General principles description,Standard principles definition,1,"Educational content about principles in Math (Level 4, Item 22)"
mat-l4-0673,Math,4,What are important theories in Math at level 4? (Question 23),Basic theories overview,Detailed theories explanation for Math,Simple theories summary,General theories description,Standard theories definition,1,"Educational content about theories in Math (Level 4, Item 23)"
mat-l4-0674,Math,4,What are important facts in Math at level 4? (Question 24),Basic facts overview,Detailed facts explanation for Math,Simple facts summary,General facts description,Standard facts definition,1,"Educational content about facts in Math (Level 4, Item 24)"
mat-l4-0675,Math,4,What are important phenomena in Math at level 4? (Question 25),Basic phenomena overview,Detailed phenomena explanation for Math,Simple phenomena summary,General phenomena description,Standard phenomena definition,1,"Educational content about phenomena in Math (Level 4, Item 25)"
mat-l4-0676,Math,4,What are important processes in Math at level 4? (Question 26),Basic processes overview,Detailed processes explanation for Math,Simple processes summary,General processes description,Standard processes definition,1,"Educational content about processes in Math (Level 4, Item 26)"
mat-l4-0677,Math,4,What are important systems in Math at level 4? (Question 27),Basic systems overview,Detailed systems explanation for Math,Simple systems summary,General systems description,Standard systems definition,1,"Educational content about systems in Math (Level 4, Item 27)"
mat-l4-0678,Math,4,What are important structures in Math at level 4? (Question 28),Basic structures overview,Detailed structures explanation for Math,Simple structures summary,General structures description,Standard structures definition,1,"Educational content about structures in Math (Level 4, Item 28)"
mat-l4-0679,Math,4,What are important elements in Math at level 4? (Question 29),Basic elements overview,Detailed elements explanation for Math,Simple elements summary,General elements description,Standard elements definition,1,"Educational content about elements in Math (Level 4, Item 29)"
mat-l4-0680,Math,4,What are important components in Math at level 4? (Question 30),Basic components overview,Detailed components explanation for Math,Simple components summary,General components description,Standard components definition,1,"Educational content about components in Math (Level 4, Item 30)"
mat-l4-0681,Math,4,What are important concepts in Math at level 4? (Question 31),Basic concepts overview,Detailed concepts explanation for Math,Simple concepts summary,General concepts description,Standard concepts definition,1,"Educational content about concepts in Math (Level 4, Item 31)"
mat-l4-0682,Math,4,What are important principles in Math at level 4? (Question 32),Basic principles overview,Detailed principles explanation for Math,Simple principles summary,General principles description,Standard principles definition,1,"Educational content about principles in Math (Level 4, Item 32)"
mat-l4-0683,Math,4,What are important theories in Math at level 4? (Question 33),Basic theories overview,Detailed theories explanation for Math,Simple theories summary,General theories description,Standard theories definition,1,"Educational content about theories in Math (Level 4, Item 33)"
mat-l4-0684,Math,4,What are important facts in Math at level 4? (Question 34),Basic facts overview,Detailed facts explanation for Math,Simple facts summary,General facts description,Standard facts definition,1,"Educational content about facts in Math (Level 4, Item 34)"
mat-l4-0685,Math,4,What are important phenomena in Math at level 4? (Question 35),Basic phenomena overview,Detailed phenomena explanation for Math,Simple phenomena summary,General phenomena description,Standard phenomena definition,1,"Educational content about phenomena in Math (Level 4, Item 35)"
mat-l4-0686,Math,4,What are important processes in Math at level 4? (Question 36),Basic processes overview,Detailed processes explanation for Math,Simple processes summary,General processes description,Standard processes definition,1,"Educational content about processes in Math (Level 4, Item 36)"
mat-l4-0687,Math,4,What are important systems in Math at level 4? (Question 37),Basic systems overview,Detailed systems explanation for Math,Simple systems summary,General systems description,Standard systems definition,1,"Educational content about systems in Math (Level 4, Item 37)"
mat-l4-0688,Math,4,What are important structures in Math at level 4? (Question 38),Basic structures overview,Detailed structures explanation for Math,Simple structures summary,General structures description,Standard structures definition,1,"Educational content about structures in Math (Level 4, Item 38)"
mat-l4-0689,Math,4,What are important elements in Math at level 4? (Question 39),Basic elements overview,Detailed elements explanation for Math,Simple elements summary,General elements description,Standard elements definition,1,"Educational content about elements in Math (Level 4, Item 39)"
mat-l4-0690,Math,4,What are important components in Math at level 4? (Question 40),Basic components overview,Detailed components explanation for Math,Simple components summary,General components description,Standard components definition,1,"Educational content about components in Math (Level 4, Item 40)"
mat-l4-0691,Math,4,What are important concepts in Math at level 4? (Question 41),Basic concepts overview,Detailed concepts explanation for Math,Simple concepts summary,General concepts description,Standard concepts definition,1,"Educational content about concepts in Math (Level 4, Item 41)"
mat-l4-0692,Math,4,What are important principles in Math at level 4? (Question 42),Basic principles overview,Detailed principles explanation for Math,Simple principles summary,General principles description,Standard principles definition,1,"Educational content about principles in Math (Level 4, Item 42)"
mat-l4-0693,Math,4,What are important theories in Math at level 4? (Question 43),Basic theories overview,Detailed theories explanation for Math,Simple theories summary,General theories description,Standard theories definition,1,"Educational content about theories in Math (Level 4, Item 43)"
mat-l4-0694,Math,4,What are important facts in Math at level 4? (Question 44),Basic facts overview,Detailed facts explanation for Math,Simple facts summary,General facts description,Standard facts definition,1,"Educational content about facts in Math (Level 4, Item 44)"
mat-l4-0695,Math,4,What are important phenomena in Math at level 4? (Question 45),Basic phenomena overview,Detailed phenomena explanation for Math,Simple phenomena summary,General phenomena description,Standard phenomena definition,1,"Educational content about phenomena in Math (Level 4, Item 45)"
mat-l4-0696,Math,4,What are important processes in Math at level 4? (Question 46),Basic processes overview,Detailed processes explanation for Math,Simple processes summary,General processes description,Standard processes definition,1,"Educational content about processes in Math (Level 4, Item 46)"
mat-l4-0697,Math,4,What are important systems in Math at level 4? (Question 47),Basic systems overview,Detailed systems explanation for Math,Simple systems summary,General systems description,Standard systems definition,1,"Educational content about systems in Math (Level 4, Item 47)"
mat-l4-0698,Math,4,What are important structures in Math at level 4? (Question 48),Basic structures overview,Detailed structures explanation for Math,Simple structures summary,General structures description,Standard structures definition,1,"Educational content about structures in Math (Level 4, Item 48)"
mat-l4-0699,Math,4,What are important elements in Math at level 4? (Question 49),Basic elements overview,Detailed elements explanation for Math,Simple elements summary,General elements description,Standard elements definition,1,"Educational content about elements in Math (Level 4, Item 49)"
mat-l4-0700,Math,4,What are important components in Math at level 4? (Question 50),Basic components overview,Detailed components explanation for Math,Simple components summary,General components description,Standard components definition,1,"Educational content about components in Math (Level 4, Item 50)"
mat-l5-0701,Math,5,What are important concepts in Math at level 5? (Question 1),Basic concepts overview,Detailed concepts explanation for Math,Simple concepts summary,General concepts description,Standard concepts definition,1,"Educational content about concepts in Math (Level 5, Item 1)"
mat-l5-0702,Math,5,What are important principles in Math at level 5? (Question 2),Basic principles overview,Detailed principles explanation for Math,Simple principles summary,General principles description,Standard principles definition,1,"Educational content about principles in Math (Level 5, Item 2)"
mat-l5-0703,Math,5,What are important theories in Math at level 5? (Question 3),Basic theories overview,Detailed theories explanation for Math,Simple theories summary,General theories description,Standard theories definition,1,"Educational content about theories in Math (Level 5, Item 3)"
mat-l5-0704,Math,5,What are important facts in Math at level 5? (Question 4),Basic facts overview,Detailed facts explanation for Math,Simple facts summary,General facts description,Standard facts definition,1,"Educational content about facts in Math (Level 5, Item 4)"
mat-l5-0705,Math,5,What are important phenomena in Math at level 5? (Question 5),Basic phenomena overview,Detailed phenomena explanation for Math,Simple phenomena summary,General phenomena description,Standard phenomena definition,1,"Educational content about phenomena in Math (Level 5, Item 5)"
mat-l5-0706,Math,5,What are important processes in Math at level 5? (Question 6),Basic processes overview,Detailed processes explanation for Math,Simple processes summary,General processes description,Standard processes definition,1,"Educational content about processes in Math (Level 5, Item 6)"
mat-l5-0707,Math,5,What are important systems in Math at level 5? (Question 7),Basic systems overview,Detailed systems explanation for Math,Simple systems summary,General systems description,Standard systems definition,1,"Educational content about systems in Math (Level 5, Item 7)"
mat-l5-0708,Math,5,What are important structures in Math at level 5? (Question 8),Basic structures overview,Detailed structures explanation for Math,Simple structures summary,General structures description,Standard structures definition,1,"Educational content about structures in Math (Level 5, Item 8)"
mat-l5-0709,Math,5,What are important elements in Math at level 5? (Question 9),Basic elements overview,Detailed elements explanation for Math,Simple elements summary,General elements description,Standard elements definition,1,"Educational content about elements in Math (Level 5, Item 9)"
mat-l5-0710,Math,5,What are important components in Math at level 5? (Question 10),Basic components overview,Detailed components explanation for Math,Simple components summary,General components description,Standard components definition,1,"Educational content about components in Math (Level 5, Item 10)"
mat-l5-0711,Math,5,What are important concepts in Math at level 5? (Question 11),Basic concepts overview,Detailed concepts explanation for Math,Simple concepts summary,General concepts description,Standard concepts definition,1,"Educational content about concepts in Math (Level 5, Item 11)"
mat-l5-0712,Math,5,What are important principles in Math at level 5? (Question 12),Basic principles overview,Detailed principles explanation for Math,Simple principles summary,General principles description,Standard principles definition,1,"Educational content about principles in Math (Level 5, Item 12)"
mat-l5-0713,Math,5,What are important theories in Math at level 5? (Question 13),Basic theories overview,Detailed theories explanation for Math,Simple theories summary,General theories description,Standard theories definition,1,"Educational content about theories in Math (Level 5, Item 13)"
mat-l5-0714,Math,5,What are important facts in Math at level 5? (Question 14),Basic facts overview,Detailed facts explanation for Math,Simple facts summary,General facts description,Standard facts definition,1,"Educational content about facts in Math (Level 5, Item 14)"
mat-l5-0715,Math,5,What are important phenomena in Math at level 5? (Question 15),Basic phenomena overview,Detailed phenomena explanation for Math,Simple phenomena summary,General phenomena description,Standard phenomena definition,1,"Educational content about phenomena in Math (Level 5, Item 15)"
mat-l5-0716,Math,5,What are important processes in Math at level 5? (Question 16),Basic processes overview,Detailed processes explanation for Math,Simple processes summary,General processes description,Standard processes definition,1,"Educational content about processes in Math (Level 5, Item 16)"
mat-l5-0717,Math,5,What are important systems in Math at level 5? (Question 17),Basic systems overview,Detailed systems explanation for Math,Simple systems summary,General systems description,Standard systems definition,1,"Educational content about systems in Math (Level 5, Item 17)"
mat-l5-0718,Math,5,What are important structures in Math at level 5? (Question 18),Basic structures overview,Detailed structures explanation for Math,Simple structures summary,General structures description,Standard structures definition,1,"Educational content about structures in Math (Level 5, Item 18)"
mat-l5-0719,Math,5,What are important elements in Math at level 5? (Question 19),Basic elements overview,Detailed elements explanation for Math,Simple elements summary,General elements description,Standard elements definition,1,"Educational content about elements in Math (Level 5, Item 19)"
mat-l5-0720,Math,5,What are important components in Math at level 5? (Question 20),Basic components overview,Detailed components explanation for Math,Simple components summary,General components description,Standard components definition,1,"Educational content about components in Math (Level 5, Item 20)"
mat-l5-0721,Math,5,What are important concepts in Math at level 5? (Question 21),Basic concepts overview,Detailed concepts explanation for Math,Simple concepts summary,General concepts description,Standard concepts definition,1,"Educational content about concepts in Math (Level 5, Item 21)"
mat-l5-0722,Math,5,What are important principles in Math at level 5? (Question 22),Basic principles overview,Detailed principles explanation for Math,Simple principles summary,General principles description,Standard principles definition,1,"Educational content about principles in Math (Level 5, Item 22)"
mat-l5-0723,Math,5,What are important theories in Math at level 5? (Question 23),Basic theories overview,Detailed theories explanation for Math,Simple theories summary,General theories description,Standard theories definition,1,"Educational content about theories in Math (Level 5, Item 23)"
mat-l5-0724,Math,5,What are important facts in Math at level 5? (Question 24),Basic facts overview,Detailed facts explanation for Math,Simple facts summary,General facts description,Standard facts definition,1,"Educational content about facts in Math (Level 5, Item 24)"
mat-l5-0725,Math,5,What are important phenomena in Math at level 5? (Question 25),Basic phenomena overview,Detailed phenomena explanation for Math,Simple phenomena summary,General phenomena description,Standard phenomena definition,1,"Educational content about phenomena in Math (Level 5, Item 25)"
mat-l5-0726,Math,5,What are important processes in Math at level 5? (Question 26),Basic processes overview,Detailed processes explanation for Math,Simple processes summary,General processes description,Standard processes definition,1,"Educational content about processes in Math (Level 5, Item 26)"
mat-l5-0727,Math,5,What are important systems in Math at level 5? (Question 27),Basic systems overview,Detailed systems explanation for Math,Simple systems summary,General systems description,Standard systems definition,1,"Educational content about systems in Math (Level 5, Item 27)"
mat-l5-0728,Math,5,What are important structures in Math at level 5? (Question 28),Basic structures overview,Detailed structures explanation for Math,Simple structures summary,General structures description,Standard structures definition,1,"Educational content about structures in Math (Level 5, Item 28)"
mat-l5-0729,Math,5,What are important elements in Math at level 5? (Question 29),Basic elements overview,Detailed elements explanation for Math,Simple elements summary,General elements description,Standard elements definition,1,"Educational content about elements in Math (Level 5, Item 29)"
mat-l5-0730,Math,5,What are important components in Math at level 5? (Question 30),Basic components overview,Detailed components explanation for Math,Simple components summary,General components description,Standard components definition,1,"Educational content about components in Math (Level 5, Item 30)"
mat-l5-0731,Math,5,What are important concepts in Math at level 5? (Question 31),Basic concepts overview,Detailed concepts explanation for Math,Simple concepts summary,General concepts description,Standard concepts definition,1,"Educational content about concepts in Math (Level 5, Item 31)"
mat-l5-0732,Math,5,What are important principles in Math at level 5? (Question 32),Basic principles overview,Detailed principles explanation for Math,Simple principles summary,General principles description,Standard principles definition,1,"Educational content about principles in Math (Level 5, Item 32)"
mat-l5-0733,Math,5,What are important theories in Math at level 5? (Question 33),Basic theories overview,Detailed theories explanation for Math,Simple theories summary,General theories description,Standard theories definition,1,"Educational content about theories in Math (Level 5, Item 33)"
mat-l5-0734,Math,5,What are important facts in Math at level 5? (Question 34),Basic facts overview,Detailed facts explanation for Math,Simple facts summary,General facts description,Standard facts definition,1,"Educational content about facts in Math (Level 5, Item 34)"
mat-l5-0735,Math,5,What are important phenomena in Math at level 5? (Question 35),Basic phenomena overview,Detailed phenomena explanation for Math,Simple phenomena summary,General phenomena description,Standard phenomena definition,1,"Educational content about phenomena in Math (Level 5, Item 35)"
mat-l5-0736,Math,5,What are important processes in Math at level 5? (Question 36),Basic processes overview,Detailed processes explanation for Math,Simple processes summary,General processes description,Standard processes definition,1,"Educational content about processes in Math (Level 5, Item 36)"
mat-l5-0737,Math,5,What are important systems in Math at level 5? (Question 37),Basic systems overview,Detailed systems explanation for Math,Simple systems summary,General systems description,Standard systems definition,1,"Educational content about systems in Math (Level 5, Item 37)"
mat-l5-0738,Math,5,What are important structures in Math at level 5? (Question 38),Basic structures overview,Detailed structures explanation for Math,Simple structures summary,General structures description,Standard structures definition,1,"Educational content about structures in Math (Level 5, Item 38)"
mat-l5-0739,Math,5,What are important elements in Math at level 5? (Question 39),Basic elements overview,Detailed elements explanation for Math,Simple elements summary,General elements description,Standard elements definition,1,"Educational content about elements in Math (Level 5, Item 39)"
mat-l5-0740,Math,5,What are important components in Math at level 5? (Question 40),Basic components overview,Detailed components explanation for Math,Simple components summary,General components description,Standard components definition,1,"Educational content about components in Math (Level 5, Item 40)"
mat-l5-0741,Math,5,What are important concepts in Math at level 5? (Question 41),Basic concepts overview,Detailed concepts explanation for Math,Simple concepts summary,General concepts description,Standard concepts definition,1,"Educational content about concepts in Math (Level 5, Item 41)"
mat-l5-0742,Math,5,What are important principles in Math at level 5? (Question 42),Basic principles overview,Detailed principles explanation for Math,Simple principles summary,General principles description,Standard principles definition,1,"Educational content about principles in Math (Level 5, Item 42)"
mat-l5-0743,Math,5,What are important theories in Math at level 5? (Question 43),Basic theories overview,Detailed theories explanation for Math,Simple theories summary,General theories description,Standard theories definition,1,"Educational content about theories in Math (Level 5, Item 43)"
mat-l5-0744,Math,5,What are important facts in Math at level 5? (Question 44),Basic facts overview,Detailed facts explanation for Math,Simple facts summary,General facts description,Standard facts definition,1,"Educational content about facts in Math (Level 5, Item 44)"
mat-l5-0745,Math,5,What are important phenomena in Math at level 5? (Question 45),Basic phenomena overview,Detailed phenomena explanation for Math,Simple phenomena summary,General phenomena description,Standard phenomena definition,1,"Educational content about phenomena in Math (Level 5, Item 45)"
mat-l5-0746,Math,5,What are important processes in Math at level 5? (Question 46),Basic processes overview,Detailed processes explanation for Math,Simple processes summary,General processes description,Standard processes definition,1,"Educational content about processes in Math (Level 5, Item 46)"
mat-l5-0747,Math,5,What are important systems in Math at level 5? (Question 47),Basic systems overview,Detailed systems explanation for Math,Simple systems summary,General systems description,Standard systems definition,1,"Educational content about systems in Math (Level 5, Item 47)"
mat-l5-0748,Math,5,What are important structures in Math at level 5? (Question 48),Basic structures overview,Detailed structures explanation for Math,Simple structures summary,General structures description,Standard structures definition,1,"Educational content about structures in Math (Level 5, Item 48)"
mat-l5-0749,Math,5,What are important elements in Math at level 5? (Question 49),Basic elements overview,Detailed elements explanation for Math,Simple elements summary,General elements description,Standard elements definition,1,"Educational content about elements in Math (Level 5, Item 49)"
mat-l5-0750,Math,5,What are important components in Math at level 5? (Question 50),Basic components overview,Detailed components explanation for Math,Simple components summary,General components description,Standard components definition,1,"Educational content about components in Math (Level 5, Item 50)"
sci-l1-0751,Science,1,What is Gravity?,A theory,Attractive force,A law,A principle,A rule,1,pulls objects toward each other
sci-l1-0752,Science,1,How is Gravity best described?,As a process,Pulls objects toward each other,As a theory,As a law,As a hypothesis,1,Gravity: attractive force
sci-l1-0753,Science,1,"In Science, what characterizes Gravity?",Its size,Attractive force,Its color,Its shape,Its weight,1,Learn about Gravity
sci-l1-0754,Science,1,What is Atom?,A theory,Matter building block,A law,A principle,A rule,1,smallest unit of element
sci-l1-0755,Science,1,How is Atom best described?,As a process,Smallest unit of element,As a theory,As a law,As a hypothesis,1,Atom: matter building block
sci-l1-0756,Science,1,"In Science, what characterizes Atom?",Its size,Matter building block,Its color,Its shape,Its weight,1,Learn about Atom
sci-l1-0757,Science,1,What is Photon?,A theory,Light particle,A law,A principle,A rule,1,quantum of electromagnetic radiation
sci-l1-0758,Science,1,How is Photon best described?,As a process,Quantum of electromagnetic radiation,As a theory,As a law,As a hypothesis,1,Photon: light particle
sci-l1-0759,Science,1,"In Science, what characterizes Photon?",Its size,Light particle,Its color,Its shape,Its weight,1,Learn about Photon
sci-l1-0760,Science,1,What is Electron?,A theory,Negative particle,A law,A principle,A rule,1,orbits atomic nucleus
sci-l1-0761,Science,1,How is Electron best described?,As a process,Orbits atomic nucleus,As a theory,As a law,As a hypothesis,1,Electron: negative particle
sci-l1-0762,Science,1,"In Science, what characterizes Electron?",Its size,Negative particle,Its color,Its shape,Its weight,1,Learn about Electron
sci-l1-0763,Science,1,What is Molecule?,A theory,Bonded atoms,A law,A principle,A rule,1,smallest unit of compound
sci-l1-0764,Science,1,How is Molecule best described?,As a process,Smallest unit of compound,As a theory,As a law,As a hypothesis,1,Molecule: bonded atoms
sci-l1-0765,Science,1,"In Science, what characterizes Molecule?",Its size,Bonded atoms,Its color,Its shape,Its weight,1,Learn about Molecule
sci-l1-0766,Science,1,What are important processes in Science at level 1? (Question 16),Basic processes overview,Detailed processes explanation for Science,Simple processes summary,General processes description,Standard processes definition,1,"Educational content about processes in Science (Level 1, Item 16)"
sci-l1-0767,Science,1,What are important systems in Science at level 1? (Question 17),Basic systems overview,Detailed systems explanation for Science,Simple systems summary,General systems description,Standard systems definition,1,"Educational content about systems in Science (Level 1, Item 17)"
sci-l1-0768,Science,1,What are important structures in Science at level 1? (Question 18),Basic structures overview,Detailed structures explanation for Science,Simple structures summary,General structures description,Standard structures definition,1,"Educational content about structures in Science (Level 1, Item 18)"
sci-l1-0769,Science,1,What are important elements in Science at level 1? (Question 19),Basic elements overview,Detailed elements explanation for Science,Simple elements summary,General elements description,Standard elements definition,1,"Educational content about elements in Science (Level 1, Item 19)"
sci-l1-0770,Science,1,What are important components in Science at level 1? (Question 20),Basic components overview,Detailed components explanation for Science,Simple components summary,General components description,Standard components definition,1,"Educational content about components in Science (Level 1, Item 20)"
sci-l1-0771,Science,1,What are important concepts in Science at level 1? (Question 21),Basic concepts overview,Detailed concepts explanation for Science,Simple concepts summary,General concepts description,Standard concepts definition,1,"Educational content about concepts in Science (Level 1, Item 21)"
sci-l1-0772,Science,1,What are important principles in Science at level 1? (Question 22),Basic principles overview,Detailed principles explanation for Science,Simple principles summary,General principles description,Standard principles definition,1,"Educational content about principles in Science (Level 1, Item 22)"
sci-l1-0773,Science,1,What are important theories in Science at level 1? (Question 23),Basic theories overview,Detailed theories explanation for Science,Simple theories summary,General theories description,Standard theories definition,1,"Educational content about theories in Science (Level 1, Item 23)"
sci-l1-0774,Science,1,What are important facts in Science at level 1? (Question 24),Basic facts overview,Detailed facts explanation for Science,Simple facts summary,General facts description,Standard facts definition,1,"Educational content about facts in Science (Level 1, Item 24)"
sci-l1-0775,Science,1,What are important phenomena in Science at level 1? (Question 25),Basic phenomena overview,Detailed phenomena explanation for Science,Simple phenomena summary,General phenomena description,Standard phenomena definition,1,"Educational content about phenomena in Science (Level 1, Item 25)"
sci-l1-0776,Science,1,What are important processes in Science at level 1? (Question 26),Basic processes overview,Detailed processes explanation for Science,Simple processes summary,General processes description,Standard processes definition,1,"Educational content about processes in Science (Level 1, Item 26)"
sci-l1-0777,Science,1,What are important systems in Science at level 1? (Question 27),Basic systems overview,Detailed systems explanation for Science,Simple systems summary,General systems description,Standard systems definition,1,"Educational content about systems in Science (Level 1, Item 27)"
sci-l1-0778,Science,1,What are important structures in Science at level 1? (Question 28),Basic structures overview,Detailed structures explanation for Science,Simple structures summary,General structures description,Standard structures definition,1,"Educational content about structures in Science (Level 1, Item 28)"
sci-l1-0779,Science,1,What are important elements in Science at level 1? (Question 29),Basic elements overview,Detailed elements explanation for Science,Simple elements summary,General elements description,Standard elements definition,1,"Educational content about elements in Science (Level 1, Item 29)"
sci-l1-0780,Science,1,What are important components in Science at level 1? (Question 30),Basic components overview,Detailed components explanation for Science,Simple components summary,General components description,Standard components definition,1,"Educational content about components in Science (Level 1, Item 30)"
sci-l1-0781,Science,1,What are important concepts in Science at level 1? (Question 31),Basic concepts overview,Detailed concepts explanation for Science,Simple concepts summary,General concepts description,Standard concepts definition,1,"Educational content about concepts in Science (Level 1, Item 31)"
sci-l1-0782,Science,1,What are important principles in Science at level 1? (Question 32),Basic principles overview,Detailed principles explanation for Science,Simple principles summary,General principles description,Standard principles definition,1,"Educational content about principles in Science (Level 1, Item 32)"
sci-l1-0783,Science,1,What are important theories in Science at level 1? (Question 33),Basic theories overview,Detailed theories explanation for Science,Simple theories summary,General theories description,Standard theories definition,1,"Educational content about theories in Science (Level 1, Item 33)"
sci-l1-0784,Science,1,What are important facts in Science at level 1? (Question 34),Basic facts overview,Detailed facts explanation for Science,Simple facts summary,General facts description,Standard facts definition,1,"Educational content about facts in Science (Level 1, Item 34)"
sci-l1-0785,Science,1,What are important phenomena in Science at level 1? (Question 35),Basic phenomena overview,Detailed phenomena explanation for Science,Simple phenomena summary,General phenomena description,Standard phenomena definition,1,"Educational content about phenomena in Science (Level 1, Item 35)"
sci-l1-0786,Science,1,What are important processes in Science at level 1? (Question 36),Basic processes overview,Detailed processes explanation for Science,Simple processes summary,General processes description,Standard processes definition,1,"Educational content about processes in Science (Level 1, Item 36)"
sci-l1-0787,Science,1,What are important systems in Science at level 1? (Question 37),Basic systems overview,Detailed systems explanation for Science,Simple systems summary,General systems description,Standard systems definition,1,"Educational content about systems in Science (Level 1, Item 37)"
sci-l1-0788,Science,1,What are important structures in Science at level 1? (Question 38),Basic structures overview,Detailed structures explanation for Science,Simple structures summary,General structures description,Standard structures definition,1,"Educational content about structures in Science (Level 1, Item 38)"
sci-l1-0789,Science,1,What are important elements in Science at level 1? (Question 39),Basic elements overview,Detailed elements explanation for Science,Simple elements summary,General elements description,Standard elements definition,1,"Educational content about elements in Science (Level 1, Item 39)"
sci-l1-0790,Science,1,What are important components in Science at level 1? (Question 40),Basic components overview,Detailed components explanation for Science,Simple components summary,General components description,Standard components definition,1,"Educational content about components in Science (Level 1, Item 40)"
sci-l1-0791,Science,1,What are important concepts in Science at level 1? (Question 41),Basic concepts overview,Detailed concepts explanation for Science,Simple concepts summary,General concepts description,Standard concepts definition,1,"Educational content about concepts in Science (Level 1, Item 41)"
sci-l1-0792,Science,1,What are important principles in Science at level 1? (Question 42),Basic principles overview,Detailed principles explanation for Science,Simple principles summary,General principles description,Standard principles definition,1,"Educational content about principles in Science (Level 1, Item 42)"
sci-l1-0793,Science,1,What are important theories in Science at level 1? (Question 43),Basic theories overview,Detailed theories explanation for Science,Simple theories summary,General theories description,Standard theories definition,1,"Educational content about theories in Science (Level 1, Item 43)"
sci-l1-0794,Science,1,What are important facts in Science at level 1? (Question 44),Basic facts overview,Detailed facts explanation for Science,Simple facts summary,General facts description,Standard facts definition,1,"Educational content about facts in Science (Level 1, Item 44)"
sci-l1-0795,Science,1,What are important phenomena in Science at level 1? (Question 45),Basic phenomena overview,Detailed phenomena explanation for Science,Simple phenomena summary,General phenomena description,Standard phenomena definition,1,"Educational content about phenomena in Science (Level 1, Item 45)"
sci-l1-0796,Science,1,What are important processes in Science at level 1? (Question 46),Basic processes overview,Detailed processes explanation for Science,Simple processes summary,General processes description,Standard processes definition,1,"Educational content about processes in Science (Level 1, Item 46)"
sci-l1-0797,Science,1,What are important systems in Science at level 1? (Question 47),Basic systems overview,Detailed systems explanation for Science,Simple systems summary,General systems description,Standard systems definition,1,"Educational content about systems in Science (Level 1, Item 47)"
sci-l1-0798,Science,1,What are important structures in Science at level 1? (Question 48),Basic structures overview,Detailed structures explanation for Science,Simple structures summary,General structures description,Standard structures definition,1,"Educational content about structures in Science (Level 1, Item 48)"
sci-l1-0799,Science,1,What are important elements in Science at level 1? (Question 49),Basic elements overview,Detailed elements explanation for Science,Simple elements summary,General elements description,Standard elements definition,1,"Educational content about elements in Science (Level 1, Item 49)"
sci-l1-0800,Science,1,What are important components in Science at level 1? (Question 50),Basic components overview,Detailed components explanation for Science,Simple components summary,General components description,Standard components definition,1,"Educational content about components in Science (Level 1, Item 50)"
sci-l2-0801,Science,2,What are important concepts in Science at level 2? (Question 1),Basic concepts overview,Detailed concepts explanation for Science,Simple concepts summary,General concepts description,Standard concepts definition,1,"Educational content about concepts in Science (Level 2, Item 1)"
sci-l2-0802,Science,2,What are important principles in Science at level 2? (Question 2),Basic principles overview,Detailed principles explanation for Science,Simple principles summary,General principles description,Standard principles definition,1,"Educational content about principles in Science (Level 2, Item 2)"
sci-l2-0803,Science,2,What are important theories in Science at level 2? (Question 3),Basic theories overview,Detailed theories explanation for Science,Simple theories summary,General theories description,Standard theories definition,1,"Educational content about theories in Science (Level 2, Item 3)"
sci-l2-0804,Science,2,What are important facts in Science at level 2? (Question 4),Basic facts overview,Detailed facts explanation for Science,Simple facts summary,General facts description,Standard facts definition,1,"Educational content about facts in Science (Level 2, Item 4)"
sci-l2-0805,Science,2,What are important phenomena in Science at level 2? (Question 5),Basic phenomena overview,Detailed phenomena explanation for Science,Simple phenomena summary,General phenomena description,Standard phenomena definition,1,"Educational content about phenomena in Science (Level 2, Item 5)"
sci-l2-0806,Science,2,What are important processes in Science at level 2? (Question 6),Basic processes overview,Detailed processes explanation for Science,Simple processes summary,General processes description,Standard processes definition,1,"Educational content about processes in Science (Level 2, Item 6)"
sci-l2-0807,Science,2,What are important systems in Science at level 2? (Question 7),Basic systems overview,Detailed systems explanation for Science,Simple systems summary,General systems description,Standard systems definition,1,"Educational content about systems in Science (Level 2, Item 7)"
sci-l2-0808,Science,2,What are important structures in Science at level 2? (Question 8),Basic structures overview,Detailed structures explanation for Science,Simple structures summary,General structures description,Standard structures definition,1,"Educational content about structures in Science (Level 2, Item 8)"
sci-l2-0809,Science,2,What are important elements in Science at level 2? (Question 9),Basic elements overview,Detailed elements explanation for Science,Simple elements summary,General elements description,Standard elements definition,1,"Educational content about elements in Science (Level 2, Item 9)"
sci-l2-0810,Science,2,What are important components in Science at level 2? (Question 10),Basic components overview,Detailed components explanation for Science,Simple components summary,General components description,Standard components definition,1,"Educational content about components in Science (Level 2, Item 10)"
sci-l2-0811,Science,2,What are important concepts in Science at level 2? (Question 11),Basic concepts overview,Detailed concepts explanation for Science,Simple concepts summary,General concepts description,Standard concepts definition,1,"Educational content about concepts in Science (Level 2, Item 11)"
sci-l2-0812,Science,2,What are important principles in Science at level 2? (Question 12),Basic principles overview,Detailed principles explanation for Science,Simple principles summary,General principles description,Standard principles definition,1,"Educational content about principles in Science (Level 2, Item 12)"
sci-l2-0813,Science,2,What are important theories in Science at level 2? (Question 13),Basic theories overview,Detailed theories explanation for Science,Simple theories summary,General theories description,Standard theories definition,1,"Educational content about theories in Science (Level 2, Item 13)"
sci-l2-0814,Science,2,What are important facts in Science at level 2? (Question 14),Basic facts overview,Detailed facts explanation for Science,Simple facts summary,General facts description,Standard facts definition,1,"Educational content about facts in Science (Level 2, Item 14)"
sci-l2-0815,Science,2,What are important phenomena in Science at level 2? (Question 15),Basic phenomena overview,Detailed phenomena explanation for Science,Simple phenomena summary,General phenomena description,Standard phenomena definition,1,"Educational content about phenomena in Science (Level 2, Item 15)"
sci-l2-0816,Science,2,What are important processes in Science at level 2? (Question 16),Basic processes overview,Detailed processes explanation for Science,Simple processes summary,General processes description,Standard processes definition,1,"Educational content about processes in Science (Level 2, Item 16)"
sci-l2-0817,Science,2,What are important systems in Science at level 2? (Question 17),Basic systems overview,Detailed systems explanation for Science,Simple systems summary,General systems description,Standard systems definition,1,"Educational content about systems in Science (Level 2, Item 17)"
sci-l2-0818,Science,2,What are important structures in Science at level 2? (Question 18),Basic structures overview,Detailed structures explanation for Science,Simple structures summary,General structures description,Standard structures definition,1,"Educational content about structures in Science (Level 2, Item 18)"
sci-l2-0819,Science,2,What are important elements in Science at level 2? (Question 19),Basic elements overview,Detailed elements explanation for Science,Simple elements summary,General elements description,Standard elements definition,1,"Educational content about elements in Science (Level 2, Item 19)"
sci-l2-0820,Science,2,What are important components in Science at level 2? (Question 20),Basic components overview,Detailed components explanation for Science,Simple components summary,General components description,Standard components definition,1,"Educational content about components in Science (Level 2, Item 20)"
sci-l2-0821,Science,2,What are important concepts in Science at level 2? (Question 21),Basic concepts overview,Detailed concepts explanation for Science,Simple concepts summary,General concepts description,Standard concepts definition,1,"Educational content about concepts in Science (Level 2, Item 21)"
sci-l2-0822,Science,2,What are important principles in Science at level 2? (Question 22),Basic principles overview,Detailed principles explanation for Science,Simple principles summary,General principles description,Standard principles definition,1,"Educational content about principles in Science (Level 2, Item 22)"
sci-l2-0823,Science,2,What are important theories in Science at level 2? (Question 23),Basic theories overview,Detailed theories explanation for Science,Simple theories summary,General theories description,Standard theories definition,1,"Educational content about theories in Science (Level 2, Item 23)"
sci-l2-0824,Science,2,What are important facts in Science at level 2? (Question 24),Basic facts overview,Detailed facts explanation for Science,Simple facts summary,General facts description,Standard facts definition,1,"Educational content about facts in Science (Level 2, Item 24)"
sci-l2-0825,Science,2,What are important phenomena in Science at level 2? (Question 25),Basic phenomena overview,Detailed phenomena explanation for Science,Simple phenomena summary,General phenomena description,Standard phenomena definition,1,"Educational content about phenomena in Science (Level 2, Item 25)"
sci-l2-0826,Science,2,What are important processes in Science at level 2? (Question 26),Basic processes overview,Detailed processes explanation for Science,Simple processes summary,General processes description,Standard processes definition,1,"Educational content about processes in Science (Level 2, Item 26)"
sci-l2-0827,Science,2,What are important systems in Science at level 2? (Question 27),Basic systems overview,Detailed systems explanation for Science,Simple systems summary,General systems description,Standard systems definition,1,"Educational content about systems in Science (Level 2, Item 27)"
sci-l2-0828,Science,2,What are important structures in Science at level 2? (Question 28),Basic structures overview,Detailed structures explanation for Science,Simple structures summary,General structures description,Standard structures definition,1,"Educational content about structures in Science (Level 2, Item 28)"
sci-l2-0829,Science,2,What are important elements in Science at level 2? (Question 29),Basic elements overview,Detailed elements explanation for Science,Simple elements summary,General elements description,Standard elements definition,1,"Educational content about elements in Science (Level 2, Item 29)"
sci-l2-0830,Science,2,What are important components in Science at level 2? (Question 30),Basic components overview,Detailed components explanation for Science,Simple components summary,General components description,Standard components definition,1,"Educational content about components in Science (Level 2, Item 30)"
sci-l2-0831,Science,2,What are important concepts in Science at level 2? (Question 31),Basic concepts overview,Detailed concepts explanation for Science,Simple concepts summary,General concepts description,Standard concepts definition,1,"Educational content about concepts in Science (Level 2, Item 31)"
sci-l2-0832,Science,2,What are important principles in Science at level 2? (Question 32),Basic principles overview,Detailed principles explanation for Science,Simple principles summary,General principles description,Standard principles definition,1,"Educational content about principles in Science (Level 2, Item 32)"
sci-l2-0833,Science,2,What are important theories in Science at level 2? (Question 33),Basic theories overview,Detailed theories explanation for Science,Simple theories summary,General theories description,Standard theories definition,1,"Educational content about theories in Science (Level 2, Item 33)"
sci-l2-0834,Science,2,What are important facts in Science at level 2? (Question 34),Basic facts overview,Detailed facts explanation for Science,Simple facts summary,General facts description,Standard facts definition,1,"Educational content about facts in Science (Level 2, Item 34)"
sci-l2-0835,Science,2,What are important phenomena in Science at level 2? (Question 35),Basic phenomena overview,Detailed phenomena explanation for Science,Simple phenomena summary,General phenomena description,Standard phenomena definition,1,"Educational content about phenomena in Science (Level 2, Item 35)"
sci-l2-0836,Science,2,What are important processes in Science at level 2? (Question 36),Basic processes overview,Detailed processes explanation for Science,Simple processes summary,General processes description,Standard processes definition,1,"Educational content about processes in Science (Level 2, Item 36)"
sci-l2-0837,Science,2,What are important systems in Science at level 2? (Question 37),Basic systems overview,Detailed systems explanation for Science,Simple systems summary,General systems description,Standard systems definition,1,"Educational content about systems in Science (Level 2, Item 37)"
sci-l2-0838,Science,2,What are important structures in Science at level 2? (Question 38),Basic structures overview,Detailed structures explanation for Science,Simple structures summary,General structures description,Standard structures definition,1,"Educational content about structures in Science (Level 2, Item 38)"
sci-l2-0839,Science,2,What are important elements in Science at level 2? (Question 39),Basic elements overview,Detailed elements explanation for Science,Simple elements summary,General elements description,Standard elements definition,1,"Educational content about elements in Science (Level 2, Item 39)"
sci-l2-0840,Science,2,What are important components in Science at level 2? (Question 40),Basic components overview,Detailed components explanation for Science,Simple components summary,General components description,Standard components definition,1,"Educational content about components in Science (Level 2, Item 40)"
sci-l2-0841,Science,2,What are important concepts in Science at level 2? (Question 41),Basic concepts overview,Detailed concepts explanation for Science,Simple concepts summary,General concepts description,Standard concepts definition,1,"Educational content about concepts in Science (Level 2, Item 41)"
sci-l2-0842,Science,2,What are important principles in Science at level 2? (Question 42),Basic principles overview,Detailed principles explanation for Science,Simple principles summary,General principles description,Standard principles definition,1,"Educational content about principles in Science (Level 2, Item 42)"
sci-l2-0843,Science,2,What are important theories in Science at level 2? (Question 43),Basic theories overview,Detailed theories explanation for Science,Simple theories summary,General theories description,Standard theories definition,1,"Educational content about theories in Science (Level 2, Item 43)"
sci-l2-0844,Science,2,What are important facts in Science at level 2? (Question 44),Basic facts overview,Detailed facts explanation for Science,Simple facts summary,General facts description,Standard facts definition,1,"Educational content about facts in Science (Level 2, Item 44)"
sci-l2-0845,Science,2,What are important phenomena in Science at level 2? (Question 45),Basic phenomena overview,Detailed phenomena explanation for Science,Simple phenomena summary,General phenomena description,Standard phenomena definition,1,"Educational content about phenomena in Science (Level 2, Item 45)"
sci-l2-0846,Science,2,What are important processes in Science at level 2? (Question 46),Basic processes overview,Detailed processes explanation for Science,Simple processes summary,General processes description,Standard processes definition,1,"Educational content about processes in Science (Level 2, Item 46)"
sci-l2-0847,Science,2,What are important systems in Science at level 2? (Question 47),Basic systems overview,Detailed systems explanation for Science,Simple systems summary,General systems description,Standard systems definition,1,"Educational content about systems in Science (Level 2, Item 47)"
sci-l2-0848,Science,2,What are important structures in Science at level 2? (Question 48),Basic structures overview,Detailed structures explanation for Science,Simple structures summary,General structures description,Standard structures definition,1,"Educational content about structures in Science (Level 2, Item 48)"
sci-l2-0849,Science,2,What are important elements in Science at level 2? (Question 49),Basic elements overview,Detailed elements explanation for Science,Simple elements summary,General elements description,Standard elements definition,1,"Educational content about elements in Science (Level 2, Item 49)"
sci-l2-0850,Science,2,What are important components in Science at level 2? (Question 50),Basic components overview,Detailed components explanation for Science,Simple components summary,General components description,Standard components definition,1,"Educational content about components in Science (Level 2, Item 50)"
sci-l3-0851,Science,3,What are important concepts in Science at level 3? (Question 1),Basic concepts overview,Detailed concepts explanation for Science,Simple concepts summary,General concepts description,Standard concepts definition,1,"Educational content about concepts in Science (Level 3, Item 1)"
sci-l3-0852,Science,3,What are important principles in Science at level 3? (Question 2),Basic principles overview,Detailed principles explanation for Science,Simple principles summary,General principles description,Standard principles definition,1,"Educational content about principles in Science (Level 3, Item 2)"
sci-l3-0853,Science,3,What are important theories in Science at level 3? (Question 3),Basic theories overview,Detailed theories explanation for Science,Simple theories summary,General theories description,Standard theories definition,1,"Educational content about theories in Science (Level 3, Item 3)"
sci-l3-0854,Science,3,What are important facts in Science at level 3? (Question 4),Basic facts overview,Detailed facts explanation for Science,Simple facts summary,General facts description,Standard facts definition,1,"Educational content about facts in Science (Level 3, Item 4)"
sci-l3-0855,Science,3,What are important phenomena in Science at level 3? (Question 5),Basic phenomena overview,Detailed phenomena explanation for Science,Simple phenomena summary,General phenomena description,Standard phenomena definition,1,"Educational content about phenomena in Science (Level 3, Item 5)"
sci-l3-0856,Science,3,What are important processes in Science at level 3? (Question 6),Basic processes overview,Detailed processes explanation for Science,Simple processes summary,General processes description,Standard processes definition,1,"Educational content about processes in Science (Level 3, Item 6)"
sci-l3-0857,Science,3,What are important systems in Science at level 3? (Question 7),Basic systems overview,Detailed systems explanation for Science,Simple systems summary,General systems description,Standard systems definition,1,"Educational content about systems in Science (Level 3, Item 7)"
sci-l3-0858,Science,3,What are important structures in Science at level 3? (Question 8),Basic structures overview,Detailed structures explanation for Science,Simple structures summary,General structures description,Standard structures definition,1,"Educational content about structures in Science (Level 3, Item 8)"
sci-l3-0859,Science,3,What are important elements in Science at level 3? (Question 9),Basic elements overview,Detailed elements explanation for Science,Simple elements summary,General elements description,Standard elements definition,1,"Educational content about elements in Science (Level 3, Item 9)"
sci-l3-0860,Science,3,What are important components in Science at level 3? (Question 10),Basic components overview,Detailed components explanation for Science,Simple components summary,General components description,Standard components definition,1,"Educational content about components in Science (Level 3, Item 10)"
sci-l3-0861,Science,3,What are important concepts in Science at level 3? (Question 11),Basic concepts overview,Detailed concepts explanation for Science,Simple concepts summary,General concepts description,Standard concepts definition,1,"Educational content about concepts in Science (Level 3, Item 11)"
sci-l3-0862,Science,3,What are important principles in Science at level 3? (Question 12),Basic principles overview,Detailed principles explanation for Science,Simple principles summary,General principles description,Standard principles definition,1,"Educational content about principles in Science (Level 3, Item 12)"
sci-l3-0863,Science,3,What are important theories in Science at level 3? (Question 13),Basic theories overview,Detailed theories explanation for Science,Simple theories summary,General theories description,Standard theories definition,1,"Educational content about theories in Science (Level 3, Item 13)"
sci-l3-0864,Science,3,What are important facts in Science at level 3? (Question 14),Basic facts overview,Detailed facts explanation for Science,Simple facts summary,General facts description,Standard facts definition,1,"Educational content about facts in Science (Level 3, Item 14)"
sci-l3-0865,Science,3,What are important phenomena in Science at level 3? (Question 15),Basic phenomena overview,Detailed phenomena explanation for Science,Simple phenomena summary,General phenomena description,Standard phenomena definition,1,"Educational content about phenomena in Science (Level 3, Item 15)"
sci-l3-0866,Science,3,What are important processes in Science at level 3? (Question 16),Basic processes overview,Detailed processes explanation for Science,Simple processes summary,General processes description,Standard processes definition,1,"Educational content about processes in Science (Level 3, Item 16)"
sci-l3-0867,Science,3,What are important systems in Science at level 3? (Question 17),Basic systems overview,Detailed systems explanation for Science,Simple systems summary,General systems description,Standard systems definition,1,"Educational content about systems in Science (Level 3, Item 17)"
sci-l3-0868,Science,3,What are important structures in Science at level 3? (Question 18),Basic structures overview,Detailed structures explanation for Science,Simple structures summary,General structures description,Standard structures definition,1,"Educational content about structures in Science (Level 3, Item 18)"
sci-l3-0869,Science,3,What are important elements in Science at level 3? (Question 19),Basic elements overview,Detailed elements explanation for Science,Simple elements summary,General elements description,Standard elements definition,1,"Educational content about elements in Science (Level 3, Item 19)"
sci-l3-0870,Science,3,What are important components in Science at level 3? (Question 20),Basic components overview,Detailed components explanation for Science,Simple components summary,General components description,Standard components definition,1,"Educational content about components in Science (Level 3, Item 20)"
sci-l3-0871,Science,3,What are important concepts in Science at level 3? (Question 21),Basic concepts overview,Detailed concepts explanation for Science,Simple concepts summary,General concepts description,Standard concepts definition,1,"Educational content about concepts in Science (Level 3, Item 21)"
sci-l3-0872,Science,3,What are important principles in Science at level 3? (Question 22),Basic principles overview,Detailed principles explanation for Science,Simple principles summary,General principles description,Standard principles definition,1,"Educational content about principles in Science (Level 3, Item 22)"
sci-l3-0873,Science,3,What are important theories in Science at level 3? (Question 23),Basic theories overview,Detailed theories explanation for Science,Simple theories summary,General theories description,Standard theories definition,1,"Educational content about theories in Science (Level 3, Item 23)"
sci-l3-0874,Science,3,What are important facts in Science at level 3? (Question 24),Basic facts overview,Detailed facts explanation for Science,Simple facts summary,General facts description,Standard facts definition,1,"Educational content about facts in Science (Level 3, Item 24)"
sci-l3-0875,Science,3,What are important phenomena in Science at level 3? (Question 25),Basic phenomena overview,Detailed phenomena explanation for Science,Simple phenomena summary,General phenomena description,Standard phenomena definition,1,"Educational content about phenomena in Science (Level 3, Item 25)"
sci-l3-0876,Science,3,What are important processes in Science at level 3? (Question 26),Basic processes overview,Detailed processes explanation for Science,Simple processes summary,General processes description,Standard processes definition,1,"Educational content about processes in Science (Level 3, Item 26)"
sci-l3-0877,Science,3,What are important systems in Science at level 3? (Question 27),Basic systems overview,Detailed systems explanation for Science,Simple systems summary,General systems description,Standard systems definition,1,"Educational content about systems in Science (Level 3, Item 27)"
sci-l3-0878,Science,3,What are important structures in Science at level 3? (Question 28),Basic structures overview,Detailed structures explanation for Science,Simple structures summary,General structures description,Standard structures definition,1,"Educational content about structures in Science (Level 3, Item 28)"
sci-l3-0879,Science,3,What are important elements in Science at level 3? (Question 29),Basic elements overview,Detailed elements explanation for Science,Simple elements summary,General elements description,Standard elements definition,1,"Educational content about elements in Science (Level 3, Item 29)"
sci-l3-0880,Science,3,What are important components in Science at level 3? (Question 30),Basic components overview,Detailed components explanation for Science,Simple components summary,General components description,Standard components definition,1,"Educational content about components in Science (Level 3, Item 30)"
sci-l3-0881,Science,3,What are important concepts in Science at level 3? (Question 31),Basic concepts overview,Detailed concepts explanation for Science,Simple concepts summary,General concepts description,Standard concepts definition,1,"Educational content about concepts in Science (Level 3, Item 31)"
sci-l3-0882,Science,3,What are important principles in Science at level 3? (Question 32),Basic principles overview,Detailed principles explanation for Science,Simple principles summary,General principles description,Standard principles definition,1,"Educational content about principles in Science (Level 3, Item 32)"
sci-l3-0883,Science,3,What are important theories in Science at level 3? (Question 33),Basic theories overview,Detailed theories explanation for Science,Simple theories summary,General theories description,Standard theories definition,1,"Educational content about theories in Science (Level 3, Item 33)"
sci-l3-0884,Science,3,What are important facts in Science at level 3? (Question 34),Basic facts overview,Detailed facts explanation for Science,Simple facts summary,General facts description,Standard facts definition,1,"Educational content about facts in Science (Level 3, Item 34)"
sci-l3-0885,Science,3,What are important phenomena in Science at level 3? (Question 35),Basic phenomena overview,Detailed phenomena explanation for Science,Simple phenomena summary,General phenomena description,Standard phenomena definition,1,"Educational content about phenomena in Science (Level 3, Item 35)"
sci-l3-0886,Science,3,What are important processes in Science at level 3? (Question 36),Basic processes overview,Detailed processes explanation for Science,Simple processes summary,General processes description,Standard processes definition,1,"Educational content about processes in Science (Level 3, Item 36)"
sci-l3-0887,Science,3,What are important systems in Science at level 3? (Question 37),Basic systems overview,Detailed systems explanation for Science,Simple systems summary,General systems description,Standard systems definition,1,"Educational content about systems in Science (Level 3, Item 37)"
sci-l3-0888,Science,3,What are important structures in Science at level 3? (Question 38),Basic structures overview,Detailed structures explanation for Science,Simple structures summary,General structures description,Standard structures definition,1,"Educational content about structures in Science (Level 3, Item 38)"
sci-l3-0889,Science,3,What are important elements in Science at level 3? (Question 39),Basic elements overview,Detailed elements explanation for Science,Simple elements summary,General elements description,Standard elements definition,1,"Educational content about elements in Science (Level 3, Item 39)"
sci-l3-0890,Science,3,What are important components in Science at level 3? (Question 40),Basic components overview,Detailed components explanation for Science,Simple components summary,General components description,Standard components definition,1,"Educational content about components in Science (Level 3, Item 40)"
sci-l3-0891,Science,3,What are important concepts in Science at level 3? (Question 41),Basic concepts overview,Detailed concepts explanation for Science,Simple concepts summary,General concepts description,Standard concepts definition,1,"Educational content about concepts in Science (Level 3, Item 41)"
sci-l3-0892,Science,3,What are important principles in Science at level 3? (Question 42),Basic principles overview,Detailed principles explanation for Science,Simple principles summary,General principles description,Standard principles definition,1,"Educational content about principles in Science (Level 3, Item 42)"
sci-l3-0893,Science,3,What are important theories in Science at level 3? (Question 43),Basic theories overview,Detailed theories explanation for Science,Simple theories summary,General theories description,Standard theories definition,1,"Educational content about theories in Science (Level 3, Item 43)"
sci-l3-0894,Science,3,What are important facts in Science at level 3? (Question 44),Basic facts overview,Detailed facts explanation for Science,Simple facts summary,General facts description,Standard facts definition,1,"Educational content about facts in Science (Level 3, Item 44)"
sci-l3-0895,Science,3,What are important phenomena in Science at level 3? (Question 45),Basic phenomena overview,Detailed phenomena explanation for Science,Simple phenomena summary,General phenomena description,Standard phenomena definition,1,"Educational content about phenomena in Science (Level 3, Item 45)"
sci-l3-0896,Science,3,What are important processes in Science at level 3? (Question 46),Basic processes overview,Detailed processes explanation for Science,Simple processes summary,General processes description,Standard processes definition,1,"Educational content about processes in Science (Level 3, Item 46)"
sci-l3-0897,Science,3,What are important systems in Science at level 3? (Question 47),Basic systems overview,Detailed systems explanation for Science,Simple systems summary,General systems description,Standard systems definition,1,"Educational content about systems in Science (Level 3, Item 47)"
sci-l3-0898,Science,3,What are important structures in Science at level 3? (Question 48),Basic structures overview,Detailed structures explanation for Science,Simple structures summary,General structures description,Standard structures definition,1,"Educational content about structures in Science (Level 3, Item 48)"
sci-l3-0899,Science,3,What are important elements in Science at level 3? (Question 49),Basic elements overview,Detailed elements explanation for Science,Simple elements summary,General elements description,Standard elements definition,1,"Educational content about elements in Science (Level 3, Item 49)"
sci-l3-0900,Science,3,What are important components in Science at level 3? (Question 50),Basic components overview,Detailed components explanation for Science,Simple components summary,General components description,Standard components definition,1,"Educational content about components in Science (Level 3, Item 50)"
sci-l4-0901,Science,4,What are important concepts in Science at level 4? (Question 1),Basic concepts overview,Detailed concepts explanation for Science,Simple concepts summary,General concepts description,Standard concepts definition,1,"Educational content about concepts in Science (Level 4, Item 1)"
sci-l4-0902,Science,4,What are important principles in Science at level 4? (Question 2),Basic principles overview,Detailed principles explanation for Science,Simple principles summary,General principles description,Standard principles definition,1,"Educational content about principles in Science (Level 4, Item 2)"
sci-l4-0903,Science,4,What are important theories in Science at level 4? (Question 3),Basic theories overview,Detailed theories explanation for Science,Simple theories summary,General theories description,Standard theories definition,1,"Educational content about theories in Science (Level 4, Item 3)"
sci-l4-0904,Science,4,What are important facts in Science at level 4? (Question 4),Basic facts overview,Detailed facts explanation for Science,Simple facts summary,General facts description,Standard facts definition,1,"Educational content about facts in Science (Level 4, Item 4)"
sci-l4-0905,Science,4,What are important phenomena in Science at level 4? (Question 5),Basic phenomena overview,Detailed phenomena explanation for Science,Simple phenomena summary,General phenomena description,Standard phenomena definition,1,"Educational content about phenomena in Science (Level 4, Item 5)"
sci-l4-0906,Science,4,What are important processes in Science at level 4? (Question 6),Basic processes overview,Detailed processes explanation for Science,Simple processes summary,General processes description,Standard processes definition,1,"Educational content about processes in Science (Level 4, Item 6)"
sci-l4-0907,Science,4,What are important systems in Science at level 4? (Question 7),Basic systems overview,Detailed systems explanation for Science,Simple systems summary,General systems description,Standard systems definition,1,"Educational content about systems in Science (Level 4, Item 7)"
sci-l4-0908,Science,4,What are important structures in Science at level 4? (Question 8),Basic structures overview,Detailed structures explanation for Science,Simple structures summary,General structures description,Standard structures definition,1,"Educational content about structures in Science (Level 4, Item 8)"
sci-l4-0909,Science,4,What are important elements in Science at level 4? (Question 9),Basic elements overview,Detailed elements explanation for Science,Simple elements summary,General elements description,Standard elements definition,1,"Educational content about elements in Science (Level 4, Item 9)"
sci-l4-0910,Science,4,What are important components in Science at level 4? (Question 10),Basic components overview,Detailed components explanation for Science,Simple components summary,General components description,Standard components definition,1,"Educational content about components in Science (Level 4, Item 10)"
sci-l4-0911,Science,4,What are important concepts in Science at level 4? (Question 11),Basic concepts overview,Detailed concepts explanation for Science,Simple concepts summary,General concepts description,Standard concepts definition,1,"Educational content about concepts in Science (Level 4, Item 11)"
sci-l4-0912,Science,4,What are important principles in Science at level 4? (Question 12),Basic principles overview,Detailed principles explanation for Science,Simple principles summary,General principles description,Standard principles definition,1,"Educational content about principles in Science (Level 4, Item 12)"
sci-l4-0913,Science,4,What are important theories in Science at level 4? (Question 13),Basic theories overview,Detailed theories explanation for Science,Simple theories summary,General theories description,Standard theories definition,1,"Educational content about theories in Science (Level 4, Item 13)"
sci-l4-0914,Science,4,What are important facts in Science at level 4? (Question 14),Basic facts overview,Detailed facts explanation for Science,Simple facts summary,General facts description,Standard facts definition,1,"Educational content about facts in Science (Level 4, Item 14)"
sci-l4-0915,Science,4,What are important phenomena in Science at level 4? (Question 15),Basic phenomena overview,Detailed phenomena explanation for Science,Simple phenomena summary,General phenomena description,Standard phenomena definition,1,"Educational content about phenomena in Science (Level 4, Item 15)"
sci-l4-0916,Science,4,What are important processes in Science at level 4? (Question 16),Basic processes overview,Detailed processes explanation for Science,Simple processes summary,General processes description,Standard processes definition,1,"Educational content about processes in Science (Level 4, Item 16)"
sci-l4-0917,Science,4,What are important systems in Science at level 4? (Question 17),Basic systems overview,Detailed systems explanation for Science,Simple systems summary,General systems description,Standard systems definition,1,"Educational content about systems in Science (Level 4, Item 17)"
sci-l4-0918,Science,4,What are important structures in Science at level 4? (Question 18),Basic structures overview,Detailed structures explanation for Science,Simple structures summary,General structures description,Standard structures definition,1,"Educational content about structures in Science (Level 4, Item 18)"
sci-l4-0919,Science,4,What are important elements in Science at level 4? (Question 19),Basic elements overview,Detailed elements explanation for Science,Simple elements summary,General elements description,Standard elements definition,1,"Educational content about elements in Science (Level 4, Item 19)"
sci-l4-0920,Science,4,What are important components in Science at level 4? (Question 20),Basic components overview,Detailed components explanation for Science,Simple components summary,General components description,Standard components definition,1,"Educational content about components in Science (Level 4, Item 20)"
sci-l4-0921,Science,4,What are important concepts in Science at level 4? (Question 21),Basic concepts overview,Detailed concepts explanation for Science,Simple concepts summary,General concepts description,Standard concepts definition,1,"Educational content about concepts in Science (Level 4, Item 21)"
sci-l4-0922,Science,4,What are important principles in Science at level 4? (Question 22),Basic principles overview,Detailed principles explanation for Science,Simple principles summary,General principles description,Standard principles definition,1,"Educational content about principles in Science (Level 4, Item 22)"
sci-l4-0923,Science,4,What are important theories in Science at level 4? (Question 23),Basic theories overview,Detailed theories explanation for Science,Simple theories summary,General theories description,Standard theories definition,1,"Educational content about theories in Science (Level 4, Item 23)"
sci-l4-0924,Science,4,What are important facts in Science at level 4? (Question 24),Basic facts overview,Detailed facts explanation for Science,Simple facts summary,General facts description,Standard facts definition,1,"Educational content about facts in Science (Level 4, Item 24)"
sci-l4-0925,Science,4,What are important phenomena in Science at level 4? (Question 25),Basic phenomena overview,Detailed phenomena explanation for Science,Simple phenomena summary,General phenomena description,Standard phenomena definition,1,"Educational content about phenomena in Science (Level 4, Item 25)"
sci-l4-0926,Science,4,What are important processes in Science at level 4? (Question 26),Basic processes overview,Detailed processes explanation for Science,Simple processes summary,General processes description,Standard processes definition,1,"Educational content about processes in Science (Level 4, Item 26)"
sci-l4-0927,Science,4,What are important systems in Science at level 4? (Question 27),Basic systems overview,Detailed systems explanation for Science,Simple systems summary,General systems description,Standard systems definition,1,"Educational content about systems in Science (Level 4, Item 27)"
sci-l4-0928,Science,4,What are important structures in Science at level 4? (Question 28),Basic structures overview,Detailed structures explanation for Science,Simple structures summary,General structures description,Standard structures definition,1,"Educational content about structures in Science (Level 4, Item 28)"
sci-l4-0929,Science,4,What are important elements in Science at level 4? (Question 29),Basic elements overview,Detailed elements explanation for Science,Simple elements summary,General elements description,Standard elements definition,1,"Educational content about elements in Science (Level 4, Item 29)"
sci-l4-0930,Science,4,What are important components in Science at level 4? (Question 30),Basic components overview,Detailed components explanation for Science,Simple components summary,General components description,Standard components definition,1,"Educational content about components in Science (Level 4, Item 30)"
sci-l4-0931,Science,4,What are important concepts in Science at level 4? (Question 31),Basic concepts overview,Detailed concepts explanation for Science,Simple concepts summary,General concepts description,Standard concepts definition,1,"Educational content about concepts in Science (Level 4, Item 31)"
sci-l4-0932,Science,4,What are important principles in Science at level 4? (Question 32),Basic principles overview,Detailed principles explanation for Science,Simple principles summary,General principles description,Standard principles definition,1,"Educational content about principles in Science (Level 4, Item 32)"
sci-l4-0933,Science,4,What are important theories in Science at level 4? (Question 33),Basic theories overview,Detailed theories explanation for Science,Simple theories summary,General theories description,Standard theories definition,1,"Educational content about theories in Science (Level 4, Item 33)"
sci-l4-0934,Science,4,What are important facts in Science at level 4? (Question 34),Basic facts overview,Detailed facts explanation for Science,Simple facts summary,General facts description,Standard facts definition,1,"Educational content about facts in Science (Level 4, Item 34)"
sci-l4-0935,Science,4,What are important phenomena in Science at level 4? (Question 35),Basic phenomena overview,Detailed phenomena explanation for Science,Simple phenomena summary,General phenomena description,Standard phenomena definition,1,"Educational content about phenomena in Science (Level 4, Item 35)"
sci-l4-0936,Science,4,What are important processes in Science at level 4? (Question 36),Basic processes overview,Detailed processes explanation for Science,Simple processes summary,General processes description,Standard processes definition,1,"Educational content about processes in Science (Level 4, Item 36)"
sci-l4-0937,Science,4,What are important systems in Science at level 4? (Question 37),Basic systems overview,Detailed systems explanation for Science,Simple systems summary,General systems description,Standard systems definition,1,"Educational content about systems in Science (Level 4, Item 37)"
sci-l4-0938,Science,4,What are important structures in Science at level 4? (Question 38),Basic structures overview,Detailed structures explanation for Science,Simple structures summary,General structures description,Standard structures definition,1,"Educational content about structures in Science (Level 4, Item 38)"
sci-l4-0939,Science,4,What are important elements in Science at level 4? (Question 39),Basic elements overview,Detailed elements explanation for Science,Simple elements summary,General elements description,Standard elements definition,1,"Educational content about elements in Science (Level 4, Item 39)"
sci-l4-0940,Science,4,What are important components in Science at level 4? (Question 40),Basic components overview,Detailed components explanation for Science,Simple components summary,General components description,Standard components definition,1,"Educational content about components in Science (Level 4, Item 40)"
sci-l4-0941,Science,4,What are important concepts in Science at level 4? (Question 41),Basic concepts overview,Detailed concepts explanation for Science,Simple concepts summary,General concepts description,Standard concepts definition,1,"Educational content about concepts in Science (Level 4, Item 41)"
sci-l4-0942,Science,4,What are important principles in Science at level 4? (Question 42),Basic principles overview,Detailed principles explanation for Science,Simple principles summary,General principles description,Standard principles definition,1,"Educational content about principles in Science (Level 4, Item 42)"
sci-l4-0943,Science,4,What are important theories in Science at level 4? (Question 43),Basic theories overview,Detailed theories explanation for Science,Simple theories summary,General theories description,Standard theories definition,1,"Educational content about theories in Science (Level 4, Item 43)"
sci-l4-0944,Science,4,What are important facts in Science at level 4? (Question 44),Basic facts overview,Detailed facts explanation for Science,Simple facts summary,General facts description,Standard facts definition,1,"Educational content about facts in Science (Level 4, Item 44)"
sci-l4-0945,Science,4,What are important phenomena in Science at level 4? (Question 45),Basic phenomena overview,Detailed phenomena explanation for Science,Simple phenomena summary,General phenomena description,Standard phenomena definition,1,"Educational content about phenomena in Science (Level 4, Item 45)"
sci-l4-0946,Science,4,What are important processes in Science at level 4? (Question 46),Basic processes overview,Detailed processes explanation for Science,Simple processes summary,General processes description,Standard processes definition,1,"Educational content about processes in Science (Level 4, Item 46)"
sci-l4-0947,Science,4,What are important systems in Science at level 4? (Question 47),Basic systems overview,Detailed systems explanation for Science,Simple systems summary,General systems description,Standard systems definition,1,"Educational content about systems in Science (Level 4, Item 47)"
sci-l4-0948,Science,4,What are important structures in Science at level 4? (Question 48),Basic structures overview,Detailed structures explanation for Science,Simple structures summary,General structures description,Standard structures definition,1,"Educational content about structures in Science (Level 4, Item 48)"
sci-l4-0949,Science,4,What are important elements in Science at level 4? (Question 49),Basic elements overview,Detailed elements explanation for Science,Simple elements summary,General elements description,Standard elements definition,1,"Educational content about elements in Science (Level 4, Item 49)"
sci-l4-0950,Science,4,What are important components in Science at level 4? (Question 50),Basic components overview,Detailed components explanation for Science,Simple components summary,General components description,Standard components definition,1,"Educational content about components in Science (Level 4, Item 50)"
sci-l5-0951,Science,5,What are important concepts in Science at level 5? (Question 1),Basic concepts overview,Detailed concepts explanation for Science,Simple concepts summary,General concepts description,Standard concepts definition,1,"Educational content about concepts in Science (Level 5, Item 1)"
sci-l5-0952,Science,5,What are important principles in Science at level 5? (Question 2),Basic principles overview,Detailed principles explanation for Science,Simple principles summary,General principles description,Standard principles definition,1,"Educational content about principles in Science (Level 5, Item 2)"
sci-l5-0953,Science,5,What are important theories in Science at level 5? (Question 3),Basic theories overview,Detailed theories explanation for Science,Simple theories summary,General theories description,Standard theories definition,1,"Educational content about theories in Science (Level 5, Item 3)"
sci-l5-0954,Science,5,What are important facts in Science at level 5? (Question 4),Basic facts overview,Detailed facts explanation for Science,Simple facts summary,General facts description,Standard facts definition,1,"Educational content about facts in Science (Level 5, Item 4)"
sci-l5-0955,Science,5,What are important phenomena in Science at level 5? (Question 5),Basic phenomena overview,Detailed phenomena explanation for Science,Simple phenomena summary,General phenomena description,Standard phenomena definition,1,"Educational content about phenomena in Science (Level 5, Item 5)"
sci-l5-0956,Science,5,What are important processes in Science at level 5? (Question 6),Basic processes overview,Detailed processes explanation for Science,Simple processes summary,General processes description,Standard processes definition,1,"Educational content about processes in Science (Level 5, Item 6)"
sci-l5-0957,Science,5,What are important systems in Science at level 5? (Question 7),Basic systems overview,Detailed systems explanation for Science,Simple systems summary,General systems description,Standard systems definition,1,"Educational content about systems in Science (Level 5, Item 7)"
sci-l5-0958,Science,5,What are important structures in Science at level 5? (Question 8),Basic structures overview,Detailed structures explanation for Science,Simple structures summary,General structures description,Standard structures definition,1,"Educational content about structures in Science (Level 5, Item 8)"
sci-l5-0959,Science,5,What are important elements in Science at level 5? (Question 9),Basic elements overview,Detailed elements explanation for Science,Simple elements summary,General elements description,Standard elements definition,1,"Educational content about elements in Science (Level 5, Item 9)"
sci-l5-0960,Science,5,What are important components in Science at level 5? (Question 10),Basic components overview,Detailed components explanation for Science,Simple components summary,General components description,Standard components definition,1,"Educational content about components in Science (Level 5, Item 10)"
sci-l5-0961,Science,5,What are important concepts in Science at level 5? (Question 11),Basic concepts overview,Detailed concepts explanation for Science,Simple concepts summary,General concepts description,Standard concepts definition,1,"Educational content about concepts in Science (Level 5, Item 11)"
sci-l5-0962,Science,5,What are important principles in Science at level 5? (Question 12),Basic principles overview,Detailed principles explanation for Science,Simple principles summary,General principles description,Standard principles definition,1,"Educational content about principles in Science (Level 5, Item 12)"
sci-l5-0963,Science,5,What are important theories in Science at level 5? (Question 13),Basic theories overview,Detailed theories explanation for Science,Simple theories summary,General theories description,Standard theories definition,1,"Educational content about theories in Science (Level 5, Item 13)"
sci-l5-0964,Science,5,What are important facts in Science at level 5? (Question 14),Basic facts overview,Detailed facts explanation for Science,Simple facts summary,General facts description,Standard facts definition,1,"Educational content about facts in Science (Level 5, Item 14)"
sci-l5-0965,Science,5,What are important phenomena in Science at level 5? (Question 15),Basic phenomena overview,Detailed phenomena explanation for Science,Simple phenomena summary,General phenomena description,Standard phenomena definition,1,"Educational content about phenomena in Science (Level 5, Item 15)"
sci-l5-0966,Science,5,What are important processes in Science at level 5? (Question 16),Basic processes overview,Detailed processes explanation for Science,Simple processes summary,General processes description,Standard processes definition,1,"Educational content about processes in Science (Level 5, Item 16)"
sci-l5-0967,Science,5,What are important systems in Science at level 5? (Question 17),Basic systems overview,Detailed systems explanation for Science,Simple systems summary,General systems description,Standard systems definition,1,"Educational content about systems in Science (Level 5, Item 17)"
sci-l5-0968,Science,5,What are important structures in Science at level 5? (Question 18),Basic structures overview,Detailed structures explanation for Science,Simple structures summary,General structures description,Standard structures definition,1,"Educational content about structures in Science (Level 5, Item 18)"
sci-l5-0969,Science,5,What are important elements in Science at level 5? (Question 19),Basic elements overview,Detailed elements explanation for Science,Simple elements summary,General elements description,Standard elements definition,1,"Educational content about elements in Science (Level 5, Item 19)"
sci-l5-0970,Science,5,What are important components in Science at level 5? (Question 20),Basic components overview,Detailed components explanation for Science,Simple components summary,General components description,Standard components definition,1,"Educational content about components in Science (Level 5, Item 20)"
sci-l5-0971,Science,5,What are important concepts in Science at level 5? (Question 21),Basic concepts overview,Detailed concepts explanation for Science,Simple concepts summary,General concepts description,Standard concepts definition,1,"Educational content about concepts in Science (Level 5, Item 21)"
sci-l5-0972,Science,5,What are important principles in Science at level 5? (Question 22),Basic principles overview,Detailed principles explanation for Science,Simple principles summary,General principles description,Standard principles definition,1,"Educational content about principles in Science (Level 5, Item 22)"
sci-l5-0973,Science,5,What are important theories in Science at level 5? (Question 23),Basic theories overview,Detailed theories explanation for Science,Simple theories summary,General theories description,Standard theories definition,1,"Educational content about theories in Science (Level 5, Item 23)"
sci-l5-0974,Science,5,What are important facts in Science at level 5? (Question 24),Basic facts overview,Detailed facts explanation for Science,Simple facts summary,General facts description,Standard facts definition,1,"Educational content about facts in Science (Level 5, Item 24)"
sci-l5-0975,Science,5,What are important phenomena in Science at level 5? (Question 25),Basic phenomena overview,Detailed phenomena explanation for Science,Simple phenomena summary,General phenomena description,Standard phenomena definition,1,"Educational content about phenomena in Science (Level 5, Item 25)"
sci-l5-0976,Science,5,What are important processes in Science at level 5? (Question 26),Basic processes overview,Detailed processes explanation for Science,Simple processes summary,General processes description,Standard processes definition,1,"Educational content about processes in Science (Level 5, Item 26)"
sci-l5-0977,Science,5,What are important systems in Science at level 5? (Question 27),Basic systems overview,Detailed systems explanation for Science,Simple systems summary,General systems description,Standard systems definition,1,"Educational content about systems in Science (Level 5, Item 27)"
sci-l5-0978,Science,5,What are important structures in Science at level 5? (Question 28),Basic structures overview,Detailed structures explanation for Science,Simple structures summary,General structures description,Standard structures definition,1,"Educational content about structures in Science (Level 5, Item 28)"
sci-l5-0979,Science,5,What are important elements in Science at level 5? (Question 29),Basic elements overview,Detailed elements explanation for Science,Simple elements summary,General elements description,Standard elements definition,1,"Educational content about elements in Science (Level 5, Item 29)"
sci-l5-0980,Science,5,What are important components in Science at level 5? (Question 30),Basic components overview,Detailed components explanation for Science,Simple components summary,General components description,Standard components definition,1,"Educational content about components in Science (Level 5, Item 30)"
sci-l5-0981,Science,5,What are important concepts in Science at level 5? (Question 31),Basic concepts overview,Detailed concepts explanation for Science,Simple concepts summary,General concepts description,Standard concepts definition,1,"Educational content about concepts in Science (Level 5, Item 31)"
sci-l5-0982,Science,5,What are important principles in Science at level 5? (Question 32),Basic principles overview,Detailed principles explanation for Science,Simple principles summary,General principles description,Standard principles definition,1,"Educational content about principles in Science (Level 5, Item 32)"
sci-l5-0983,Science,5,What are important theories in Science at level 5? (Question 33),Basic theories overview,Detailed theories explanation for Science,Simple theories summary,General theories description,Standard theories definition,1,"Educational content about theories in Science (Level 5, Item 33)"
sci-l5-0984,Science,5,What are important facts in Science at level 5? (Question 34),Basic facts overview,Detailed facts explanation for Science,Simple facts summary,General facts description,Standard facts definition,1,"Educational content about facts in Science (Level 5, Item 34)"
sci-l5-0985,Science,5,What are important phenomena in Science at level 5? (Question 35),Basic phenomena overview,Detailed phenomena explanation for Science,Simple phenomena summary,General phenomena description,Standard phenomena definition,1,"Educational content about phenomena in Science (Level 5, Item 35)"
sci-l5-0986,Science,5,What are important processes in Science at level 5? (Question 36),Basic processes overview,Detailed processes explanation for Science,Simple processes summary,General processes description,Standard processes definition,1,"Educational content about processes in Science (Level 5, Item 36)"
sci-l5-0987,Science,5,What are important systems in Science at level 5? (Question 37),Basic systems overview,Detailed systems explanation for Science,Simple systems summary,General systems description,Standard systems definition,1,"Educational content about systems in Science (Level 5, Item 37)"
sci-l5-0988,Science,5,What are important structures in Science at level 5? (Question 38),Basic structures overview,Detailed structures explanation for Science,Simple structures summary,General structures description,Standard structures definition,1,"Educational content about structures in Science (Level 5, Item 38)"
sci-l5-0989,Science,5,What are important elements in Science at level 5? (Question 39),Basic elements overview,Detailed elements explanation for Science,Simple elements summary,General elements description,Standard elements definition,1,"Educational content about elements in Science (Level 5, Item 39)"
sci-l5-0990,Science,5,What are important components in Science at level 5? (Question 40),Basic components overview,Detailed components explanation for Science,Simple components summary,General components description,Standard components definition,1,"Educational content about components in Science (Level 5, Item 40)"
sci-l5-0991,Science,5,What are important concepts in Science at level 5? (Question 41),Basic concepts overview,Detailed concepts explanation for Science,Simple concepts summary,General concepts description,Standard concepts definition,1,"Educational content about concepts in Science (Level 5, Item 41)"
sci-l5-0992,Science,5,What are important principles in Science at level 5? (Question 42),Basic principles overview,Detailed principles explanation for Science,Simple principles summary,General principles description,Standard principles definition,1,"Educational content about principles in Science (Level 5, Item 42)"
sci-l5-0993,Science,5,What are important theories in Science at level 5? (Question 43),Basic theories overview,Detailed theories explanation for Science,Simple theories summary,General theories description,Standard theories definition,1,"Educational content about theories in Science (Level 5, Item 43)"
sci-l5-0994,Science,5,What are important facts in Science at level 5? (Question 44),Basic facts overview,Detailed facts explanation for Science,Simple facts summary,General facts description,Standard facts definition,1,"Educational content about facts in Science (Level 5, Item 44)"
sci-l5-0995,Science,5,What are important phenomena in Science at level 5? (Question 45),Basic phenomena overview,Detailed phenomena explanation for Science,Simple phenomena summary,General phenomena description,Standard phenomena definition,1,"Educational content about phenomena in Science (Level 5, Item 45)"
sci-l5-0996,Science,5,What are important processes in Science at level 5? (Question 46),Basic processes overview,Detailed processes explanation for Science,Simple processes summary,General processes description,Standard processes definition,1,"Educational content about processes in Science (Level 5, Item 46)"
sci-l5-0997,Science,5,What are important systems in Science at level 5? (Question 47),Basic systems overview,Detailed systems explanation for Science,Simple systems summary,General systems description,Standard systems definition,1,"Educational content about systems in Science (Level 5, Item 47)"
sci-l5-0998,Science,5,What are important structures in Science at level 5? (Question 48),Basic structures overview,Detailed structures explanation for Science,Simple structures summary,General structures description,Standard structures definition,1,"Educational content about structures in Science (Level 5, Item 48)"
sci-l5-0999,Science,5,What are important elements in Science at level 5? (Question 49),Basic elements overview,Detailed elements explanation for Science,Simple elements summary,General elements description,Standard elements definition,1,"Educational content about elements in Science (Level 5, Item 49)"
sci-l5-1000,Science,5,What are important components in Science at level 5? (Question 50),Basic components overview,Detailed components explanation for Science,Simple components summary,General components description,Standard components definition,1,"Educational content about components in Science (Level 5, Item 50)"
tec-l1-1001,Technology,1,What is Internet?,A theory,Global network,A law,A principle,A rule,1,worldwide computer network
tec-l1-1002,Technology,1,How is Internet best described?,As a process,Worldwide computer network,As a theory,As a law,As a hypothesis,1,Internet: global network
tec-l1-1003,Technology,1,"In Technology, what characterizes Internet?",Its size,Global network,Its color,Its shape,Its weight,1,Learn about Internet
tec-l1-1004,Technology,1,What is Smartphone?,A theory,Mobile computer,A law,A principle,A rule,1,portable device with advanced features
tec-l1-1005,Technology,1,How is Smartphone best described?,As a process,Portable device with advanced features,As a theory,As a law,As a hypothesis,1,Smartphone: mobile computer
tec-l1-1006,Technology,1,"In Technology, what characterizes Smartphone?",Its size,Mobile computer,Its color,Its shape,Its weight,1,Learn about Smartphone
tec-l1-1007,Technology,1,What is AI?,A theory,Machine intelligence,A law,A principle,A rule,1,computer systems mimicking human intelligence
tec-l1-1008,Technology,1,How is AI best described?,As a process,Computer systems mimicking human intelligence,As a theory,As a law,As a hypothesis,1,AI: machine intelligence
tec-l1-1009,Technology,1,"In Technology, what characterizes AI?",Its size,Machine intelligence,Its color,Its shape,Its weight,1,Learn about AI
tec-l1-1010,Technology,1,What is Cloud computing?,A theory,Remote storage,A law,A principle,A rule,1,internet-based computing services
tec-l1-1011,Technology,1,How is Cloud computing best described?,As a process,Internet-based computing services,As a theory,As a law,As a hypothesis,1,Cloud computing: remote storage
tec-l1-1012,Technology,1,"In Technology, what characterizes Cloud computing?",Its size,Remote storage,Its color,Its shape,Its weight,1,Learn about Cloud computing
tec-l1-1013,Technology,1,What is Blockchain?,A theory,Distributed ledger,A law,A principle,A rule,1,decentralized transaction record
tec-l1-1014,Technology,1,How is Blockchain best described?,As a process,Decentralized transaction record,As a theory,As a law,As a hypothesis,1,Blockchain: distributed ledger
tec-l1-1015,Technology,1,"In Technology, what characterizes Blockchain?",Its size,Distributed ledger,Its color,Its shape,Its weight,1,Learn about Blockchain
tec-l1-1016,Technology,1,What are important processes in Technology at level 1? (Question 16),Basic processes overview,Detailed processes explanation for Technology,Simple processes summary,General processes description,Standard processes definition,1,"Educational content about processes in Technology (Level 1, Item 16)"
tec-l1-1017,Technology,1,What are important systems in Technology at level 1? (Question 17),Basic systems overview,Detailed systems explanation for Technology,Simple systems summary,General systems description,Standard systems definition,1,"Educational content about systems in Technology (Level 1, Item 17)"
tec-l1-1018,Technology,1,What are important structures in Technology at level 1? (Question 18),Basic structures overview,Detailed structures explanation for Technology,Simple structures summary,General structures description,Standard structures definition,1,"Educational content about structures in Technology (Level 1, Item 18)"
tec-l1-1019,Technology,1,What are important elements in Technology at level 1? (Question 19),Basic elements overview,Detailed elements explanation for Technology,Simple elements summary,General elements description,Standard elements definition,1,"Educational content about elements in Technology (Level 1, Item 19)"
tec-l1-1020,Technology,1,What are important components in Technology at level 1? (Question 20),Basic components overview,Detailed components explanation for Technology,Simple components summary,General components description,Standard components definition,1,"Educational content about components in Technology (Level 1, Item 20)"
tec-l1-1021,Technology,1,What are important concepts in Technology at level 1? (Question 21),Basic concepts overview,Detailed concepts explanation for Technology,Simple concepts summary,General concepts description,Standard concepts definition,1,"Educational content about concepts in Technology (Level 1, Item 21)"
tec-l1-1022,Technology,1,What are important principles in Technology at level 1? (Question 22),Basic principles overview,Detailed principles explanation for Technology,Simple principles summary,General principles description,Standard principles definition,1,"Educational content about principles in Technology (Level 1, Item 22)"
tec-l1-1023,Technology,1,What are important theories in Technology at level 1? (Question 23),Basic theories overview,Detailed theories explanation for Technology,Simple theories summary,General theories description,Standard theories definition,1,"Educational content about theories in Technology (Level 1, Item 23)"
tec-l1-1024,Technology,1,What are important facts in Technology at level 1? (Question 24),Basic facts overview,Detailed facts explanation for Technology,Simple facts summary,General facts description,Standard facts definition,1,"Educational content about facts in Technology (Level 1, Item 24)"
tec-l1-1025,Technology,1,What are important phenomena in Technology at level 1? (Question 25),Basic phenomena overview,Detailed phenomena explanation for Technology,Simple phenomena summary,General phenomena description,Standard phenomena definition,1,"Educational content about phenomena in Technology (Level 1, Item 25)"
tec-l1-1026,Technology,1,What are important processes in Technology at level 1? (Question 26),Basic processes overview,Detailed processes explanation for Technology,Simple processes summary,General processes description,Standard processes definition,1,"Educational content about processes in Technology (Level 1, Item 26)"
tec-l1-1027,Technology,1,What are important systems in Technology at level 1? (Question 27),Basic systems overview,Detailed systems explanation for Technology,Simple systems summary,General systems description,Standard systems definition,1,"Educational content about systems in Technology (Level 1, Item 27)"
tec-l1-1028,Technology,1,What are important structures in Technology at level 1? (Question 28),Basic structures overview,Detailed structures explanation for Technology,Simple structures summary,General structures description,Standard structures definition,1,"Educational content about structures in Technology (Level 1, Item 28)"
tec-l1-1029,Technology,1,What are important elements in Technology at level 1? (Question 29),Basic elements overview,Detailed elements explanation for Technology,Simple elements summary,General elements description,Standard elements definition,1,"Educational content about elements in Technology (Level 1, Item 29)"
tec-l1-1030,Technology,1,What are important components in Technology at level 1? (Question 30),Basic components overview,Detailed components explanation for Technology,Simple components summary,General components description,Standard components definition,1,"Educational content about components in Technology (Level 1, Item 30)"
tec-l1-1031,Technology,1,What are important concepts in Technology at level 1? (Question 31),Basic concepts overview,Detailed concepts explanation for Technology,Simple concepts summary,General concepts description,Standard concepts definition,1,"Educational content about concepts in Technology (Level 1, Item 31)"
tec-l1-1032,Technology,1,What are important principles in Technology at level 1? (Question 32),Basic principles overview,Detailed principles explanation for Technology,Simple principles summary,General principles description,Standard principles definition,1,"Educational content about principles in Technology (Level 1, Item 32)"
tec-l1-1033,Technology,1,What are important theories in Technology at level 1? (Question 33),Basic theories overview,Detailed theories explanation for Technology,Simple theories summary,General theories description,Standard theories definition,1,"Educational content about theories in Technology (Level 1, Item 33)"
tec-l1-1034,Technology,1,What are important facts in Technology at level 1? (Question 34),Basic facts overview,Detailed facts explanation for Technology,Simple facts summary,General facts description,Standard facts definition,1,"Educational content about facts in Technology (Level 1, Item 34)"
tec-l1-1035,Technology,1,What are important phenomena in Technology at level 1? (Question 35),Basic phenomena overview,Detailed phenomena explanation for Technology,Simple phenomena summary,General phenomena description,Standard phenomena definition,1,"Educational content about phenomena in Technology (Level 1, Item 35)"
tec-l1-1036,Technology,1,What are important processes in Technology at level 1? (Question 36),Basic processes overview,Detailed processes explanation for Technology,Simple processes summary,General processes description,Standard processes definition,1,"Educational content about processes in Technology (Level 1, Item 36)"
tec-l1-1037,Technology,1,What are important systems in Technology at level 1? (Question 37),Basic systems overview,Detailed systems explanation for Technology,Simple systems summary,General systems description,Standard systems definition,1,"Educational content about systems in Technology (Level 1, Item 37)"
tec-l1-1038,Technology,1,What are important structures in Technology at level 1? (Question 38),Basic structures overview,Detailed structures explanation for Technology,Simple structures summary,General structures description,Standard structures definition,1,"Educational content about structures in Technology (Level 1, Item 38)"
tec-l1-1039,Technology,1,What are important elements in Technology at level 1? (Question 39),Basic elements overview,Detailed elements explanation for Technology,Simple elements summary,General elements description,Standard elements definition,1,"Educational content about elements in Technology (Level 1, Item 39)"
tec-l1-1040,Technology,1,What are important components in Technology at level 1? (Question 40),Basic components overview,Detailed components explanation for Technology,Simple components summary,General components description,Standard components definition,1,"Educational content about components in Technology (Level 1, Item 40)"
tec-l1-1041,Technology,1,What are important concepts in Technology at level 1? (Question 41),Basic concepts overview,Detailed concepts explanation for Technology,Simple concepts summary,General concepts description,Standard concepts definition,1,"Educational content about concepts in Technology (Level 1, Item 41)"
tec-l1-1042,Technology,1,What are important principles in Technology at level 1? (Question 42),Basic principles overview,Detailed principles explanation for Technology,Simple principles summary,General principles description,Standard principles definition,1,"Educational content about principles in Technology (Level 1, Item 42)"
tec-l1-1043,Technology,1,What are important theories in Technology at level 1? (Question 43),Basic theories overview,Detailed theories explanation for Technology,Simple theories summary,General theories description,Standard theories definition,1,"Educational content about theories in Technology (Level 1, Item 43)"
tec-l1-1044,Technology,1,What are important facts in Technology at level 1? (Question 44),Basic facts overview,Detailed facts explanation for Technology,Simple facts summary,General facts description,Standard facts definition,1,"Educational content about facts in Technology (Level 1, Item 44)"
tec-l1-1045,Technology,1,What are important phenomena in Technology at level 1? (Question 45),Basic phenomena overview,Detailed phenomena explanation for Technology,Simple phenomena summary,General phenomena description,Standard phenomena definition,1,"Educational content about phenomena in Technology (Level 1, Item 45)"
tec-l1-1046,Technology,1,What are important processes in Technology at level 1? (Question 46),Basic processes overview,Detailed processes explanation for Technology,Simple processes summary,General processes description,Standard processes definition,1,"Educational content about processes in Technology (Level 1, Item 46)"
tec-l1-1047,Technology,1,What are important systems in Technology at level 1? (Question 47),Basic systems overview,Detailed systems explanation for Technology,Simple systems summary,General systems description,Standard systems definition,1,"Educational content about systems in Technology (Level 1, Item 47)"
tec-l1-1048,Technology,1,What are important structures in Technology at level 1? (Question 48),Basic structures overview,Detailed structures explanation for Technology,Simple structures summary,General structures description,Standard structures definition,1,"Educational content about structures in Technology (Level 1, Item 48)"
tec-l1-1049,Technology,1,What are important elements in Technology at level 1? (Question 49),Basic elements overview,Detailed elements explanation for Technology,Simple elements summary,General elements description,Standard elements definition,1,"Educational content about elements in Technology (Level 1, Item 49)"
tec-l1-1050,Technology,1,What are important components in Technology at level 1? (Question 50),Basic components overview,Detailed components explanation for Technology,Simple components summary,General components description,Standard components definition,1,"Educational content about components in Technology (Level 1, Item 50)"
tec-l2-1051,Technology,2,What are important concepts in Technology at level 2? (Question 1),Basic concepts overview,Detailed concepts explanation for Technology,Simple concepts summary,General concepts description,Standard concepts definition,1,"Educational content about concepts in Technology (Level 2, Item 1)"
tec-l2-1052,Technology,2,What are important principles in Technology at level 2? (Question 2),Basic principles overview,Detailed principles explanation for Technology,Simple principles summary,General principles description,Standard principles definition,1,"Educational content about principles in Technology (Level 2, Item 2)"
tec-l2-1053,Technology,2,What are important theories in Technology at level 2? (Question 3),Basic theories overview,Detailed theories explanation for Technology,Simple theories summary,General theories description,Standard theories definition,1,"Educational content about theories in Technology (Level 2, Item 3)"
tec-l2-1054,Technology,2,What are important facts in Technology at level 2? (Question 4),Basic facts overview,Detailed facts explanation for Technology,Simple facts summary,General facts description,Standard facts definition,1,"Educational content about facts in Technology (Level 2, Item 4)"
tec-l2-1055,Technology,2,What are important phenomena in Technology at level 2? (Question 5),Basic phenomena overview,Detailed phenomena explanation for Technology,Simple phenomena summary,General phenomena description,Standard phenomena definition,1,"Educational content about phenomena in Technology (Level 2, Item 5)"
tec-l2-1056,Technology,2,What are important processes in Technology at level 2? (Question 6),Basic processes overview,Detailed processes explanation for Technology,Simple processes summary,General processes description,Standard processes definition,1,"Educational content about processes in Technology (Level 2, Item 6)"
tec-l2-1057,Technology,2,What are important systems in Technology at level 2? (Question 7),Basic systems overview,Detailed systems explanation for Technology,Simple systems summary,General systems description,Standard systems definition,1,"Educational content about systems in Technology (Level 2, Item 7)"
tec-l2-1058,Technology,2,What are important structures in Technology at level 2? (Question 8),Basic structures overview,Detailed structures explanation for Technology,Simple structures summary,General structures description,Standard structures definition,1,"Educational content about structures in Technology (Level 2, Item 8)"
tec-l2-1059,Technology,2,What are important elements in Technology at level 2? (Question 9),Basic elements overview,Detailed elements explanation for Technology,Simple elements summary,General elements description,Standard elements definition,1,"Educational content about elements in Technology (Level 2, Item 9)"
tec-l2-1060,Technology,2,What are important components in Technology at level 2? (Question 10),Basic components overview,Detailed components explanation for Technology,Simple components summary,General components description,Standard components definition,1,"Educational content about components in Technology (Level 2, Item 10)"
tec-l2-1061,Technology,2,What are important concepts in Technology at level 2? (Question 11),Basic concepts overview,Detailed concepts explanation for Technology,Simple concepts summary,General concepts description,Standard concepts definition,1,"Educational content about concepts in Technology (Level 2, Item 11)"
tec-l2-1062,Technology,2,What are important principles in Technology at level 2? (Question 12),Basic principles overview,Detailed principles explanation for Technology,Simple principles summary,General principles description,Standard principles definition,1,"Educational content about principles in Technology (Level 2, Item 12)"
tec-l2-1063,Technology,2,What are important theories in Technology at level 2? (Question 13),Basic theories overview,Detailed theories explanation for Technology,Simple theories summary,General theories description,Standard theories definition,1,"Educational content about theories in Technology (Level 2, Item 13)"
tec-l2-1064,Technology,2,What are important facts in Technology at level 2? (Question 14),Basic facts overview,Detailed facts explanation for Technology,Simple facts summary,General facts description,Standard facts definition,1,"Educational content about facts in Technology (Level 2, Item 14)"
tec-l2-1065,Technology,2,What are important phenomena in Technology at level 2? (Question 15),Basic phenomena overview,Detailed phenomena explanation for Technology,Simple phenomena summary,General phenomena description,Standard phenomena definition,1,"Educational content about phenomena in Technology (Level 2, Item 15)"
tec-l2-1066,Technology,2,What are important processes in Technology at level 2? (Question 16),Basic processes overview,Detailed processes explanation for Technology,Simple processes summary,General processes description,Standard processes definition,1,"Educational content about processes in Technology (Level 2, Item 16)"
tec-l2-1067,Technology,2,What are important systems in Technology at level 2? (Question 17),Basic systems overview,Detailed systems explanation for Technology,Simple systems summary,General systems description,Standard systems definition,1,"Educational content about systems in Technology (Level 2, Item 17)"
tec-l2-1068,Technology,2,What are important structures in Technology at level 2? (Question 18),Basic structures overview,Detailed structures explanation for Technology,Simple structures summary,General structures description,Standard structures definition,1,"Educational content about structures in Technology (Level 2, Item 18)"
tec-l2-1069,Technology,2,What are important elements in Technology at level 2? (Question 19),Basic elements overview,Detailed elements explanation for Technology,Simple elements summary,General elements description,Standard elements definition,1,"Educational content about elements in Technology (Level 2, Item 19)"
tec-l2-1070,Technology,2,What are important components in Technology at level 2? (Question 20),Basic components overview,Detailed components explanation for Technology,Simple components summary,General components description,Standard components definition,1,"Educational content about components in Technology (Level 2, Item 20)"
tec-l2-1071,Technology,2,What are important concepts in Technology at level 2? (Question 21),Basic concepts overview,Detailed concepts explanation for Technology,Simple concepts summary,General concepts description,Standard concepts definition,1,"Educational content about concepts in Technology (Level 2, Item 21)"
tec-l2-1072,Technology,2,What are important principles in Technology at level 2? (Question 22),Basic principles overview,Detailed principles explanation for Technology,Simple principles summary,General principles description,Standard principles definition,1,"Educational content about principles in Technology (Level 2, Item 22)"
tec-l2-1073,Technology,2,What are important theories in Technology at level 2? (Question 23),Basic theories overview,Detailed theories explanation for Technology,Simple theories summary,General theories description,Standard theories definition,1,"Educational content about theories in Technology (Level 2, Item 23)"
tec-l2-1074,Technology,2,What are important facts in Technology at level 2? (Question 24),Basic facts overview,Detailed facts explanation for Technology,Simple facts summary,General facts description,Standard facts definition,1,"Educational content about facts in Technology (Level 2, Item 24)"
tec-l2-1075,Technology,2,What are important phenomena in Technology at level 2? (Question 25),Basic phenomena overview,Detailed phenomena explanation for Technology,Simple phenomena summary,General phenomena description,Standard phenomena definition,1,"Educational content about phenomena in Technology (Level 2, Item 25)"
tec-l2-1076,Technology,2,What are important processes in Technology at level 2? (Question 26),Basic processes overview,Detailed processes explanation for Technology,Simple processes summary,General processes description,Standard processes definition,1,"Educational content about processes in Technology (Level 2, Item 26)"
tec-l2-1077,Technology,2,What are important systems in Technology at level 2? (Question 27),Basic systems overview,Detailed systems explanation for Technology,Simple systems summary,General systems description,Standard systems definition,1,"Educational content about systems in Technology (Level 2, Item 27)"
tec-l2-1078,Technology,2,What are important structures in Technology at level 2? (Question 28),Basic structures overview,Detailed structures explanation for Technology,Simple structures summary,General structures description,Standard structures definition,1,"Educational content about structures in Technology (Level 2, Item 28)"
tec-l2-1079,Technology,2,What are important elements in Technology at level 2? (Question 29),Basic elements overview,Detailed elements explanation for Technology,Simple elements summary,General elements description,Standard elements definition,1,"Educational content about elements in Technology (Level 2, Item 29)"
tec-l2-1080,Technology,2,What are important components in Technology at level 2? (Question 30),Basic components overview,Detailed components explanation for Technology,Simple components summary,General components description,Standard components definition,1,"Educational content about components in Technology (Level 2, Item 30)"
tec-l2-1081,Technology,2,What are important concepts in Technology at level 2? (Question 31),Basic concepts overview,Detailed concepts explanation for Technology,Simple concepts summary,General concepts description,Standard concepts definition,1,"Educational content about concepts in Technology (Level 2, Item 31)"
tec-l2-1082,Technology,2,What are important principles in Technology at level 2? (Question 32),Basic principles overview,Detailed principles explanation for Technology,Simple principles summary,General principles description,Standard principles definition,1,"Educational content about principles in Technology (Level 2, Item 32)"
tec-l2-1083,Technology,2,What are important theories in Technology at level 2? (Question 33),Basic theories overview,Detailed theories explanation for Technology,Simple theories summary,General theories description,Standard theories definition,1,"Educational content about theories in Technology (Level 2, Item 33)"
tec-l2-1084,Technology,2,What are important facts in Technology at level 2? (Question 34),Basic facts overview,Detailed facts explanation for Technology,Simple facts summary,General facts description,Standard facts definition,1,"Educational content about facts in Technology (Level 2, Item 34)"
tec-l2-1085,Technology,2,What are important phenomena in Technology at level 2? (Question 35),Basic phenomena overview,Detailed phenomena explanation for Technology,Simple phenomena summary,General phenomena description,Standard phenomena definition,1,"Educational content about phenomena in Technology (Level 2, Item 35)"
tec-l2-1086,Technology,2,What are important processes in Technology at level 2? (Question 36),Basic processes overview,Detailed processes explanation for Technology,Simple processes summary,General processes description,Standard processes definition,1,"Educational content about processes in Technology (Level 2, Item 36)"
tec-l2-1087,Technology,2,What are important systems in Technology at level 2? (Question 37),Basic systems overview,Detailed systems explanation for Technology,Simple systems summary,General systems description,Standard systems definition,1,"Educational content about systems in Technology (Level 2, Item 37)"
tec-l2-1088,Technology,2,What are important structures in Technology at level 2? (Question 38),Basic structures overview,Detailed structures explanation for Technology,Simple structures summary,General structures description,Standard structures definition,1,"Educational content about structures in Technology (Level 2, Item 38)"
tec-l2-1089,Technology,2,What are important elements in Technology at level 2? (Question 39),Basic elements overview,Detailed elements explanation for Technology,Simple elements summary,General elements description,Standard elements definition,1,"Educational content about elements in Technology (Level 2, Item 39)"
tec-l2-1090,Technology,2,What are important components in Technology at level 2? (Question 40),Basic components overview,Detailed components explanation for Technology,Simple components summary,General components description,Standard components definition,1,"Educational content about components in Technology (Level 2, Item 40)"
tec-l2-1091,Technology,2,What are important concepts in Technology at level 2? (Question 41),Basic concepts overview,Detailed concepts explanation for Technology,Simple concepts summary,General concepts description,Standard concepts definition,1,"Educational content about concepts in Technology (Level 2, Item 41)"
tec-l2-1092,Technology,2,What are important principles in Technology at level 2? (Question 42),Basic principles overview,Detailed principles explanation for Technology,Simple principles summary,General principles description,Standard principles definition,1,"Educational content about principles in Technology (Level 2, Item 42)"
tec-l2-1093,Technology,2,What are important theories in Technology at level 2? (Question 43),Basic theories overview,Detailed theories explanation for Technology,Simple theories summary,General theories description,Standard theories definition,1,"Educational content about theories in Technology (Level 2, Item 43)"
tec-l2-1094,Technology,2,What are important facts in Technology at level 2? (Question 44),Basic facts overview,Detailed facts explanation for Technology,Simple facts summary,General facts description,Standard facts definition,1,"Educational content about facts in Technology (Level 2, Item 44)"
tec-l2-1095,Technology,2,What are important phenomena in Technology at level 2? (Question 45),Basic phenomena overview,Detailed phenomena explanation for Technology,Simple phenomena summary,General phenomena description,Standard phenomena definition,1,"Educational content about phenomena in Technology (Level 2, Item 45)"
tec-l2-1096,Technology,2,What are important processes in Technology at level 2? (Question 46),Basic processes overview,Detailed processes explanation for Technology,Simple processes summary,General processes description,Standard processes definition,1,"Educational content about processes in Technology (Level 2, Item 46)"
tec-l2-1097,Technology,2,What are important systems in Technology at level 2? (Question 47),Basic systems overview,Detailed systems explanation for Technology,Simple systems summary,General systems description,Standard systems definition,1,"Educational content about systems in Technology (Level 2, Item 47)"
tec-l2-1098,Technology,2,What are important structures in Technology at level 2? (Question 48),Basic structures overview,Detailed structures explanation for Technology,Simple structures summary,General structures description,Standard structures definition,1,"Educational content about structures in Technology (Level 2, Item 48)"
tec-l2-1099,Technology,2,What are important elements in Technology at level 2? (Question 49),Basic elements overview,Detailed elements explanation for Technology,Simple elements summary,General elements description,Standard elements definition,1,"Educational content about elements in Technology (Level 2, Item 49)"
tec-l2-1100,Technology,2,What are important components in Technology at level 2? (Question 50),Basic components overview,Detailed components explanation for Technology,Simple components summary,General components description,Standard components definition,1,"Educational content about components in Technology (Level 2, Item 50)"
tec-l3-1101,Technology,3,What are important concepts in Technology at level 3? (Question 1),Basic concepts overview,Detailed concepts explanation for Technology,Simple concepts summary,General concepts description,Standard concepts definition,1,"Educational content about concepts in Technology (Level 3, Item 1)"
tec-l3-1102,Technology,3,What are important principles in Technology at level 3? (Question 2),Basic principles overview,Detailed principles explanation for Technology,Simple principles summary,General principles description,Standard principles definition,1,"Educational content about principles in Technology (Level 3, Item 2)"
tec-l3-1103,Technology,3,What are important theories in Technology at level 3? (Question 3),Basic theories overview,Detailed theories explanation for Technology,Simple theories summary,General theories description,Standard theories definition,1,"Educational content about theories in Technology (Level 3, Item 3)"
tec-l3-1104,Technology,3,What are important facts in Technology at level 3? (Question 4),Basic facts overview,Detailed facts explanation for Technology,Simple facts summary,General facts description,Standard facts definition,1,"Educational content about facts in Technology (Level 3, Item 4)"
tec-l3-1105,Technology,3,What are important phenomena in Technology at level 3? (Question 5),Basic phenomena overview,Detailed phenomena explanation for Technology,Simple phenomena summary,General phenomena description,Standard phenomena definition,1,"Educational content about phenomena in Technology (Level 3, Item 5)"
tec-l3-1106,Technology,3,What are important processes in Technology at level 3? (Question 6),Basic processes overview,Detailed processes explanation for Technology,Simple processes summary,General processes description,Standard processes definition,1,"Educational content about processes in Technology (Level 3, Item 6)"
tec-l3-1107,Technology,3,What are important systems in Technology at level 3? (Question 7),Basic systems overview,Detailed systems explanation for Technology,Simple systems summary,General systems description,Standard systems definition,1,"Educational content about systems in Technology (Level 3, Item 7)"
tec-l3-1108,Technology,3,What are important structures in Technology at level 3? (Question 8),Basic structures overview,Detailed structures explanation for Technology,Simple structures summary,General structures description,Standard structures definition,1,"Educational content about structures in Technology (Level 3, Item 8)"
tec-l3-1109,Technology,3,What are important elements in Technology at level 3? (Question 9),Basic elements overview,Detailed elements explanation for Technology,Simple elements summary,General elements description,Standard elements definition,1,"Educational content about elements in Technology (Level 3, Item 9)"
tec-l3-1110,Technology,3,What are important components in Technology at level 3? (Question 10),Basic components overview,Detailed components explanation for Technology,Simple components summary,General components description,Standard components definition,1,"Educational content about components in Technology (Level 3, Item 10)"
tec-l3-1111,Technology,3,What are important concepts in Technology at level 3? (Question 11),Basic concepts overview,Detailed concepts explanation for Technology,Simple concepts summary,General concepts description,Standard concepts definition,1,"Educational content about concepts in Technology (Level 3, Item 11)"
tec-l3-1112,Technology,3,What are important principles in Technology at level 3? (Question 12),Basic principles overview,Detailed principles explanation for Technology,Simple principles summary,General principles description,Standard principles definition,1,"Educational content about principles in Technology (Level 3, Item 12)"
tec-l3-1113,Technology,3,What are important theories in Technology at level 3? (Question 13),Basic theories overview,Detailed theories explanation for Technology,Simple theories summary,General theories description,Standard theories definition,1,"Educational content about theories in Technology (Level 3, Item 13)"
tec-l3-1114,Technology,3,What are important facts in Technology at level 3? (Question 14),Basic facts overview,Detailed facts explanation for Technology,Simple facts summary,General facts description,Standard facts definition,1,"Educational content about facts in Technology (Level 3, Item 14)"
tec-l3-1115,Technology,3,What are important phenomena in Technology at level 3? (Question 15),Basic phenomena overview,Detailed phenomena explanation for Technology,Simple phenomena summary,General phenomena description,Standard phenomena definition,1,"Educational content about phenomena in Technology (Level 3, Item 15)"
tec-l3-1116,Technology,3,What are important processes in Technology at level 3? (Question 16),Basic processes overview,Detailed processes explanation for Technology,Simple processes summary,General processes description,Standard processes definition,1,"Educational content about processes in Technology (Level 3, Item 16)"
tec-l3-1117,Technology,3,What are important systems in Technology at level 3? (Question 17),Basic systems overview,Detailed systems explanation for Technology,Simple systems summary,General systems description,Standard systems definition,1,"Educational content about systems in Technology (Level 3, Item 17)"
tec-l3-1118,Technology,3,What are important structures in Technology at level 3? (Question 18),Basic structures overview,Detailed structures explanation for Technology,Simple structures summary,General structures description,Standard structures definition,1,"Educational content about structures in Technology (Level 3, Item 18)"
tec-l3-1119,Technology,3,What are important elements in Technology at level 3? (Question 19),Basic elements overview,Detailed elements explanation for Technology,Simple elements summary,General elements description,Standard elements definition,1,"Educational content about elements in Technology (Level 3, Item 19)"
tec-l3-1120,Technology,3,What are important components in Technology at level 3? (Question 20),Basic components overview,Detailed components explanation for Technology,Simple components summary,General components description,Standard components definition,1,"Educational content about components in Technology (Level 3, Item 20)"
tec-l3-1121,Technology,3,What are important concepts in Technology at level 3? (Question 21),Basic concepts overview,Detailed concepts explanation for Technology,Simple concepts summary,General concepts description,Standard concepts definition,1,"Educational content about concepts in Technology (Level 3, Item 21)"
tec-l3-1122,Technology,3,What are important principles in Technology at level 3? (Question 22),Basic principles overview,Detailed principles explanation for Technology,Simple principles summary,General principles description,Standard principles definition,1,"Educational content about principles in Technology (Level 3, Item 22)"
tec-l3-1123,Technology,3,What are important theories in Technology at level 3? (Question 23),Basic theories overview,Detailed theories explanation for Technology,Simple theories summary,General theories description,Standard theories definition,1,"Educational content about theories in Technology (Level 3, Item 23)"
tec-l3-1124,Technology,3,What are important facts in Technology at level 3? (Question 24),Basic facts overview,Detailed facts explanation for Technology,Simple facts summary,General facts description,Standard facts definition,1,"Educational content about facts in Technology (Level 3, Item 24)"
tec-l3-1125,Technology,3,What are important phenomena in Technology at level 3? (Question 25),Basic phenomena overview,Detailed phenomena explanation for Technology,Simple phenomena summary,General phenomena description,Standard phenomena definition,1,"Educational content about phenomena in Technology (Level 3, Item 25)"
tec-l3-1126,Technology,3,What are important processes in Technology at level 3? (Question 26),Basic processes overview,Detailed processes explanation for Technology,Simple processes summary,General processes description,Standard processes definition,1,"Educational content about processes in Technology (Level 3, Item 26)"
tec-l3-1127,Technology,3,What are important systems in Technology at level 3? (Question 27),Basic systems overview,Detailed systems explanation for Technology,Simple systems summary,General systems description,Standard systems definition,1,"Educational content about systems in Technology (Level 3, Item 27)"
tec-l3-1128,Technology,3,What are important structures in Technology at level 3? (Question 28),Basic structures overview,Detailed structures explanation for Technology,Simple structures summary,General structures description,Standard structures definition,1,"Educational content about structures in Technology (Level 3, Item 28)"
tec-l3-1129,Technology,3,What are important elements in Technology at level 3? (Question 29),Basic elements overview,Detailed elements explanation for Technology,Simple elements summary,General elements description,Standard elements definition,1,"Educational content about elements in Technology (Level 3, Item 29)"
tec-l3-1130,Technology,3,What are important components in Technology at level 3? (Question 30),Basic components overview,Detailed components explanation for Technology,Simple components summary,General components description,Standard components definition,1,"Educational content about components in Technology (Level 3, Item 30)"
tec-l3-1131,Technology,3,What are important concepts in Technology at level 3? (Question 31),Basic concepts overview,Detailed concepts explanation for Technology,Simple concepts summary,General concepts description,Standard concepts definition,1,"Educational content about concepts in Technology (Level 3, Item 31)"
tec-l3-1132,Technology,3,What are important principles in Technology at level 3? (Question 32),Basic principles overview,Detailed principles explanation for Technology,Simple principles summary,General principles description,Standard principles definition,1,"Educational content about principles in Technology (Level 3, Item 32)"
tec-l3-1133,Technology,3,What are important theories in Technology at level 3? (Question 33),Basic theories overview,Detailed theories explanation for Technology,Simple theories summary,General theories description,Standard theories definition,1,"Educational content about theories in Technology (Level 3, Item 33)"
tec-l3-1134,Technology,3,What are important facts in Technology at level 3? (Question 34),Basic facts overview,Detailed facts explanation for Technology,Simple facts summary,General facts description,Standard facts definition,1,"Educational content about facts in Technology (Level 3, Item 34)"
tec-l3-1135,Technology,3,What are important phenomena in Technology at level 3? (Question 35),Basic phenomena overview,Detailed phenomena explanation for Technology,Simple phenomena summary,General phenomena description,Standard phenomena definition,1,"Educational content about phenomena in Technology (Level 3, Item 35)"
tec-l3-1136,Technology,3,What are important processes in Technology at level 3? (Question 36),Basic processes overview,Detailed processes explanation for Technology,Simple processes summary,General processes description,Standard processes definition,1,"Educational content about processes in Technology (Level 3, Item 36)"
tec-l3-1137,Technology,3,What are important systems in Technology at level 3? (Question 37),Basic systems overview,Detailed systems explanation for Technology,Simple systems summary,General systems description,Standard systems definition,1,"Educational content about systems in Technology (Level 3, Item 37)"
tec-l3-1138,Technology,3,What are important structures in Technology at level 3? (Question 38),Basic structures overview,Detailed structures explanation for Technology,Simple structures summary,General structures description,Standard structures definition,1,"Educational content about structures in Technology (Level 3, Item 38)"
tec-l3-1139,Technology,3,What are important elements in Technology at level 3? (Question 39),Basic elements overview,Detailed elements explanation for Technology,Simple elements summary,General elements description,Standard elements definition,1,"Educational content about elements in Technology (Level 3, Item 39)"
tec-l3-1140,Technology,3,What are important components in Technology at level 3? (Question 40),Basic components overview,Detailed components explanation for Technology,Simple components summary,General components description,Standard components definition,1,"Educational content about components in Technology (Level 3, Item 40)"
tec-l3-1141,Technology,3,What are important concepts in Technology at level 3? (Question 41),Basic concepts overview,Detailed concepts explanation for Technology,Simple concepts summary,General concepts description,Standard concepts definition,1,"Educational content about concepts in Technology (Level 3, Item 41)"
tec-l3-1142,Technology,3,What are important principles in Technology at level 3? (Question 42),Basic principles overview,Detailed principles explanation for Technology,Simple principles summary,General principles description,Standard principles definition,1,"Educational content about principles in Technology (Level 3, Item 42)"
tec-l3-1143,Technology,3,What are important theories in Technology at level 3? (Question 43),Basic theories overview,Detailed theories explanation for Technology,Simple theories summary,General theories description,Standard theories definition,1,"Educational content about theories in Technology (Level 3, Item 43)"
tec-l3-1144,Technology,3,What are important facts in Technology at level 3? (Question 44),Basic facts overview,Detailed facts explanation for Technology,Simple facts summary,General facts description,Standard facts definition,1,"Educational content about facts in Technology (Level 3, Item 44)"
tec-l3-1145,Technology,3,What are important phenomena in Technology at level 3? (Question 45),Basic phenomena overview,Detailed phenomena explanation for Technology,Simple phenomena summary,General phenomena description,Standard phenomena definition,1,"Educational content about phenomena in Technology (Level 3, Item 45)"
tec-l3-1146,Technology,3,What are important processes in Technology at level 3? (Question 46),Basic processes overview,Detailed processes explanation for Technology,Simple processes summary,General processes description,Standard processes definition,1,"Educational content about processes in Technology (Level 3, Item 46)"
tec-l3-1147,Technology,3,What are important systems in Technology at level 3? (Question 47),Basic systems overview,Detailed systems explanation for Technology,Simple systems summary,General systems description,Standard systems definition,1,"Educational content about systems in Technology (Level 3, Item 47)"
tec-l3-1148,Technology,3,What are important structures in Technology at level 3? (Question 48),Basic structures overview,Detailed structures explanation for Technology,Simple structures summary,General structures description,Standard structures definition,1,"Educational content about structures in Technology (Level 3, Item 48)"
tec-l3-1149,Technology,3,What are important elements in Technology at level 3? (Question 49),Basic elements overview,Detailed elements explanation for Technology,Simple elements summary,General elements description,Standard elements definition,1,"Educational content about elements in Technology (Level 3, Item 49)"
tec-l3-1150,Technology,3,What are important components in Technology at level 3? (Question 50),Basic components overview,Detailed components explanation for Technology,Simple components summary,General components description,Standard components definition,1,"Educational content about components in Technology (Level 3, Item 50)"
tec-l4-1151,Technology,4,What are important concepts in Technology at level 4? (Question 1),Basic concepts overview,Detailed concepts explanation for Technology,Simple concepts summary,General concepts description,Standard concepts definition,1,"Educational content about concepts in Technology (Level 4, Item 1)"
tec-l4-1152,Technology,4,What are important principles in Technology at level 4? (Question 2),Basic principles overview,Detailed principles explanation for Technology,Simple principles summary,General principles description,Standard principles definition,1,"Educational content about principles in Technology (Level 4, Item 2)"
tec-l4-1153,Technology,4,What are important theories in Technology at level 4? (Question 3),Basic theories overview,Detailed theories explanation for Technology,Simple theories summary,General theories description,Standard theories definition,1,"Educational content about theories in Technology (Level 4, Item 3)"
tec-l4-1154,Technology,4,What are important facts in Technology at level 4? (Question 4),Basic facts overview,Detailed facts explanation for Technology,Simple facts summary,General facts description,Standard facts definition,1,"Educational content about facts in Technology (Level 4, Item 4)"
tec-l4-1155,Technology,4,What are important phenomena in Technology at level 4? (Question 5),Basic phenomena overview,Detailed phenomena explanation for Technology,Simple phenomena summary,General phenomena description,Standard phenomena definition,1,"Educational content about phenomena in Technology (Level 4, Item 5)"
tec-l4-1156,Technology,4,What are important processes in Technology at level 4? (Question 6),Basic processes overview,Detailed processes explanation for Technology,Simple processes summary,General processes description,Standard processes definition,1,"Educational content about processes in Technology (Level 4, Item 6)"
tec-l4-1157,Technology,4,What are important systems in Technology at level 4? (Question 7),Basic systems overview,Detailed systems explanation for Technology,Simple systems summary,General systems description,Standard systems definition,1,"Educational content about systems in Technology (Level 4, Item 7)"
tec-l4-1158,Technology,4,What are important structures in Technology at level 4? (Question 8),Basic structures overview,Detailed structures explanation for Technology,Simple structures summary,General structures description,Standard structures definition,1,"Educational content about structures in Technology (Level 4, Item 8)"
tec-l4-1159,Technology,4,What are important elements in Technology at level 4? (Question 9),Basic elements overview,Detailed elements explanation for Technology,Simple elements summary,General elements description,Standard elements definition,1,"Educational content about elements in Technology (Level 4, Item 9)"
tec-l4-1160,Technology,4,What are important components in Technology at level 4? (Question 10),Basic components overview,Detailed components explanation for Technology,Simple components summary,General components description,Standard components definition,1,"Educational content about components in Technology (Level 4, Item 10)"
tec-l4-1161,Technology,4,What are important concepts in Technology at level 4? (Question 11),Basic concepts overview,Detailed concepts explanation for Technology,Simple concepts summary,General concepts description,Standard concepts definition,1,"Educational content about concepts in Technology (Level 4, Item 11)"
tec-l4-1162,Technology,4,What are important principles in Technology at level 4? (Question 12),Basic principles overview,Detailed principles explanation for Technology,Simple principles summary,General principles description,Standard principles definition,1,"Educational content about principles in Technology (Level 4, Item 12)"
tec-l4-1163,Technology,4,What are important theories in Technology at level 4? (Question 13),Basic theories overview,Detailed theories explanation for Technology,Simple theories summary,General theories description,Standard theories definition,1,"Educational content about theories in Technology (Level 4, Item 13)"
tec-l4-1164,Technology,4,What are important facts in Technology at level 4? (Question 14),Basic facts overview,Detailed facts explanation for Technology,Simple facts summary,General facts description,Standard facts definition,1,"Educational content about facts in Technology (Level 4, Item 14)"
tec-l4-1165,Technology,4,What are important phenomena in Technology at level 4? (Question 15),Basic phenomena overview,Detailed phenomena explanation for Technology,Simple phenomena summary,General phenomena description,Standard phenomena definition,1,"Educational content about phenomena in Technology (Level 4, Item 15)"
tec-l4-1166,Technology,4,What are important processes in Technology at level 4? (Question 16),Basic processes overview,Detailed processes explanation for Technology,Simple processes summary,General processes description,Standard processes definition,1,"Educational content about processes in Technology (Level 4, Item 16)"
tec-l4-1167,Technology,4,What are important systems in Technology at level 4? (Question 17),Basic systems overview,Detailed systems explanation for Technology,Simple systems summary,General systems description,Standard systems definition,1,"Educational content about systems in Technology (Level 4, Item 17)"
tec-l4-1168,Technology,4,What are important structures in Technology at level 4? (Question 18),Basic structures overview,Detailed structures explanation for Technology,Simple structures summary,General structures description,Standard structures definition,1,"Educational content about structures in Technology (Level 4, Item 18)"
tec-l4-1169,Technology,4,What are important elements in Technology at level 4? (Question 19),Basic elements overview,Detailed elements explanation for Technology,Simple elements summary,General elements description,Standard elements definition,1,"Educational content about elements in Technology (Level 4, Item 19)"
tec-l4-1170,Technology,4,What are important components in Technology at level 4? (Question 20),Basic components overview,Detailed components explanation for Technology,Simple components summary,General components description,Standard components definition,1,"Educational content about components in Technology (Level 4, Item 20)"
tec-l4-1171,Technology,4,What are important concepts in Technology at level 4? (Question 21),Basic concepts overview,Detailed concepts explanation for Technology,Simple concepts summary,General concepts description,Standard concepts definition,1,"Educational content about concepts in Technology (Level 4, Item 21)"
tec-l4-1172,Technology,4,What are important principles in Technology at level 4? (Question 22),Basic principles overview,Detailed principles explanation for Technology,Simple principles summary,General principles description,Standard principles definition,1,"Educational content about principles in Technology (Level 4, Item 22)"
tec-l4-1173,Technology,4,What are important theories in Technology at level 4? (Question 23),Basic theories overview,Detailed theories explanation for Technology,Simple theories summary,General theories description,Standard theories definition,1,"Educational content about theories in Technology (Level 4, Item 23)"
tec-l4-1174,Technology,4,What are important facts in Technology at level 4? (Question 24),Basic facts overview,Detailed facts explanation for Technology,Simple facts summary,General facts description,Standard facts definition,1,"Educational content about facts in Technology (Level 4, Item 24)"
tec-l4-1175,Technology,4,What are important phenomena in Technology at level 4? (Question 25),Basic phenomena overview,Detailed phenomena explanation for Technology,Simple phenomena summary,General phenomena description,Standard phenomena definition,1,"Educational content about phenomena in Technology (Level 4, Item 25)"
tec-l4-1176,Technology,4,What are important processes in Technology at level 4? (Question 26),Basic processes overview,Detailed processes explanation for Technology,Simple processes summary,General processes description,Standard processes definition,1,"Educational content about processes in Technology (Level 4, Item 26)"
tec-l4-1177,Technology,4,What are important systems in Technology at level 4? (Question 27),Basic systems overview,Detailed systems explanation for Technology,Simple systems summary,General systems description,Standard systems definition,1,"Educational content about systems in Technology (Level 4, Item 27)"
tec-l4-1178,Technology,4,What are important structures in Technology at level 4? (Question 28),Basic structures overview,Detailed structures explanation for Technology,Simple structures summary,General structures description,Standard structures definition,1,"Educational content about structures in Technology (Level 4, Item 28)"
tec-l4-1179,Technology,4,What are important elements in Technology at level 4? (Question 29),Basic elements overview,Detailed elements explanation for Technology,Simple elements summary,General elements description,Standard elements definition,1,"Educational content about elements in Technology (Level 4, Item 29)"
tec-l4-1180,Technology,4,What are important components in Technology at level 4? (Question 30),Basic components overview,Detailed components explanation for Technology,Simple components summary,General components description,Standard components definition,1,"Educational content about components in Technology (Level 4, Item 30)"
tec-l4-1181,Technology,4,What are important concepts in Technology at level 4? (Question 31),Basic concepts overview,Detailed concepts explanation for Technology,Simple concepts summary,General concepts description,Standard concepts definition,1,"Educational content about concepts in Technology (Level 4, Item 31)"
tec-l4-1182,Technology,4,What are important principles in Technology at level 4? (Question 32),Basic principles overview,Detailed principles explanation for Technology,Simple principles summary,General principles description,Standard principles definition,1,"Educational content about principles in Technology (Level 4, Item 32)"
tec-l4-1183,Technology,4,What are important theories in Technology at level 4? (Question 33),Basic theories overview,Detailed theories explanation for Technology,Simple theories summary,General theories description,Standard theories definition,1,"Educational content about theories in Technology (Level 4, Item 33)"
tec-l4-1184,Technology,4,What are important facts in Technology at level 4? (Question 34),Basic facts overview,Detailed facts explanation for Technology,Simple facts summary,General facts description,Standard facts definition,1,"Educational content about facts in Technology (Level 4, Item 34)"
tec-l4-1185,Technology,4,What are important phenomena in Technology at level 4? (Question 35),Basic phenomena overview,Detailed phenomena explanation for Technology,Simple phenomena summary,General phenomena description,Standard phenomena definition,1,"Educational content about phenomena in Technology (Level 4, Item 35)"
tec-l4-1186,Technology,4,What are important processes in Technology at level 4? (Question 36),Basic processes overview,Detailed processes explanation for Technology,Simple processes summary,General processes description,Standard processes definition,1,"Educational content about processes in Technology (Level 4, Item 36)"
tec-l4-1187,Technology,4,What are important systems in Technology at level 4? (Question 37),Basic systems overview,Detailed systems explanation for Technology,Simple systems summary,General systems description,Standard systems definition,1,"Educational content about systems in Technology (Level 4, Item 37)"
tec-l4-1188,Technology,4,What are important structures in Technology at level 4? (Question 38),Basic structures overview,Detailed structures explanation for Technology,Simple structures summary,General structures description,Standard structures definition,1,"Educational content about structures in Technology (Level 4, Item 38)"
tec-l4-1189,Technology,4,What are important elements in Technology at level 4? (Question 39),Basic elements overview,Detailed elements explanation for Technology,Simple elements summary,General elements description,Standard elements definition,1,"Educational content about elements in Technology (Level 4, Item 39)"
tec-l4-1190,Technology,4,What are important components in Technology at level 4? (Question 40),Basic components overview,Detailed components explanation for Technology,Simple components summary,General components description,Standard components definition,1,"Educational content about components in Technology (Level 4, Item 40)"
tec-l4-1191,Technology,4,What are important concepts in Technology at level 4? (Question 41),Basic concepts overview,Detailed concepts explanation for Technology,Simple concepts summary,General concepts description,Standard concepts definition,1,"Educational content about concepts in Technology (Level 4, Item 41)"
tec-l4-1192,Technology,4,What are important principles in Technology at level 4? (Question 42),Basic principles overview,Detailed principles explanation for Technology,Simple principles summary,General principles description,Standard principles definition,1,"Educational content about principles in Technology (Level 4, Item 42)"
tec-l4-1193,Technology,4,What are important theories in Technology at level 4? (Question 43),Basic theories overview,Detailed theories explanation for Technology,Simple theories summary,General theories description,Standard theories definition,1,"Educational content about theories in Technology (Level 4, Item 43)"
tec-l4-1194,Technology,4,What are important facts in Technology at level 4? (Question 44),Basic facts overview,Detailed facts explanation for Technology,Simple facts summary,General facts description,Standard facts definition,1,"Educational content about facts in Technology (Level 4, Item 44)"
tec-l4-1195,Technology,4,What are important phenomena in Technology at level 4? (Question 45),Basic phenomena overview,Detailed phenomena explanation for Technology,Simple phenomena summary,General phenomena description,Standard phenomena definition,1,"Educational content about phenomena in Technology (Level 4, Item 45)"
tec-l4-1196,Technology,4,What are important processes in Technology at level 4? (Question 46),Basic processes overview,Detailed processes explanation for Technology,Simple processes summary,General processes description,Standard processes definition,1,"Educational content about processes in Technology (Level 4, Item 46)"
tec-l4-1197,Technology,4,What are important systems in Technology at level 4? (Question 47),Basic systems overview,Detailed systems explanation for Technology,Simple systems summary,General systems description,Standard systems definition,1,"Educational content about systems in Technology (Level 4, Item 47)"
tec-l4-1198,Technology,4,What are important structures in Technology at level 4? (Question 48),Basic structures overview,Detailed structures explanation for Technology,Simple structures summary,General structures description,Standard structures definition,1,"Educational content about structures in Technology (Level 4, Item 48)"
tec-l4-1199,Technology,4,What are important elements in Technology at level 4? (Question 49),Basic elements overview,Detailed elements explanation for Technology,Simple elements summary,General elements description,Standard elements definition,1,"Educational content about elements in Technology (Level 4, Item 49)"
tec-l4-1200,Technology,4,What are important components in Technology at level 4? (Question 50),Basic components overview,Detailed components explanation for Technology,Simple components summary,General components description,Standard components definition,1,"Educational content about components in Technology (Level 4, Item 50)"
tec-l5-1201,Technology,5,What are important concepts in Technology at level 5? (Question 1),Basic concepts overview,Detailed concepts explanation for Technology,Simple concepts summary,General concepts description,Standard concepts definition,1,"Educational content about concepts in Technology (Level 5, Item 1)"
tec-l5-1202,Technology,5,What are important principles in Technology at level 5? (Question 2),Basic principles overview,Detailed principles explanation for Technology,Simple principles summary,General principles description,Standard principles definition,1,"Educational content about principles in Technology (Level 5, Item 2)"
tec-l5-1203,Technology,5,What are important theories in Technology at level 5? (Question 3),Basic theories overview,Detailed theories explanation for Technology,Simple theories summary,General theories description,Standard theories definition,1,"Educational content about theories in Technology (Level 5, Item 3)"
tec-l5-1204,Technology,5,What are important facts in Technology at level 5? (Question 4),Basic facts overview,Detailed facts explanation for Technology,Simple facts summary,General facts description,Standard facts definition,1,"Educational content about facts in Technology (Level 5, Item 4)"
tec-l5-1205,Technology,5,What are important phenomena in Technology at level 5? (Question 5),Basic phenomena overview,Detailed phenomena explanation for Technology,Simple phenomena summary,General phenomena description,Standard phenomena definition,1,"Educational content about phenomena in Technology (Level 5, Item 5)"
tec-l5-1206,Technology,5,What are important processes in Technology at level 5? (Question 6),Basic processes overview,Detailed processes explanation for Technology,Simple processes summary,General processes description,Standard processes definition,1,"Educational content about processes in Technology (Level 5, Item 6)"
tec-l5-1207,Technology,5,What are important systems in Technology at level 5? (Question 7),Basic systems overview,Detailed systems explanation for Technology,Simple systems summary,General systems description,Standard systems definition,1,"Educational content about systems in Technology (Level 5, Item 7)"
tec-l5-1208,Technology,5,What are important structures in Technology at level 5? (Question 8),Basic structures overview,Detailed structures explanation for Technology,Simple structures summary,General structures description,Standard structures definition,1,"Educational content about structures in Technology (Level 5, Item 8)"
tec-l5-1209,Technology,5,What are important elements in Technology at level 5? (Question 9),Basic elements overview,Detailed elements explanation for Technology,Simple elements summary,General elements description,Standard elements definition,1,"Educational content about elements in Technology (Level 5, Item 9)"
tec-l5-1210,Technology,5,What are important components in Technology at level 5? (Question 10),Basic components overview,Detailed components explanation for Technology,Simple components summary,General components description,Standard components definition,1,"Educational content about components in Technology (Level 5, Item 10)"
tec-l5-1211,Technology,5,What are important concepts in Technology at level 5? (Question 11),Basic concepts overview,Detailed concepts explanation for Technology,Simple concepts summary,General concepts description,Standard concepts definition,1,"Educational content about concepts in Technology (Level 5, Item 11)"
tec-l5-1212,Technology,5,What are important principles in Technology at level 5? (Question 12),Basic principles overview,Detailed principles explanation for Technology,Simple principles summary,General principles description,Standard principles definition,1,"Educational content about principles in Technology (Level 5, Item 12)"
tec-l5-1213,Technology,5,What are important theories in Technology at level 5? (Question 13),Basic theories overview,Detailed theories explanation for Technology,Simple theories summary,General theories description,Standard theories definition,1,"Educational content about theories in Technology (Level 5, Item 13)"
tec-l5-1214,Technology,5,What are important facts in Technology at level 5? (Question 14),Basic facts overview,Detailed facts explanation for Technology,Simple facts summary,General facts description,Standard facts definition,1,"Educational content about facts in Technology (Level 5, Item 14)"
tec-l5-1215,Technology,5,What are important phenomena in Technology at level 5? (Question 15),Basic phenomena overview,Detailed phenomena explanation for Technology,Simple phenomena summary,General phenomena description,Standard phenomena definition,1,"Educational content about phenomena in Technology (Level 5, Item 15)"
tec-l5-1216,Technology,5,What are important processes in Technology at level 5? (Question 16),Basic processes overview,Detailed processes explanation for Technology,Simple processes summary,General processes description,Standard processes definition,1,"Educational content about processes in Technology (Level 5, Item 16)"
tec-l5-1217,Technology,5,What are important systems in Technology at level 5? (Question 17),Basic systems overview,Detailed systems explanation for Technology,Simple systems summary,General systems description,Standard systems definition,1,"Educational content about systems in Technology (Level 5, Item 17)"
tec-l5-1218,Technology,5,What are important structures in Technology at level 5? (Question 18),Basic structures overview,Detailed structures explanation for Technology,Simple structures summary,General structures description,Standard structures definition,1,"Educational content about structures in Technology (Level 5, Item 18)"
tec-l5-1219,Technology,5,What are important elements in Technology at level 5? (Question 19),Basic elements overview,Detailed elements explanation for Technology,Simple elements summary,General elements description,Standard elements definition,1,"Educational content about elements in Technology (Level 5, Item 19)"
tec-l5-1220,Technology,5,What are important components in Technology at level 5? (Question 20),Basic components overview,Detailed components explanation for Technology,Simple components summary,General components description,Standard components definition,1,"Educational content about components in Technology (Level 5, Item 20)"
tec-l5-1221,Technology,5,What are important concepts in Technology at level 5? (Question 21),Basic concepts overview,Detailed concepts explanation for Technology,Simple concepts summary,General concepts description,Standard concepts definition,1,"Educational content about concepts in Technology (Level 5, Item 21)"
tec-l5-1222,Technology,5,What are important principles in Technology at level 5? (Question 22),Basic principles overview,Detailed principles explanation for Technology,Simple principles summary,General principles description,Standard principles definition,1,"Educational content about principles in Technology (Level 5, Item 22)"
tec-l5-1223,Technology,5,What are important theories in Technology at level 5? (Question 23),Basic theories overview,Detailed theories explanation for Technology,Simple theories summary,General theories description,Standard theories definition,1,"Educational content about theories in Technology (Level 5, Item 23)"
tec-l5-1224,Technology,5,What are important facts in Technology at level 5? (Question 24),Basic facts overview,Detailed facts explanation for Technology,Simple facts summary,General facts description,Standard facts definition,1,"Educational content about facts in Technology (Level 5, Item 24)"
tec-l5-1225,Technology,5,What are important phenomena in Technology at level 5? (Question 25),Basic phenomena overview,Detailed phenomena explanation for Technology,Simple phenomena summary,General phenomena description,Standard phenomena definition,1,"Educational content about phenomena in Technology (Level 5, Item 25)"
tec-l5-1226,Technology,5,What are important processes in Technology at level 5? (Question 26),Basic processes overview,Detailed processes explanation for Technology,Simple processes summary,General processes description,Standard processes definition,1,"Educational content about processes in Technology (Level 5, Item 26)"
tec-l5-1227,Technology,5,What are important systems in Technology at level 5? (Question 27),Basic systems overview,Detailed systems explanation for Technology,Simple systems summary,General systems description,Standard systems definition,1,"Educational content about systems in Technology (Level 5, Item 27)"
tec-l5-1228,Technology,5,What are important structures in Technology at level 5? (Question 28),Basic structures overview,Detailed structures explanation for Technology,Simple structures summary,General structures description,Standard structures definition,1,"Educational content about structures in Technology (Level 5, Item 28)"
tec-l5-1229,Technology,5,What are important elements in Technology at level 5? (Question 29),Basic elements overview,Detailed elements explanation for Technology,Simple elements summary,General elements description,Standard elements definition,1,"Educational content about elements in Technology (Level 5, Item 29)"
tec-l5-1230,Technology,5,What are important components in Technology at level 5? (Question 30),Basic components overview,Detailed components explanation for Technology,Simple components summary,General components description,Standard components definition,1,"Educational content about components in Technology (Level 5, Item 30)"
tec-l5-1231,Technology,5,What are important concepts in Technology at level 5? (Question 31),Basic concepts overview,Detailed concepts explanation for Technology,Simple concepts summary,General concepts description,Standard concepts definition,1,"Educational content about concepts in Technology (Level 5, Item 31)"
tec-l5-1232,Technology,5,What are important principles in Technology at level 5? (Question 32),Basic principles overview,Detailed principles explanation for Technology,Simple principles summary,General principles description,Standard principles definition,1,"Educational content about principles in Technology (Level 5, Item 32)"
tec-l5-1233,Technology,5,What are important theories in Technology at level 5? (Question 33),Basic theories overview,Detailed theories explanation for Technology,Simple theories summary,General theories description,Standard theories definition,1,"Educational content about theories in Technology (Level 5, Item 33)"
tec-l5-1234,Technology,5,What are important facts in Technology at level 5? (Question 34),Basic facts overview,Detailed facts explanation for Technology,Simple facts summary,General facts description,Standard facts definition,1,"Educational content about facts in Technology (Level 5, Item 34)"
tec-l5-1235,Technology,5,What are important phenomena in Technology at level 5? (Question 35),Basic phenomena overview,Detailed phenomena explanation for Technology,Simple phenomena summary,General phenomena description,Standard phenomena definition,1,"Educational content about phenomena in Technology (Level 5, Item 35)"
tec-l5-1236,Technology,5,What are important processes in Technology at level 5? (Question 36),Basic processes overview,Detailed processes explanation for Technology,Simple processes summary,General processes description,Standard processes definition,1,"Educational content about processes in Technology (Level 5, Item 36)"
tec-l5-1237,Technology,5,What are important systems in Technology at level 5? (Question 37),Basic systems overview,Detailed systems explanation for Technology,Simple systems summary,General systems description,Standard systems definition,1,"Educational content about systems in Technology (Level 5, Item 37)"
tec-l5-1238,Technology,5,What are important structures in Technology at level 5? (Question 38),Basic structures overview,Detailed structures explanation for Technology,Simple structures summary,General structures description,Standard structures definition,1,"Educational content about structures in Technology (Level 5, Item 38)"
tec-l5-1239,Technology,5,What are important elements in Technology at level 5? (Question 39),Basic elements overview,Detailed elements explanation for Technology,Simple elements summary,General elements description,Standard elements definition,1,"Educational content about elements in Technology (Level 5, Item 39)"
tec-l5-1240,Technology,5,What are important components in Technology at level 5? (Question 40),Basic components overview,Detailed components explanation for Technology,Simple components summary,General components description,Standard components definition,1,"Educational content about components in Technology (Level 5, Item 40)"
tec-l5-1241,Technology,5,What are important concepts in Technology at level 5? (Question 41),Basic concepts overview,Detailed concepts explanation for Technology,Simple concepts summary,General concepts description,Standard concepts definition,1,"Educational content about concepts in Technology (Level 5, Item 41)"
tec-l5-1242,Technology,5,What are important principles in Technology at level 5? (Question 42),Basic principles overview,Detailed principles explanation for Technology,Simple principles summary,General principles description,Standard principles definition,1,"Educational content about principles in Technology (Level 5, Item 42)"
tec-l5-1243,Technology,5,What are important theories in Technology at level 5? (Question 43),Basic theories overview,Detailed theories explanation for Technology,Simple theories summary,General theories description,Standard theories definition,1,"Educational content about theories in Technology (Level 5, Item 43)"
tec-l5-1244,Technology,5,What are important facts in Technology at level 5? (Question 44),Basic facts overview,Detailed facts explanation for Technology,Simple facts summary,General facts description,Standard facts definition,1,"Educational content about facts in Technology (Level 5, Item 44)"
tec-l5-1245,Technology,5,What are important phenomena in Technology at level 5? (Question 45),Basic phenomena overview,Detailed phenomena explanation for Technology,Simple phenomena summary,General phenomena description,Standard phenomena definition,1,"Educational content about phenomena in Technology (Level 5, Item 45)"
tec-l5-1246,Technology,5,What are important processes in Technology at level 5? (Question 46),Basic processes overview,Detailed processes explanation for Technology,Simple processes summary,General processes description,Standard processes definition,1,"Educational content about processes in Technology (Level 5, Item 46)"
tec-l5-1247,Technology,5,What are important systems in Technology at level 5? (Question 47),Basic systems overview,Detailed systems explanation for Technology,Simple systems summary,General systems description,Standard systems definition,1,"Educational content about systems in Technology (Level 5, Item 47)"
tec-l5-1248,Technology,5,What are important structures in Technology at level 5? (Question 48),Basic structures overview,Detailed structures explanation for Technology,Simple structures summary,General structures description,Standard structures definition,1,"Educational content about structures in Technology (Level 5, Item 48)"
tec-l5-1249,Technology,5,What are important elements in Technology at level 5? (Question 49),Basic elements overview,Detailed elements explanation for Technology,Simple elements summary,General elements description,Standard elements definition,1,"Educational content about elements in Technology (Level 5, Item 49)"
tec-l5-1250,Technology,5,What are important components in Technology at level 5? (Question 50),Basic components overview,Detailed components explanation for Technology,Simple components summary,General components description,Standard components definition,1,"Educational content about components in Technology (Level 5, Item 50)"
his-l1-1251,History,1,What is World War II?,A theory,Global conflict,A law,A principle,A rule,1,1939-1945 war involving most nations
his-l1-1252,History,1,How is World War II best described?,As a process,1939-1945 war involving most nations,As a theory,As a law,As a hypothesis,1,World War II: global conflict
his-l1-1253,History,1,"In History, what characterizes World War II?",Its size,Global conflict,Its color,Its shape,Its weight,1,Learn about World War II
his-l1-1254,History,1,What is Industrial Revolution?,A theory,Manufacturing era,A law,A principle,A rule,1,transition to machine-based production
his-l1-1255,History,1,How is Industrial Revolution best described?,As a process,Transition to machine-based production,As a theory,As a law,As a hypothesis,1,Industrial Revolution: manufacturing era
his-l1-1256,History,1,"In History, what characterizes Industrial Revolution?",Its size,Manufacturing era,Its color,Its shape,Its weight,1,Learn about Industrial Revolution
his-l1-1257,History,1,What is Renaissance?,A theory,Cultural rebirth,A law,A principle,A rule,1,European cultural movement 14th-17th century
his-l1-1258,History,1,How is Renaissance best described?,As a process,European cultural movement 14th-17th century,As a theory,As a law,As a hypothesis,1,Renaissance: cultural rebirth
his-l1-1259,History,1,"In History, what characterizes Renaissance?",Its size,Cultural rebirth,Its color,Its shape,Its weight,1,Learn about Renaissance
his-l1-1260,History,1,What is Ancient Egypt?,A theory,Early civilization,A law,A principle,A rule,1,Nile River civilization with pyramids
his-l1-1261,History,1,How is Ancient Egypt best described?,As a process,Nile river civilization with pyramids,As a theory,As a law,As a hypothesis,1,Ancient Egypt: early civilization
his-l1-1262,History,1,"In History, what characterizes Ancient Egypt?",Its size,Early civilization,Its color,Its shape,Its weight,1,Learn about Ancient Egypt
his-l1-1263,History,1,What is Roman Empire?,A theory,Classical power,A law,A principle,A rule,1,ancient civilization centered in Rome
his-l1-1264,History,1,How is Roman Empire best described?,As a process,Ancient civilization centered in rome,As a theory,As a law,As a hypothesis,1,Roman Empire: classical power
his-l1-1265,History,1,"In History, what characterizes Roman Empire?",Its size,Classical power,Its color,Its shape,Its weight,1,Learn about Roman Empire
his-l1-1266,History,1,What are important processes in History at level 1? (Question 16),Basic processes overview,Detailed processes explanation for History,Simple processes summary,General processes description,Standard processes definition,1,"Educational content about processes in History (Level 1, Item 16)"
his-l1-1267,History,1,What are important systems in History at level 1? (Question 17),Basic systems overview,Detailed systems explanation for History,Simple systems summary,General systems description,Standard systems definition,1,"Educational content about systems in History (Level 1, Item 17)"
his-l1-1268,History,1,What are important structures in History at level 1? (Question 18),Basic structures overview,Detailed structures explanation for History,Simple structures summary,General structures description,Standard structures definition,1,"Educational content about structures in History (Level 1, Item 18)"
his-l1-1269,History,1,What are important elements in History at level 1? (Question 19),Basic elements overview,Detailed elements explanation for History,Simple elements summary,General elements description,Standard elements definition,1,"Educational content about elements in History (Level 1, Item 19)"
his-l1-1270,History,1,What are important components in History at level 1? (Question 20),Basic components overview,Detailed components explanation for History,Simple components summary,General components description,Standard components definition,1,"Educational content about components in History (Level 1, Item 20)"
his-l1-1271,History,1,What are important concepts in History at level 1? (Question 21),Basic concepts overview,Detailed concepts explanation for History,Simple concepts summary,General concepts description,Standard concepts definition,1,"Educational content about concepts in History (Level 1, Item 21)"
his-l1-1272,History,1,What are important principles in History at level 1? (Question 22),Basic principles overview,Detailed principles explanation for History,Simple principles summary,General principles description,Standard principles definition,1,"Educational content about principles in History (Level 1, Item 22)"
his-l1-1273,History,1,What are important theories in History at level 1? (Question 23),Basic theories overview,Detailed theories explanation for History,Simple theories summary,General theories description,Standard theories definition,1,"Educational content about theories in History (Level 1, Item 23)"
his-l1-1274,History,1,What are important facts in History at level 1? (Question 24),Basic facts overview,Detailed facts explanation for History,Simple facts summary,General facts description,Standard facts definition,1,"Educational content about facts in History (Level 1, Item 24)"
his-l1-1275,History,1,What are important phenomena in History at level 1? (Question 25),Basic phenomena overview,Detailed phenomena explanation for History,Simple phenomena summary,General phenomena description,Standard phenomena definition,1,"Educational content about phenomena in History (Level 1, Item 25)"
his-l1-1276,History,1,What are important processes in History at level 1? (Question 26),Basic processes overview,Detailed processes explanation for History,Simple processes summary,General processes description,Standard processes definition,1,"Educational content about processes in History (Level 1, Item 26)"
his-l1-1277,History,1,What are important systems in History at level 1? (Question 27),Basic systems overview,Detailed systems explanation for History,Simple systems summary,General systems description,Standard systems definition,1,"Educational content about systems in History (Level 1, Item 27)"
his-l1-1278,History,1,What are important structures in History at level 1? (Question 28),Basic structures overview,Detailed structures explanation for History,Simple structures summary,General structures description,Standard structures definition,1,"Educational content about structures in History (Level 1, Item 28)"
his-l1-1279,History,1,What are important elements in History at level 1? (Question 29),Basic elements overview,Detailed elements explanation for History,Simple elements summary,General elements description,Standard elements definition,1,"Educational content about elements in History (Level 1, Item 29)"
his-l1-1280,History,1,What are important components in History at level 1? (Question 30),Basic components overview,Detailed components explanation for History,Simple components summary,General components description,Standard components definition,1,"Educational content about components in History (Level 1, Item 30)"
his-l1-1281,History,1,What are important concepts in History at level 1? (Question 31),Basic concepts overview,Detailed concepts explanation for History,Simple concepts summary,General concepts description,Standard concepts definition,1,"Educational content about concepts in History (Level 1, Item 31)"
his-l1-1282,History,1,What are important principles in History at level 1? (Question 32),Basic principles overview,Detailed principles explanation for History,Simple principles summary,General principles description,Standard principles definition,1,"Educational content about principles in History (Level 1, Item 32)"
his-l1-1283,History,1,What are important theories in History at level 1? (Question 33),Basic theories overview,Detailed theories explanation for History,Simple theories summary,General theories description,Standard theories definition,1,"Educational content about theories in History (Level 1, Item 33)"
his-l1-1284,History,1,What are important facts in History at level 1? (Question 34),Basic facts overview,Detailed facts explanation for History,Simple facts summary,General facts description,Standard facts definition,1,"Educational content about facts in History (Level 1, Item 34)"
his-l1-1285,History,1,What are important phenomena in History at level 1? (Question 35),Basic phenomena overview,Detailed phenomena explanation for History,Simple phenomena summary,General phenomena description,Standard phenomena definition,1,"Educational content about phenomena in History (Level 1, Item 35)"
his-l1-1286,History,1,What are important processes in History at level 1? (Question 36),Basic processes overview,Detailed processes explanation for History,Simple processes summary,General processes description,Standard processes definition,1,"Educational content about processes in History (Level 1, Item 36)"
his-l1-1287,History,1,What are important systems in History at level 1? (Question 37),Basic systems overview,Detailed systems explanation for History,Simple systems summary,General systems description,Standard systems definition,1,"Educational content about systems in History (Level 1, Item 37)"
his-l1-1288,History,1,What are important structures in History at level 1? (Question 38),Basic structures overview,Detailed structures explanation for History,Simple structures summary,General structures description,Standard structures definition,1,"Educational content about structures in History (Level 1, Item 38)"
his-l1-1289,History,1,What are important elements in History at level 1? (Question 39),Basic elements overview,Detailed elements explanation for History,Simple elements summary,General elements description,Standard elements definition,1,"Educational content about elements in History (Level 1, Item 39)"
his-l1-1290,History,1,What are important components in History at level 1? (Question 40),Basic components overview,Detailed components explanation for History,Simple components summary,General components description,Standard components definition,1,"Educational content about components in History (Level 1, Item 40)"
his-l1-1291,History,1,What are important concepts in History at level 1? (Question 41),Basic concepts overview,Detailed concepts explanation for History,Simple concepts summary,General concepts description,Standard concepts definition,1,"Educational content about concepts in History (Level 1, Item 41)"
his-l1-1292,History,1,What are important principles in History at level 1? (Question 42),Basic principles overview,Detailed principles explanation for History,Simple principles summary,General principles description,Standard principles definition,1,"Educational content about principles in History (Level 1, Item 42)"
his-l1-1293,History,1,What are important theories in History at level 1? (Question 43),Basic theories overview,Detailed theories explanation for History,Simple theories summary,General theories description,Standard theories definition,1,"Educational content about theories in History (Level 1, Item 43)"
his-l1-1294,History,1,What are important facts in History at level 1? (Question 44),Basic facts overview,Detailed facts explanation for History,Simple facts summary,General facts description,Standard facts definition,1,"Educational content about facts in History (Level 1, Item 44)"
his-l1-1295,History,1,What are important phenomena in History at level 1? (Question 45),Basic phenomena overview,Detailed phenomena explanation for History,Simple phenomena summary,General phenomena description,Standard phenomena definition,1,"Educational content about phenomena in History (Level 1, Item 45)"
his-l1-1296,History,1,What are important processes in History at level 1? (Question 46),Basic processes overview,Detailed processes explanation for History,Simple processes summary,General processes description,Standard processes definition,1,"Educational content about processes in History (Level 1, Item 46)"
his-l1-1297,History,1,What are important systems in History at level 1? (Question 47),Basic systems overview,Detailed systems explanation for History,Simple systems summary,General systems description,Standard systems definition,1,"Educational content about systems in History (Level 1, Item 47)"
his-l1-1298,History,1,What are important structures in History at level 1? (Question 48),Basic structures overview,Detailed structures explanation for History,Simple structures summary,General structures description,Standard structures definition,1,"Educational content about structures in History (Level 1, Item 48)"
his-l1-1299,History,1,What are important elements in History at level 1? (Question 49),Basic elements overview,Detailed elements explanation for History,Simple elements summary,General elements description,Standard elements definition,1,"Educational content about elements in History (Level 1, Item 49)"
his-l1-1300,History,1,What are important components in History at level 1? (Question 50),Basic components overview,Detailed components explanation for History,Simple components summary,General components description,Standard components definition,1,"Educational content about components in History (Level 1, Item 50)"
his-l2-1301,History,2,What are important concepts in History at level 2? (Question 1),Basic concepts overview,Detailed concepts explanation for History,Simple concepts summary,General concepts description,Standard concepts definition,1,"Educational content about concepts in History (Level 2, Item 1)"
his-l2-1302,History,2,What are important principles in History at level 2? (Question 2),Basic principles overview,Detailed principles explanation for History,Simple principles summary,General principles description,Standard principles definition,1,"Educational content about principles in History (Level 2, Item 2)"
his-l2-1303,History,2,What are important theories in History at level 2? (Question 3),Basic theories overview,Detailed theories explanation for History,Simple theories summary,General theories description,Standard theories definition,1,"Educational content about theories in History (Level 2, Item 3)"
his-l2-1304,History,2,What are important facts in History at level 2? (Question 4),Basic facts overview,Detailed facts explanation for History,Simple facts summary,General facts description,Standard facts definition,1,"Educational content about facts in History (Level 2, Item 4)"
his-l2-1305,History,2,What are important phenomena in History at level 2? (Question 5),Basic phenomena overview,Detailed phenomena explanation for History,Simple phenomena summary,General phenomena description,Standard phenomena definition,1,"Educational content about phenomena in History (Level 2, Item 5)"
his-l2-1306,History,2,What are important processes in History at level 2? (Question 6),Basic processes overview,Detailed processes explanation for History,Simple processes summary,General processes description,Standard processes definition,1,"Educational content about processes in History (Level 2, Item 6)"
his-l2-1307,History,2,What are important systems in History at level 2? (Question 7),Basic systems overview,Detailed systems explanation for History,Simple systems summary,General systems description,Standard systems definition,1,"Educational content about systems in History (Level 2, Item 7)"
his-l2-1308,History,2,What are important structures in History at level 2? (Question 8),Basic structures overview,Detailed structures explanation for History,Simple structures summary,General structures description,Standard structures definition,1,"Educational content about structures in History (Level 2, Item 8)"
his-l2-1309,History,2,What are important elements in History at level 2? (Question 9),Basic elements overview,Detailed elements explanation for History,Simple elements summary,General elements description,Standard elements definition,1,"Educational content about elements in History (Level 2, Item 9)"
his-l2-1310,History,2,What are important components in History at level 2? (Question 10),Basic components overview,Detailed components explanation for History,Simple components summary,General components description,Standard components definition,1,"Educational content about components in History (Level 2, Item 10)"
his-l2-1311,History,2,What are important concepts in History at level 2? (Question 11),Basic concepts overview,Detailed concepts explanation for History,Simple concepts summary,General concepts description,Standard concepts definition,1,"Educational content about concepts in History (Level 2, Item 11)"
his-l2-1312,History,2,What are important principles in History at level 2? (Question 12),Basic principles overview,Detailed principles explanation for History,Simple principles summary,General principles description,Standard principles definition,1,"Educational content about principles in History (Level 2, Item 12)"
his-l2-1313,History,2,What are important theories in History at level 2? (Question 13),Basic theories overview,Detailed theories explanation for History,Simple theories summary,General theories description,Standard theories definition,1,"Educational content about theories in History (Level 2, Item 13)"
his-l2-1314,History,2,What are important facts in History at level 2? (Question 14),Basic facts overview,Detailed facts explanation for History,Simple facts summary,General facts description,Standard facts definition,1,"Educational content about facts in History (Level 2, Item 14)"
his-l2-1315,History,2,What are important phenomena in History at level 2? (Question 15),Basic phenomena overview,Detailed phenomena explanation for History,Simple phenomena summary,General phenomena description,Standard phenomena definition,1,"Educational content about phenomena in History (Level 2, Item 15)"
his-l2-1316,History,2,What are important processes in History at level 2? (Question 16),Basic processes overview,Detailed processes explanation for History,Simple processes summary,General processes description,Standard processes definition,1,"Educational content about processes in History (Level 2, Item 16)"
his-l2-1317,History,2,What are important systems in History at level 2? (Question 17),Basic systems overview,Detailed systems explanation for History,Simple systems summary,General systems description,Standard systems definition,1,"Educational content about systems in History (Level 2, Item 17)"
his-l2-1318,History,2,What are important structures in History at level 2? (Question 18),Basic structures overview,Detailed structures explanation for History,Simple structures summary,General structures description,Standard structures definition,1,"Educational content about structures in History (Level 2, Item 18)"
his-l2-1319,History,2,What are important elements in History at level 2? (Question 19),Basic elements overview,Detailed elements explanation for History,Simple elements summary,General elements description,Standard elements definition,1,"Educational content about elements in History (Level 2, Item 19)"
his-l2-1320,History,2,What are important components in History at level 2? (Question 20),Basic components overview,Detailed components explanation for History,Simple components summary,General components description,Standard components definition,1,"Educational content about components in History (Level 2, Item 20)"
his-l2-1321,History,2,What are important concepts in History at level 2? (Question 21),Basic concepts overview,Detailed concepts explanation for History,Simple concepts summary,General concepts description,Standard concepts definition,1,"Educational content about concepts in History (Level 2, Item 21)"
his-l2-1322,History,2,What are important principles in History at level 2? (Question 22),Basic principles overview,Detailed principles explanation for History,Simple principles summary,General principles description,Standard principles definition,1,"Educational content about principles in History (Level 2, Item 22)"
his-l2-1323,History,2,What are important theories in History at level 2? (Question 23),Basic theories overview,Detailed theories explanation for History,Simple theories summary,General theories description,Standard theories definition,1,"Educational content about theories in History (Level 2, Item 23)"
his-l2-1324,History,2,What are important facts in History at level 2? (Question 24),Basic facts overview,Detailed facts explanation for History,Simple facts summary,General facts description,Standard facts definition,1,"Educational content about facts in History (Level 2, Item 24)"
his-l2-1325,History,2,What are important phenomena in History at level 2? (Question 25),Basic phenomena overview,Detailed phenomena explanation for History,Simple phenomena summary,General phenomena description,Standard phenomena definition,1,"Educational content about phenomena in History (Level 2, Item 25)"
his-l2-1326,History,2,What are important processes in History at level 2? (Question 26),Basic processes overview,Detailed processes explanation for History,Simple processes summary,General processes description,Standard processes definition,1,"Educational content about processes in History (Level 2, Item 26)"
his-l2-1327,History,2,What are important systems in History at level 2? (Question 27),Basic systems overview,Detailed systems explanation for History,Simple systems summary,General systems description,Standard systems definition,1,"Educational content about systems in History (Level 2, Item 27)"
his-l2-1328,History,2,What are important structures in History at level 2? (Question 28),Basic structures overview,Detailed structures explanation for History,Simple structures summary,General structures description,Standard structures definition,1,"Educational content about structures in History (Level 2, Item 28)"
his-l2-1329,History,2,What are important elements in History at level 2? (Question 29),Basic elements overview,Detailed elements explanation for History,Simple elements summary,General elements description,Standard elements definition,1,"Educational content about elements in History (Level 2, Item 29)"
his-l2-1330,History,2,What are important components in History at level 2? (Question 30),Basic components overview,Detailed components explanation for History,Simple components summary,General components description,Standard components definition,1,"Educational content about components in History (Level 2, Item 30)"
his-l2-1331,History,2,What are important concepts in History at level 2? (Question 31),Basic concepts overview,Detailed concepts explanation for History,Simple concepts summary,General concepts description,Standard concepts definition,1,"Educational content about concepts in History (Level 2, Item 31)"
his-l2-1332,History,2,What are important principles in History at level 2? (Question 32),Basic principles overview,Detailed principles explanation for History,Simple principles summary,General principles description,Standard principles definition,1,"Educational content about principles in History (Level 2, Item 32)"
his-l2-1333,History,2,What are important theories in History at level 2? (Question 33),Basic theories overview,Detailed theories explanation for History,Simple theories summary,General theories description,Standard theories definition,1,"Educational content about theories in History (Level 2, Item 33)"
his-l2-1334,History,2,What are important facts in History at level 2? (Question 34),Basic facts overview,Detailed facts explanation for History,Simple facts summary,General facts description,Standard facts definition,1,"Educational content about facts in History (Level 2, Item 34)"
his-l2-1335,History,2,What are important phenomena in History at level 2? (Question 35),Basic phenomena overview,Detailed phenomena explanation for History,Simple phenomena summary,General phenomena description,Standard phenomena definition,1,"Educational content about phenomena in History (Level 2, Item 35)"
his-l2-1336,History,2,What are important processes in History at level 2? (Question 36),Basic processes overview,Detailed processes explanation for History,Simple processes summary,General processes description,Standard processes definition,1,"Educational content about processes in History (Level 2, Item 36)"
his-l2-1337,History,2,What are important systems in History at level 2? (Question 37),Basic systems overview,Detailed systems explanation for History,Simple systems summary,General systems description,Standard systems definition,1,"Educational content about systems in History (Level 2, Item 37)"
his-l2-1338,History,2,What are important structures in History at level 2? (Question 38),Basic structures overview,Detailed structures explanation for History,Simple structures summary,General structures description,Standard structures definition,1,"Educational content about structures in History (Level 2, Item 38)"
his-l2-1339,History,2,What are important elements in History at level 2? (Question 39),Basic elements overview,Detailed elements explanation for History,Simple elements summary,General elements description,Standard elements definition,1,"Educational content about elements in History (Level 2, Item 39)"
his-l2-1340,History,2,What are important components in History at level 2? (Question 40),Basic components overview,Detailed components explanation for History,Simple components summary,General components description,Standard components definition,1,"Educational content about components in History (Level 2, Item 40)"
his-l2-1341,History,2,What are important concepts in History at level 2? (Question 41),Basic concepts overview,Detailed concepts explanation for History,Simple concepts summary,General concepts description,Standard concepts definition,1,"Educational content about concepts in History (Level 2, Item 41)"
his-l2-1342,History,2,What are important principles in History at level 2? (Question 42),Basic principles overview,Detailed principles explanation for History,Simple principles summary,General principles description,Standard principles definition,1,"Educational content about principles in History (Level 2, Item 42)"
his-l2-1343,History,2,What are important theories in History at level 2? (Question 43),Basic theories overview,Detailed theories explanation for History,Simple theories summary,General theories description,Standard theories definition,1,"Educational content about theories in History (Level 2, Item 43)"
his-l2-1344,History,2,What are important facts in History at level 2? (Question 44),Basic facts overview,Detailed facts explanation for History,Simple facts summary,General facts description,Standard facts definition,1,"Educational content about facts in History (Level 2, Item 44)"
his-l2-1345,History,2,What are important phenomena in History at level 2? (Question 45),Basic phenomena overview,Detailed phenomena explanation for History,Simple phenomena summary,General phenomena description,Standard phenomena definition,1,"Educational content about phenomena in History (Level 2, Item 45)"
his-l2-1346,History,2,What are important processes in History at level 2? (Question 46),Basic processes overview,Detailed processes explanation for History,Simple processes summary,General processes description,Standard processes definition,1,"Educational content about processes in History (Level 2, Item 46)"
his-l2-1347,History,2,What are important systems in History at level 2? (Question 47),Basic systems overview,Detailed systems explanation for History,Simple systems summary,General systems description,Standard systems definition,1,"Educational content about systems in History (Level 2, Item 47)"
his-l2-1348,History,2,What are important structures in History at level 2? (Question 48),Basic structures overview,Detailed structures explanation for History,Simple structures summary,General structures description,Standard structures definition,1,"Educational content about structures in History (Level 2, Item 48)"
his-l2-1349,History,2,What are important elements in History at level 2? (Question 49),Basic elements overview,Detailed elements explanation for History,Simple elements summary,General elements description,Standard elements definition,1,"Educational content about elements in History (Level 2, Item 49)"
his-l2-1350,History,2,What are important components in History at level 2? (Question 50),Basic components overview,Detailed components explanation for History,Simple components summary,General components description,Standard components definition,1,"Educational content about components in History (Level 2, Item 50)"
his-l3-1351,History,3,What are important concepts in History at level 3? (Question 1),Basic concepts overview,Detailed concepts explanation for History,Simple concepts summary,General concepts description,Standard concepts definition,1,"Educational content about concepts in History (Level 3, Item 1)"
his-l3-1352,History,3,What are important principles in History at level 3? (Question 2),Basic principles overview,Detailed principles explanation for History,Simple principles summary,General principles description,Standard principles definition,1,"Educational content about principles in History (Level 3, Item 2)"
his-l3-1353,History,3,What are important theories in History at level 3? (Question 3),Basic theories overview,Detailed theories explanation for History,Simple theories summary,General theories description,Standard theories definition,1,"Educational content about theories in History (Level 3, Item 3)"
his-l3-1354,History,3,What are important facts in History at level 3? (Question 4),Basic facts overview,Detailed facts explanation for History,Simple facts summary,General facts description,Standard facts definition,1,"Educational content about facts in History (Level 3, Item 4)"
his-l3-1355,History,3,What are important phenomena in History at level 3? (Question 5),Basic phenomena overview,Detailed phenomena explanation for History,Simple phenomena summary,General phenomena description,Standard phenomena definition,1,"Educational content about phenomena in History (Level 3, Item 5)"
his-l3-1356,History,3,What are important processes in History at level 3? (Question 6),Basic processes overview,Detailed processes explanation for History,Simple processes summary,General processes description,Standard processes definition,1,"Educational content about processes in History (Level 3, Item 6)"
his-l3-1357,History,3,What are important systems in History at level 3? (Question 7),Basic systems overview,Detailed systems explanation for History,Simple systems summary,General systems description,Standard systems definition,1,"Educational content about systems in History (Level 3, Item 7)"
his-l3-1358,History,3,What are important structures in History at level 3? (Question 8),Basic structures overview,Detailed structures explanation for History,Simple structures summary,General structures description,Standard structures definition,1,"Educational content about structures in History (Level 3, Item 8)"
his-l3-1359,History,3,What are important elements in History at level 3? (Question 9),Basic elements overview,Detailed elements explanation for History,Simple elements summary,General elements description,Standard elements definition,1,"Educational content about elements in History (Level 3, Item 9)"
his-l3-1360,History,3,What are important components in History at level 3? (Question 10),Basic components overview,Detailed components explanation for History,Simple components summary,General components description,Standard components definition,1,"Educational content about components in History (Level 3, Item 10)"
his-l3-1361,History,3,What are important concepts in History at level 3? (Question 11),Basic concepts overview,Detailed concepts explanation for History,Simple concepts summary,General concepts description,Standard concepts definition,1,"Educational content about concepts in History (Level 3, Item 11)"
his-l3-1362,History,3,What are important principles in History at level 3? (Question 12),Basic principles overview,Detailed principles explanation for History,Simple principles summary,General principles description,Standard principles definition,1,"Educational content about principles in History (Level 3, Item 12)"
his-l3-1363,History,3,What are important theories in History at level 3? (Question 13),Basic theories overview,Detailed theories explanation for History,Simple theories summary,General theories description,Standard theories definition,1,"Educational content about theories in History (Level 3, Item 13)"
his-l3-1364,History,3,What are important facts in History at level 3? (Question 14),Basic facts overview,Detailed facts explanation for History,Simple facts summary,General facts description,Standard facts definition,1,"Educational content about facts in History (Level 3, Item 14)"
his-l3-1365,History,3,What are important phenomena in History at level 3? (Question 15),Basic phenomena overview,Detailed phenomena explanation for History,Simple phenomena summary,General phenomena description,Standard phenomena definition,1,"Educational content about phenomena in History (Level 3, Item 15)"
his-l3-1366,History,3,What are important processes in History at level 3? (Question 16),Basic processes overview,Detailed processes explanation for History,Simple processes summary,General processes description,Standard processes definition,1,"Educational content about processes in History (Level 3, Item 16)"
his-l3-1367,History,3,What are important systems in History at level 3? (Question 17),Basic systems overview,Detailed systems explanation for History,Simple systems summary,General systems description,Standard systems definition,1,"Educational content about systems in History (Level 3, Item 17)"
his-l3-1368,History,3,What are important structures in History at level 3? (Question 18),Basic structures overview,Detailed structures explanation for History,Simple structures summary,General structures description,Standard structures definition,1,"Educational content about structures in History (Level 3, Item 18)"
his-l3-1369,History,3,What are important elements in History at level 3? (Question 19),Basic elements overview,Detailed elements explanation for History,Simple elements summary,General elements description,Standard elements definition,1,"Educational content about elements in History (Level 3, Item 19)"
his-l3-1370,History,3,What are important components in History at level 3? (Question 20),Basic components overview,Detailed components explanation for History,Simple components summary,General components description,Standard components definition,1,"Educational content about components in History (Level 3, Item 20)"
his-l3-1371,History,3,What are important concepts in History at level 3? (Question 21),Basic concepts overview,Detailed concepts explanation for History,Simple concepts summary,General concepts description,Standard concepts definition,1,"Educational content about concepts in History (Level 3, Item 21)"
his-l3-1372,History,3,What are important principles in History at level 3? (Question 22),Basic principles overview,Detailed principles explanation for History,Simple principles summary,General principles description,Standard principles definition,1,"Educational content about principles in History (Level 3, Item 22)"
his-l3-1373,History,3,What are important theories in History at level 3? (Question 23),Basic theories overview,Detailed theories explanation for History,Simple theories summary,General theories description,Standard theories definition,1,"Educational content about theories in History (Level 3, Item 23)"
his-l3-1374,History,3,What are important facts in History at level 3? (Question 24),Basic facts overview,Detailed facts explanation for History,Simple facts summary,General facts description,Standard facts definition,1,"Educational content about facts in History (Level 3, Item 24)"
his-l3-1375,History,3,What are important phenomena in History at level 3? (Question 25),Basic phenomena overview,Detailed phenomena explanation for History,Simple phenomena summary,General phenomena description,Standard phenomena definition,1,"Educational content about phenomena in History (Level 3, Item 25)"
his-l3-1376,History,3,What are important processes in History at level 3? (Question 26),Basic processes overview,Detailed processes explanation for History,Simple processes summary,General processes description,Standard processes definition,1,"Educational content about processes in History (Level 3, Item 26)"
his-l3-1377,History,3,What are important systems in History at level 3? (Question 27),Basic systems overview,Detailed systems explanation for History,Simple systems summary,General systems description,Standard systems definition,1,"Educational content about systems in History (Level 3, Item 27)"
his-l3-1378,History,3,What are important structures in History at level 3? (Question 28),Basic structures overview,Detailed structures explanation for History,Simple structures summary,General structures description,Standard structures definition,1,"Educational content about structures in History (Level 3, Item 28)"
his-l3-1379,History,3,What are important elements in History at level 3? (Question 29),Basic elements overview,Detailed elements explanation for History,Simple elements summary,General elements description,Standard elements definition,1,"Educational content about elements in History (Level 3, Item 29)"
his-l3-1380,History,3,What are important components in History at level 3? (Question 30),Basic components overview,Detailed components explanation for History,Simple components summary,General components description,Standard components definition,1,"Educational content about components in History (Level 3, Item 30)"
his-l3-1381,History,3,What are important concepts in History at level 3? (Question 31),Basic concepts overview,Detailed concepts explanation for History,Simple concepts summary,General concepts description,Standard concepts definition,1,"Educational content about concepts in History (Level 3, Item 31)"
his-l3-1382,History,3,What are important principles in History at level 3? (Question 32),Basic principles overview,Detailed principles explanation for History,Simple principles summary,General principles description,Standard principles definition,1,"Educational content about principles in History (Level 3, Item 32)"
his-l3-1383,History,3,What are important theories in History at level 3? (Question 33),Basic theories overview,Detailed theories explanation for History,Simple theories summary,General theories description,Standard theories definition,1,"Educational content about theories in History (Level 3, Item 33)"
his-l3-1384,History,3,What are important facts in History at level 3? (Question 34),Basic facts overview,Detailed facts explanation for History,Simple facts summary,General facts description,Standard facts definition,1,"Educational content about facts in History (Level 3, Item 34)"
his-l3-1385,History,3,What are important phenomena in History at level 3? (Question 35),Basic phenomena overview,Detailed phenomena explanation for History,Simple phenomena summary,General phenomena description,Standard phenomena definition,1,"Educational content about phenomena in History (Level 3, Item 35)"
his-l3-1386,History,3,What are important processes in History at level 3? (Question 36),Basic processes overview,Detailed processes explanation for History,Simple processes summary,General processes description,Standard processes definition,1,"Educational content about processes in History (Level 3, Item 36)"
his-l3-1387,History,3,What are important systems in History at level 3? (Question 37),Basic systems overview,Detailed systems explanation for History,Simple systems summary,General systems description,Standard systems definition,1,"Educational content about systems in History (Level 3, Item 37)"
his-l3-1388,History,3,What are important structures in History at level 3? (Question 38),Basic structures overview,Detailed structures explanation for History,Simple structures summary,General structures description,Standard structures definition,1,"Educational content about structures in History (Level 3, Item 38)"
his-l3-1389,History,3,What are important elements in History at level 3? (Question 39),Basic elements overview,Detailed elements explanation for History,Simple elements summary,General elements description,Standard elements definition,1,"Educational content about elements in History (Level 3, Item 39)"
his-l3-1390,History,3,What are important components in History at level 3? (Question 40),Basic components overview,Detailed components explanation for History,Simple components summary,General components description,Standard components definition,1,"Educational content about components in History (Level 3, Item 40)"
his-l3-1391,History,3,What are important concepts in History at level 3? (Question 41),Basic concepts overview,Detailed concepts explanation for History,Simple concepts summary,General concepts description,Standard concepts definition,1,"Educational content about concepts in History (Level 3, Item 41)"
his-l3-1392,History,3,What are important principles in History at level 3? (Question 42),Basic principles overview,Detailed principles explanation for History,Simple principles summary,General principles description,Standard principles definition,1,"Educational content about principles in History (Level 3, Item 42)"
his-l3-1393,History,3,What are important theories in History at level 3? (Question 43),Basic theories overview,Detailed theories explanation for History,Simple theories summary,General theories description,Standard theories definition,1,"Educational content about theories in History (Level 3, Item 43)"
his-l3-1394,History,3,What are important facts in History at level 3? (Question 44),Basic facts overview,Detailed facts explanation for History,Simple facts summary,General facts description,Standard facts definition,1,"Educational content about facts in History (Level 3, Item 44)"
his-l3-1395,History,3,What are important phenomena in History at level 3? (Question 45),Basic phenomena overview,Detailed phenomena explanation for History,Simple phenomena summary,General phenomena description,Standard phenomena definition,1,"Educational content about phenomena in History (Level 3, Item 45)"
his-l3-1396,History,3,What are important processes in History at level 3? (Question 46),Basic processes overview,Detailed processes explanation for History,Simple processes summary,General processes description,Standard processes definition,1,"Educational content about processes in History (Level 3, Item 46)"
his-l3-1397,History,3,What are important systems in History at level 3? (Question 47),Basic systems overview,Detailed systems explanation for History,Simple systems summary,General systems description,Standard systems definition,1,"Educational content about systems in History (Level 3, Item 47)"
his-l3-1398,History,3,What are important structures in History at level 3? (Question 48),Basic structures overview,Detailed structures explanation for History,Simple structures summary,General structures description,Standard structures definition,1,"Educational content about structures in History (Level 3, Item 48)"
his-l3-1399,History,3,What are important elements in History at level 3? (Question 49),Basic elements overview,Detailed elements explanation for History,Simple elements summary,General elements description,Standard elements definition,1,"Educational content about elements in History (Level 3, Item 49)"
his-l3-1400,History,3,What are important components in History at level 3? (Question 50),Basic components overview,Detailed components explanation for History,Simple components summary,General components description,Standard components definition,1,"Educational content about components in History (Level 3, Item 50)"
his-l4-1401,History,4,What are important concepts in History at level 4? (Question 1),Basic concepts overview,Detailed concepts explanation for History,Simple concepts summary,General concepts description,Standard concepts definition,1,"Educational content about concepts in History (Level 4, Item 1)"
his-l4-1402,History,4,What are important principles in History at level 4? (Question 2),Basic principles overview,Detailed principles explanation for History,Simple principles summary,General principles description,Standard principles definition,1,"Educational content about principles in History (Level 4, Item 2)"
his-l4-1403,History,4,What are important theories in History at level 4? (Question 3),Basic theories overview,Detailed theories explanation for History,Simple theories summary,General theories description,Standard theories definition,1,"Educational content about theories in History (Level 4, Item 3)"
his-l4-1404,History,4,What are important facts in History at level 4? (Question 4),Basic facts overview,Detailed facts explanation for History,Simple facts summary,General facts description,Standard facts definition,1,"Educational content about facts in History (Level 4, Item 4)"
his-l4-1405,History,4,What are important phenomena in History at level 4? (Question 5),Basic phenomena overview,Detailed phenomena explanation for History,Simple phenomena summary,General phenomena description,Standard phenomena definition,1,"Educational content about phenomena in History (Level 4, Item 5)"
his-l4-1406,History,4,What are important processes in History at level 4? (Question 6),Basic processes overview,Detailed processes explanation for History,Simple processes summary,General processes description,Standard processes definition,1,"Educational content about processes in History (Level 4, Item 6)"
his-l4-1407,History,4,What are important systems in History at level 4? (Question 7),Basic systems overview,Detailed systems explanation for History,Simple systems summary,General systems description,Standard systems definition,1,"Educational content about systems in History (Level 4, Item 7)"
his-l4-1408,History,4,What are important structures in History at level 4? (Question 8),Basic structures overview,Detailed structures explanation for History,Simple structures summary,General structures description,Standard structures definition,1,"Educational content about structures in History (Level 4, Item 8)"
his-l4-1409,History,4,What are important elements in History at level 4? (Question 9),Basic elements overview,Detailed elements explanation for History,Simple elements summary,General elements description,Standard elements definition,1,"Educational content about elements in History (Level 4, Item 9)"
his-l4-1410,History,4,What are important components in History at level 4? (Question 10),Basic components overview,Detailed components explanation for History,Simple components summary,General components description,Standard components definition,1,"Educational content about components in History (Level 4, Item 10)"
his-l4-1411,History,4,What are important concepts in History at level 4? (Question 11),Basic concepts overview,Detailed concepts explanation for History,Simple concepts summary,General concepts description,Standard concepts definition,1,"Educational content about concepts in History (Level 4, Item 11)"
his-l4-1412,History,4,What are important principles in History at level 4? (Question 12),Basic principles overview,Detailed principles explanation for History,Simple principles summary,General principles description,Standard principles definition,1,"Educational content about principles in History (Level 4, Item 12)"
his-l4-1413,History,4,What are important theories in History at level 4? (Question 13),Basic theories overview,Detailed theories explanation for History,Simple theories summary,General theories description,Standard theories definition,1,"Educational content about theories in History (Level 4, Item 13)"
his-l4-1414,History,4,What are important facts in History at level 4? (Question 14),Basic facts overview,Detailed facts explanation for History,Simple facts summary,General facts description,Standard facts definition,1,"Educational content about facts in History (Level 4, Item 14)"
his-l4-1415,History,4,What are important phenomena in History at level 4? (Question 15),Basic phenomena overview,Detailed phenomena explanation for History,Simple phenomena summary,General phenomena description,Standard phenomena definition,1,"Educational content about phenomena in History (Level 4, Item 15)"
his-l4-1416,History,4,What are important processes in History at level 4? (Question 16),Basic processes overview,Detailed processes explanation for History,Simple processes summary,General processes description,Standard processes definition,1,"Educational content about processes in History (Level 4, Item 16)"
his-l4-1417,History,4,What are important systems in History at level 4? (Question 17),Basic systems overview,Detailed systems explanation for History,Simple systems summary,General systems description,Standard systems definition,1,"Educational content about systems in History (Level 4, Item 17)"
his-l4-1418,History,4,What are important structures in History at level 4? (Question 18),Basic structures overview,Detailed structures explanation for History,Simple structures summary,General structures description,Standard structures definition,1,"Educational content about structures in History (Level 4, Item 18)"
his-l4-1419,History,4,What are important elements in History at level 4? (Question 19),Basic elements overview,Detailed elements explanation for History,Simple elements summary,General elements description,Standard elements definition,1,"Educational content about elements in History (Level 4, Item 19)"
his-l4-1420,History,4,What are important components in History at level 4? (Question 20),Basic components overview,Detailed components explanation for History,Simple components summary,General components description,Standard components definition,1,"Educational content about components in History (Level 4, Item 20)"
his-l4-1421,History,4,What are important concepts in History at level 4? (Question 21),Basic concepts overview,Detailed concepts explanation for History,Simple concepts summary,General concepts description,Standard concepts definition,1,"Educational content about concepts in History (Level 4, Item 21)"
his-l4-1422,History,4,What are important principles in History at level 4? (Question 22),Basic principles overview,Detailed principles explanation for History,Simple principles summary,General principles description,Standard principles definition,1,"Educational content about principles in History (Level 4, Item 22)"
his-l4-1423,History,4,What are important theories in History at level 4? (Question 23),Basic theories overview,Detailed theories explanation for History,Simple theories summary,General theories description,Standard theories definition,1,"Educational content about theories in History (Level 4, Item 23)"
his-l4-1424,History,4,What are important facts in History at level 4? (Question 24),Basic facts overview,Detailed facts explanation for History,Simple facts summary,General facts description,Standard facts definition,1,"Educational content about facts in History (Level 4, Item 24)"
his-l4-1425,History,4,What are important phenomena in History at level 4? (Question 25),Basic phenomena overview,Detailed phenomena explanation for History,Simple phenomena summary,General phenomena description,Standard phenomena definition,1,"Educational content about phenomena in History (Level 4, Item 25)"
his-l4-1426,History,4,What are important processes in History at level 4? (Question 26),Basic processes overview,Detailed processes explanation for History,Simple processes summary,General processes description,Standard processes definition,1,"Educational content about processes in History (Level 4, Item 26)"
his-l4-1427,History,4,What are important systems in History at level 4? (Question 27),Basic systems overview,Detailed systems explanation for History,Simple systems summary,General systems description,Standard systems definition,1,"Educational content about systems in History (Level 4, Item 27)"
his-l4-1428,History,4,What are important structures in History at level 4? (Question 28),Basic structures overview,Detailed structures explanation for History,Simple structures summary,General structures description,Standard structures definition,1,"Educational content about structures in History (Level 4, Item 28)"
his-l4-1429,History,4,What are important elements in History at level 4? (Question 29),Basic elements overview,Detailed elements explanation for History,Simple elements summary,General elements description,Standard elements definition,1,"Educational content about elements in History (Level 4, Item 29)"
his-l4-1430,History,4,What are important components in History at level 4? (Question 30),Basic components overview,Detailed components explanation for History,Simple components summary,General components description,Standard components definition,1,"Educational content about components in History (Level 4, Item 30)"
his-l4-1431,History,4,What are important concepts in History at level 4? (Question 31),Basic concepts overview,Detailed concepts explanation for History,Simple concepts summary,General concepts description,Standard concepts definition,1,"Educational content about concepts in History (Level 4, Item 31)"
his-l4-1432,History,4,What are important principles in History at level 4? (Question 32),Basic principles overview,Detailed principles explanation for History,Simple principles summary,General principles description,Standard principles definition,1,"Educational content about principles in History (Level 4, Item 32)"
his-l4-1433,History,4,What are important theories in History at level 4? (Question 33),Basic theories overview,Detailed theories explanation for History,Simple theories summary,General theories description,Standard theories definition,1,"Educational content about theories in History (Level 4, Item 33)"
his-l4-1434,History,4,What are important facts in History at level 4? (Question 34),Basic facts overview,Detailed facts explanation for History,Simple facts summary,General facts description,Standard facts definition,1,"Educational content about facts in History (Level 4, Item 34)"
his-l4-1435,History,4,What are important phenomena in History at level 4? (Question 35),Basic phenomena overview,Detailed phenomena explanation for History,Simple phenomena summary,General phenomena description,Standard phenomena definition,1,"Educational content about phenomena in History (Level 4, Item 35)"
his-l4-1436,History,4,What are important processes in History at level 4? (Question 36),Basic processes overview,Detailed processes explanation for History,Simple processes summary,General processes description,Standard processes definition,1,"Educational content about processes in History (Level 4, Item 36)"
his-l4-1437,History,4,What are important systems in History at level 4? (Question 37),Basic systems overview,Detailed systems explanation for History,Simple systems summary,General systems description,Standard systems definition,1,"Educational content about systems in History (Level 4, Item 37)"
his-l4-1438,History,4,What are important structures in History at level 4? (Question 38),Basic structures overview,Detailed structures explanation for History,Simple structures summary,General structures description,Standard structures definition,1,"Educational content about structures in History (Level 4, Item 38)"
his-l4-1439,History,4,What are important elements in History at level 4? (Question 39),Basic elements overview,Detailed elements explanation for History,Simple elements summary,General elements description,Standard elements definition,1,"Educational content about elements in History (Level 4, Item 39)"
his-l4-1440,History,4,What are important components in History at level 4? (Question 40),Basic components overview,Detailed components explanation for History,Simple components summary,General components description,Standard components definition,1,"Educational content about components in History (Level 4, Item 40)"
his-l4-1441,History,4,What are important concepts in History at level 4? (Question 41),Basic concepts overview,Detailed concepts explanation for History,Simple concepts summary,General concepts description,Standard concepts definition,1,"Educational content about concepts in History (Level 4, Item 41)"
his-l4-1442,History,4,What are important principles in History at level 4? (Question 42),Basic principles overview,Detailed principles explanation for History,Simple principles summary,General principles description,Standard principles definition,1,"Educational content about principles in History (Level 4, Item 42)"
his-l4-1443,History,4,What are important theories in History at level 4? (Question 43),Basic theories overview,Detailed theories explanation for History,Simple theories summary,General theories description,Standard theories definition,1,"Educational content about theories in History (Level 4, Item 43)"
his-l4-1444,History,4,What are important facts in History at level 4? (Question 44),Basic facts overview,Detailed facts explanation for History,Simple facts summary,General facts description,Standard facts definition,1,"Educational content about facts in History (Level 4, Item 44)"
his-l4-1445,History,4,What are important phenomena in History at level 4? (Question 45),Basic phenomena overview,Detailed phenomena explanation for History,Simple phenomena summary,General phenomena description,Standard phenomena definition,1,"Educational content about phenomena in History (Level 4, Item 45)"
his-l4-1446,History,4,What are important processes in History at level 4? (Question 46),Basic processes overview,Detailed processes explanation for History,Simple processes summary,General processes description,Standard processes definition,1,"Educational content about processes in History (Level 4, Item 46)"
his-l4-1447,History,4,What are important systems in History at level 4? (Question 47),Basic systems overview,Detailed systems explanation for History,Simple systems summary,General systems description,Standard systems definition,1,"Educational content about systems in History (Level 4, Item 47)"
his-l4-1448,History,4,What are important structures in History at level 4? (Question 48),Basic structures overview,Detailed structures explanation for History,Simple structures summary,General structures description,Standard structures definition,1,"Educational content about structures in History (Level 4, Item 48)"
his-l4-1449,History,4,What are important elements in History at level 4? (Question 49),Basic elements overview,Detailed elements explanation for History,Simple elements summary,General elements description,Standard elements definition,1,"Educational content about elements in History (Level 4, Item 49)"
his-l4-1450,History,4,What are important components in History at level 4? (Question 50),Basic components overview,Detailed components explanation for History,Simple components summary,General components description,Standard components definition,1,"Educational content about components in History (Level 4, Item 50)"
his-l5-1451,History,5,What are important concepts in History at level 5? (Question 1),Basic concepts overview,Detailed concepts explanation for History,Simple concepts summary,General concepts description,Standard concepts definition,1,"Educational content about concepts in History (Level 5, Item 1)"
his-l5-1452,History,5,What are important principles in History at level 5? (Question 2),Basic principles overview,Detailed principles explanation for History,Simple principles summary,General principles description,Standard principles definition,1,"Educational content about principles in History (Level 5, Item 2)"
his-l5-1453,History,5,What are important theories in History at level 5? (Question 3),Basic theories overview,Detailed theories explanation for History,Simple theories summary,General theories description,Standard theories definition,1,"Educational content about theories in History (Level 5, Item 3)"
his-l5-1454,History,5,What are important facts in History at level 5? (Question 4),Basic facts overview,Detailed facts explanation for History,Simple facts summary,General facts description,Standard facts definition,1,"Educational content about facts in History (Level 5, Item 4)"
his-l5-1455,History,5,What are important phenomena in History at level 5? (Question 5),Basic phenomena overview,Detailed phenomena explanation for History,Simple phenomena summary,General phenomena description,Standard phenomena definition,1,"Educational content about phenomena in History (Level 5, Item 5)"
his-l5-1456,History,5,What are important processes in History at level 5? (Question 6),Basic processes overview,Detailed processes explanation for History,Simple processes summary,General processes description,Standard processes definition,1,"Educational content about processes in History (Level 5, Item 6)"
his-l5-1457,History,5,What are important systems in History at level 5? (Question 7),Basic systems overview,Detailed systems explanation for History,Simple systems summary,General systems description,Standard systems definition,1,"Educational content about systems in History (Level 5, Item 7)"
his-l5-1458,History,5,What are important structures in History at level 5? (Question 8),Basic structures overview,Detailed structures explanation for History,Simple structures summary,General structures description,Standard structures definition,1,"Educational content about structures in History (Level 5, Item 8)"
his-l5-1459,History,5,What are important elements in History at level 5? (Question 9),Basic elements overview,Detailed elements explanation for History,Simple elements summary,General elements description,Standard elements definition,1,"Educational content about elements in History (Level 5, Item 9)"
his-l5-1460,History,5,What are important components in History at level 5? (Question 10),Basic components overview,Detailed components explanation for History,Simple components summary,General components description,Standard components definition,1,"Educational content about components in History (Level 5, Item 10)"
his-l5-1461,History,5,What are important concepts in History at level 5? (Question 11),Basic concepts overview,Detailed concepts explanation for History,Simple concepts summary,General concepts description,Standard concepts definition,1,"Educational content about concepts in History (Level 5, Item 11)"
his-l5-1462,History,5,What are important principles in History at level 5? (Question 12),Basic principles overview,Detailed principles explanation for History,Simple principles summary,General principles description,Standard principles definition,1,"Educational content about principles in History (Level 5, Item 12)"
his-l5-1463,History,5,What are important theories in History at level 5? (Question 13),Basic theories overview,Detailed theories explanation for History,Simple theories summary,General theories description,Standard theories definition,1,"Educational content about theories in History (Level 5, Item 13)"
his-l5-1464,History,5,What are important facts in History at level 5? (Question 14),Basic facts overview,Detailed facts explanation for History,Simple facts summary,General facts description,Standard facts definition,1,"Educational content about facts in History (Level 5, Item 14)"
his-l5-1465,History,5,What are important phenomena in History at level 5? (Question 15),Basic phenomena overview,Detailed phenomena explanation for History,Simple phenomena summary,General phenomena description,Standard phenomena definition,1,"Educational content about phenomena in History (Level 5, Item 15)"
his-l5-1466,History,5,What are important processes in History at level 5? (Question 16),Basic processes overview,Detailed processes explanation for History,Simple processes summary,General processes description,Standard processes definition,1,"Educational content about processes in History (Level 5, Item 16)"
his-l5-1467,History,5,What are important systems in History at level 5? (Question 17),Basic systems overview,Detailed systems explanation for History,Simple systems summary,General systems description,Standard systems definition,1,"Educational content about systems in History (Level 5, Item 17)"
his-l5-1468,History,5,What are important structures in History at level 5? (Question 18),Basic structures overview,Detailed structures explanation for History,Simple structures summary,General structures description,Standard structures definition,1,"Educational content about structures in History (Level 5, Item 18)"
his-l5-1469,History,5,What are important elements in History at level 5? (Question 19),Basic elements overview,Detailed elements explanation for History,Simple elements summary,General elements description,Standard elements definition,1,"Educational content about elements in History (Level 5, Item 19)"
his-l5-1470,History,5,What are important components in History at level 5? (Question 20),Basic components overview,Detailed components explanation for History,Simple components summary,General components description,Standard components definition,1,"Educational content about components in History (Level 5, Item 20)"
his-l5-1471,History,5,What are important concepts in History at level 5? (Question 21),Basic concepts overview,Detailed concepts explanation for History,Simple concepts summary,General concepts description,Standard concepts definition,1,"Educational content about concepts in History (Level 5, Item 21)"
his-l5-1472,History,5,What are important principles in History at level 5? (Question 22),Basic principles overview,Detailed principles explanation for History,Simple principles summary,General principles description,Standard principles definition,1,"Educational content about principles in History (Level 5, Item 22)"
his-l5-1473,History,5,What are important theories in History at level 5? (Question 23),Basic theories overview,Detailed theories explanation for History,Simple theories summary,General theories description,Standard theories definition,1,"Educational content about theories in History (Level 5, Item 23)"
his-l5-1474,History,5,What are important facts in History at level 5? (Question 24),Basic facts overview,Detailed facts explanation for History,Simple facts summary,General facts description,Standard facts definition,1,"Educational content about facts in History (Level 5, Item 24)"
his-l5-1475,History,5,What are important phenomena in History at level 5? (Question 25),Basic phenomena overview,Detailed phenomena explanation for History,Simple phenomena summary,General phenomena description,Standard phenomena definition,1,"Educational content about phenomena in History (Level 5, Item 25)"
his-l5-1476,History,5,What are important processes in History at level 5? (Question 26),Basic processes overview,Detailed processes explanation for History,Simple processes summary,General processes description,Standard processes definition,1,"Educational content about processes in History (Level 5, Item 26)"
his-l5-1477,History,5,What are important systems in History at level 5? (Question 27),Basic systems overview,Detailed systems explanation for History,Simple systems summary,General systems description,Standard systems definition,1,"Educational content about systems in History (Level 5, Item 27)"
his-l5-1478,History,5,What are important structures in History at level 5? (Question 28),Basic structures overview,Detailed structures explanation for History,Simple structures summary,General structures description,Standard structures definition,1,"Educational content about structures in History (Level 5, Item 28)"
his-l5-1479,History,5,What are important elements in History at level 5? (Question 29),Basic elements overview,Detailed elements explanation for History,Simple elements summary,General elements description,Standard elements definition,1,"Educational content about elements in History (Level 5, Item 29)"
his-l5-1480,History,5,What are important components in History at level 5? (Question 30),Basic components overview,Detailed components explanation for History,Simple components summary,General components description,Standard components definition,1,"Educational content about components in History (Level 5, Item 30)"
his-l5-1481,History,5,What are important concepts in History at level 5? (Question 31),Basic concepts overview,Detailed concepts explanation for History,Simple concepts summary,General concepts description,Standard concepts definition,1,"Educational content about concepts in History (Level 5, Item 31)"
his-l5-1482,History,5,What are important principles in History at level 5? (Question 32),Basic principles overview,Detailed principles explanation for History,Simple principles summary,General principles description,Standard principles definition,1,"Educational content about principles in History (Level 5, Item 32)"
his-l5-1483,History,5,What are important theories in History at level 5? (Question 33),Basic theories overview,Detailed theories explanation for History,Simple theories summary,General theories description,Standard theories definition,1,"Educational content about theories in History (Level 5, Item 33)"
his-l5-1484,History,5,What are important facts in History at level 5? (Question 34),Basic facts overview,Detailed facts explanation for History,Simple facts summary,General facts description,Standard facts definition,1,"Educational content about facts in History (Level 5, Item 34)"
his-l5-1485,History,5,What are important phenomena in History at level 5? (Question 35),Basic phenomena overview,Detailed phenomena explanation for History,Simple phenomena summary,General phenomena description,Standard phenomena definition,1,"Educational content about phenomena in History (Level 5, Item 35)"
his-l5-1486,History,5,What are important processes in History at level 5? (Question 36),Basic processes overview,Detailed processes explanation for History,Simple processes summary,General processes description,Standard processes definition,1,"Educational content about processes in History (Level 5, Item 36)"
his-l5-1487,History,5,What are important systems in History at level 5? (Question 37),Basic systems overview,Detailed systems explanation for History,Simple systems summary,General systems description,Standard systems definition,1,"Educational content about systems in History (Level 5, Item 37)"
his-l5-1488,History,5,What are important structures in History at level 5? (Question 38),Basic structures overview,Detailed structures explanation for History,Simple structures summary,General structures description,Standard structures definition,1,"Educational content about structures in History (Level 5, Item 38)"
his-l5-1489,History,5,What are important elements in History at level 5? (Question 39),Basic elements overview,Detailed elements explanation for History,Simple elements summary,General elements description,Standard elements definition,1,"Educational content about elements in History (Level 5, Item 39)"
his-l5-1490,History,5,What are important components in History at level 5? (Question 40),Basic components overview,Detailed components explanation for History,Simple components summary,General components description,Standard components definition,1,"Educational content about components in History (Level 5, Item 40)"
his-l5-1491,History,5,What are important concepts in History at level 5? (Question 41),Basic concepts overview,Detailed concepts explanation for History,Simple concepts summary,General concepts description,Standard concepts definition,1,"Educational content about concepts in History (Level 5, Item 41)"
his-l5-1492,History,5,What are important principles in History at level 5? (Question 42),Basic principles overview,Detailed principles explanation for History,Simple principles summary,General principles description,Standard principles definition,1,"Educational content about principles in History (Level 5, Item 42)"
his-l5-1493,History,5,What are important theories in History at level 5? (Question 43),Basic theories overview,Detailed theories explanation for History,Simple theories summary,General theories description,Standard theories definition,1,"Educational content about theories in History (Level 5, Item 43)"
his-l5-1494,History,5,What are important facts in History at level 5? (Question 44),Basic facts overview,Detailed facts explanation for History,Simple facts summary,General facts description,Standard facts definition,1,"Educational content about facts in History (Level 5, Item 44)"
his-l5-1495,History,5,What are important phenomena in History at level 5? (Question 45),Basic phenomena overview,Detailed phenomena explanation for History,Simple phenomena summary,General phenomena description,Standard phenomena definition,1,"Educational content about phenomena in History (Level 5, Item 45)"
his-l5-1496,History,5,What are important processes in History at level 5? (Question 46),Basic processes overview,Detailed processes explanation for History,Simple processes summary,General processes description,Standard processes definition,1,"Educational content about processes in History (Level 5, Item 46)"
his-l5-1497,History,5,What are important systems in History at level 5? (Question 47),Basic systems overview,Detailed systems explanation for History,Simple systems summary,General systems description,Standard systems definition,1,"Educational content about systems in History (Level 5, Item 47)"
his-l5-1498,History,5,What are important structures in History at level 5? (Question 48),Basic structures overview,Detailed structures explanation for History,Simple structures summary,General structures description,Standard structures definition,1,"Educational content about structures in History (Level 5, Item 48)"
his-l5-1499,History,5,What are important elements in History at level 5? (Question 49),Basic elements overview,Detailed elements explanation for History,Simple elements summary,General elements description,Standard elements definition,1,"Educational content about elements in History (Level 5, Item 49)"
his-l5-1500,History,5,What are important components in History at level 5? (Question 50),Basic components overview,Detailed components explanation for History,Simple components summary,General components description,Standard components definition,1,"Educational content about components in History (Level 5, Item 50)"
spa-l1-1501,Space,1,What is Solar system?,A theory,Planetary system,A law,A principle,A rule,1,Sun and orbiting celestial bodies
spa-l1-1502,Space,1,How is Solar system best described?,As a process,Sun and orbiting celestial bodies,As a theory,As a law,As a hypothesis,1,Solar system: planetary system
spa-l1-1503,Space,1,"In Space, what characterizes Solar system?",Its size,Planetary system,Its color,Its shape,Its weight,1,Learn about Solar system
spa-l1-1504,Space,1,What is Black hole?,A theory,Collapsed star,A law,A principle,A rule,1,region of spacetime with extreme gravity
spa-l1-1505,Space,1,How is Black hole best described?,As a process,Region of spacetime with extreme gravity,As a theory,As a law,As a hypothesis,1,Black hole: collapsed star
spa-l1-1506,Space,1,"In Space, what characterizes Black hole?",Its size,Collapsed star,Its color,Its shape,Its weight,1,Learn about Black hole
spa-l1-1507,Space,1,What is Galaxy?,A theory,Star system,A law,A principle,A rule,1,gravitationally bound system of stars
spa-l1-1508,Space,1,How is Galaxy best described?,As a process,Gravitationally bound system of stars,As a theory,As a law,As a hypothesis,1,Galaxy: star system
spa-l1-1509,Space,1,"In Space, what characterizes Galaxy?",Its size,Star system,Its color,Its shape,Its weight,1,Learn about Galaxy
spa-l1-1510,Space,1,What is Light year?,A theory,Distance measure,A law,A principle,A rule,1,distance light travels in one year
spa-l1-1511,Space,1,How is Light year best described?,As a process,Distance light travels in one year,As a theory,As a law,As a hypothesis,1,Light year: distance measure
spa-l1-1512,Space,1,"In Space, what characterizes Light year?",Its size,Distance measure,Its color,Its shape,Its weight,1,Learn about Light year
spa-l1-1513,Space,1,What is Asteroid?,A theory,Space rock,A law,A principle,A rule,1,small rocky body orbiting the Sun
spa-l1-1514,Space,1,How is Asteroid best described?,As a process,Small rocky body orbiting the sun,As a theory,As a law,As a hypothesis,1,Asteroid: space rock
spa-l1-1515,Space,1,"In Space, what characterizes Asteroid?",Its size,Space rock,Its color,Its shape,Its weight,1,Learn about Asteroid
spa-l1-1516,Space,1,What are important processes in Space at level 1? (Question 16),Basic processes overview,Detailed processes explanation for Space,Simple processes summary,General processes description,Standard processes definition,1,"Educational content about processes in Space (Level 1, Item 16)"
spa-l1-1517,Space,1,What are important systems in Space at level 1? (Question 17),Basic systems overview,Detailed systems explanation for Space,Simple systems summary,General systems description,Standard systems definition,1,"Educational content about systems in Space (Level 1, Item 17)"
spa-l1-1518,Space,1,What are important structures in Space at level 1? (Question 18),Basic structures overview,Detailed structures explanation for Space,Simple structures summary,General structures description,Standard structures definition,1,"Educational content about structures in Space (Level 1, Item 18)"
spa-l1-1519,Space,1,What are important elements in Space at level 1? (Question 19),Basic elements overview,Detailed elements explanation for Space,Simple elements summary,General elements description,Standard elements definition,1,"Educational content about elements in Space (Level 1, Item 19)"
spa-l1-1520,Space,1,What are important components in Space at level 1? (Question 20),Basic components overview,Detailed components explanation for Space,Simple components summary,General components description,Standard components definition,1,"Educational content about components in Space (Level 1, Item 20)"
spa-l1-1521,Space,1,What are important concepts in Space at level 1? (Question 21),Basic concepts overview,Detailed concepts explanation for Space,Simple concepts summary,General concepts description,Standard concepts definition,1,"Educational content about concepts in Space (Level 1, Item 21)"
spa-l1-1522,Space,1,What are important principles in Space at level 1? (Question 22),Basic principles overview,Detailed principles explanation for Space,Simple principles summary,General principles description,Standard principles definition,1,"Educational content about principles in Space (Level 1, Item 22)"
spa-l1-1523,Space,1,What are important theories in Space at level 1? (Question 23),Basic theories overview,Detailed theories explanation for Space,Simple theories summary,General theories description,Standard theories definition,1,"Educational content about theories in Space (Level 1, Item 23)"
spa-l1-1524,Space,1,What are important facts in Space at level 1? (Question 24),Basic facts overview,Detailed facts explanation for Space,Simple facts summary,General facts description,Standard facts definition,1,"Educational content about facts in Space (Level 1, Item 24)"
spa-l1-1525,Space,1,What are important phenomena in Space at level 1? (Question 25),Basic phenomena overview,Detailed phenomena explanation for Space,Simple phenomena summary,General phenomena description,Standard phenomena definition,1,"Educational content about phenomena in Space (Level 1, Item 25)"
spa-l1-1526,Space,1,What are important processes in Space at level 1? (Question 26),Basic processes overview,Detailed processes explanation for Space,Simple processes summary,General processes description,Standard processes definition,1,"Educational content about processes in Space (Level 1, Item 26)"
spa-l1-1527,Space,1,What are important systems in Space at level 1? (Question 27),Basic systems overview,Detailed systems explanation for Space,Simple systems summary,General systems description,Standard systems definition,1,"Educational content about systems in Space (Level 1, Item 27)"
spa-l1-1528,Space,1,What are important structures in Space at level 1? (Question 28),Basic structures overview,Detailed structures explanation for Space,Simple structures summary,General structures description,Standard structures definition,1,"Educational content about structures in Space (Level 1, Item 28)"
spa-l1-1529,Space,1,What are important elements in Space at level 1? (Question 29),Basic elements overview,Detailed elements explanation for Space,Simple elements summary,General elements description,Standard elements definition,1,"Educational content about elements in Space (Level 1, Item 29)"
spa-l1-1530,Space,1,What are important components in Space at level 1? (Question 30),Basic components overview,Detailed components explanation for Space,Simple components summary,General components description,Standard components definition,1,"Educational content about components in Space (Level 1, Item 30)"
spa-l1-1531,Space,1,What are important concepts in Space at level 1? (Question 31),Basic concepts overview,Detailed concepts explanation for Space,Simple concepts summary,General concepts description,Standard concepts definition,1,"Educational content about concepts in Space (Level 1, Item 31)"
spa-l1-1532,Space,1,What are important principles in Space at level 1? (Question 32),Basic principles overview,Detailed principles explanation for Space,Simple principles summary,General principles description,Standard principles definition,1,"Educational content about principles in Space (Level 1, Item 32)"
spa-l1-1533,Space,1,What are important theories in Space at level 1? (Question 33),Basic theories overview,Detailed theories explanation for Space,Simple theories summary,General theories description,Standard theories definition,1,"Educational content about theories in Space (Level 1, Item 33)"
spa-l1-1534,Space,1,What are important facts in Space at level 1? (Question 34),Basic facts overview,Detailed facts explanation for Space,Simple facts summary,General facts description,Standard facts definition,1,"Educational content about facts in Space (Level 1, Item 34)"
spa-l1-1535,Space,1,What are important phenomena in Space at level 1? (Question 35),Basic phenomena overview,Detailed phenomena explanation for Space,Simple phenomena summary,General phenomena description,Standard phenomena definition,1,"Educational content about phenomena in Space (Level 1, Item 35)"
spa-l1-1536,Space,1,What are important processes in Space at level 1? (Question 36),Basic processes overview,Detailed processes explanation for Space,Simple processes summary,General processes description,Standard processes definition,1,"Educational content about processes in Space (Level 1, Item 36)"
spa-l1-1537,Space,1,What are important systems in Space at level 1? (Question 37),Basic systems overview,Detailed systems explanation for Space,Simple systems summary,General systems description,Standard systems definition,1,"Educational content about systems in Space (Level 1, Item 37)"
spa-l1-1538,Space,1,What are important structures in Space at level 1? (Question 38),Basic structures overview,Detailed structures explanation for Space,Simple structures summary,General structures description,Standard structures definition,1,"Educational content about structures in Space (Level 1, Item 38)"
spa-l1-1539,Space,1,What are important elements in Space at level 1? (Question 39),Basic elements overview,Detailed elements explanation for Space,Simple elements summary,General elements description,Standard elements definition,1,"Educational content about elements in Space (Level 1, Item 39)"
spa-l1-1540,Space,1,What are important components in Space at level 1? (Question 40),Basic components overview,Detailed components explanation for Space,Simple components summary,General components description,Standard components definition,1,"Educational content about components in Space (Level 1, Item 40)"
spa-l1-1541,Space,1,What are important concepts in Space at level 1? (Question 41),Basic concepts overview,Detailed concepts explanation for Space,Simple concepts summary,General concepts description,Standard concepts definition,1,"Educational content about concepts in Space (Level 1, Item 41)"
spa-l1-1542,Space,1,What are important principles in Space at level 1? (Question 42),Basic principles overview,Detailed principles explanation for Space,Simple principles summary,General principles description,Standard principles definition,1,"Educational content about principles in Space (Level 1, Item 42)"
spa-l1-1543,Space,1,What are important theories in Space at level 1? (Question 43),Basic theories overview,Detailed theories explanation for Space,Simple theories summary,General theories description,Standard theories definition,1,"Educational content about theories in Space (Level 1, Item 43)"
spa-l1-1544,Space,1,What are important facts in Space at level 1? (Question 44),Basic facts overview,Detailed facts explanation for Space,Simple facts summary,General facts description,Standard facts definition,1,"Educational content about facts in Space (Level 1, Item 44)"
spa-l1-1545,Space,1,What are important phenomena in Space at level 1? (Question 45),Basic phenomena overview,Detailed phenomena explanation for Space,Simple phenomena summary,General phenomena description,Standard phenomena definition,1,"Educational content about phenomena in Space (Level 1, Item 45)"
spa-l1-1546,Space,1,What are important processes in Space at level 1? (Question 46),Basic processes overview,Detailed processes explanation for Space,Simple processes summary,General processes description,Standard processes definition,1,"Educational content about processes in Space (Level 1, Item 46)"
spa-l1-1547,Space,1,What are important systems in Space at level 1? (Question 47),Basic systems overview,Detailed systems explanation for Space,Simple systems summary,General systems description,Standard systems definition,1,"Educational content about systems in Space (Level 1, Item 47)"
spa-l1-1548,Space,1,What are important structures in Space at level 1? (Question 48),Basic structures overview,Detailed structures explanation for Space,Simple structures summary,General structures description,Standard structures definition,1,"Educational content about structures in Space (Level 1, Item 48)"
spa-l1-1549,Space,1,What are important elements in Space at level 1? (Question 49),Basic elements overview,Detailed elements explanation for Space,Simple elements summary,General elements description,Standard elements definition,1,"Educational content about elements in Space (Level 1, Item 49)"
spa-l1-1550,Space,1,What are important components in Space at level 1? (Question 50),Basic components overview,Detailed components explanation for Space,Simple components summary,General components description,Standard components definition,1,"Educational content about components in Space (Level 1, Item 50)"
spa-l2-1551,Space,2,What are important concepts in Space at level 2? (Question 1),Basic concepts overview,Detailed concepts explanation for Space,Simple concepts summary,General concepts description,Standard concepts definition,1,"Educational content about concepts in Space (Level 2, Item 1)"
spa-l2-1552,Space,2,What are important principles in Space at level 2? (Question 2),Basic principles overview,Detailed principles explanation for Space,Simple principles summary,General principles description,Standard principles definition,1,"Educational content about principles in Space (Level 2, Item 2)"
spa-l2-1553,Space,2,What are important theories in Space at level 2? (Question 3),Basic theories overview,Detailed theories explanation for Space,Simple theories summary,General theories description,Standard theories definition,1,"Educational content about theories in Space (Level 2, Item 3)"
spa-l2-1554,Space,2,What are important facts in Space at level 2? (Question 4),Basic facts overview,Detailed facts explanation for Space,Simple facts summary,General facts description,Standard facts definition,1,"Educational content about facts in Space (Level 2, Item 4)"
spa-l2-1555,Space,2,What are important phenomena in Space at level 2? (Question 5),Basic phenomena overview,Detailed phenomena explanation for Space,Simple phenomena summary,General phenomena description,Standard phenomena definition,1,"Educational content about phenomena in Space (Level 2, Item 5)"
spa-l2-1556,Space,2,What are important processes in Space at level 2? (Question 6),Basic processes overview,Detailed processes explanation for Space,Simple processes summary,General processes description,Standard processes definition,1,"Educational content about processes in Space (Level 2, Item 6)"
spa-l2-1557,Space,2,What are important systems in Space at level 2? (Question 7),Basic systems overview,Detailed systems explanation for Space,Simple systems summary,General systems description,Standard systems definition,1,"Educational content about systems in Space (Level 2, Item 7)"
spa-l2-1558,Space,2,What are important structures in Space at level 2? (Question 8),Basic structures overview,Detailed structures explanation for Space,Simple structures summary,General structures description,Standard structures definition,1,"Educational content about structures in Space (Level 2, Item 8)"
spa-l2-1559,Space,2,What are important elements in Space at level 2? (Question 9),Basic elements overview,Detailed elements explanation for Space,Simple elements summary,General elements description,Standard elements definition,1,"Educational content about elements in Space (Level 2, Item 9)"
spa-l2-1560,Space,2,What are important components in Space at level 2? (Question 10),Basic components overview,Detailed components explanation for Space,Simple components summary,General components description,Standard components definition,1,"Educational content about components in Space (Level 2, Item 10)"
spa-l2-1561,Space,2,What are important concepts in Space at level 2? (Question 11),Basic concepts overview,Detailed concepts explanation for Space,Simple concepts summary,General concepts description,Standard concepts definition,1,"Educational content about concepts in Space (Level 2, Item 11)"
spa-l2-1562,Space,2,What are important principles in Space at level 2? (Question 12),Basic principles overview,Detailed principles explanation for Space,Simple principles summary,General principles description,Standard principles definition,1,"Educational content about principles in Space (Level 2, Item 12)"
spa-l2-1563,Space,2,What are important theories in Space at level 2? (Question 13),Basic theories overview,Detailed theories explanation for Space,Simple theories summary,General theories description,Standard theories definition,1,"Educational content about theories in Space (Level 2, Item 13)"
spa-l2-1564,Space,2,What are important facts in Space at level 2? (Question 14),Basic facts overview,Detailed facts explanation for Space,Simple facts summary,General facts description,Standard facts definition,1,"Educational content about facts in Space (Level 2, Item 14)"
spa-l2-1565,Space,2,What are important phenomena in Space at level 2? (Question 15),Basic phenomena overview,Detailed phenomena explanation for Space,Simple phenomena summary,General phenomena description,Standard phenomena definition,1,"Educational content about phenomena in Space (Level 2, Item 15)"
spa-l2-1566,Space,2,What are important processes in Space at level 2? (Question 16),Basic processes overview,Detailed processes explanation for Space,Simple processes summary,General processes description,Standard processes definition,1,"Educational content about processes in Space (Level 2, Item 16)"
spa-l2-1567,Space,2,What are important systems in Space at level 2? (Question 17),Basic systems overview,Detailed systems explanation for Space,Simple systems summary,General systems description,Standard systems definition,1,"Educational content about systems in Space (Level 2, Item 17)"
spa-l2-1568,Space,2,What are important structures in Space at level 2? (Question 18),Basic structures overview,Detailed structures explanation for Space,Simple structures summary,General structures description,Standard structures definition,1,"Educational content about structures in Space (Level 2, Item 18)"
spa-l2-1569,Space,2,What are important elements in Space at level 2? (Question 19),Basic elements overview,Detailed elements explanation for Space,Simple elements summary,General elements description,Standard elements definition,1,"Educational content about elements in Space (Level 2, Item 19)"
spa-l2-1570,Space,2,What are important components in Space at level 2? (Question 20),Basic components overview,Detailed components explanation for Space,Simple components summary,General components description,Standard components definition,1,"Educational content about components in Space (Level 2, Item 20)"
spa-l2-1571,Space,2,What are important concepts in Space at level 2? (Question 21),Basic concepts overview,Detailed concepts explanation for Space,Simple concepts summary,General concepts description,Standard concepts definition,1,"Educational content about concepts in Space (Level 2, Item 21)"
spa-l2-1572,Space,2,What are important principles in Space at level 2? (Question 22),Basic principles overview,Detailed principles explanation for Space,Simple principles summary,General principles description,Standard principles definition,1,"Educational content about principles in Space (Level 2, Item 22)"
spa-l2-1573,Space,2,What are important theories in Space at level 2? (Question 23),Basic theories overview,Detailed theories explanation for Space,Simple theories summary,General theories description,Standard theories definition,1,"Educational content about theories in Space (Level 2, Item 23)"
spa-l2-1574,Space,2,What are important facts in Space at level 2? (Question 24),Basic facts overview,Detailed facts explanation for Space,Simple facts summary,General facts description,Standard facts definition,1,"Educational content about facts in Space (Level 2, Item 24)"
spa-l2-1575,Space,2,What are important phenomena in Space at level 2? (Question 25),Basic phenomena overview,Detailed phenomena explanation for Space,Simple phenomena summary,General phenomena description,Standard phenomena definition,1,"Educational content about phenomena in Space (Level 2, Item 25)"
spa-l2-1576,Space,2,What are important processes in Space at level 2? (Question 26),Basic processes overview,Detailed processes explanation for Space,Simple processes summary,General processes description,Standard processes definition,1,"Educational content about processes in Space (Level 2, Item 26)"
spa-l2-1577,Space,2,What are important systems in Space at level 2? (Question 27),Basic systems overview,Detailed systems explanation for Space,Simple systems summary,General systems description,Standard systems definition,1,"Educational content about systems in Space (Level 2, Item 27)"
spa-l2-1578,Space,2,What are important structures in Space at level 2? (Question 28),Basic structures overview,Detailed structures explanation for Space,Simple structures summary,General structures description,Standard structures definition,1,"Educational content about structures in Space (Level 2, Item 28)"
spa-l2-1579,Space,2,What are important elements in Space at level 2? (Question 29),Basic elements overview,Detailed elements explanation for Space,Simple elements summary,General elements description,Standard elements definition,1,"Educational content about elements in Space (Level 2, Item 29)"
spa-l2-1580,Space,2,What are important components in Space at level 2? (Question 30),Basic components overview,Detailed components explanation for Space,Simple components summary,General components description,Standard components definition,1,"Educational content about components in Space (Level 2, Item 30)"
spa-l2-1581,Space,2,What are important concepts in Space at level 2? (Question 31),Basic concepts overview,Detailed concepts explanation for Space,Simple concepts summary,General concepts description,Standard concepts definition,1,"Educational content about concepts in Space (Level 2, Item 31)"
spa-l2-1582,Space,2,What are important principles in Space at level 2? (Question 32),Basic principles overview,Detailed principles explanation for Space,Simple principles summary,General principles description,Standard principles definition,1,"Educational content about principles in Space (Level 2, Item 32)"
spa-l2-1583,Space,2,What are important theories in Space at level 2? (Question 33),Basic theories overview,Detailed theories explanation for Space,Simple theories summary,General theories description,Standard theories definition,1,"Educational content about theories in Space (Level 2, Item 33)"
spa-l2-1584,Space,2,What are important facts in Space at level 2? (Question 34),Basic facts overview,Detailed facts explanation for Space,Simple facts summary,General facts description,Standard facts definition,1,"Educational content about facts in Space (Level 2, Item 34)"
spa-l2-1585,Space,2,What are important phenomena in Space at level 2? (Question 35),Basic phenomena overview,Detailed phenomena explanation for Space,Simple phenomena summary,General phenomena description,Standard phenomena definition,1,"Educational content about phenomena in Space (Level 2, Item 35)"
spa-l2-1586,Space,2,What are important processes in Space at level 2? (Question 36),Basic processes overview,Detailed processes explanation for Space,Simple processes summary,General processes description,Standard processes definition,1,"Educational content about processes in Space (Level 2, Item 36)"
spa-l2-1587,Space,2,What are important systems in Space at level 2? (Question 37),Basic systems overview,Detailed systems explanation for Space,Simple systems summary,General systems description,Standard systems definition,1,"Educational content about systems in Space (Level 2, Item 37)"
spa-l2-1588,Space,2,What are important structures in Space at level 2? (Question 38),Basic structures overview,Detailed structures explanation for Space,Simple structures summary,General structures description,Standard structures definition,1,"Educational content about structures in Space (Level 2, Item 38)"
spa-l2-1589,Space,2,What are important elements in Space at level 2? (Question 39),Basic elements overview,Detailed elements explanation for Space,Simple elements summary,General elements description,Standard elements definition,1,"Educational content about elements in Space (Level 2, Item 39)"
spa-l2-1590,Space,2,What are important components in Space at level 2? (Question 40),Basic components overview,Detailed components explanation for Space,Simple components summary,General components description,Standard components definition,1,"Educational content about components in Space (Level 2, Item 40)"
spa-l2-1591,Space,2,What are important concepts in Space at level 2? (Question 41),Basic concepts overview,Detailed concepts explanation for Space,Simple concepts summary,General concepts description,Standard concepts definition,1,"Educational content about concepts in Space (Level 2, Item 41)"
spa-l2-1592,Space,2,What are important principles in Space at level 2? (Question 42),Basic principles overview,Detailed principles explanation for Space,Simple principles summary,General principles description,Standard principles definition,1,"Educational content about principles in Space (Level 2, Item 42)"
spa-l2-1593,Space,2,What are important theories in Space at level 2? (Question 43),Basic theories overview,Detailed theories explanation for Space,Simple theories summary,General theories description,Standard theories definition,1,"Educational content about theories in Space (Level 2, Item 43)"
spa-l2-1594,Space,2,What are important facts in Space at level 2? (Question 44),Basic facts overview,Detailed facts explanation for Space,Simple facts summary,General facts description,Standard facts definition,1,"Educational content about facts in Space (Level 2, Item 44)"
spa-l2-1595,Space,2,What are important phenomena in Space at level 2? (Question 45),Basic phenomena overview,Detailed phenomena explanation for Space,Simple phenomena summary,General phenomena description,Standard phenomena definition,1,"Educational content about phenomena in Space (Level 2, Item 45)"
spa-l2-1596,Space,2,What are important processes in Space at level 2? (Question 46),Basic processes overview,Detailed processes explanation for Space,Simple processes summary,General processes description,Standard processes definition,1,"Educational content about processes in Space (Level 2, Item 46)"
spa-l2-1597,Space,2,What are important systems in Space at level 2? (Question 47),Basic systems overview,Detailed systems explanation for Space,Simple systems summary,General systems description,Standard systems definition,1,"Educational content about systems in Space (Level 2, Item 47)"
spa-l2-1598,Space,2,What are important structures in Space at level 2? (Question 48),Basic structures overview,Detailed structures explanation for Space,Simple structures summary,General structures description,Standard structures definition,1,"Educational content about structures in Space (Level 2, Item 48)"
spa-l2-1599,Space,2,What are important elements in Space at level 2? (Question 49),Basic elements overview,Detailed elements explanation for Space,Simple elements summary,General elements description,Standard elements definition,1,"Educational content about elements in Space (Level 2, Item 49)"
spa-l2-1600,Space,2,What are important components in Space at level 2? (Question 50),Basic components overview,Detailed components explanation for Space,Simple components summary,General components description,Standard components definition,1,"Educational content about components in Space (Level 2, Item 50)"
spa-l3-1601,Space,3,What are important concepts in Space at level 3? (Question 1),Basic concepts overview,Detailed concepts explanation for Space,Simple concepts summary,General concepts description,Standard concepts definition,1,"Educational content about concepts in Space (Level 3, Item 1)"
spa-l3-1602,Space,3,What are important principles in Space at level 3? (Question 2),Basic principles overview,Detailed principles explanation for Space,Simple principles summary,General principles description,Standard principles definition,1,"Educational content about principles in Space (Level 3, Item 2)"
spa-l3-1603,Space,3,What are important theories in Space at level 3? (Question 3),Basic theories overview,Detailed theories explanation for Space,Simple theories summary,General theories description,Standard theories definition,1,"Educational content about theories in Space (Level 3, Item 3)"
spa-l3-1604,Space,3,What are important facts in Space at level 3? (Question 4),Basic facts overview,Detailed facts explanation for Space,Simple facts summary,General facts description,Standard facts definition,1,"Educational content about facts in Space (Level 3, Item 4)"
spa-l3-1605,Space,3,What are important phenomena in Space at level 3? (Question 5),Basic phenomena overview,Detailed phenomena explanation for Space,Simple phenomena summary,General phenomena description,Standard phenomena definition,1,"Educational content about phenomena in Space (Level 3, Item 5)"
spa-l3-1606,Space,3,What are important processes in Space at level 3? (Question 6),Basic processes overview,Detailed processes explanation for Space,Simple processes summary,General processes description,Standard processes definition,1,"Educational content about processes in Space (Level 3, Item 6)"
spa-l3-1607,Space,3,What are important systems in Space at level 3? (Question 7),Basic systems overview,Detailed systems explanation for Space,Simple systems summary,General systems description,Standard systems definition,1,"Educational content about systems in Space (Level 3, Item 7)"
spa-l3-1608,Space,3,What are important structures in Space at level 3? (Question 8),Basic structures overview,Detailed structures explanation for Space,Simple structures summary,General structures description,Standard structures definition,1,"Educational content about structures in Space (Level 3, Item 8)"
spa-l3-1609,Space,3,What are important elements in Space at level 3? (Question 9),Basic elements overview,Detailed elements explanation for Space,Simple elements summary,General elements description,Standard elements definition,1,"Educational content about elements in Space (Level 3, Item 9)"
spa-l3-1610,Space,3,What are important components in Space at level 3? (Question 10),Basic components overview,Detailed components explanation for Space,Simple components summary,General components description,Standard components definition,1,"Educational content about components in Space (Level 3, Item 10)"
spa-l3-1611,Space,3,What are important concepts in Space at level 3? (Question 11),Basic concepts overview,Detailed concepts explanation for Space,Simple concepts summary,General concepts description,Standard concepts definition,1,"Educational content about concepts in Space (Level 3, Item 11)"
spa-l3-1612,Space,3,What are important principles in Space at level 3? (Question 12),Basic principles overview,Detailed principles explanation for Space,Simple principles summary,General principles description,Standard principles definition,1,"Educational content about principles in Space (Level 3, Item 12)"
spa-l3-1613,Space,3,What are important theories in Space at level 3? (Question 13),Basic theories overview,Detailed theories explanation for Space,Simple theories summary,General theories description,Standard theories definition,1,"Educational content about theories in Space (Level 3, Item 13)"
spa-l3-1614,Space,3,What are important facts in Space at level 3? (Question 14),Basic facts overview,Detailed facts explanation for Space,Simple facts summary,General facts description,Standard facts definition,1,"Educational content about facts in Space (Level 3, Item 14)"
spa-l3-1615,Space,3,What are important phenomena in Space at level 3? (Question 15),Basic phenomena overview,Detailed phenomena explanation for Space,Simple phenomena summary,General phenomena description,Standard phenomena definition,1,"Educational content about phenomena in Space (Level 3, Item 15)"
spa-l3-1616,Space,3,What are important processes in Space at level 3? (Question 16),Basic processes overview,Detailed processes explanation for Space,Simple processes summary,General processes description,Standard processes definition,1,"Educational content about processes in Space (Level 3, Item 16)"
spa-l3-1617,Space,3,What are important systems in Space at level 3? (Question 17),Basic systems overview,Detailed systems explanation for Space,Simple systems summary,General systems description,Standard systems definition,1,"Educational content about systems in Space (Level 3, Item 17)"
spa-l3-1618,Space,3,What are important structures in Space at level 3? (Question 18),Basic structures overview,Detailed structures explanation for Space,Simple structures summary,General structures description,Standard structures definition,1,"Educational content about structures in Space (Level 3, Item 18)"
spa-l3-1619,Space,3,What are important elements in Space at level 3? (Question 19),Basic elements overview,Detailed elements explanation for Space,Simple elements summary,General elements description,Standard elements definition,1,"Educational content about elements in Space (Level 3, Item 19)"
spa-l3-1620,Space,3,What are important components in Space at level 3? (Question 20),Basic components overview,Detailed components explanation for Space,Simple components summary,General components description,Standard components definition,1,"Educational content about components in Space (Level 3, Item 20)"
spa-l3-1621,Space,3,What are important concepts in Space at level 3? (Question 21),Basic concepts overview,Detailed concepts explanation for Space,Simple concepts summary,General concepts description,Standard concepts definition,1,"Educational content about concepts in Space (Level 3, Item 21)"
spa-l3-1622,Space,3,What are important principles in Space at level 3? (Question 22),Basic principles overview,Detailed principles explanation for Space,Simple principles summary,General principles description,Standard principles definition,1,"Educational content about principles in Space (Level 3, Item 22)"
spa-l3-1623,Space,3,What are important theories in Space at level 3? (Question 23),Basic theories overview,Detailed theories explanation for Space,Simple theories summary,General theories description,Standard theories definition,1,"Educational content about theories in Space (Level 3, Item 23)"
spa-l3-1624,Space,3,What are important facts in Space at level 3? (Question 24),Basic facts overview,Detailed facts explanation for Space,Simple facts summary,General facts description,Standard facts definition,1,"Educational content about facts in Space (Level 3, Item 24)"
spa-l3-1625,Space,3,What are important phenomena in Space at level 3? (Question 25),Basic phenomena overview,Detailed phenomena explanation for Space,Simple phenomena summary,General phenomena description,Standard phenomena definition,1,"Educational content about phenomena in Space (Level 3, Item 25)"
spa-l3-1626,Space,3,What are important processes in Space at level 3? (Question 26),Basic processes overview,Detailed processes explanation for Space,Simple processes summary,General processes description,Standard processes definition,1,"Educational content about processes in Space (Level 3, Item 26)"
spa-l3-1627,Space,3,What are important systems in Space at level 3? (Question 27),Basic systems overview,Detailed systems explanation for Space,Simple systems summary,General systems description,Standard systems definition,1,"Educational content about systems in Space (Level 3, Item 27)"
spa-l3-1628,Space,3,What are important structures in Space at level 3? (Question 28),Basic structures overview,Detailed structures explanation for Space,Simple structures summary,General structures description,Standard structures definition,1,"Educational content about structures in Space (Level 3, Item 28)"
spa-l3-1629,Space,3,What are important elements in Space at level 3? (Question 29),Basic elements overview,Detailed elements explanation for Space,Simple elements summary,General elements description,Standard elements definition,1,"Educational content about elements in Space (Level 3, Item 29)"
spa-l3-1630,Space,3,What are important components in Space at level 3? (Question 30),Basic components overview,Detailed components explanation for Space,Simple components summary,General components description,Standard components definition,1,"Educational content about components in Space (Level 3, Item 30)"
spa-l3-1631,Space,3,What are important concepts in Space at level 3? (Question 31),Basic concepts overview,Detailed concepts explanation for Space,Simple concepts summary,General concepts description,Standard concepts definition,1,"Educational content about concepts in Space (Level 3, Item 31)"
spa-l3-1632,Space,3,What are important principles in Space at level 3? (Question 32),Basic principles overview,Detailed principles explanation for Space,Simple principles summary,General principles description,Standard principles definition,1,"Educational content about principles in Space (Level 3, Item 32)"
spa-l3-1633,Space,3,What are important theories in Space at level 3? (Question 33),Basic theories overview,Detailed theories explanation for Space,Simple theories summary,General theories description,Standard theories definition,1,"Educational content about theories in Space (Level 3, Item 33)"
spa-l3-1634,Space,3,What are important facts in Space at level 3? (Question 34),Basic facts overview,Detailed facts explanation for Space,Simple facts summary,General facts description,Standard facts definition,1,"Educational content about facts in Space (Level 3, Item 34)"
spa-l3-1635,Space,3,What are important phenomena in Space at level 3? (Question 35),Basic phenomena overview,Detailed phenomena explanation for Space,Simple phenomena summary,General phenomena description,Standard phenomena definition,1,"Educational content about phenomena in Space (Level 3, Item 35)"
spa-l3-1636,Space,3,What are important processes in Space at level 3? (Question 36),Basic processes overview,Detailed processes explanation for Space,Simple processes summary,General processes description,Standard processes definition,1,"Educational content about processes in Space (Level 3, Item 36)"
spa-l3-1637,Space,3,What are important systems in Space at level 3? (Question 37),Basic systems overview,Detailed systems explanation for Space,Simple systems summary,General systems description,Standard systems definition,1,"Educational content about systems in Space (Level 3, Item 37)"
spa-l3-1638,Space,3,What are important structures in Space at level 3? (Question 38),Basic structures overview,Detailed structures explanation for Space,Simple structures summary,General structures description,Standard structures definition,1,"Educational content about structures in Space (Level 3, Item 38)"
spa-l3-1639,Space,3,What are important elements in Space at level 3? (Question 39),Basic elements overview,Detailed elements explanation for Space,Simple elements summary,General elements description,Standard elements definition,1,"Educational content about elements in Space (Level 3, Item 39)"
spa-l3-1640,Space,3,What are important components in Space at level 3? (Question 40),Basic components overview,Detailed components explanation for Space,Simple components summary,General components description,Standard components definition,1,"Educational content about components in Space (Level 3, Item 40)"
spa-l3-1641,Space,3,What are important concepts in Space at level 3? (Question 41),Basic concepts overview,Detailed concepts explanation for Space,Simple concepts summary,General concepts description,Standard concepts definition,1,"Educational content about concepts in Space (Level 3, Item 41)"
spa-l3-1642,Space,3,What are important principles in Space at level 3? (Question 42),Basic principles overview,Detailed principles explanation for Space,Simple principles summary,General principles description,Standard principles definition,1,"Educational content about principles in Space (Level 3, Item 42)"
spa-l3-1643,Space,3,What are important theories in Space at level 3? (Question 43),Basic theories overview,Detailed theories explanation for Space,Simple theories summary,General theories description,Standard theories definition,1,"Educational content about theories in Space (Level 3, Item 43)"
spa-l3-1644,Space,3,What are important facts in Space at level 3? (Question 44),Basic facts overview,Detailed facts explanation for Space,Simple facts summary,General facts description,Standard facts definition,1,"Educational content about facts in Space (Level 3, Item 44)"
spa-l3-1645,Space,3,What are important phenomena in Space at level 3? (Question 45),Basic phenomena overview,Detailed phenomena explanation for Space,Simple phenomena summary,General phenomena description,Standard phenomena definition,1,"Educational content about phenomena in Space (Level 3, Item 45)"
spa-l3-1646,Space,3,What are important processes in Space at level 3? (Question 46),Basic processes overview,Detailed processes explanation for Space,Simple processes summary,General processes description,Standard processes definition,1,"Educational content about processes in Space (Level 3, Item 46)"
spa-l3-1647,Space,3,What are important systems in Space at level 3? (Question 47),Basic systems overview,Detailed systems explanation for Space,Simple systems summary,General systems description,Standard systems definition,1,"Educational content about systems in Space (Level 3, Item 47)"
spa-l3-1648,Space,3,What are important structures in Space at level 3? (Question 48),Basic structures overview,Detailed structures explanation for Space,Simple structures summary,General structures description,Standard structures definition,1,"Educational content about structures in Space (Level 3, Item 48)"
spa-l3-1649,Space,3,What are important elements in Space at level 3? (Question 49),Basic elements overview,Detailed elements explanation for Space,Simple elements summary,General elements description,Standard elements definition,1,"Educational content about elements in Space (Level 3, Item 49)"
spa-l3-1650,Space,3,What are important components in Space at level 3? (Question 50),Basic components overview,Detailed components explanation for Space,Simple components summary,General components description,Standard components definition,1,"Educational content about components in Space (Level 3, Item 50)"
spa-l4-1651,Space,4,What are important concepts in Space at level 4? (Question 1),Basic concepts overview,Detailed concepts explanation for Space,Simple concepts summary,General concepts description,Standard concepts definition,1,"Educational content about concepts in Space (Level 4, Item 1)"
spa-l4-1652,Space,4,What are important principles in Space at level 4? (Question 2),Basic principles overview,Detailed principles explanation for Space,Simple principles summary,General principles description,Standard principles definition,1,"Educational content about principles in Space (Level 4, Item 2)"
spa-l4-1653,Space,4,What are important theories in Space at level 4? (Question 3),Basic theories overview,Detailed theories explanation for Space,Simple theories summary,General theories description,Standard theories definition,1,"Educational content about theories in Space (Level 4, Item 3)"
spa-l4-1654,Space,4,What are important facts in Space at level 4? (Question 4),Basic facts overview,Detailed facts explanation for Space,Simple facts summary,General facts description,Standard facts definition,1,"Educational content about facts in Space (Level 4, Item 4)"
spa-l4-1655,Space,4,What are important phenomena in Space at level 4? (Question 5),Basic phenomena overview,Detailed phenomena explanation for Space,Simple phenomena summary,General phenomena description,Standard phenomena definition,1,"Educational content about phenomena in Space (Level 4, Item 5)"
spa-l4-1656,Space,4,What are important processes in Space at level 4? (Question 6),Basic processes overview,Detailed processes explanation for Space,Simple processes summary,General processes description,Standard processes definition,1,"Educational content about processes in Space (Level 4, Item 6)"
spa-l4-1657,Space,4,What are important systems in Space at level 4? (Question 7),Basic systems overview,Detailed systems explanation for Space,Simple systems summary,General systems description,Standard systems definition,1,"Educational content about systems in Space (Level 4, Item 7)"
spa-l4-1658,Space,4,What are important structures in Space at level 4? (Question 8),Basic structures overview,Detailed structures explanation for Space,Simple structures summary,General structures description,Standard structures definition,1,"Educational content about structures in Space (Level 4, Item 8)"
spa-l4-1659,Space,4,What are important elements in Space at level 4? (Question 9),Basic elements overview,Detailed elements explanation for Space,Simple elements summary,General elements description,Standard elements definition,1,"Educational content about elements in Space (Level 4, Item 9)"
spa-l4-1660,Space,4,What are important components in Space at level 4? (Question 10),Basic components overview,Detailed components explanation for Space,Simple components summary,General components description,Standard components definition,1,"Educational content about components in Space (Level 4, Item 10)"
spa-l4-1661,Space,4,What are important concepts in Space at level 4? (Question 11),Basic concepts overview,Detailed concepts explanation for Space,Simple concepts summary,General concepts description,Standard concepts definition,1,"Educational content about concepts in Space (Level 4, Item 11)"
spa-l4-1662,Space,4,What are important principles in Space at level 4? (Question 12),Basic principles overview,Detailed principles explanation for Space,Simple principles summary,General principles description,Standard principles definition,1,"Educational content about principles in Space (Level 4, Item 12)"
spa-l4-1663,Space,4,What are important theories in Space at level 4? (Question 13),Basic theories overview,Detailed theories explanation for Space,Simple theories summary,General theories description,Standard theories definition,1,"Educational content about theories in Space (Level 4, Item 13)"
spa-l4-1664,Space,4,What are important facts in Space at level 4? (Question 14),Basic facts overview,Detailed facts explanation for Space,Simple facts summary,General facts description,Standard facts definition,1,"Educational content about facts in Space (Level 4, Item 14)"
spa-l4-1665,Space,4,What are important phenomena in Space at level 4? (Question 15),Basic phenomena overview,Detailed phenomena explanation for Space,Simple phenomena summary,General phenomena description,Standard phenomena definition,1,"Educational content about phenomena in Space (Level 4, Item 15)"
spa-l4-1666,Space,4,What are important processes in Space at level 4? (Question 16),Basic processes overview,Detailed processes explanation for Space,Simple processes summary,General processes description,Standard processes definition,1,"Educational content about processes in Space (Level 4, Item 16)"
spa-l4-1667,Space,4,What are important systems in Space at level 4? (Question 17),Basic systems overview,Detailed systems explanation for Space,Simple systems summary,General systems description,Standard systems definition,1,"Educational content about systems in Space (Level 4, Item 17)"
spa-l4-1668,Space,4,What are important structures in Space at level 4? (Question 18),Basic structures overview,Detailed structures explanation for Space,Simple structures summary,General structures description,Standard structures definition,1,"Educational content about structures in Space (Level 4, Item 18)"
spa-l4-1669,Space,4,What are important elements in Space at level 4? (Question 19),Basic elements overview,Detailed elements explanation for Space,Simple elements summary,General elements description,Standard elements definition,1,"Educational content about elements in Space (Level 4, Item 19)"
spa-l4-1670,Space,4,What are important components in Space at level 4? (Question 20),Basic components overview,Detailed components explanation for Space,Simple components summary,General components description,Standard components definition,1,"Educational content about components in Space (Level 4, Item 20)"
spa-l4-1671,Space,4,What are important concepts in Space at level 4? (Question 21),Basic concepts overview,Detailed concepts explanation for Space,Simple concepts summary,General concepts description,Standard concepts definition,1,"Educational content about concepts in Space (Level 4, Item 21)"
spa-l4-1672,Space,4,What are important principles in Space at level 4? (Question 22),Basic principles overview,Detailed principles explanation for Space,Simple principles summary,General principles description,Standard principles definition,1,"Educational content about principles in Space (Level 4, Item 22)"
spa-l4-1673,Space,4,What are important theories in Space at level 4? (Question 23),Basic theories overview,Detailed theories explanation for Space,Simple theories summary,General theories description,Standard theories definition,1,"Educational content about theories in Space (Level 4, Item 23)"
spa-l4-1674,Space,4,What are important facts in Space at level 4? (Question 24),Basic facts overview,Detailed facts explanation for Space,Simple facts summary,General facts description,Standard facts definition,1,"Educational content about facts in Space (Level 4, Item 24)"
spa-l4-1675,Space,4,What are important phenomena in Space at level 4? (Question 25),Basic phenomena overview,Detailed phenomena explanation for Space,Simple phenomena summary,General phenomena description,Standard phenomena definition,1,"Educational content about phenomena in Space (Level 4, Item 25)"
spa-l4-1676,Space,4,What are important processes in Space at level 4? (Question 26),Basic processes overview,Detailed processes explanation for Space,Simple processes summary,General processes description,Standard processes definition,1,"Educational content about processes in Space (Level 4, Item 26)"
spa-l4-1677,Space,4,What are important systems in Space at level 4? (Question 27),Basic systems overview,Detailed systems explanation for Space,Simple systems summary,General systems description,Standard systems definition,1,"Educational content about systems in Space (Level 4, Item 27)"
spa-l4-1678,Space,4,What are important structures in Space at level 4? (Question 28),Basic structures overview,Detailed structures explanation for Space,Simple structures summary,General structures description,Standard structures definition,1,"Educational content about structures in Space (Level 4, Item 28)"
spa-l4-1679,Space,4,What are important elements in Space at level 4? (Question 29),Basic elements overview,Detailed elements explanation for Space,Simple elements summary,General elements description,Standard elements definition,1,"Educational content about elements in Space (Level 4, Item 29)"
spa-l4-1680,Space,4,What are important components in Space at level 4? (Question 30),Basic components overview,Detailed components explanation for Space,Simple components summary,General components description,Standard components definition,1,"Educational content about components in Space (Level 4, Item 30)"
spa-l4-1681,Space,4,What are important concepts in Space at level 4? (Question 31),Basic concepts overview,Detailed concepts explanation for Space,Simple concepts summary,General concepts description,Standard concepts definition,1,"Educational content about concepts in Space (Level 4, Item 31)"
spa-l4-1682,Space,4,What are important principles in Space at level 4? (Question 32),Basic principles overview,Detailed principles explanation for Space,Simple principles summary,General principles description,Standard principles definition,1,"Educational content about principles in Space (Level 4, Item 32)"
spa-l4-1683,Space,4,What are important theories in Space at level 4? (Question 33),Basic theories overview,Detailed theories explanation for Space,Simple theories summary,General theories description,Standard theories definition,1,"Educational content about theories in Space (Level 4, Item 33)"
spa-l4-1684,Space,4,What are important facts in Space at level 4? (Question 34),Basic facts overview,Detailed facts explanation for Space,Simple facts summary,General facts description,Standard facts definition,1,"Educational content about facts in Space (Level 4, Item 34)"
spa-l4-1685,Space,4,What are important phenomena in Space at level 4? (Question 35),Basic phenomena overview,Detailed phenomena explanation for Space,Simple phenomena summary,General phenomena description,Standard phenomena definition,1,"Educational content about phenomena in Space (Level 4, Item 35)"
spa-l4-1686,Space,4,What are important processes in Space at level 4? (Question 36),Basic processes overview,Detailed processes explanation for Space,Simple processes summary,General processes description,Standard processes definition,1,"Educational content about processes in Space (Level 4, Item 36)"
spa-l4-1687,Space,4,What are important systems in Space at level 4? (Question 37),Basic systems overview,Detailed systems explanation for Space,Simple systems summary,General systems description,Standard systems definition,1,"Educational content about systems in Space (Level 4, Item 37)"
spa-l4-1688,Space,4,What are important structures in Space at level 4? (Question 38),Basic structures overview,Detailed structures explanation for Space,Simple structures summary,General structures description,Standard structures definition,1,"Educational content about structures in Space (Level 4, Item 38)"
spa-l4-1689,Space,4,What are important elements in Space at level 4? (Question 39),Basic elements overview,Detailed elements explanation for Space,Simple elements summary,General elements description,Standard elements definition,1,"Educational content about elements in Space (Level 4, Item 39)"
spa-l4-1690,Space,4,What are important components in Space at level 4? (Question 40),Basic components overview,Detailed components explanation for Space,Simple components summary,General components description,Standard components definition,1,"Educational content about components in Space (Level 4, Item 40)"
spa-l4-1691,Space,4,What are important concepts in Space at level 4? (Question 41),Basic concepts overview,Detailed concepts explanation for Space,Simple concepts summary,General concepts description,Standard concepts definition,1,"Educational content about concepts in Space (Level 4, Item 41)"
spa-l4-1692,Space,4,What are important principles in Space at level 4? (Question 42),Basic principles overview,Detailed principles explanation for Space,Simple principles summary,General principles description,Standard principles definition,1,"Educational content about principles in Space (Level 4, Item 42)"
spa-l4-1693,Space,4,What are important theories in Space at level 4? (Question 43),Basic theories overview,Detailed theories explanation for Space,Simple theories summary,General theories description,Standard theories definition,1,"Educational content about theories in Space (Level 4, Item 43)"
spa-l4-1694,Space,4,What are important facts in Space at level 4? (Question 44),Basic facts overview,Detailed facts explanation for Space,Simple facts summary,General facts description,Standard facts definition,1,"Educational content about facts in Space (Level 4, Item 44)"
spa-l4-1695,Space,4,What are important phenomena in Space at level 4? (Question 45),Basic phenomena overview,Detailed phenomena explanation for Space,Simple phenomena summary,General phenomena description,Standard phenomena definition,1,"Educational content about phenomena in Space (Level 4, Item 45)"
spa-l4-1696,Space,4,What are important processes in Space at level 4? (Question 46),Basic processes overview,Detailed processes explanation for Space,Simple processes summary,General processes description,Standard processes definition,1,"Educational content about processes in Space (Level 4, Item 46)"
spa-l4-1697,Space,4,What are important systems in Space at level 4? (Question 47),Basic systems overview,Detailed systems explanation for Space,Simple systems summary,General systems description,Standard systems definition,1,"Educational content about systems in Space (Level 4, Item 47)"
spa-l4-1698,Space,4,What are important structures in Space at level 4? (Question 48),Basic structures overview,Detailed structures explanation for Space,Simple structures summary,General structures description,Standard structures definition,1,"Educational content about structures in Space (Level 4, Item 48)"
spa-l4-1699,Space,4,What are important elements in Space at level 4? (Question 49),Basic elements overview,Detailed elements explanation for Space,Simple elements summary,General elements description,Standard elements definition,1,"Educational content about elements in Space (Level 4, Item 49)"
spa-l4-1700,Space,4,What are important components in Space at level 4? (Question 50),Basic components overview,Detailed components explanation for Space,Simple components summary,General components description,Standard components definition,1,"Educational content about components in Space (Level 4, Item 50)"
spa-l5-1701,Space,5,What are important concepts in Space at level 5? (Question 1),Basic concepts overview,Detailed concepts explanation for Space,Simple concepts summary,General concepts description,Standard concepts definition,1,"Educational content about concepts in Space (Level 5, Item 1)"
spa-l5-1702,Space,5,What are important principles in Space at level 5? (Question 2),Basic principles overview,Detailed principles explanation for Space,Simple principles summary,General principles description,Standard principles definition,1,"Educational content about principles in Space (Level 5, Item 2)"
spa-l5-1703,Space,5,What are important theories in Space at level 5? (Question 3),Basic theories overview,Detailed theories explanation for Space,Simple theories summary,General theories description,Standard theories definition,1,"Educational content about theories in Space (Level 5, Item 3)"
spa-l5-1704,Space,5,What are important facts in Space at level 5? (Question 4),Basic facts overview,Detailed facts explanation for Space,Simple facts summary,General facts description,Standard facts definition,1,"Educational content about facts in Space (Level 5, Item 4)"
spa-l5-1705,Space,5,What are important phenomena in Space at level 5? (Question 5),Basic phenomena overview,Detailed phenomena explanation for Space,Simple phenomena summary,General phenomena description,Standard phenomena definition,1,"Educational content about phenomena in Space (Level 5, Item 5)"
spa-l5-1706,Space,5,What are important processes in Space at level 5? (Question 6),Basic processes overview,Detailed processes explanation for Space,Simple processes summary,General processes description,Standard processes definition,1,"Educational content about processes in Space (Level 5, Item 6)"
spa-l5-1707,Space,5,What are important systems in Space at level 5? (Question 7),Basic systems overview,Detailed systems explanation for Space,Simple systems summary,General systems description,Standard systems definition,1,"Educational content about systems in Space (Level 5, Item 7)"
spa-l5-1708,Space,5,What are important structures in Space at level 5? (Question 8),Basic structures overview,Detailed structures explanation for Space,Simple structures summary,General structures description,Standard structures definition,1,"Educational content about structures in Space (Level 5, Item 8)"
spa-l5-1709,Space,5,What are important elements in Space at level 5? (Question 9),Basic elements overview,Detailed elements explanation for Space,Simple elements summary,General elements description,Standard elements definition,1,"Educational content about elements in Space (Level 5, Item 9)"
spa-l5-1710,Space,5,What are important components in Space at level 5? (Question 10),Basic components overview,Detailed components explanation for Space,Simple components summary,General components description,Standard components definition,1,"Educational content about components in Space (Level 5, Item 10)"
spa-l5-1711,Space,5,What are important concepts in Space at level 5? (Question 11),Basic concepts overview,Detailed concepts explanation for Space,Simple concepts summary,General concepts description,Standard concepts definition,1,"Educational content about concepts in Space (Level 5, Item 11)"
spa-l5-1712,Space,5,What are important principles in Space at level 5? (Question 12),Basic principles overview,Detailed principles explanation for Space,Simple principles summary,General principles description,Standard principles definition,1,"Educational content about principles in Space (Level 5, Item 12)"
spa-l5-1713,Space,5,What are important theories in Space at level 5? (Question 13),Basic theories overview,Detailed theories explanation for Space,Simple theories summary,General theories description,Standard theories definition,1,"Educational content about theories in Space (Level 5, Item 13)"
spa-l5-1714,Space,5,What are important facts in Space at level 5? (Question 14),Basic facts overview,Detailed facts explanation for Space,Simple facts summary,General facts description,Standard facts definition,1,"Educational content about facts in Space (Level 5, Item 14)"
spa-l5-1715,Space,5,What are important phenomena in Space at level 5? (Question 15),Basic phenomena overview,Detailed phenomena explanation for Space,Simple phenomena summary,General phenomena description,Standard phenomena definition,1,"Educational content about phenomena in Space (Level 5, Item 15)"
spa-l5-1716,Space,5,What are important processes in Space at level 5? (Question 16),Basic processes overview,Detailed processes explanation for Space,Simple processes summary,General processes description,Standard processes definition,1,"Educational content about processes in Space (Level 5, Item 16)"
spa-l5-1717,Space,5,What are important systems in Space at level 5? (Question 17),Basic systems overview,Detailed systems explanation for Space,Simple systems summary,General systems description,Standard systems definition,1,"Educational content about systems in Space (Level 5, Item 17)"
spa-l5-1718,Space,5,What are important structures in Space at level 5? (Question 18),Basic structures overview,Detailed structures explanation for Space,Simple structures summary,General structures description,Standard structures definition,1,"Educational content about structures in Space (Level 5, Item 18)"
spa-l5-1719,Space,5,What are important elements in Space at level 5? (Question 19),Basic elements overview,Detailed elements explanation for Space,Simple elements summary,General elements description,Standard elements definition,1,"Educational content about elements in Space (Level 5, Item 19)"
spa-l5-1720,Space,5,What are important components in Space at level 5? (Question 20),Basic components overview,Detailed components explanation for Space,Simple components summary,General components description,Standard components definition,1,"Educational content about components in Space (Level 5, Item 20)"
spa-l5-1721,Space,5,What are important concepts in Space at level 5? (Question 21),Basic concepts overview,Detailed concepts explanation for Space,Simple concepts summary,General concepts description,Standard concepts definition,1,"Educational content about concepts in Space (Level 5, Item 21)"
spa-l5-1722,Space,5,What are important principles in Space at level 5? (Question 22),Basic principles overview,Detailed principles explanation for Space,Simple principles summary,General principles description,Standard principles definition,1,"Educational content about principles in Space (Level 5, Item 22)"
spa-l5-1723,Space,5,What are important theories in Space at level 5? (Question 23),Basic theories overview,Detailed theories explanation for Space,Simple theories summary,General theories description,Standard theories definition,1,"Educational content about theories in Space (Level 5, Item 23)"
spa-l5-1724,Space,5,What are important facts in Space at level 5? (Question 24),Basic facts overview,Detailed facts explanation for Space,Simple facts summary,General facts description,Standard facts definition,1,"Educational content about facts in Space (Level 5, Item 24)"
spa-l5-1725,Space,5,What are important phenomena in Space at level 5? (Question 25),Basic phenomena overview,Detailed phenomena explanation for Space,Simple phenomena summary,General phenomena description,Standard phenomena definition,1,"Educational content about phenomena in Space (Level 5, Item 25)"
spa-l5-1726,Space,5,What are important processes in Space at level 5? (Question 26),Basic processes overview,Detailed processes explanation for Space,Simple processes summary,General processes description,Standard processes definition,1,"Educational content about processes in Space (Level 5, Item 26)"
spa-l5-1727,Space,5,What are important systems in Space at level 5? (Question 27),Basic systems overview,Detailed systems explanation for Space,Simple systems summary,General systems description,Standard systems definition,1,"Educational content about systems in Space (Level 5, Item 27)"
spa-l5-1728,Space,5,What are important structures in Space at level 5? (Question 28),Basic structures overview,Detailed structures explanation for Space,Simple structures summary,General structures description,Standard structures definition,1,"Educational content about structures in Space (Level 5, Item 28)"
spa-l5-1729,Space,5,What are important elements in Space at level 5? (Question 29),Basic elements overview,Detailed elements explanation for Space,Simple elements summary,General elements description,Standard elements definition,1,"Educational content about elements in Space (Level 5, Item 29)"
spa-l5-1730,Space,5,What are important components in Space at level 5? (Question 30),Basic components overview,Detailed components explanation for Space,Simple components summary,General components description,Standard components definition,1,"Educational content about components in Space (Level 5, Item 30)"
spa-l5-1731,Space,5,What are important concepts in Space at level 5? (Question 31),Basic concepts overview,Detailed concepts explanation for Space,Simple concepts summary,General concepts description,Standard concepts definition,1,"Educational content about concepts in Space (Level 5, Item 31)"
spa-l5-1732,Space,5,What are important principles in Space at level 5? (Question 32),Basic principles overview,Detailed principles explanation for Space,Simple principles summary,General principles description,Standard principles definition,1,"Educational content about principles in Space (Level 5, Item 32)"
spa-l5-1733,Space,5,What are important theories in Space at level 5? (Question 33),Basic theories overview,Detailed theories explanation for Space,Simple theories summary,General theories description,Standard theories definition,1,"Educational content about theories in Space (Level 5, Item 33)"
spa-l5-1734,Space,5,What are important facts in Space at level 5? (Question 34),Basic facts overview,Detailed facts explanation for Space,Simple facts summary,General facts description,Standard facts definition,1,"Educational content about facts in Space (Level 5, Item 34)"
spa-l5-1735,Space,5,What are important phenomena in Space at level 5? (Question 35),Basic phenomena overview,Detailed phenomena explanation for Space,Simple phenomena summary,General phenomena description,Standard phenomena definition,1,"Educational content about phenomena in Space (Level 5, Item 35)"
spa-l5-1736,Space,5,What are important processes in Space at level 5? (Question 36),Basic processes overview,Detailed processes explanation for Space,Simple processes summary,General processes description,Standard processes definition,1,"Educational content about processes in Space (Level 5, Item 36)"
spa-l5-1737,Space,5,What are important systems in Space at level 5? (Question 37),Basic systems overview,Detailed systems explanation for Space,Simple systems summary,General systems description,Standard systems definition,1,"Educational content about systems in Space (Level 5, Item 37)"
spa-l5-1738,Space,5,What are important structures in Space at level 5? (Question 38),Basic structures overview,Detailed structures explanation for Space,Simple structures summary,General structures description,Standard structures definition,1,"Educational content about structures in Space (Level 5, Item 38)"
spa-l5-1739,Space,5,What are important elements in Space at level 5? (Question 39),Basic elements overview,Detailed elements explanation for Space,Simple elements summary,General elements description,Standard elements definition,1,"Educational content about elements in Space (Level 5, Item 39)"
spa-l5-1740,Space,5,What are important components in Space at level 5? (Question 40),Basic components overview,Detailed components explanation for Space,Simple components summary,General components description,Standard components definition,1,"Educational content about components in Space (Level 5, Item 40)"
spa-l5-1741,Space,5,What are important concepts in Space at level 5? (Question 41),Basic concepts overview,Detailed concepts explanation for Space,Simple concepts summary,General concepts description,Standard concepts definition,1,"Educational content about concepts in Space (Level 5, Item 41)"
spa-l5-1742,Space,5,What are important principles in Space at level 5? (Question 42),Basic principles overview,Detailed principles explanation for Space,Simple principles summary,General principles description,Standard principles definition,1,"Educational content about principles in Space (Level 5, Item 42)"
spa-l5-1743,Space,5,What are important theories in Space at level 5? (Question 43),Basic theories overview,Detailed theories explanation for Space,Simple theories summary,General theories description,Standard theories definition,1,"Educational content about theories in Space (Level 5, Item 43)"
spa-l5-1744,Space,5,What are important facts in Space at level 5? (Question 44),Basic facts overview,Detailed facts explanation for Space,Simple facts summary,General facts description,Standard facts definition,1,"Educational content about facts in Space (Level 5, Item 44)"
spa-l5-1745,Space,5,What are important phenomena in Space at level 5? (Question 45),Basic phenomena overview,Detailed phenomena explanation for Space,Simple phenomena summary,General phenomena description,Standard phenomena definition,1,"Educational content about phenomena in Space (Level 5, Item 45)"
spa-l5-1746,Space,5,What are important processes in Space at level 5? (Question 46),Basic processes overview,Detailed processes explanation for Space,Simple processes summary,General processes description,Standard processes definition,1,"Educational content about processes in Space (Level 5, Item 46)"
spa-l5-1747,Space,5,What are important systems in Space at level 5? (Question 47),Basic systems overview,Detailed systems explanation for Space,Simple systems summary,General systems description,Standard systems definition,1,"Educational content about systems in Space (Level 5, Item 47)"
spa-l5-1748,Space,5,What are important structures in Space at level 5? (Question 48),Basic structures overview,Detailed structures explanation for Space,Simple structures summary,General structures description,Standard structures definition,1,"Educational content about structures in Space (Level 5, Item 48)"
spa-l5-1749,Space,5,What are important elements in Space at level 5? (Question 49),Basic elements overview,Detailed elements explanation for Space,Simple elements summary,General elements description,Standard elements definition,1,"Educational content about elements in Space (Level 5, Item 49)"
spa-l5-1750,Space,5,What are important components in Space at level 5? (Question 50),Basic components overview,Detailed components explanation for Space,Simple components summary,General components description,Standard components definition,1,"Educational content about components in Space (Level 5, Item 50)"
foo-l1-1751,Food,1,What is Vitamin C?,A theory,Essential nutrient,A law,A principle,A rule,1,ascorbic acid preventing scurvy
foo-l1-1752,Food,1,How is Vitamin C best described?,As a process,Ascorbic acid preventing scurvy,As a theory,As a law,As a hypothesis,1,Vitamin C: essential nutrient
foo-l1-1753,Food,1,"In Food, what characterizes Vitamin C?",Its size,Essential nutrient,Its color,Its shape,Its weight,1,Learn about Vitamin C
foo-l1-1754,Food,1,What is Protein?,A theory,Muscle builder,A law,A principle,A rule,1,macronutrient made of amino acids
foo-l1-1755,Food,1,How is Protein best described?,As a process,Macronutrient made of amino acids,As a theory,As a law,As a hypothesis,1,Protein: muscle builder
foo-l1-1756,Food,1,"In Food, what characterizes Protein?",Its size,Muscle builder,Its color,Its shape,Its weight,1,Learn about Protein
foo-l1-1757,Food,1,What is Carbohydrate?,A theory,Energy source,A law,A principle,A rule,1,sugar and starch providing fuel
foo-l1-1758,Food,1,How is Carbohydrate best described?,As a process,Sugar and starch providing fuel,As a theory,As a law,As a hypothesis,1,Carbohydrate: energy source
foo-l1-1759,Food,1,"In Food, what characterizes Carbohydrate?",Its size,Energy source,Its color,Its shape,Its weight,1,Learn about Carbohydrate
foo-l1-1760,Food,1,What is Antioxidant?,A theory,Cell protector,A law,A principle,A rule,1,prevents oxidative damage
foo-l1-1761,Food,1,How is Antioxidant best described?,As a process,Prevents oxidative damage,As a theory,As a law,As a hypothesis,1,Antioxidant: cell protector
foo-l1-1762,Food,1,"In Food, what characterizes Antioxidant?",Its size,Cell protector,Its color,Its shape,Its weight,1,Learn about Antioxidant
foo-l1-1763,Food,1,What is Fiber?,A theory,Digestive aid,A law,A principle,A rule,1,plant material aiding digestion
foo-l1-1764,Food,1,How is Fiber best described?,As a process,Plant material aiding digestion,As a theory,As a law,As a hypothesis,1,Fiber: digestive aid
foo-l1-1765,Food,1,"In Food, what characterizes Fiber?",Its size,Digestive aid,Its color,Its shape,Its weight,1,Learn about Fiber
foo-l1-1766,Food,1,What are important processes in Food at level 1? (Question 16),Basic processes overview,Detailed processes explanation for Food,Simple processes summary,General processes description,Standard processes definition,1,"Educational content about processes in Food (Level 1, Item 16)"
foo-l1-1767,Food,1,What are important systems in Food at level 1? (Question 17),Basic systems overview,Detailed systems explanation for Food,Simple systems summary,General systems description,Standard systems definition,1,"Educational content about systems in Food (Level 1, Item 17)"
foo-l1-1768,Food,1,What are important structures in Food at level 1? (Question 18),Basic structures overview,Detailed structures explanation for Food,Simple structures summary,General structures description,Standard structures definition,1,"Educational content about structures in Food (Level 1, Item 18)"
foo-l1-1769,Food,1,What are important elements in Food at level 1? (Question 19),Basic elements overview,Detailed elements explanation for Food,Simple elements summary,General elements description,Standard elements definition,1,"Educational content about elements in Food (Level 1, Item 19)"
foo-l1-1770,Food,1,What are important components in Food at level 1? (Question 20),Basic components overview,Detailed components explanation for Food,Simple components summary,General components description,Standard components definition,1,"Educational content about components in Food (Level 1, Item 20)"
foo-l1-1771,Food,1,What are important concepts in Food at level 1? (Question 21),Basic concepts overview,Detailed concepts explanation for Food,Simple concepts summary,General concepts description,Standard concepts definition,1,"Educational content about concepts in Food (Level 1, Item 21)"
foo-l1-1772,Food,1,What are important principles in Food at level 1? (Question 22),Basic principles overview,Detailed principles explanation for Food,Simple principles summary,General principles description,Standard principles definition,1,"Educational content about principles in Food (Level 1, Item 22)"
foo-l1-1773,Food,1,What are important theories in Food at level 1? (Question 23),Basic theories overview,Detailed theories explanation for Food,Simple theories summary,General theories description,Standard theories definition,1,"Educational content about theories in Food (Level 1, Item 23)"
foo-l1-1774,Food,1,What are important facts in Food at level 1? (Question 24),Basic facts overview,Detailed facts explanation for Food,Simple facts summary,General facts description,Standard facts definition,1,"Educational content about facts in Food (Level 1, Item 24)"
foo-l1-1775,Food,1,What are important phenomena in Food at level 1? (Question 25),Basic phenomena overview,Detailed phenomena explanation for Food,Simple phenomena summary,General phenomena description,Standard phenomena definition,1,"Educational content about phenomena in Food (Level 1, Item 25)"
foo-l1-1776,Food,1,What are important processes in Food at level 1? (Question 26),Basic processes overview,Detailed processes explanation for Food,Simple processes summary,General processes description,Standard processes definition,1,"Educational content about processes in Food (Level 1, Item 26)"
foo-l1-1777,Food,1,What are important systems in Food at level 1? (Question 27),Basic systems overview,Detailed systems explanation for Food,Simple systems summary,General systems description,Standard systems definition,1,"Educational content about systems in Food (Level 1, Item 27)"
foo-l1-1778,Food,1,What are important structures in Food at level 1? (Question 28),Basic structures overview,Detailed structures explanation for Food,Simple structures summary,General structures description,Standard structures definition,1,"Educational content about structures in Food (Level 1, Item 28)"
foo-l1-1779,Food,1,What are important elements in Food at level 1? (Question 29),Basic elements overview,Detailed elements explanation for Food,Simple elements summary,General elements description,Standard elements definition,1,"Educational content about elements in Food (Level 1, Item 29)"
foo-l1-1780,Food,1,What are important components in Food at level 1? (Question 30),Basic components overview,Detailed components explanation for Food,Simple components summary,General components description,Standard components definition,1,"Educational content about components in Food (Level 1, Item 30)"
foo-l1-1781,Food,1,What are important concepts in Food at level 1? (Question 31),Basic concepts overview,Detailed concepts explanation for Food,Simple concepts summary,General concepts description,Standard concepts definition,1,"Educational content about concepts in Food (Level 1, Item 31)"
foo-l1-1782,Food,1,What are important principles in Food at level 1? (Question 32),Basic principles overview,Detailed principles explanation for Food,Simple principles summary,General principles description,Standard principles definition,1,"Educational content about principles in Food (Level 1, Item 32)"
foo-l1-1783,Food,1,What are important theories in Food at level 1? (Question 33),Basic theories overview,Detailed theories explanation for Food,Simple theories summary,General theories description,Standard theories definition,1,"Educational content about theories in Food (Level 1, Item 33)"
foo-l1-1784,Food,1,What are important facts in Food at level 1? (Question 34),Basic facts overview,Detailed facts explanation for Food,Simple facts summary,General facts description,Standard facts definition,1,"Educational content about facts in Food (Level 1, Item 34)"
foo-l1-1785,Food,1,What are important phenomena in Food at level 1? (Question 35),Basic phenomena overview,Detailed phenomena explanation for Food,Simple phenomena summary,General phenomena description,Standard phenomena definition,1,"Educational content about phenomena in Food (Level 1, Item 35)"
foo-l1-1786,Food,1,What are important processes in Food at level 1? (Question 36),Basic processes overview,Detailed processes explanation for Food,Simple processes summary,General processes description,Standard processes definition,1,"Educational content about processes in Food (Level 1, Item 36)"
foo-l1-1787,Food,1,What are important systems in Food at level 1? (Question 37),Basic systems overview,Detailed systems explanation for Food,Simple systems summary,General systems description,Standard systems definition,1,"Educational content about systems in Food (Level 1, Item 37)"
foo-l1-1788,Food,1,What are important structures in Food at level 1? (Question 38),Basic structures overview,Detailed structures explanation for Food,Simple structures summary,General structures description,Standard structures definition,1,"Educational content about structures in Food (Level 1, Item 38)"
foo-l1-1789,Food,1,What are important elements in Food at level 1? (Question 39),Basic elements overview,Detailed elements explanation for Food,Simple elements summary,General elements description,Standard elements definition,1,"Educational content about elements in Food (Level 1, Item 39)"
foo-l1-1790,Food,1,What are important components in Food at level 1? (Question 40),Basic components overview,Detailed components explanation for Food,Simple components summary,General components description,Standard components definition,1,"Educational content about components in Food (Level 1, Item 40)"
foo-l1-1791,Food,1,What are important concepts in Food at level 1? (Question 41),Basic concepts overview,Detailed concepts explanation for Food,Simple concepts summary,General concepts description,Standard concepts definition,1,"Educational content about concepts in Food (Level 1, Item 41)"
foo-l1-1792,Food,1,What are important principles in Food at level 1? (Question 42),Basic principles overview,Detailed principles explanation for Food,Simple principles summary,General principles description,Standard principles definition,1,"Educational content about principles in Food (Level 1, Item 42)"
foo-l1-1793,Food,1,What are important theories in Food at level 1? (Question 43),Basic theories overview,Detailed theories explanation for Food,Simple theories summary,General theories description,Standard theories definition,1,"Educational content about theories in Food (Level 1, Item 43)"
foo-l1-1794,Food,1,What are important facts in Food at level 1? (Question 44),Basic facts overview,Detailed facts explanation for Food,Simple facts summary,General facts description,Standard facts definition,1,"Educational content about facts in Food (Level 1, Item 44)"
foo-l1-1795,Food,1,What are important phenomena in Food at level 1? (Question 45),Basic phenomena overview,Detailed phenomena explanation for Food,Simple phenomena summary,General phenomena description,Standard phenomena definition,1,"Educational content about phenomena in Food (Level 1, Item 45)"
foo-l1-1796,Food,1,What are important processes in Food at level 1? (Question 46),Basic processes overview,Detailed processes explanation for Food,Simple processes summary,General processes description,Standard processes definition,1,"Educational content about processes in Food (Level 1, Item 46)"
foo-l1-1797,Food,1,What are important systems in Food at level 1? (Question 47),Basic systems overview,Detailed systems explanation for Food,Simple systems summary,General systems description,Standard systems definition,1,"Educational content about systems in Food (Level 1, Item 47)"
foo-l1-1798,Food,1,What are important structures in Food at level 1? (Question 48),Basic structures overview,Detailed structures explanation for Food,Simple structures summary,General structures description,Standard structures definition,1,"Educational content about structures in Food (Level 1, Item 48)"
foo-l1-1799,Food,1,What are important elements in Food at level 1? (Question 49),Basic elements overview,Detailed elements explanation for Food,Simple elements summary,General elements description,Standard elements definition,1,"Educational content about elements in Food (Level 1, Item 49)"
foo-l1-1800,Food,1,What are important components in Food at level 1? (Question 50),Basic components overview,Detailed components explanation for Food,Simple components summary,General components description,Standard components definition,1,"Educational content about components in Food (Level 1, Item 50)"
foo-l2-1801,Food,2,What are important concepts in Food at level 2? (Question 1),Basic concepts overview,Detailed concepts explanation for Food,Simple concepts summary,General concepts description,Standard concepts definition,1,"Educational content about concepts in Food (Level 2, Item 1)"
foo-l2-1802,Food,2,What are important principles in Food at level 2? (Question 2),Basic principles overview,Detailed principles explanation for Food,Simple principles summary,General principles description,Standard principles definition,1,"Educational content about principles in Food (Level 2, Item 2)"
foo-l2-1803,Food,2,What are important theories in Food at level 2? (Question 3),Basic theories overview,Detailed theories explanation for Food,Simple theories summary,General theories description,Standard theories definition,1,"Educational content about theories in Food (Level 2, Item 3)"
foo-l2-1804,Food,2,What are important facts in Food at level 2? (Question 4),Basic facts overview,Detailed facts explanation for Food,Simple facts summary,General facts description,Standard facts definition,1,"Educational content about facts in Food (Level 2, Item 4)"
foo-l2-1805,Food,2,What are important phenomena in Food at level 2? (Question 5),Basic phenomena overview,Detailed phenomena explanation for Food,Simple phenomena summary,General phenomena description,Standard phenomena definition,1,"Educational content about phenomena in Food (Level 2, Item 5)"
foo-l2-1806,Food,2,What are important processes in Food at level 2? (Question 6),Basic processes overview,Detailed processes explanation for Food,Simple processes summary,General processes description,Standard processes definition,1,"Educational content about processes in Food (Level 2, Item 6)"
foo-l2-1807,Food,2,What are important systems in Food at level 2? (Question 7),Basic systems overview,Detailed systems explanation for Food,Simple systems summary,General systems description,Standard systems definition,1,"Educational content about systems in Food (Level 2, Item 7)"
foo-l2-1808,Food,2,What are important structures in Food at level 2? (Question 8),Basic structures overview,Detailed structures explanation for Food,Simple structures summary,General structures description,Standard structures definition,1,"Educational content about structures in Food (Level 2, Item 8)"
foo-l2-1809,Food,2,What are important elements in Food at level 2? (Question 9),Basic elements overview,Detailed elements explanation for Food,Simple elements summary,General elements description,Standard elements definition,1,"Educational content about elements in Food (Level 2, Item 9)"
foo-l2-1810,Food,2,What are important components in Food at level 2? (Question 10),Basic components overview,Detailed components explanation for Food,Simple components summary,General components description,Standard components definition,1,"Educational content about components in Food (Level 2, Item 10)"
foo-l2-1811,Food,2,What are important concepts in Food at level 2? (Question 11),Basic concepts overview,Detailed concepts explanation for Food,Simple concepts summary,General concepts description,Standard concepts definition,1,"Educational content about concepts in Food (Level 2, Item 11)"
foo-l2-1812,Food,2,What are important principles in Food at level 2? (Question 12),Basic principles overview,Detailed principles explanation for Food,Simple principles summary,General principles description,Standard principles definition,1,"Educational content about principles in Food (Level 2, Item 12)"
foo-l2-1813,Food,2,What are important theories in Food at level 2? (Question 13),Basic theories overview,Detailed theories explanation for Food,Simple theories summary,General theories description,Standard theories definition,1,"Educational content about theories in Food (Level 2, Item 13)"
foo-l2-1814,Food,2,What are important facts in Food at level 2? (Question 14),Basic facts overview,Detailed facts explanation for Food,Simple facts summary,General facts description,Standard facts definition,1,"Educational content about facts in Food (Level 2, Item 14)"
foo-l2-1815,Food,2,What are important phenomena in Food at level 2? (Question 15),Basic phenomena overview,Detailed phenomena explanation for Food,Simple phenomena summary,General phenomena description,Standard phenomena definition,1,"Educational content about phenomena in Food (Level 2, Item 15)"
foo-l2-1816,Food,2,What are important processes in Food at level 2? (Question 16),Basic processes overview,Detailed processes explanation for Food,Simple processes summary,General processes description,Standard processes definition,1,"Educational content about processes in Food (Level 2, Item 16)"
foo-l2-1817,Food,2,What are important systems in Food at level 2? (Question 17),Basic systems overview,Detailed systems explanation for Food,Simple systems summary,General systems description,Standard systems definition,1,"Educational content about systems in Food (Level 2, Item 17)"
foo-l2-1818,Food,2,What are important structures in Food at level 2? (Question 18),Basic structures overview,Detailed structures explanation for Food,Simple structures summary,General structures description,Standard structures definition,1,"Educational content about structures in Food (Level 2, Item 18)"
foo-l2-1819,Food,2,What are important elements in Food at level 2? (Question 19),Basic elements overview,Detailed elements explanation for Food,Simple elements summary,General elements description,Standard elements definition,1,"Educational content about elements in Food (Level 2, Item 19)"
foo-l2-1820,Food,2,What are important components in Food at level 2? (Question 20),Basic components overview,Detailed components explanation for Food,Simple components summary,General components description,Standard components definition,1,"Educational content about components in Food (Level 2, Item 20)"
foo-l2-1821,Food,2,What are important concepts in Food at level 2? (Question 21),Basic concepts overview,Detailed concepts explanation for Food,Simple concepts summary,General concepts description,Standard concepts definition,1,"Educational content about concepts in Food (Level 2, Item 21)"
foo-l2-1822,Food,2,What are important principles in Food at level 2? (Question 22),Basic principles overview,Detailed principles explanation for Food,Simple principles summary,General principles description,Standard principles definition,1,"Educational content about principles in Food (Level 2, Item 22)"
foo-l2-1823,Food,2,What are important theories in Food at level 2? (Question 23),Basic theories overview,Detailed theories explanation for Food,Simple theories summary,General theories description,Standard theories definition,1,"Educational content about theories in Food (Level 2, Item 23)"
foo-l2-1824,Food,2,What are important facts in Food at level 2? (Question 24),Basic facts overview,Detailed facts explanation for Food,Simple facts summary,General facts description,Standard facts definition,1,"Educational content about facts in Food (Level 2, Item 24)"
foo-l2-1825,Food,2,What are important phenomena in Food at level 2? (Question 25),Basic phenomena overview,Detailed phenomena explanation for Food,Simple phenomena summary,General phenomena description,Standard phenomena definition,1,"Educational content about phenomena in Food (Level 2, Item 25)"
foo-l2-1826,Food,2,What are important processes in Food at level 2? (Question 26),Basic processes overview,Detailed processes explanation for Food,Simple processes summary,General processes description,Standard processes definition,1,"Educational content about processes in Food (Level 2, Item 26)"
foo-l2-1827,Food,2,What are important systems in Food at level 2? (Question 27),Basic systems overview,Detailed systems explanation for Food,Simple systems summary,General systems description,Standard systems definition,1,"Educational content about systems in Food (Level 2, Item 27)"
foo-l2-1828,Food,2,What are important structures in Food at level 2? (Question 28),Basic structures overview,Detailed structures explanation for Food,Simple structures summary,General structures description,Standard structures definition,1,"Educational content about structures in Food (Level 2, Item 28)"
foo-l2-1829,Food,2,What are important elements in Food at level 2? (Question 29),Basic elements overview,Detailed elements explanation for Food,Simple elements summary,General elements description,Standard elements definition,1,"Educational content about elements in Food (Level 2, Item 29)"
foo-l2-1830,Food,2,What are important components in Food at level 2? (Question 30),Basic components overview,Detailed components explanation for Food,Simple components summary,General components description,Standard components definition,1,"Educational content about components in Food (Level 2, Item 30)"
foo-l2-1831,Food,2,What are important concepts in Food at level 2? (Question 31),Basic concepts overview,Detailed concepts explanation for Food,Simple concepts summary,General concepts description,Standard concepts definition,1,"Educational content about concepts in Food (Level 2, Item 31)"
foo-l2-1832,Food,2,What are important principles in Food at level 2? (Question 32),Basic principles overview,Detailed principles explanation for Food,Simple principles summary,General principles description,Standard principles definition,1,"Educational content about principles in Food (Level 2, Item 32)"
foo-l2-1833,Food,2,What are important theories in Food at level 2? (Question 33),Basic theories overview,Detailed theories explanation for Food,Simple theories summary,General theories description,Standard theories definition,1,"Educational content about theories in Food (Level 2, Item 33)"
foo-l2-1834,Food,2,What are important facts in Food at level 2? (Question 34),Basic facts overview,Detailed facts explanation for Food,Simple facts summary,General facts description,Standard facts definition,1,"Educational content about facts in Food (Level 2, Item 34)"
foo-l2-1835,Food,2,What are important phenomena in Food at level 2? (Question 35),Basic phenomena overview,Detailed phenomena explanation for Food,Simple phenomena summary,General phenomena description,Standard phenomena definition,1,"Educational content about phenomena in Food (Level 2, Item 35)"
foo-l2-1836,Food,2,What are important processes in Food at level 2? (Question 36),Basic processes overview,Detailed processes explanation for Food,Simple processes summary,General processes description,Standard processes definition,1,"Educational content about processes in Food (Level 2, Item 36)"
foo-l2-1837,Food,2,What are important systems in Food at level 2? (Question 37),Basic systems overview,Detailed systems explanation for Food,Simple systems summary,General systems description,Standard systems definition,1,"Educational content about systems in Food (Level 2, Item 37)"
foo-l2-1838,Food,2,What are important structures in Food at level 2? (Question 38),Basic structures overview,Detailed structures explanation for Food,Simple structures summary,General structures description,Standard structures definition,1,"Educational content about structures in Food (Level 2, Item 38)"
foo-l2-1839,Food,2,What are important elements in Food at level 2? (Question 39),Basic elements overview,Detailed elements explanation for Food,Simple elements summary,General elements description,Standard elements definition,1,"Educational content about elements in Food (Level 2, Item 39)"
foo-l2-1840,Food,2,What are important components in Food at level 2? (Question 40),Basic components overview,Detailed components explanation for Food,Simple components summary,General components description,Standard components definition,1,"Educational content about components in Food (Level 2, Item 40)"
foo-l2-1841,Food,2,What are important concepts in Food at level 2? (Question 41),Basic concepts overview,Detailed concepts explanation for Food,Simple concepts summary,General concepts description,Standard concepts definition,1,"Educational content about concepts in Food (Level 2, Item 41)"
foo-l2-1842,Food,2,What are important principles in Food at level 2? (Question 42),Basic principles overview,Detailed principles explanation for Food,Simple principles summary,General principles description,Standard principles definition,1,"Educational content about principles in Food (Level 2, Item 42)"
foo-l2-1843,Food,2,What are important theories in Food at level 2? (Question 43),Basic theories overview,Detailed theories explanation for Food,Simple theories summary,General theories description,Standard theories definition,1,"Educational content about theories in Food (Level 2, Item 43)"
foo-l2-1844,Food,2,What are important facts in Food at level 2? (Question 44),Basic facts overview,Detailed facts explanation for Food,Simple facts summary,General facts description,Standard facts definition,1,"Educational content about facts in Food (Level 2, Item 44)"
foo-l2-1845,Food,2,What are important phenomena in Food at level 2? (Question 45),Basic phenomena overview,Detailed phenomena explanation for Food,Simple phenomena summary,General phenomena description,Standard phenomena definition,1,"Educational content about phenomena in Food (Level 2, Item 45)"
foo-l2-1846,Food,2,What are important processes in Food at level 2? (Question 46),Basic processes overview,Detailed processes explanation for Food,Simple processes summary,General processes description,Standard processes definition,1,"Educational content about processes in Food (Level 2, Item 46)"
foo-l2-1847,Food,2,What are important systems in Food at level 2? (Question 47),Basic systems overview,Detailed systems explanation for Food,Simple systems summary,General systems description,Standard systems definition,1,"Educational content about systems in Food (Level 2, Item 47)"
foo-l2-1848,Food,2,What are important structures in Food at level 2? (Question 48),Basic structures overview,Detailed structures explanation for Food,Simple structures summary,General structures description,Standard structures definition,1,"Educational content about structures in Food (Level 2, Item 48)"
foo-l2-1849,Food,2,What are important elements in Food at level 2? (Question 49),Basic elements overview,Detailed elements explanation for Food,Simple elements summary,General elements description,Standard elements definition,1,"Educational content about elements in Food (Level 2, Item 49)"
foo-l2-1850,Food,2,What are important components in Food at level 2? (Question 50),Basic components overview,Detailed components explanation for Food,Simple components summary,General components description,Standard components definition,1,"Educational content about components in Food (Level 2, Item 50)"
foo-l3-1851,Food,3,What are important concepts in Food at level 3? (Question 1),Basic concepts overview,Detailed concepts explanation for Food,Simple concepts summary,General concepts description,Standard concepts definition,1,"Educational content about concepts in Food (Level 3, Item 1)"
foo-l3-1852,Food,3,What are important principles in Food at level 3? (Question 2),Basic principles overview,Detailed principles explanation for Food,Simple principles summary,General principles description,Standard principles definition,1,"Educational content about principles in Food (Level 3, Item 2)"
foo-l3-1853,Food,3,What are important theories in Food at level 3? (Question 3),Basic theories overview,Detailed theories explanation for Food,Simple theories summary,General theories description,Standard theories definition,1,"Educational content about theories in Food (Level 3, Item 3)"
foo-l3-1854,Food,3,What are important facts in Food at level 3? (Question 4),Basic facts overview,Detailed facts explanation for Food,Simple facts summary,General facts description,Standard facts definition,1,"Educational content about facts in Food (Level 3, Item 4)"
foo-l3-1855,Food,3,What are important phenomena in Food at level 3? (Question 5),Basic phenomena overview,Detailed phenomena explanation for Food,Simple phenomena summary,General phenomena description,Standard phenomena definition,1,"Educational content about phenomena in Food (Level 3, Item 5)"
foo-l3-1856,Food,3,What are important processes in Food at level 3? (Question 6),Basic processes overview,Detailed processes explanation for Food,Simple processes summary,General processes description,Standard processes definition,1,"Educational content about processes in Food (Level 3, Item 6)"
foo-l3-1857,Food,3,What are important systems in Food at level 3? (Question 7),Basic systems overview,Detailed systems explanation for Food,Simple systems summary,General systems description,Standard systems definition,1,"Educational content about systems in Food (Level 3, Item 7)"
foo-l3-1858,Food,3,What are important structures in Food at level 3? (Question 8),Basic structures overview,Detailed structures explanation for Food,Simple structures summary,General structures description,Standard structures definition,1,"Educational content about structures in Food (Level 3, Item 8)"
foo-l3-1859,Food,3,What are important elements in Food at level 3? (Question 9),Basic elements overview,Detailed elements explanation for Food,Simple elements summary,General elements description,Standard elements definition,1,"Educational content about elements in Food (Level 3, Item 9)"
foo-l3-1860,Food,3,What are important components in Food at level 3? (Question 10),Basic components overview,Detailed components explanation for Food,Simple components summary,General components description,Standard components definition,1,"Educational content about components in Food (Level 3, Item 10)"
foo-l3-1861,Food,3,What are important concepts in Food at level 3? (Question 11),Basic concepts overview,Detailed concepts explanation for Food,Simple concepts summary,General concepts description,Standard concepts definition,1,"Educational content about concepts in Food (Level 3, Item 11)"
foo-l3-1862,Food,3,What are important principles in Food at level 3? (Question 12),Basic principles overview,Detailed principles explanation for Food,Simple principles summary,General principles description,Standard principles definition,1,"Educational content about principles in Food (Level 3, Item 12)"
foo-l3-1863,Food,3,What are important theories in Food at level 3? (Question 13),Basic theories overview,Detailed theories explanation for Food,Simple theories summary,General theories description,Standard theories definition,1,"Educational content about theories in Food (Level 3, Item 13)"
foo-l3-1864,Food,3,What are important facts in Food at level 3? (Question 14),Basic facts overview,Detailed facts explanation for Food,Simple facts summary,General facts description,Standard facts definition,1,"Educational content about facts in Food (Level 3, Item 14)"
foo-l3-1865,Food,3,What are important phenomena in Food at level 3? (Question 15),Basic phenomena overview,Detailed phenomena explanation for Food,Simple phenomena summary,General phenomena description,Standard phenomena definition,1,"Educational content about phenomena in Food (Level 3, Item 15)"
foo-l3-1866,Food,3,What are important processes in Food at level 3? (Question 16),Basic processes overview,Detailed processes explanation for Food,Simple processes summary,General processes description,Standard processes definition,1,"Educational content about processes in Food (Level 3, Item 16)"
foo-l3-1867,Food,3,What are important systems in Food at level 3? (Question 17),Basic systems overview,Detailed systems explanation for Food,Simple systems summary,General systems description,Standard systems definition,1,"Educational content about systems in Food (Level 3, Item 17)"
foo-l3-1868,Food,3,What are important structures in Food at level 3? (Question 18),Basic structures overview,Detailed structures explanation for Food,Simple structures summary,General structures description,Standard structures definition,1,"Educational content about structures in Food (Level 3, Item 18)"
foo-l3-1869,Food,3,What are important elements in Food at level 3? (Question 19),Basic elements overview,Detailed elements explanation for Food,Simple elements summary,General elements description,Standard elements definition,1,"Educational content about elements in Food (Level 3, Item 19)"
foo-l3-1870,Food,3,What are important components in Food at level 3? (Question 20),Basic components overview,Detailed components explanation for Food,Simple components summary,General components description,Standard components definition,1,"Educational content about components in Food (Level 3, Item 20)"
foo-l3-1871,Food,3,What are important concepts in Food at level 3? (Question 21),Basic concepts overview,Detailed concepts explanation for Food,Simple concepts summary,General concepts description,Standard concepts definition,1,"Educational content about concepts in Food (Level 3, Item 21)"
foo-l3-1872,Food,3,What are important principles in Food at level 3? (Question 22),Basic principles overview,Detailed principles explanation for Food,Simple principles summary,General principles description,Standard principles definition,1,"Educational content about principles in Food (Level 3, Item 22)"
foo-l3-1873,Food,3,What are important theories in Food at level 3? (Question 23),Basic theories overview,Detailed theories explanation for Food,Simple theories summary,General theories description,Standard theories definition,1,"Educational content about theories in Food (Level 3, Item 23)"
foo-l3-1874,Food,3,What are important facts in Food at level 3? (Question 24),Basic facts overview,Detailed facts explanation for Food,Simple facts summary,General facts description,Standard facts definition,1,"Educational content about facts in Food (Level 3, Item 24)"
foo-l3-1875,Food,3,What are important phenomena in Food at level 3? (Question 25),Basic phenomena overview,Detailed phenomena explanation for Food,Simple phenomena summary,General phenomena description,Standard phenomena definition,1,"Educational content about phenomena in Food (Level 3, Item 25)"
foo-l3-1876,Food,3,What are important processes in Food at level 3? (Question 26),Basic processes overview,Detailed processes explanation for Food,Simple processes summary,General processes description,Standard processes definition,1,"Educational content about processes in Food (Level 3, Item 26)"
foo-l3-1877,Food,3,What are important systems in Food at level 3? (Question 27),Basic systems overview,Detailed systems explanation for Food,Simple systems summary,General systems description,Standard systems definition,1,"Educational content about systems in Food (Level 3, Item 27)"
foo-l3-1878,Food,3,What are important structures in Food at level 3? (Question 28),Basic structures overview,Detailed structures explanation for Food,Simple structures summary,General structures description,Standard structures definition,1,"Educational content about structures in Food (Level 3, Item 28)"
foo-l3-1879,Food,3,What are important elements in Food at level 3? (Question 29),Basic elements overview,Detailed elements explanation for Food,Simple elements summary,General elements description,Standard elements definition,1,"Educational content about elements in Food (Level 3, Item 29)"
foo-l3-1880,Food,3,What are important components in Food at level 3? (Question 30),Basic components overview,Detailed components explanation for Food,Simple components summary,General components description,Standard components definition,1,"Educational content about components in Food (Level 3, Item 30)"
foo-l3-1881,Food,3,What are important concepts in Food at level 3? (Question 31),Basic concepts overview,Detailed concepts explanation for Food,Simple concepts summary,General concepts description,Standard concepts definition,1,"Educational content about concepts in Food (Level 3, Item 31)"
foo-l3-1882,Food,3,What are important principles in Food at level 3? (Question 32),Basic principles overview,Detailed principles explanation for Food,Simple principles summary,General principles description,Standard principles definition,1,"Educational content about principles in Food (Level 3, Item 32)"
foo-l3-1883,Food,3,What are important theories in Food at level 3? (Question 33),Basic theories overview,Detailed theories explanation for Food,Simple theories summary,General theories description,Standard theories definition,1,"Educational content about theories in Food (Level 3, Item 33)"
foo-l3-1884,Food,3,What are important facts in Food at level 3? (Question 34),Basic facts overview,Detailed facts explanation for Food,Simple facts summary,General facts description,Standard facts definition,1,"Educational content about facts in Food (Level 3, Item 34)"
foo-l3-1885,Food,3,What are important phenomena in Food at level 3? (Question 35),Basic phenomena overview,Detailed phenomena explanation for Food,Simple phenomena summary,General phenomena description,Standard phenomena definition,1,"Educational content about phenomena in Food (Level 3, Item 35)"
foo-l3-1886,Food,3,What are important processes in Food at level 3? (Question 36),Basic processes overview,Detailed processes explanation for Food,Simple processes summary,General processes description,Standard processes definition,1,"Educational content about processes in Food (Level 3, Item 36)"
foo-l3-1887,Food,3,What are important systems in Food at level 3? (Question 37),Basic systems overview,Detailed systems explanation for Food,Simple systems summary,General systems description,Standard systems definition,1,"Educational content about systems in Food (Level 3, Item 37)"
foo-l3-1888,Food,3,What are important structures in Food at level 3? (Question 38),Basic structures overview,Detailed structures explanation for Food,Simple structures summary,General structures description,Standard structures definition,1,"Educational content about structures in Food (Level 3, Item 38)"
foo-l3-1889,Food,3,What are important elements in Food at level 3? (Question 39),Basic elements overview,Detailed elements explanation for Food,Simple elements summary,General elements description,Standard elements definition,1,"Educational content about elements in Food (Level 3, Item 39)"
foo-l3-1890,Food,3,What are important components in Food at level 3? (Question 40),Basic components overview,Detailed components explanation for Food,Simple components summary,General components description,Standard components definition,1,"Educational content about components in Food (Level 3, Item 40)"
foo-l3-1891,Food,3,What are important concepts in Food at level 3? (Question 41),Basic concepts overview,Detailed concepts explanation for Food,Simple concepts summary,General concepts description,Standard concepts definition,1,"Educational content about concepts in Food (Level 3, Item 41)"
foo-l3-1892,Food,3,What are important principles in Food at level 3? (Question 42),Basic principles overview,Detailed principles explanation for Food,Simple principles summary,General principles description,Standard principles definition,1,"Educational content about principles in Food (Level 3, Item 42)"
foo-l3-1893,Food,3,What are important theories in Food at level 3? (Question 43),Basic theories overview,Detailed theories explanation for Food,Simple theories summary,General theories description,Standard theories definition,1,"Educational content about theories in Food (Level 3, Item 43)"
foo-l3-1894,Food,3,What are important facts in Food at level 3? (Question 44),Basic facts overview,Detailed facts explanation for Food,Simple facts summary,General facts description,Standard facts definition,1,"Educational content about facts in Food (Level 3, Item 44)"
foo-l3-1895,Food,3,What are important phenomena in Food at level 3? (Question 45),Basic phenomena overview,Detailed phenomena explanation for Food,Simple phenomena summary,General phenomena description,Standard phenomena definition,1,"Educational content about phenomena in Food (Level 3, Item 45)"
foo-l3-1896,Food,3,What are important processes in Food at level 3? (Question 46),Basic processes overview,Detailed processes explanation for Food,Simple processes summary,General processes description,Standard processes definition,1,"Educational content about processes in Food (Level 3, Item 46)"
foo-l3-1897,Food,3,What are important systems in Food at level 3? (Question 47),Basic systems overview,Detailed systems explanation for Food,Simple systems summary,General systems description,Standard systems definition,1,"Educational content about systems in Food (Level 3, Item 47)"
foo-l3-1898,Food,3,What are important structures in Food at level 3? (Question 48),Basic structures overview,Detailed structures explanation for Food,Simple structures summary,General structures description,Standard structures definition,1,"Educational content about structures in Food (Level 3, Item 48)"
foo-l3-1899,Food,3,What are important elements in Food at level 3? (Question 49),Basic elements overview,Detailed elements explanation for Food,Simple elements summary,General elements description,Standard elements definition,1,"Educational content about elements in Food (Level 3, Item 49)"
foo-l3-1900,Food,3,What are important components in Food at level 3? (Question 50),Basic components overview,Detailed components explanation for Food,Simple components summary,General components description,Standard components definition,1,"Educational content about components in Food (Level 3, Item 50)"
foo-l4-1901,Food,4,What are important concepts in Food at level 4? (Question 1),Basic concepts overview,Detailed concepts explanation for Food,Simple concepts summary,General concepts description,Standard concepts definition,1,"Educational content about concepts in Food (Level 4, Item 1)"
foo-l4-1902,Food,4,What are important principles in Food at level 4? (Question 2),Basic principles overview,Detailed principles explanation for Food,Simple principles summary,General principles description,Standard principles definition,1,"Educational content about principles in Food (Level 4, Item 2)"
foo-l4-1903,Food,4,What are important theories in Food at level 4? (Question 3),Basic theories overview,Detailed theories explanation for Food,Simple theories summary,General theories description,Standard theories definition,1,"Educational content about theories in Food (Level 4, Item 3)"
foo-l4-1904,Food,4,What are important facts in Food at level 4? (Question 4),Basic facts overview,Detailed facts explanation for Food,Simple facts summary,General facts description,Standard facts definition,1,"Educational content about facts in Food (Level 4, Item 4)"
foo-l4-1905,Food,4,What are important phenomena in Food at level 4? (Question 5),Basic phenomena overview,Detailed phenomena explanation for Food,Simple phenomena summary,General phenomena description,Standard phenomena definition,1,"Educational content about phenomena in Food (Level 4, Item 5)"
foo-l4-1906,Food,4,What are important processes in Food at level 4? (Question 6),Basic processes overview,Detailed processes explanation for Food,Simple processes summary,General processes description,Standard processes definition,1,"Educational content about processes in Food (Level 4, Item 6)"
foo-l4-1907,Food,4,What are important systems in Food at level 4? (Question 7),Basic systems overview,Detailed systems explanation for Food,Simple systems summary,General systems description,Standard systems definition,1,"Educational content about systems in Food (Level 4, Item 7)"
foo-l4-1908,Food,4,What are important structures in Food at level 4? (Question 8),Basic structures overview,Detailed structures explanation for Food,Simple structures summary,General structures description,Standard structures definition,1,"Educational content about structures in Food (Level 4, Item 8)"
foo-l4-1909,Food,4,What are important elements in Food at level 4? (Question 9),Basic elements overview,Detailed elements explanation for Food,Simple elements summary,General elements description,Standard elements definition,1,"Educational content about elements in Food (Level 4, Item 9)"
foo-l4-1910,Food,4,What are important components in Food at level 4? (Question 10),Basic components overview,Detailed components explanation for Food,Simple components summary,General components description,Standard components definition,1,"Educational content about components in Food (Level 4, Item 10)"
foo-l4-1911,Food,4,What are important concepts in Food at level 4? (Question 11),Basic concepts overview,Detailed concepts explanation for Food,Simple concepts summary,General concepts description,Standard concepts definition,1,"Educational content about concepts in Food (Level 4, Item 11)"
foo-l4-1912,Food,4,What are important principles in Food at level 4? (Question 12),Basic principles overview,Detailed principles explanation for Food,Simple principles summary,General principles description,Standard principles definition,1,"Educational content about principles in Food (Level 4, Item 12)"
foo-l4-1913,Food,4,What are important theories in Food at level 4? (Question 13),Basic theories overview,Detailed theories explanation for Food,Simple theories summary,General theories description,Standard theories definition,1,"Educational content about theories in Food (Level 4, Item 13)"
foo-l4-1914,Food,4,What are important facts in Food at level 4? (Question 14),Basic facts overview,Detailed facts explanation for Food,Simple facts summary,General facts description,Standard facts definition,1,"Educational content about facts in Food (Level 4, Item 14)"
foo-l4-1915,Food,4,What are important phenomena in Food at level 4? (Question 15),Basic phenomena overview,Detailed phenomena explanation for Food,Simple phenomena summary,General phenomena description,Standard phenomena definition,1,"Educational content about phenomena in Food (Level 4, Item 15)"
foo-l4-1916,Food,4,What are important processes in Food at level 4? (Question 16),Basic processes overview,Detailed processes explanation for Food,Simple processes summary,General processes description,Standard processes definition,1,"Educational content about processes in Food (Level 4, Item 16)"
foo-l4-1917,Food,4,What are important systems in Food at level 4? (Question 17),Basic systems overview,Detailed systems explanation for Food,Simple systems summary,General systems description,Standard systems definition,1,"Educational content about systems in Food (Level 4, Item 17)"
foo-l4-1918,Food,4,What are important structures in Food at level 4? (Question 18),Basic structures overview,Detailed structures explanation for Food,Simple structures summary,General structures description,Standard structures definition,1,"Educational content about structures in Food (Level 4, Item 18)"
foo-l4-1919,Food,4,What are important elements in Food at level 4? (Question 19),Basic elements overview,Detailed elements explanation for Food,Simple elements summary,General elements description,Standard elements definition,1,"Educational content about elements in Food (Level 4, Item 19)"
foo-l4-1920,Food,4,What are important components in Food at level 4? (Question 20),Basic components overview,Detailed components explanation for Food,Simple components summary,General components description,Standard components definition,1,"Educational content about components in Food (Level 4, Item 20)"
foo-l4-1921,Food,4,What are important concepts in Food at level 4? (Question 21),Basic concepts overview,Detailed concepts explanation for Food,Simple concepts summary,General concepts description,Standard concepts definition,1,"Educational content about concepts in Food (Level 4, Item 21)"
foo-l4-1922,Food,4,What are important principles in Food at level 4? (Question 22),Basic principles overview,Detailed principles explanation for Food,Simple principles summary,General principles description,Standard principles definition,1,"Educational content about principles in Food (Level 4, Item 22)"
foo-l4-1923,Food,4,What are important theories in Food at level 4? (Question 23),Basic theories overview,Detailed theories explanation for Food,Simple theories summary,General theories description,Standard theories definition,1,"Educational content about theories in Food (Level 4, Item 23)"
foo-l4-1924,Food,4,What are important facts in Food at level 4? (Question 24),Basic facts overview,Detailed facts explanation for Food,Simple facts summary,General facts description,Standard facts definition,1,"Educational content about facts in Food (Level 4, Item 24)"
foo-l4-1925,Food,4,What are important phenomena in Food at level 4? (Question 25),Basic phenomena overview,Detailed phenomena explanation for Food,Simple phenomena summary,General phenomena description,Standard phenomena definition,1,"Educational content about phenomena in Food (Level 4, Item 25)"
foo-l4-1926,Food,4,What are important processes in Food at level 4? (Question 26),Basic processes overview,Detailed processes explanation for Food,Simple processes summary,General processes description,Standard processes definition,1,"Educational content about processes in Food (Level 4, Item 26)"
foo-l4-1927,Food,4,What are important systems in Food at level 4? (Question 27),Basic systems overview,Detailed systems explanation for Food,Simple systems summary,General systems description,Standard systems definition,1,"Educational content about systems in Food (Level 4, Item 27)"
foo-l4-1928,Food,4,What are important structures in Food at level 4? (Question 28),Basic structures overview,Detailed structures explanation for Food,Simple structures summary,General structures description,Standard structures definition,1,"Educational content about structures in Food (Level 4, Item 28)"
foo-l4-1929,Food,4,What are important elements in Food at level 4? (Question 29),Basic elements overview,Detailed elements explanation for Food,Simple elements summary,General elements description,Standard elements definition,1,"Educational content about elements in Food (Level 4, Item 29)"
foo-l4-1930,Food,4,What are important components in Food at level 4? (Question 30),Basic components overview,Detailed components explanation for Food,Simple components summary,General components description,Standard components definition,1,"Educational content about components in Food (Level 4, Item 30)"
foo-l4-1931,Food,4,What are important concepts in Food at level 4? (Question 31),Basic concepts overview,Detailed concepts explanation for Food,Simple concepts summary,General concepts description,Standard concepts definition,1,"Educational content about concepts in Food (Level 4, Item 31)"
foo-l4-1932,Food,4,What are important principles in Food at level 4? (Question 32),Basic principles overview,Detailed principles explanation for Food,Simple principles summary,General principles description,Standard principles definition,1,"Educational content about principles in Food (Level 4, Item 32)"
foo-l4-1933,Food,4,What are important theories in Food at level 4? (Question 33),Basic theories overview,Detailed theories explanation for Food,Simple theories summary,General theories description,Standard theories definition,1,"Educational content about theories in Food (Level 4, Item 33)"
foo-l4-1934,Food,4,What are important facts in Food at level 4? (Question 34),Basic facts overview,Detailed facts explanation for Food,Simple facts summary,General facts description,Standard facts definition,1,"Educational content about facts in Food (Level 4, Item 34)"
foo-l4-1935,Food,4,What are important phenomena in Food at level 4? (Question 35),Basic phenomena overview,Detailed phenomena explanation for Food,Simple phenomena summary,General phenomena description,Standard phenomena definition,1,"Educational content about phenomena in Food (Level 4, Item 35)"
foo-l4-1936,Food,4,What are important processes in Food at level 4? (Question 36),Basic processes overview,Detailed processes explanation for Food,Simple processes summary,General processes description,Standard processes definition,1,"Educational content about processes in Food (Level 4, Item 36)"
foo-l4-1937,Food,4,What are important systems in Food at level 4? (Question 37),Basic systems overview,Detailed systems explanation for Food,Simple systems summary,General systems description,Standard systems definition,1,"Educational content about systems in Food (Level 4, Item 37)"
foo-l4-1938,Food,4,What are important structures in Food at level 4? (Question 38),Basic structures overview,Detailed structures explanation for Food,Simple structures summary,General structures description,Standard structures definition,1,"Educational content about structures in Food (Level 4, Item 38)"
foo-l4-1939,Food,4,What are important elements in Food at level 4? (Question 39),Basic elements overview,Detailed elements explanation for Food,Simple elements summary,General elements description,Standard elements definition,1,"Educational content about elements in Food (Level 4, Item 39)"
foo-l4-1940,Food,4,What are important components in Food at level 4? (Question 40),Basic components overview,Detailed components explanation for Food,Simple components summary,General components description,Standard components definition,1,"Educational content about components in Food (Level 4, Item 40)"
foo-l4-1941,Food,4,What are important concepts in Food at level 4? (Question 41),Basic concepts overview,Detailed concepts explanation for Food,Simple concepts summary,General concepts description,Standard concepts definition,1,"Educational content about concepts in Food (Level 4, Item 41)"
foo-l4-1942,Food,4,What are important principles in Food at level 4? (Question 42),Basic principles overview,Detailed principles explanation for Food,Simple principles summary,General principles description,Standard principles definition,1,"Educational content about principles in Food (Level 4, Item 42)"
foo-l4-1943,Food,4,What are important theories in Food at level 4? (Question 43),Basic theories overview,Detailed theories explanation for Food,Simple theories summary,General theories description,Standard theories definition,1,"Educational content about theories in Food (Level 4, Item 43)"
foo-l4-1944,Food,4,What are important facts in Food at level 4? (Question 44),Basic facts overview,Detailed facts explanation for Food,Simple facts summary,General facts description,Standard facts definition,1,"Educational content about facts in Food (Level 4, Item 44)"
foo-l4-1945,Food,4,What are important phenomena in Food at level 4? (Question 45),Basic phenomena overview,Detailed phenomena explanation for Food,Simple phenomena summary,General phenomena description,Standard phenomena definition,1,"Educational content about phenomena in Food (Level 4, Item 45)"
foo-l4-1946,Food,4,What are important processes in Food at level 4? (Question 46),Basic processes overview,Detailed processes explanation for Food,Simple processes summary,General processes description,Standard processes definition,1,"Educational content about processes in Food (Level 4, Item 46)"
foo-l4-1947,Food,4,What are important systems in Food at level 4? (Question 47),Basic systems overview,Detailed systems explanation for Food,Simple systems summary,General systems description,Standard systems definition,1,"Educational content about systems in Food (Level 4, Item 47)"
foo-l4-1948,Food,4,What are important structures in Food at level 4? (Question 48),Basic structures overview,Detailed structures explanation for Food,Simple structures summary,General structures description,Standard structures definition,1,"Educational content about structures in Food (Level 4, Item 48)"
foo-l4-1949,Food,4,What are important elements in Food at level 4? (Question 49),Basic elements overview,Detailed elements explanation for Food,Simple elements summary,General elements description,Standard elements definition,1,"Educational content about elements in Food (Level 4, Item 49)"
foo-l4-1950,Food,4,What are important components in Food at level 4? (Question 50),Basic components overview,Detailed components explanation for Food,Simple components summary,General components description,Standard components definition,1,"Educational content about components in Food (Level 4, Item 50)"
foo-l5-1951,Food,5,What are important concepts in Food at level 5? (Question 1),Basic concepts overview,Detailed concepts explanation for Food,Simple concepts summary,General concepts description,Standard concepts definition,1,"Educational content about concepts in Food (Level 5, Item 1)"
foo-l5-1952,Food,5,What are important principles in Food at level 5? (Question 2),Basic principles overview,Detailed principles explanation for Food,Simple principles summary,General principles description,Standard principles definition,1,"Educational content about principles in Food (Level 5, Item 2)"
foo-l5-1953,Food,5,What are important theories in Food at level 5? (Question 3),Basic theories overview,Detailed theories explanation for Food,Simple theories summary,General theories description,Standard theories definition,1,"Educational content about theories in Food (Level 5, Item 3)"
foo-l5-1954,Food,5,What are important facts in Food at level 5? (Question 4),Basic facts overview,Detailed facts explanation for Food,Simple facts summary,General facts description,Standard facts definition,1,"Educational content about facts in Food (Level 5, Item 4)"
foo-l5-1955,Food,5,What are important phenomena in Food at level 5? (Question 5),Basic phenomena overview,Detailed phenomena explanation for Food,Simple phenomena summary,General phenomena description,Standard phenomena definition,1,"Educational content about phenomena in Food (Level 5, Item 5)"
foo-l5-1956,Food,5,What are important processes in Food at level 5? (Question 6),Basic processes overview,Detailed processes explanation for Food,Simple processes summary,General processes description,Standard processes definition,1,"Educational content about processes in Food (Level 5, Item 6)"
foo-l5-1957,Food,5,What are important systems in Food at level 5? (Question 7),Basic systems overview,Detailed systems explanation for Food,Simple systems summary,General systems description,Standard systems definition,1,"Educational content about systems in Food (Level 5, Item 7)"
foo-l5-1958,Food,5,What are important structures in Food at level 5? (Question 8),Basic structures overview,Detailed structures explanation for Food,Simple structures summary,General structures description,Standard structures definition,1,"Educational content about structures in Food (Level 5, Item 8)"
foo-l5-1959,Food,5,What are important elements in Food at level 5? (Question 9),Basic elements overview,Detailed elements explanation for Food,Simple elements summary,General elements description,Standard elements definition,1,"Educational content about elements in Food (Level 5, Item 9)"
foo-l5-1960,Food,5,What are important components in Food at level 5? (Question 10),Basic components overview,Detailed components explanation for Food,Simple components summary,General components description,Standard components definition,1,"Educational content about components in Food (Level 5, Item 10)"
foo-l5-1961,Food,5,What are important concepts in Food at level 5? (Question 11),Basic concepts overview,Detailed concepts explanation for Food,Simple concepts summary,General concepts description,Standard concepts definition,1,"Educational content about concepts in Food (Level 5, Item 11)"
foo-l5-1962,Food,5,What are important principles in Food at level 5? (Question 12),Basic principles overview,Detailed principles explanation for Food,Simple principles summary,General principles description,Standard principles definition,1,"Educational content about principles in Food (Level 5, Item 12)"
foo-l5-1963,Food,5,What are important theories in Food at level 5? (Question 13),Basic theories overview,Detailed theories explanation for Food,Simple theories summary,General theories description,Standard theories definition,1,"Educational content about theories in Food (Level 5, Item 13)"
foo-l5-1964,Food,5,What are important facts in Food at level 5? (Question 14),Basic facts overview,Detailed facts explanation for Food,Simple facts summary,General facts description,Standard facts definition,1,"Educational content about facts in Food (Level 5, Item 14)"
foo-l5-1965,Food,5,What are important phenomena in Food at level 5? (Question 15),Basic phenomena overview,Detailed phenomena explanation for Food,Simple phenomena summary,General phenomena description,Standard phenomena definition,1,"Educational content about phenomena in Food (Level 5, Item 15)"
foo-l5-1966,Food,5,What are important processes in Food at level 5? (Question 16),Basic processes overview,Detailed processes explanation for Food,Simple processes summary,General processes description,Standard processes definition,1,"Educational content about processes in Food (Level 5, Item 16)"
foo-l5-1967,Food,5,What are important systems in Food at level 5? (Question 17),Basic systems overview,Detailed systems explanation for Food,Simple systems summary,General systems description,Standard systems definition,1,"Educational content about systems in Food (Level 5, Item 17)"
foo-l5-1968,Food,5,What are important structures in Food at level 5? (Question 18),Basic structures overview,Detailed structures explanation for Food,Simple structures summary,General structures description,Standard structures definition,1,"Educational content about structures in Food (Level 5, Item 18)"
foo-l5-1969,Food,5,What are important elements in Food at level 5? (Question 19),Basic elements overview,Detailed elements explanation for Food,Simple elements summary,General elements description,Standard elements definition,1,"Educational content about elements in Food (Level 5, Item 19)"
foo-l5-1970,Food,5,What are important components in Food at level 5? (Question 20),Basic components overview,Detailed components explanation for Food,Simple components summary,General components description,Standard components definition,1,"Educational content about components in Food (Level 5, Item 20)"
foo-l5-1971,Food,5,What are important concepts in Food at level 5? (Question 21),Basic concepts overview,Detailed concepts explanation for Food,Simple concepts summary,General concepts description,Standard concepts definition,1,"Educational content about concepts in Food (Level 5, Item 21)"
foo-l5-1972,Food,5,What are important principles in Food at level 5? (Question 22),Basic principles overview,Detailed principles explanation for Food,Simple principles summary,General principles description,Standard principles definition,1,"Educational content about principles in Food (Level 5, Item 22)"
foo-l5-1973,Food,5,What are important theories in Food at level 5? (Question 23),Basic theories overview,Detailed theories explanation for Food,Simple theories summary,General theories description,Standard theories definition,1,"Educational content about theories in Food (Level 5, Item 23)"
foo-l5-1974,Food,5,What are important facts in Food at level 5? (Question 24),Basic facts overview,Detailed facts explanation for Food,Simple facts summary,General facts description,Standard facts definition,1,"Educational content about facts in Food (Level 5, Item 24)"
foo-l5-1975,Food,5,What are important phenomena in Food at level 5? (Question 25),Basic phenomena overview,Detailed phenomena explanation for Food,Simple phenomena summary,General phenomena description,Standard phenomena definition,1,"Educational content about phenomena in Food (Level 5, Item 25)"
foo-l5-1976,Food,5,What are important processes in Food at level 5? (Question 26),Basic processes overview,Detailed processes explanation for Food,Simple processes summary,General processes description,Standard processes definition,1,"Educational content about processes in Food (Level 5, Item 26)"
foo-l5-1977,Food,5,What are important systems in Food at level 5? (Question 27),Basic systems overview,Detailed systems explanation for Food,Simple systems summary,General systems description,Standard systems definition,1,"Educational content about systems in Food (Level 5, Item 27)"
foo-l5-1978,Food,5,What are important structures in Food at level 5? (Question 28),Basic structures overview,Detailed structures explanation for Food,Simple structures summary,General structures description,Standard structures definition,1,"Educational content about structures in Food (Level 5, Item 28)"
foo-l5-1979,Food,5,What are important elements in Food at level 5? (Question 29),Basic elements overview,Detailed elements explanation for Food,Simple elements summary,General elements description,Standard elements definition,1,"Educational content about elements in Food (Level 5, Item 29)"
foo-l5-1980,Food,5,What are important components in Food at level 5? (Question 30),Basic components overview,Detailed components explanation for Food,Simple components summary,General components description,Standard components definition,1,"Educational content about components in Food (Level 5, Item 30)"
foo-l5-1981,Food,5,What are important concepts in Food at level 5? (Question 31),Basic concepts overview,Detailed concepts explanation for Food,Simple concepts summary,General concepts description,Standard concepts definition,1,"Educational content about concepts in Food (Level 5, Item 31)"
foo-l5-1982,Food,5,What are important principles in Food at level 5? (Question 32),Basic principles overview,Detailed principles explanation for Food,Simple principles summary,General principles description,Standard principles definition,1,"Educational content about principles in Food (Level 5, Item 32)"
foo-l5-1983,Food,5,What are important theories in Food at level 5? (Question 33),Basic theories overview,Detailed theories explanation for Food,Simple theories summary,General theories description,Standard theories definition,1,"Educational content about theories in Food (Level 5, Item 33)"
foo-l5-1984,Food,5,What are important facts in Food at level 5? (Question 34),Basic facts overview,Detailed facts explanation for Food,Simple facts summary,General facts description,Standard facts definition,1,"Educational content about facts in Food (Level 5, Item 34)"
foo-l5-1985,Food,5,What are important phenomena in Food at level 5? (Question 35),Basic phenomena overview,Detailed phenomena explanation for Food,Simple phenomena summary,General phenomena description,Standard phenomena definition,1,"Educational content about phenomena in Food (Level 5, Item 35)"
foo-l5-1986,Food,5,What are important processes in Food at level 5? (Question 36),Basic processes overview,Detailed processes explanation for Food,Simple processes summary,General processes description,Standard processes definition,1,"Educational content about processes in Food (Level 5, Item 36)"
foo-l5-1987,Food,5,What are important systems in Food at level 5? (Question 37),Basic systems overview,Detailed systems explanation for Food,Simple systems summary,General systems description,Standard systems definition,1,"Educational content about systems in Food (Level 5, Item 37)"
foo-l5-1988,Food,5,What are important structures in Food at level 5? (Question 38),Basic structures overview,Detailed structures explanation for Food,Simple structures summary,General structures description,Standard structures definition,1,"Educational content about structures in Food (Level 5, Item 38)"
foo-l5-1989,Food,5,What are important elements in Food at level 5? (Question 39),Basic elements overview,Detailed elements explanation for Food,Simple elements summary,General elements description,Standard elements definition,1,"Educational content about elements in Food (Level 5, Item 39)"
foo-l5-1990,Food,5,What are important components in Food at level 5? (Question 40),Basic components overview,Detailed components explanation for Food,Simple components summary,General components description,Standard components definition,1,"Educational content about components in Food (Level 5, Item 40)"
foo-l5-1991,Food,5,What are important concepts in Food at level 5? (Question 41),Basic concepts overview,Detailed concepts explanation for Food,Simple concepts summary,General concepts description,Standard concepts definition,1,"Educational content about concepts in Food (Level 5, Item 41)"
foo-l5-1992,Food,5,What are important principles in Food at level 5? (Question 42),Basic principles overview,Detailed principles explanation for Food,Simple principles summary,General principles description,Standard principles definition,1,"Educational content about principles in Food (Level 5, Item 42)"
foo-l5-1993,Food,5,What are important theories in Food at level 5? (Question 43),Basic theories overview,Detailed theories explanation for Food,Simple theories summary,General theories description,Standard theories definition,1,"Educational content about theories in Food (Level 5, Item 43)"
foo-l5-1994,Food,5,What are important facts in Food at level 5? (Question 44),Basic facts overview,Detailed facts explanation for Food,Simple facts summary,General facts description,Standard facts definition,1,"Educational content about facts in Food (Level 5, Item 44)"
foo-l5-1995,Food,5,What are important phenomena in Food at level 5? (Question 45),Basic phenomena overview,Detailed phenomena explanation for Food,Simple phenomena summary,General phenomena description,Standard phenomena definition,1,"Educational content about phenomena in Food (Level 5, Item 45)"
foo-l5-1996,Food,5,What are important processes in Food at level 5? (Question 46),Basic processes overview,Detailed processes explanation for Food,Simple processes summary,General processes description,Standard processes definition,1,"Educational content about processes in Food (Level 5, Item 46)"
foo-l5-1997,Food,5,What are important systems in Food at level 5? (Question 47),Basic systems overview,Detailed systems explanation for Food,Simple systems summary,General systems description,Standard systems definition,1,"Educational content about systems in Food (Level 5, Item 47)"
foo-l5-1998,Food,5,What are important structures in Food at level 5? (Question 48),Basic structures overview,Detailed structures explanation for Food,Simple structures summary,General structures description,Standard structures definition,1,"Educational content about structures in Food (Level 5, Item 48)"
foo-l5-1999,Food,5,What are important elements in Food at level 5? (Question 49),Basic elements overview,Detailed elements explanation for Food,Simple elements summary,General elements description,Standard elements definition,1,"Educational content about elements in Food (Level 5, Item 49)"
foo-l5-2000,Food,5,What are important components in Food at level 5? (Question 50),Basic components overview,Detailed components explanation for Food,Simple components summary,General components description,Standard components definition,1,"Educational content about components in Food (Level 5, Item 50)"
lan-l1-2001,Language,1,What is Noun?,A theory,Naming word,A law,A principle,A rule,1,"person, place, thing, or idea"
lan-l1-2002,Language,1,How is Noun best described?,As a process,"Person, place, thing, or idea",As a theory,As a law,As a hypothesis,1,Noun: naming word
lan-l1-2003,Language,1,"In Language, what characterizes Noun?",Its size,Naming word,Its color,Its shape,Its weight,1,Learn about Noun
lan-l1-2004,Language,1,What is Verb?,A theory,Action word,A law,A principle,A rule,1,describes action or state of being
lan-l1-2005,Language,1,How is Verb best described?,As a process,Describes action or state of being,As a theory,As a law,As a hypothesis,1,Verb: action word
lan-l1-2006,Language,1,"In Language, what characterizes Verb?",Its size,Action word,Its color,Its shape,Its weight,1,Learn about Verb
lan-l1-2007,Language,1,What is Adjective?,A theory,Describing word,A law,A principle,A rule,1,modifies noun or pronoun
lan-l1-2008,Language,1,How is Adjective best described?,As a process,Modifies noun or pronoun,As a theory,As a law,As a hypothesis,1,Adjective: describing word
lan-l1-2009,Language,1,"In Language, what characterizes Adjective?",Its size,Describing word,Its color,Its shape,Its weight,1,Learn about Adjective
lan-l1-2010,Language,1,What is Syntax?,A theory,Sentence structure,A law,A principle,A rule,1,arrangement of words and phrases
lan-l1-2011,Language,1,How is Syntax best described?,As a process,Arrangement of words and phrases,As a theory,As a law,As a hypothesis,1,Syntax: sentence structure
lan-l1-2012,Language,1,"In Language, what characterizes Syntax?",Its size,Sentence structure,Its color,Its shape,Its weight,1,Learn about Syntax
lan-l1-2013,Language,1,What is Phoneme?,A theory,Sound unit,A law,A principle,A rule,1,smallest unit of speech sound
lan-l1-2014,Language,1,How is Phoneme best described?,As a process,Smallest unit of speech sound,As a theory,As a law,As a hypothesis,1,Phoneme: sound unit
lan-l1-2015,Language,1,"In Language, what characterizes Phoneme?",Its size,Sound unit,Its color,Its shape,Its weight,1,Learn about Phoneme
lan-l1-2016,Language,1,What are important processes in Language at level 1? (Question 16),Basic processes overview,Detailed processes explanation for Language,Simple processes summary,General processes description,Standard processes definition,1,"Educational content about processes in Language (Level 1, Item 16)"
lan-l1-2017,Language,1,What are important systems in Language at level 1? (Question 17),Basic systems overview,Detailed systems explanation for Language,Simple systems summary,General systems description,Standard systems definition,1,"Educational content about systems in Language (Level 1, Item 17)"
lan-l1-2018,Language,1,What are important structures in Language at level 1? (Question 18),Basic structures overview,Detailed structures explanation for Language,Simple structures summary,General structures description,Standard structures definition,1,"Educational content about structures in Language (Level 1, Item 18)"
lan-l1-2019,Language,1,What are important elements in Language at level 1? (Question 19),Basic elements overview,Detailed elements explanation for Language,Simple elements summary,General elements description,Standard elements definition,1,"Educational content about elements in Language (Level 1, Item 19)"
lan-l1-2020,Language,1,What are important components in Language at level 1? (Question 20),Basic components overview,Detailed components explanation for Language,Simple components summary,General components description,Standard components definition,1,"Educational content about components in Language (Level 1, Item 20)"
lan-l1-2021,Language,1,What are important concepts in Language at level 1? (Question 21),Basic concepts overview,Detailed concepts explanation for Language,Simple concepts summary,General concepts description,Standard concepts definition,1,"Educational content about concepts in Language (Level 1, Item 21)"
lan-l1-2022,Language,1,What are important principles in Language at level 1? (Question 22),Basic principles overview,Detailed principles explanation for Language,Simple principles summary,General principles description,Standard principles definition,1,"Educational content about principles in Language (Level 1, Item 22)"
lan-l1-2023,Language,1,What are important theories in Language at level 1? (Question 23),Basic theories overview,Detailed theories explanation for Language,Simple theories summary,General theories description,Standard theories definition,1,"Educational content about theories in Language (Level 1, Item 23)"
lan-l1-2024,Language,1,What are important facts in Language at level 1? (Question 24),Basic facts overview,Detailed facts explanation for Language,Simple facts summary,General facts description,Standard facts definition,1,"Educational content about facts in Language (Level 1, Item 24)"
lan-l1-2025,Language,1,What are important phenomena in Language at level 1? (Question 25),Basic phenomena overview,Detailed phenomena explanation for Language,Simple phenomena summary,General phenomena description,Standard phenomena definition,1,"Educational content about phenomena in Language (Level 1, Item 25)"
lan-l1-2026,Language,1,What are important processes in Language at level 1? (Question 26),Basic processes overview,Detailed processes explanation for Language,Simple processes summary,General processes description,Standard processes definition,1,"Educational content about processes in Language (Level 1, Item 26)"
lan-l1-2027,Language,1,What are important systems in Language at level 1? (Question 27),Basic systems overview,Detailed systems explanation for Language,Simple systems summary,General systems description,Standard systems definition,1,"Educational content about systems in Language (Level 1, Item 27)"
lan-l1-2028,Language,1,What are important structures in Language at level 1? (Question 28),Basic structures overview,Detailed structures explanation for Language,Simple structures summary,General structures description,Standard structures definition,1,"Educational content about structures in Language (Level 1, Item 28)"
lan-l1-2029,Language,1,What are important elements in Language at level 1? (Question 29),Basic elements overview,Detailed elements explanation for Language,Simple elements summary,General elements description,Standard elements definition,1,"Educational content about elements in Language (Level 1, Item 29)"
lan-l1-2030,Language,1,What are important components in Language at level 1? (Question 30),Basic components overview,Detailed components explanation for Language,Simple components summary,General components description,Standard components definition,1,"Educational content about components in Language (Level 1, Item 30)"
lan-l1-2031,Language,1,What are important concepts in Language at level 1? (Question 31),Basic concepts overview,Detailed concepts explanation for Language,Simple concepts summary,General concepts description,Standard concepts definition,1,"Educational content about concepts in Language (Level 1, Item 31)"
lan-l1-2032,Language,1,What are important principles in Language at level 1? (Question 32),Basic principles overview,Detailed principles explanation for Language,Simple principles summary,General principles description,Standard principles definition,1,"Educational content about principles in Language (Level 1, Item 32)"
lan-l1-2033,Language,1,What are important theories in Language at level 1? (Question 33),Basic theories overview,Detailed theories explanation for Language,Simple theories summary,General theories description,Standard theories definition,1,"Educational content about theories in Language (Level 1, Item 33)"
lan-l1-2034,Language,1,What are important facts in Language at level 1? (Question 34),Basic facts overview,Detailed facts explanation for Language,Simple facts summary,General facts description,Standard facts definition,1,"Educational content about facts in Language (Level 1, Item 34)"
lan-l1-2035,Language,1,What are important phenomena in Language at level 1? (Question 35),Basic phenomena overview,Detailed phenomena explanation for Language,Simple phenomena summary,General phenomena description,Standard phenomena definition,1,"Educational content about phenomena in Language (Level 1, Item 35)"
lan-l1-2036,Language,1,What are important processes in Language at level 1? (Question 36),Basic processes overview,Detailed processes explanation for Language,Simple processes summary,General processes description,Standard processes definition,1,"Educational content about processes in Language (Level 1, Item 36)"
lan-l1-2037,Language,1,What are important systems in Language at level 1? (Question 37),Basic systems overview,Detailed systems explanation for Language,Simple systems summary,General systems description,Standard systems definition,1,"Educational content about systems in Language (Level 1, Item 37)"
lan-l1-2038,Language,1,What are important structures in Language at level 1? (Question 38),Basic structures overview,Detailed structures explanation for Language,Simple structures summary,General structures description,Standard structures definition,1,"Educational content about structures in Language (Level 1, Item 38)"
lan-l1-2039,Language,1,What are important elements in Language at level 1? (Question 39),Basic elements overview,Detailed elements explanation for Language,Simple elements summary,General elements description,Standard elements definition,1,"Educational content about elements in Language (Level 1, Item 39)"
lan-l1-2040,Language,1,What are important components in Language at level 1? (Question 40),Basic components overview,Detailed components explanation for Language,Simple components summary,General components description,Standard components definition,1,"Educational content about components in Language (Level 1, Item 40)"
lan-l1-2041,Language,1,What are important concepts in Language at level 1? (Question 41),Basic concepts overview,Detailed concepts explanation for Language,Simple concepts summary,General concepts description,Standard concepts definition,1,"Educational content about concepts in Language (Level 1, Item 41)"
lan-l1-2042,Language,1,What are important principles in Language at level 1? (Question 42),Basic principles overview,Detailed principles explanation for Language,Simple principles summary,General principles description,Standard principles definition,1,"Educational content about principles in Language (Level 1, Item 42)"
lan-l1-2043,Language,1,What are important theories in Language at level 1? (Question 43),Basic theories overview,Detailed theories explanation for Language,Simple theories summary,General theories description,Standard theories definition,1,"Educational content about theories in Language (Level 1, Item 43)"
lan-l1-2044,Language,1,What are important facts in Language at level 1? (Question 44),Basic facts overview,Detailed facts explanation for Language,Simple facts summary,General facts description,Standard facts definition,1,"Educational content about facts in Language (Level 1, Item 44)"
lan-l1-2045,Language,1,What are important phenomena in Language at level 1? (Question 45),Basic phenomena overview,Detailed phenomena explanation for Language,Simple phenomena summary,General phenomena description,Standard phenomena definition,1,"Educational content about phenomena in Language (Level 1, Item 45)"
lan-l1-2046,Language,1,What are important processes in Language at level 1? (Question 46),Basic processes overview,Detailed processes explanation for Language,Simple processes summary,General processes description,Standard processes definition,1,"Educational content about processes in Language (Level 1, Item 46)"
lan-l1-2047,Language,1,What are important systems in Language at level 1? (Question 47),Basic systems overview,Detailed systems explanation for Language,Simple systems summary,General systems description,Standard systems definition,1,"Educational content about systems in Language (Level 1, Item 47)"
lan-l1-2048,Language,1,What are important structures in Language at level 1? (Question 48),Basic structures overview,Detailed structures explanation for Language,Simple structures summary,General structures description,Standard structures definition,1,"Educational content about structures in Language (Level 1, Item 48)"
lan-l1-2049,Language,1,What are important elements in Language at level 1? (Question 49),Basic elements overview,Detailed elements explanation for Language,Simple elements summary,General elements description,Standard elements definition,1,"Educational content about elements in Language (Level 1, Item 49)"
lan-l1-2050,Language,1,What are important components in Language at level 1? (Question 50),Basic components overview,Detailed components explanation for Language,Simple components summary,General components description,Standard components definition,1,"Educational content about components in Language (Level 1, Item 50)"
lan-l2-2051,Language,2,What are important concepts in Language at level 2? (Question 1),Basic concepts overview,Detailed concepts explanation for Language,Simple concepts summary,General concepts description,Standard concepts definition,1,"Educational content about concepts in Language (Level 2, Item 1)"
lan-l2-2052,Language,2,What are important principles in Language at level 2? (Question 2),Basic principles overview,Detailed principles explanation for Language,Simple principles summary,General principles description,Standard principles definition,1,"Educational content about principles in Language (Level 2, Item 2)"
lan-l2-2053,Language,2,What are important theories in Language at level 2? (Question 3),Basic theories overview,Detailed theories explanation for Language,Simple theories summary,General theories description,Standard theories definition,1,"Educational content about theories in Language (Level 2, Item 3)"
lan-l2-2054,Language,2,What are important facts in Language at level 2? (Question 4),Basic facts overview,Detailed facts explanation for Language,Simple facts summary,General facts description,Standard facts definition,1,"Educational content about facts in Language (Level 2, Item 4)"
lan-l2-2055,Language,2,What are important phenomena in Language at level 2? (Question 5),Basic phenomena overview,Detailed phenomena explanation for Language,Simple phenomena summary,General phenomena description,Standard phenomena definition,1,"Educational content about phenomena in Language (Level 2, Item 5)"
lan-l2-2056,Language,2,What are important processes in Language at level 2? (Question 6),Basic processes overview,Detailed processes explanation for Language,Simple processes summary,General processes description,Standard processes definition,1,"Educational content about processes in Language (Level 2, Item 6)"
lan-l2-2057,Language,2,What are important systems in Language at level 2? (Question 7),Basic systems overview,Detailed systems explanation for Language,Simple systems summary,General systems description,Standard systems definition,1,"Educational content about systems in Language (Level 2, Item 7)"
lan-l2-2058,Language,2,What are important structures in Language at level 2? (Question 8),Basic structures overview,Detailed structures explanation for Language,Simple structures summary,General structures description,Standard structures definition,1,"Educational content about structures in Language (Level 2, Item 8)"
lan-l2-2059,Language,2,What are important elements in Language at level 2? (Question 9),Basic elements overview,Detailed elements explanation for Language,Simple elements summary,General elements description,Standard elements definition,1,"Educational content about elements in Language (Level 2, Item 9)"
lan-l2-2060,Language,2,What are important components in Language at level 2? (Question 10),Basic components overview,Detailed components explanation for Language,Simple components summary,General components description,Standard components definition,1,"Educational content about components in Language (Level 2, Item 10)"
lan-l2-2061,Language,2,What are important concepts in Language at level 2? (Question 11),Basic concepts overview,Detailed concepts explanation for Language,Simple concepts summary,General concepts description,Standard concepts definition,1,"Educational content about concepts in Language (Level 2, Item 11)"
lan-l2-2062,Language,2,What are important principles in Language at level 2? (Question 12),Basic principles overview,Detailed principles explanation for Language,Simple principles summary,General principles description,Standard principles definition,1,"Educational content about principles in Language (Level 2, Item 12)"
lan-l2-2063,Language,2,What are important theories in Language at level 2? (Question 13),Basic theories overview,Detailed theories explanation for Language,Simple theories summary,General theories description,Standard theories definition,1,"Educational content about theories in Language (Level 2, Item 13)"
lan-l2-2064,Language,2,What are important facts in Language at level 2? (Question 14),Basic facts overview,Detailed facts explanation for Language,Simple facts summary,General facts description,Standard facts definition,1,"Educational content about facts in Language (Level 2, Item 14)"
lan-l2-2065,Language,2,What are important phenomena in Language at level 2? (Question 15),Basic phenomena overview,Detailed phenomena explanation for Language,Simple phenomena summary,General phenomena description,Standard phenomena definition,1,"Educational content about phenomena in Language (Level 2, Item 15)"
lan-l2-2066,Language,2,What are important processes in Language at level 2? (Question 16),Basic processes overview,Detailed processes explanation for Language,Simple processes summary,General processes description,Standard processes definition,1,"Educational content about processes in Language (Level 2, Item 16)"
lan-l2-2067,Language,2,What are important systems in Language at level 2? (Question 17),Basic systems overview,Detailed systems explanation for Language,Simple systems summary,General systems description,Standard systems definition,1,"Educational content about systems in Language (Level 2, Item 17)"
lan-l2-2068,Language,2,What are important structures in Language at level 2? (Question 18),Basic structures overview,Detailed structures explanation for Language,Simple structures summary,General structures description,Standard structures definition,1,"Educational content about structures in Language (Level 2, Item 18)"
lan-l2-2069,Language,2,What are important elements in Language at level 2? (Question 19),Basic elements overview,Detailed elements explanation for Language,Simple elements summary,General elements description,Standard elements definition,1,"Educational content about elements in Language (Level 2, Item 19)"
lan-l2-2070,Language,2,What are important components in Language at level 2? (Question 20),Basic components overview,Detailed components explanation for Language,Simple components summary,General components description,Standard components definition,1,"Educational content about components in Language (Level 2, Item 20)"
lan-l2-2071,Language,2,What are important concepts in Language at level 2? (Question 21),Basic concepts overview,Detailed concepts explanation for Language,Simple concepts summary,General concepts description,Standard concepts definition,1,"Educational content about concepts in Language (Level 2, Item 21)"
lan-l2-2072,Language,2,What are important principles in Language at level 2? (Question 22),Basic principles overview,Detailed principles explanation for Language,Simple principles summary,General principles description,Standard principles definition,1,"Educational content about principles in Language (Level 2, Item 22)"
lan-l2-2073,Language,2,What are important theories in Language at level 2? (Question 23),Basic theories overview,Detailed theories explanation for Language,Simple theories summary,General theories description,Standard theories definition,1,"Educational content about theories in Language (Level 2, Item 23)"
lan-l2-2074,Language,2,What are important facts in Language at level 2? (Question 24),Basic facts overview,Detailed facts explanation for Language,Simple facts summary,General facts description,Standard facts definition,1,"Educational content about facts in Language (Level 2, Item 24)"
lan-l2-2075,Language,2,What are important phenomena in Language at level 2? (Question 25),Basic phenomena overview,Detailed phenomena explanation for Language,Simple phenomena summary,General phenomena description,Standard phenomena definition,1,"Educational content about phenomena in Language (Level 2, Item 25)"
lan-l2-2076,Language,2,What are important processes in Language at level 2? (Question 26),Basic processes overview,Detailed processes explanation for Language,Simple processes summary,General processes description,Standard processes definition,1,"Educational content about processes in Language (Level 2, Item 26)"
lan-l2-2077,Language,2,What are important systems in Language at level 2? (Question 27),Basic systems overview,Detailed systems explanation for Language,Simple systems summary,General systems description,Standard systems definition,1,"Educational content about systems in Language (Level 2, Item 27)"
lan-l2-2078,Language,2,What are important structures in Language at level 2? (Question 28),Basic structures overview,Detailed structures explanation for Language,Simple structures summary,General structures description,Standard structures definition,1,"Educational content about structures in Language (Level 2, Item 28)"
lan-l2-2079,Language,2,What are important elements in Language at level 2? (Question 29),Basic elements overview,Detailed elements explanation for Language,Simple elements summary,General elements description,Standard elements definition,1,"Educational content about elements in Language (Level 2, Item 29)"
lan-l2-2080,Language,2,What are important components in Language at level 2? (Question 30),Basic components overview,Detailed components explanation for Language,Simple components summary,General components description,Standard components definition,1,"Educational content about components in Language (Level 2, Item 30)"
lan-l2-2081,Language,2,What are important concepts in Language at level 2? (Question 31),Basic concepts overview,Detailed concepts explanation for Language,Simple concepts summary,General concepts description,Standard concepts definition,1,"Educational content about concepts in Language (Level 2, Item 31)"
lan-l2-2082,Language,2,What are important principles in Language at level 2? (Question 32),Basic principles overview,Detailed principles explanation for Language,Simple principles summary,General principles description,Standard principles definition,1,"Educational content about principles in Language (Level 2, Item 32)"
lan-l2-2083,Language,2,What are important theories in Language at level 2? (Question 33),Basic theories overview,Detailed theories explanation for Language,Simple theories summary,General theories description,Standard theories definition,1,"Educational content about theories in Language (Level 2, Item 33)"
lan-l2-2084,Language,2,What are important facts in Language at level 2? (Question 34),Basic facts overview,Detailed facts explanation for Language,Simple facts summary,General facts description,Standard facts definition,1,"Educational content about facts in Language (Level 2, Item 34)"
lan-l2-2085,Language,2,What are important phenomena in Language at level 2? (Question 35),Basic phenomena overview,Detailed phenomena explanation for Language,Simple phenomena summary,General phenomena description,Standard phenomena definition,1,"Educational content about phenomena in Language (Level 2, Item 35)"
lan-l2-2086,Language,2,What are important processes in Language at level 2? (Question 36),Basic processes overview,Detailed processes explanation for Language,Simple processes summary,General processes description,Standard processes definition,1,"Educational content about processes in Language (Level 2, Item 36)"
lan-l2-2087,Language,2,What are important systems in Language at level 2? (Question 37),Basic systems overview,Detailed systems explanation for Language,Simple systems summary,General systems description,Standard systems definition,1,"Educational content about systems in Language (Level 2, Item 37)"
lan-l2-2088,Language,2,What are important structures in Language at level 2? (Question 38),Basic structures overview,Detailed structures explanation for Language,Simple structures summary,General structures description,Standard structures definition,1,"Educational content about structures in Language (Level 2, Item 38)"
lan-l2-2089,Language,2,What are important elements in Language at level 2? (Question 39),Basic elements overview,Detailed elements explanation for Language,Simple elements summary,General elements description,Standard elements definition,1,"Educational content about elements in Language (Level 2, Item 39)"
lan-l2-2090,Language,2,What are important components in Language at level 2? (Question 40),Basic components overview,Detailed components explanation for Language,Simple components summary,General components description,Standard components definition,1,"Educational content about components in Language (Level 2, Item 40)"
lan-l2-2091,Language,2,What are important concepts in Language at level 2? (Question 41),Basic concepts overview,Detailed concepts explanation for Language,Simple concepts summary,General concepts description,Standard concepts definition,1,"Educational content about concepts in Language (Level 2, Item 41)"
lan-l2-2092,Language,2,What are important principles in Language at level 2? (Question 42),Basic principles overview,Detailed principles explanation for Language,Simple principles summary,General principles description,Standard principles definition,1,"Educational content about principles in Language (Level 2, Item 42)"
lan-l2-2093,Language,2,What are important theories in Language at level 2? (Question 43),Basic theories overview,Detailed theories explanation for Language,Simple theories summary,General theories description,Standard theories definition,1,"Educational content about theories in Language (Level 2, Item 43)"
lan-l2-2094,Language,2,What are important facts in Language at level 2? (Question 44),Basic facts overview,Detailed facts explanation for Language,Simple facts summary,General facts description,Standard facts definition,1,"Educational content about facts in Language (Level 2, Item 44)"
lan-l2-2095,Language,2,What are important phenomena in Language at level 2? (Question 45),Basic phenomena overview,Detailed phenomena explanation for Language,Simple phenomena summary,General phenomena description,Standard phenomena definition,1,"Educational content about phenomena in Language (Level 2, Item 45)"
lan-l2-2096,Language,2,What are important processes in Language at level 2? (Question 46),Basic processes overview,Detailed processes explanation for Language,Simple processes summary,General processes description,Standard processes definition,1,"Educational content about processes in Language (Level 2, Item 46)"
lan-l2-2097,Language,2,What are important systems in Language at level 2? (Question 47),Basic systems overview,Detailed systems explanation for Language,Simple systems summary,General systems description,Standard systems definition,1,"Educational content about systems in Language (Level 2, Item 47)"
lan-l2-2098,Language,2,What are important structures in Language at level 2? (Question 48),Basic structures overview,Detailed structures explanation for Language,Simple structures summary,General structures description,Standard structures definition,1,"Educational content about structures in Language (Level 2, Item 48)"
lan-l2-2099,Language,2,What are important elements in Language at level 2? (Question 49),Basic elements overview,Detailed elements explanation for Language,Simple elements summary,General elements description,Standard elements definition,1,"Educational content about elements in Language (Level 2, Item 49)"
lan-l2-2100,Language,2,What are important components in Language at level 2? (Question 50),Basic components overview,Detailed components explanation for Language,Simple components summary,General components description,Standard components definition,1,"Educational content about components in Language (Level 2, Item 50)"
lan-l3-2101,Language,3,What are important concepts in Language at level 3? (Question 1),Basic concepts overview,Detailed concepts explanation for Language,Simple concepts summary,General concepts description,Standard concepts definition,1,"Educational content about concepts in Language (Level 3, Item 1)"
lan-l3-2102,Language,3,What are important principles in Language at level 3? (Question 2),Basic principles overview,Detailed principles explanation for Language,Simple principles summary,General principles description,Standard principles definition,1,"Educational content about principles in Language (Level 3, Item 2)"
lan-l3-2103,Language,3,What are important theories in Language at level 3? (Question 3),Basic theories overview,Detailed theories explanation for Language,Simple theories summary,General theories description,Standard theories definition,1,"Educational content about theories in Language (Level 3, Item 3)"
lan-l3-2104,Language,3,What are important facts in Language at level 3? (Question 4),Basic facts overview,Detailed facts explanation for Language,Simple facts summary,General facts description,Standard facts definition,1,"Educational content about facts in Language (Level 3, Item 4)"
lan-l3-2105,Language,3,What are important phenomena in Language at level 3? (Question 5),Basic phenomena overview,Detailed phenomena explanation for Language,Simple phenomena summary,General phenomena description,Standard phenomena definition,1,"Educational content about phenomena in Language (Level 3, Item 5)"
lan-l3-2106,Language,3,What are important processes in Language at level 3? (Question 6),Basic processes overview,Detailed processes explanation for Language,Simple processes summary,General processes description,Standard processes definition,1,"Educational content about processes in Language (Level 3, Item 6)"
lan-l3-2107,Language,3,What are important systems in Language at level 3? (Question 7),Basic systems overview,Detailed systems explanation for Language,Simple systems summary,General systems description,Standard systems definition,1,"Educational content about systems in Language (Level 3, Item 7)"
lan-l3-2108,Language,3,What are important structures in Language at level 3? (Question 8),Basic structures overview,Detailed structures explanation for Language,Simple structures summary,General structures description,Standard structures definition,1,"Educational content about structures in Language (Level 3, Item 8)"
lan-l3-2109,Language,3,What are important elements in Language at level 3? (Question 9),Basic elements overview,Detailed elements explanation for Language,Simple elements summary,General elements description,Standard elements definition,1,"Educational content about elements in Language (Level 3, Item 9)"
lan-l3-2110,Language,3,What are important components in Language at level 3? (Question 10),Basic components overview,Detailed components explanation for Language,Simple components summary,General components description,Standard components definition,1,"Educational content about components in Language (Level 3, Item 10)"
lan-l3-2111,Language,3,What are important concepts in Language at level 3? (Question 11),Basic concepts overview,Detailed concepts explanation for Language,Simple concepts summary,General concepts description,Standard concepts definition,1,"Educational content about concepts in Language (Level 3, Item 11)"
lan-l3-2112,Language,3,What are important principles in Language at level 3? (Question 12),Basic principles overview,Detailed principles explanation for Language,Simple principles summary,General principles description,Standard principles definition,1,"Educational content about principles in Language (Level 3, Item 12)"
lan-l3-2113,Language,3,What are important theories in Language at level 3? (Question 13),Basic theories overview,Detailed theories explanation for Language,Simple theories summary,General theories description,Standard theories definition,1,"Educational content about theories in Language (Level 3, Item 13)"
lan-l3-2114,Language,3,What are important facts in Language at level 3? (Question 14),Basic facts overview,Detailed facts explanation for Language,Simple facts summary,General facts description,Standard facts definition,1,"Educational content about facts in Language (Level 3, Item 14)"
lan-l3-2115,Language,3,What are important phenomena in Language at level 3? (Question 15),Basic phenomena overview,Detailed phenomena explanation for Language,Simple phenomena summary,General phenomena description,Standard phenomena definition,1,"Educational content about phenomena in Language (Level 3, Item 15)"
lan-l3-2116,Language,3,What are important processes in Language at level 3? (Question 16),Basic processes overview,Detailed processes explanation for Language,Simple processes summary,General processes description,Standard processes definition,1,"Educational content about processes in Language (Level 3, Item 16)"
lan-l3-2117,Language,3,What are important systems in Language at level 3? (Question 17),Basic systems overview,Detailed systems explanation for Language,Simple systems summary,General systems description,Standard systems definition,1,"Educational content about systems in Language (Level 3, Item 17)"
lan-l3-2118,Language,3,What are important structures in Language at level 3? (Question 18),Basic structures overview,Detailed structures explanation for Language,Simple structures summary,General structures description,Standard structures definition,1,"Educational content about structures in Language (Level 3, Item 18)"
lan-l3-2119,Language,3,What are important elements in Language at level 3? (Question 19),Basic elements overview,Detailed elements explanation for Language,Simple elements summary,General elements description,Standard elements definition,1,"Educational content about elements in Language (Level 3, Item 19)"
lan-l3-2120,Language,3,What are important components in Language at level 3? (Question 20),Basic components overview,Detailed components explanation for Language,Simple components summary,General components description,Standard components definition,1,"Educational content about components in Language (Level 3, Item 20)"
lan-l3-2121,Language,3,What are important concepts in Language at level 3? (Question 21),Basic concepts overview,Detailed concepts explanation for Language,Simple concepts summary,General concepts description,Standard concepts definition,1,"Educational content about concepts in Language (Level 3, Item 21)"
lan-l3-2122,Language,3,What are important principles in Language at level 3? (Question 22),Basic principles overview,Detailed principles explanation for Language,Simple principles summary,General principles description,Standard principles definition,1,"Educational content about principles in Language (Level 3, Item 22)"
lan-l3-2123,Language,3,What are important theories in Language at level 3? (Question 23),Basic theories overview,Detailed theories explanation for Language,Simple theories summary,General theories description,Standard theories definition,1,"Educational content about theories in Language (Level 3, Item 23)"
lan-l3-2124,Language,3,What are important facts in Language at level 3? (Question 24),Basic facts overview,Detailed facts explanation for Language,Simple facts summary,General facts description,Standard facts definition,1,"Educational content about facts in Language (Level 3, Item 24)"
lan-l3-2125,Language,3,What are important phenomena in Language at level 3? (Question 25),Basic phenomena overview,Detailed phenomena explanation for Language,Simple phenomena summary,General phenomena description,Standard phenomena definition,1,"Educational content about phenomena in Language (Level 3, Item 25)"
lan-l3-2126,Language,3,What are important processes in Language at level 3? (Question 26),Basic processes overview,Detailed processes explanation for Language,Simple processes summary,General processes description,Standard processes definition,1,"Educational content about processes in Language (Level 3, Item 26)"
lan-l3-2127,Language,3,What are important systems in Language at level 3? (Question 27),Basic systems overview,Detailed systems explanation for Language,Simple systems summary,General systems description,Standard systems definition,1,"Educational content about systems in Language (Level 3, Item 27)"
lan-l3-2128,Language,3,What are important structures in Language at level 3? (Question 28),Basic structures overview,Detailed structures explanation for Language,Simple structures summary,General structures description,Standard structures definition,1,"Educational content about structures in Language (Level 3, Item 28)"
lan-l3-2129,Language,3,What are important elements in Language at level 3? (Question 29),Basic elements overview,Detailed elements explanation for Language,Simple elements summary,General elements description,Standard elements definition,1,"Educational content about elements in Language (Level 3, Item 29)"
lan-l3-2130,Language,3,What are important components in Language at level 3? (Question 30),Basic components overview,Detailed components explanation for Language,Simple components summary,General components description,Standard components definition,1,"Educational content about components in Language (Level 3, Item 30)"
lan-l3-2131,Language,3,What are important concepts in Language at level 3? (Question 31),Basic concepts overview,Detailed concepts explanation for Language,Simple concepts summary,General concepts description,Standard concepts definition,1,"Educational content about concepts in Language (Level 3, Item 31)"
lan-l3-2132,Language,3,What are important principles in Language at level 3? (Question 32),Basic principles overview,Detailed principles explanation for Language,Simple principles summary,General principles description,Standard principles definition,1,"Educational content about principles in Language (Level 3, Item 32)"
lan-l3-2133,Language,3,What are important theories in Language at level 3? (Question 33),Basic theories overview,Detailed theories explanation for Language,Simple theories summary,General theories description,Standard theories definition,1,"Educational content about theories in Language (Level 3, Item 33)"
lan-l3-2134,Language,3,What are important facts in Language at level 3? (Question 34),Basic facts overview,Detailed facts explanation for Language,Simple facts summary,General facts description,Standard facts definition,1,"Educational content about facts in Language (Level 3, Item 34)"
lan-l3-2135,Language,3,What are important phenomena in Language at level 3? (Question 35),Basic phenomena overview,Detailed phenomena explanation for Language,Simple phenomena summary,General phenomena description,Standard phenomena definition,1,"Educational content about phenomena in Language (Level 3, Item 35)"
lan-l3-2136,Language,3,What are important processes in Language at level 3? (Question 36),Basic processes overview,Detailed processes explanation for Language,Simple processes summary,General processes description,Standard processes definition,1,"Educational content about processes in Language (Level 3, Item 36)"
lan-l3-2137,Language,3,What are important systems in Language at level 3? (Question 37),Basic systems overview,Detailed systems explanation for Language,Simple systems summary,General systems description,Standard systems definition,1,"Educational content about systems in Language (Level 3, Item 37)"
lan-l3-2138,Language,3,What are important structures in Language at level 3? (Question 38),Basic structures overview,Detailed structures explanation for Language,Simple structures summary,General structures description,Standard structures definition,1,"Educational content about structures in Language (Level 3, Item 38)"
lan-l3-2139,Language,3,What are important elements in Language at level 3? (Question 39),Basic elements overview,Detailed elements explanation for Language,Simple elements summary,General elements description,Standard elements definition,1,"Educational content about elements in Language (Level 3, Item 39)"
lan-l3-2140,Language,3,What are important components in Language at level 3? (Question 40),Basic components overview,Detailed components explanation for Language,Simple components summary,General components description,Standard components definition,1,"Educational content about components in Language (Level 3, Item 40)"
lan-l3-2141,Language,3,What are important concepts in Language at level 3? (Question 41),Basic concepts overview,Detailed concepts explanation for Language,Simple concepts summary,General concepts description,Standard concepts definition,1,"Educational content about concepts in Language (Level 3, Item 41)"
lan-l3-2142,Language,3,What are important principles in Language at level 3? (Question 42),Basic principles overview,Detailed principles explanation for Language,Simple principles summary,General principles description,Standard principles definition,1,"Educational content about principles in Language (Level 3, Item 42)"
lan-l3-2143,Language,3,What are important theories in Language at level 3? (Question 43),Basic theories overview,Detailed theories explanation for Language,Simple theories summary,General theories description,Standard theories definition,1,"Educational content about theories in Language (Level 3, Item 43)"
lan-l3-2144,Language,3,What are important facts in Language at level 3? (Question 44),Basic facts overview,Detailed facts explanation for Language,Simple facts summary,General facts description,Standard facts definition,1,"Educational content about facts in Language (Level 3, Item 44)"
lan-l3-2145,Language,3,What are important phenomena in Language at level 3? (Question 45),Basic phenomena overview,Detailed phenomena explanation for Language,Simple phenomena summary,General phenomena description,Standard phenomena definition,1,"Educational content about phenomena in Language (Level 3, Item 45)"
lan-l3-2146,Language,3,What are important processes in Language at level 3? (Question 46),Basic processes overview,Detailed processes explanation for Language,Simple processes summary,General processes description,Standard processes definition,1,"Educational content about processes in Language (Level 3, Item 46)"
lan-l3-2147,Language,3,What are important systems in Language at level 3? (Question 47),Basic systems overview,Detailed systems explanation for Language,Simple systems summary,General systems description,Standard systems definition,1,"Educational content about systems in Language (Level 3, Item 47)"
lan-l3-2148,Language,3,What are important structures in Language at level 3? (Question 48),Basic structures overview,Detailed structures explanation for Language,Simple structures summary,General structures description,Standard structures definition,1,"Educational content about structures in Language (Level 3, Item 48)"
lan-l3-2149,Language,3,What are important elements in Language at level 3? (Question 49),Basic elements overview,Detailed elements explanation for Language,Simple elements summary,General elements description,Standard elements definition,1,"Educational content about elements in Language (Level 3, Item 49)"
lan-l3-2150,Language,3,What are important components in Language at level 3? (Question 50),Basic components overview,Detailed components explanation for Language,Simple components summary,General components description,Standard components definition,1,"Educational content about components in Language (Level 3, Item 50)"
lan-l4-2151,Language,4,What are important concepts in Language at level 4? (Question 1),Basic concepts overview,Detailed concepts explanation for Language,Simple concepts summary,General concepts description,Standard concepts definition,1,"Educational content about concepts in Language (Level 4, Item 1)"
lan-l4-2152,Language,4,What are important principles in Language at level 4? (Question 2),Basic principles overview,Detailed principles explanation for Language,Simple principles summary,General principles description,Standard principles definition,1,"Educational content about principles in Language (Level 4, Item 2)"
lan-l4-2153,Language,4,What are important theories in Language at level 4? (Question 3),Basic theories overview,Detailed theories explanation for Language,Simple theories summary,General theories description,Standard theories definition,1,"Educational content about theories in Language (Level 4, Item 3)"
lan-l4-2154,Language,4,What are important facts in Language at level 4? (Question 4),Basic facts overview,Detailed facts explanation for Language,Simple facts summary,General facts description,Standard facts definition,1,"Educational content about facts in Language (Level 4, Item 4)"
lan-l4-2155,Language,4,What are important phenomena in Language at level 4? (Question 5),Basic phenomena overview,Detailed phenomena explanation for Language,Simple phenomena summary,General phenomena description,Standard phenomena definition,1,"Educational content about phenomena in Language (Level 4, Item 5)"
lan-l4-2156,Language,4,What are important processes in Language at level 4? (Question 6),Basic processes overview,Detailed processes explanation for Language,Simple processes summary,General processes description,Standard processes definition,1,"Educational content about processes in Language (Level 4, Item 6)"
lan-l4-2157,Language,4,What are important systems in Language at level 4? (Question 7),Basic systems overview,Detailed systems explanation for Language,Simple systems summary,General systems description,Standard systems definition,1,"Educational content about systems in Language (Level 4, Item 7)"
lan-l4-2158,Language,4,What are important structures in Language at level 4? (Question 8),Basic structures overview,Detailed structures explanation for Language,Simple structures summary,General structures description,Standard structures definition,1,"Educational content about structures in Language (Level 4, Item 8)"
lan-l4-2159,Language,4,What are important elements in Language at level 4? (Question 9),Basic elements overview,Detailed elements explanation for Language,Simple elements summary,General elements description,Standard elements definition,1,"Educational content about elements in Language (Level 4, Item 9)"
lan-l4-2160,Language,4,What are important components in Language at level 4? (Question 10),Basic components overview,Detailed components explanation for Language,Simple components summary,General components description,Standard components definition,1,"Educational content about components in Language (Level 4, Item 10)"
lan-l4-2161,Language,4,What are important concepts in Language at level 4? (Question 11),Basic concepts overview,Detailed concepts explanation for Language,Simple concepts summary,General concepts description,Standard concepts definition,1,"Educational content about concepts in Language (Level 4, Item 11)"
lan-l4-2162,Language,4,What are important principles in Language at level 4? (Question 12),Basic principles overview,Detailed principles explanation for Language,Simple principles summary,General principles description,Standard principles definition,1,"Educational content about principles in Language (Level 4, Item 12)"
lan-l4-2163,Language,4,What are important theories in Language at level 4? (Question 13),Basic theories overview,Detailed theories explanation for Language,Simple theories summary,General theories description,Standard theories definition,1,"Educational content about theories in Language (Level 4, Item 13)"
lan-l4-2164,Language,4,What are important facts in Language at level 4? (Question 14),Basic facts overview,Detailed facts explanation for Language,Simple facts summary,General facts description,Standard facts definition,1,"Educational content about facts in Language (Level 4, Item 14)"
lan-l4-2165,Language,4,What are important phenomena in Language at level 4? (Question 15),Basic phenomena overview,Detailed phenomena explanation for Language,Simple phenomena summary,General phenomena description,Standard phenomena definition,1,"Educational content about phenomena in Language (Level 4, Item 15)"
lan-l4-2166,Language,4,What are important processes in Language at level 4? (Question 16),Basic processes overview,Detailed processes explanation for Language,Simple processes summary,General processes description,Standard processes definition,1,"Educational content about processes in Language (Level 4, Item 16)"
lan-l4-2167,Language,4,What are important systems in Language at level 4? (Question 17),Basic systems overview,Detailed systems explanation for Language,Simple systems summary,General systems description,Standard systems definition,1,"Educational content about systems in Language (Level 4, Item 17)"
lan-l4-2168,Language,4,What are important structures in Language at level 4? (Question 18),Basic structures overview,Detailed structures explanation for Language,Simple structures summary,General structures description,Standard structures definition,1,"Educational content about structures in Language (Level 4, Item 18)"
lan-l4-2169,Language,4,What are important elements in Language at level 4? (Question 19),Basic elements overview,Detailed elements explanation for Language,Simple elements summary,General elements description,Standard elements definition,1,"Educational content about elements in Language (Level 4, Item 19)"
lan-l4-2170,Language,4,What are important components in Language at level 4? (Question 20),Basic components overview,Detailed components explanation for Language,Simple components summary,General components description,Standard components definition,1,"Educational content about components in Language (Level 4, Item 20)"
lan-l4-2171,Language,4,What are important concepts in Language at level 4? (Question 21),Basic concepts overview,Detailed concepts explanation for Language,Simple concepts summary,General concepts description,Standard concepts definition,1,"Educational content about concepts in Language (Level 4, Item 21)"
lan-l4-2172,Language,4,What are important principles in Language at level 4? (Question 22),Basic principles overview,Detailed principles explanation for Language,Simple principles summary,General principles description,Standard principles definition,1,"Educational content about principles in Language (Level 4, Item 22)"
lan-l4-2173,Language,4,What are important theories in Language at level 4? (Question 23),Basic theories overview,Detailed theories explanation for Language,Simple theories summary,General theories description,Standard theories definition,1,"Educational content about theories in Language (Level 4, Item 23)"
lan-l4-2174,Language,4,What are important facts in Language at level 4? (Question 24),Basic facts overview,Detailed facts explanation for Language,Simple facts summary,General facts description,Standard facts definition,1,"Educational content about facts in Language (Level 4, Item 24)"
lan-l4-2175,Language,4,What are important phenomena in Language at level 4? (Question 25),Basic phenomena overview,Detailed phenomena explanation for Language,Simple phenomena summary,General phenomena description,Standard phenomena definition,1,"Educational content about phenomena in Language (Level 4, Item 25)"
lan-l4-2176,Language,4,What are important processes in Language at level 4? (Question 26),Basic processes overview,Detailed processes explanation for Language,Simple processes summary,General processes description,Standard processes definition,1,"Educational content about processes in Language (Level 4, Item 26)"
lan-l4-2177,Language,4,What are important systems in Language at level 4? (Question 27),Basic systems overview,Detailed systems explanation for Language,Simple systems summary,General systems description,Standard systems definition,1,"Educational content about systems in Language (Level 4, Item 27)"
lan-l4-2178,Language,4,What are important structures in Language at level 4? (Question 28),Basic structures overview,Detailed structures explanation for Language,Simple structures summary,General structures description,Standard structures definition,1,"Educational content about structures in Language (Level 4, Item 28)"
lan-l4-2179,Language,4,What are important elements in Language at level 4? (Question 29),Basic elements overview,Detailed elements explanation for Language,Simple elements summary,General elements description,Standard elements definition,1,"Educational content about elements in Language (Level 4, Item 29)"
lan-l4-2180,Language,4,What are important components in Language at level 4? (Question 30),Basic components overview,Detailed components explanation for Language,Simple components summary,General components description,Standard components definition,1,"Educational content about components in Language (Level 4, Item 30)"
lan-l4-2181,Language,4,What are important concepts in Language at level 4? (Question 31),Basic concepts overview,Detailed concepts explanation for Language,Simple concepts summary,General concepts description,Standard concepts definition,1,"Educational content about concepts in Language (Level 4, Item 31)"
lan-l4-2182,Language,4,What are important principles in Language at level 4? (Question 32),Basic principles overview,Detailed principles explanation for Language,Simple principles summary,General principles description,Standard principles definition,1,"Educational content about principles in Language (Level 4, Item 32)"
lan-l4-2183,Language,4,What are important theories in Language at level 4? (Question 33),Basic theories overview,Detailed theories explanation for Language,Simple theories summary,General theories description,Standard theories definition,1,"Educational content about theories in Language (Level 4, Item 33)"
lan-l4-2184,Language,4,What are important facts in Language at level 4? (Question 34),Basic facts overview,Detailed facts explanation for Language,Simple facts summary,General facts description,Standard facts definition,1,"Educational content about facts in Language (Level 4, Item 34)"
lan-l4-2185,Language,4,What are important phenomena in Language at level 4? (Question 35),Basic phenomena overview,Detailed phenomena explanation for Language,Simple phenomena summary,General phenomena description,Standard phenomena definition,1,"Educational content about phenomena in Language (Level 4, Item 35)"
lan-l4-2186,Language,4,What are important processes in Language at level 4? (Question 36),Basic processes overview,Detailed processes explanation for Language,Simple processes summary,General processes description,Standard processes definition,1,"Educational content about processes in Language (Level 4, Item 36)"
lan-l4-2187,Language,4,What are important systems in Language at level 4? (Question 37),Basic systems overview,Detailed systems explanation for Language,Simple systems summary,General systems description,Standard systems definition,1,"Educational content about systems in Language (Level 4, Item 37)"
lan-l4-2188,Language,4,What are important structures in Language at level 4? (Question 38),Basic structures overview,Detailed structures explanation for Language,Simple structures summary,General structures description,Standard structures definition,1,"Educational content about structures in Language (Level 4, Item 38)"
lan-l4-2189,Language,4,What are important elements in Language at level 4? (Question 39),Basic elements overview,Detailed elements explanation for Language,Simple elements summary,General elements description,Standard elements definition,1,"Educational content about elements in Language (Level 4, Item 39)"
lan-l4-2190,Language,4,What are important components in Language at level 4? (Question 40),Basic components overview,Detailed components explanation for Language,Simple components summary,General components description,Standard components definition,1,"Educational content about components in Language (Level 4, Item 40)"
lan-l4-2191,Language,4,What are important concepts in Language at level 4? (Question 41),Basic concepts overview,Detailed concepts explanation for Language,Simple concepts summary,General concepts description,Standard concepts definition,1,"Educational content about concepts in Language (Level 4, Item 41)"
lan-l4-2192,Language,4,What are important principles in Language at level 4? (Question 42),Basic principles overview,Detailed principles explanation for Language,Simple principles summary,General principles description,Standard principles definition,1,"Educational content about principles in Language (Level 4, Item 42)"
lan-l4-2193,Language,4,What are important theories in Language at level 4? (Question 43),Basic theories overview,Detailed theories explanation for Language,Simple theories summary,General theories description,Standard theories definition,1,"Educational content about theories in Language (Level 4, Item 43)"
lan-l4-2194,Language,4,What are important facts in Language at level 4? (Question 44),Basic facts overview,Detailed facts explanation for Language,Simple facts summary,General facts description,Standard facts definition,1,"Educational content about facts in Language (Level 4, Item 44)"
lan-l4-2195,Language,4,What are important phenomena in Language at level 4? (Question 45),Basic phenomena overview,Detailed phenomena explanation for Language,Simple phenomena summary,General phenomena description,Standard phenomena definition,1,"Educational content about phenomena in Language (Level 4, Item 45)"
lan-l4-2196,Language,4,What are important processes in Language at level 4? (Question 46),Basic processes overview,Detailed processes explanation for Language,Simple processes summary,General processes description,Standard processes definition,1,"Educational content about processes in Language (Level 4, Item 46)"
lan-l4-2197,Language,4,What are important systems in Language at level 4? (Question 47),Basic systems overview,Detailed systems explanation for Language,Simple systems summary,General systems description,Standard systems definition,1,"Educational content about systems in Language (Level 4, Item 47)"
lan-l4-2198,Language,4,What are important structures in Language at level 4? (Question 48),Basic structures overview,Detailed structures explanation for Language,Simple structures summary,General structures description,Standard structures definition,1,"Educational content about structures in Language (Level 4, Item 48)"
lan-l4-2199,Language,4,What are important elements in Language at level 4? (Question 49),Basic elements overview,Detailed elements explanation for Language,Simple elements summary,General elements description,Standard elements definition,1,"Educational content about elements in Language (Level 4, Item 49)"
lan-l4-2200,Language,4,What are important components in Language at level 4? (Question 50),Basic components overview,Detailed components explanation for Language,Simple components summary,General components description,Standard components definition,1,"Educational content about components in Language (Level 4, Item 50)"
lan-l5-2201,Language,5,What are important concepts in Language at level 5? (Question 1),Basic concepts overview,Detailed concepts explanation for Language,Simple concepts summary,General concepts description,Standard concepts definition,1,"Educational content about concepts in Language (Level 5, Item 1)"
lan-l5-2202,Language,5,What are important principles in Language at level 5? (Question 2),Basic principles overview,Detailed principles explanation for Language,Simple principles summary,General principles description,Standard principles definition,1,"Educational content about principles in Language (Level 5, Item 2)"
lan-l5-2203,Language,5,What are important theories in Language at level 5? (Question 3),Basic theories overview,Detailed theories explanation for Language,Simple theories summary,General theories description,Standard theories definition,1,"Educational content about theories in Language (Level 5, Item 3)"
lan-l5-2204,Language,5,What are important facts in Language at level 5? (Question 4),Basic facts overview,Detailed facts explanation for Language,Simple facts summary,General facts description,Standard facts definition,1,"Educational content about facts in Language (Level 5, Item 4)"
lan-l5-2205,Language,5,What are important phenomena in Language at level 5? (Question 5),Basic phenomena overview,Detailed phenomena explanation for Language,Simple phenomena summary,General phenomena description,Standard phenomena definition,1,"Educational content about phenomena in Language (Level 5, Item 5)"
lan-l5-2206,Language,5,What are important processes in Language at level 5? (Question 6),Basic processes overview,Detailed processes explanation for Language,Simple processes summary,General processes description,Standard processes definition,1,"Educational content about processes in Language (Level 5, Item 6)"
lan-l5-2207,Language,5,What are important systems in Language at level 5? (Question 7),Basic systems overview,Detailed systems explanation for Language,Simple systems summary,General systems description,Standard systems definition,1,"Educational content about systems in Language (Level 5, Item 7)"
lan-l5-2208,Language,5,What are important structures in Language at level 5? (Question 8),Basic structures overview,Detailed structures explanation for Language,Simple structures summary,General structures description,Standard structures definition,1,"Educational content about structures in Language (Level 5, Item 8)"
lan-l5-2209,Language,5,What are important elements in Language at level 5? (Question 9),Basic elements overview,Detailed elements explanation for Language,Simple elements summary,General elements description,Standard elements definition,1,"Educational content about elements in Language (Level 5, Item 9)"
lan-l5-2210,Language,5,What are important components in Language at level 5? (Question 10),Basic components overview,Detailed components explanation for Language,Simple components summary,General components description,Standard components definition,1,"Educational content about components in Language (Level 5, Item 10)"
lan-l5-2211,Language,5,What are important concepts in Language at level 5? (Question 11),Basic concepts overview,Detailed concepts explanation for Language,Simple concepts summary,General concepts description,Standard concepts definition,1,"Educational content about concepts in Language (Level 5, Item 11)"
lan-l5-2212,Language,5,What are important principles in Language at level 5? (Question 12),Basic principles overview,Detailed principles explanation for Language,Simple principles summary,General principles description,Standard principles definition,1,"Educational content about principles in Language (Level 5, Item 12)"
lan-l5-2213,Language,5,What are important theories in Language at level 5? (Question 13),Basic theories overview,Detailed theories explanation for Language,Simple theories summary,General theories description,Standard theories definition,1,"Educational content about theories in Language (Level 5, Item 13)"
lan-l5-2214,Language,5,What are important facts in Language at level 5? (Question 14),Basic facts overview,Detailed facts explanation for Language,Simple facts summary,General facts description,Standard facts definition,1,"Educational content about facts in Language (Level 5, Item 14)"
lan-l5-2215,Language,5,What are important phenomena in Language at level 5? (Question 15),Basic phenomena overview,Detailed phenomena explanation for Language,Simple phenomena summary,General phenomena description,Standard phenomena definition,1,"Educational content about phenomena in Language (Level 5, Item 15)"
lan-l5-2216,Language,5,What are important processes in Language at level 5? (Question 16),Basic processes overview,Detailed processes explanation for Language,Simple processes summary,General processes description,Standard processes definition,1,"Educational content about processes in Language (Level 5, Item 16)"
lan-l5-2217,Language,5,What are important systems in Language at level 5? (Question 17),Basic systems overview,Detailed systems explanation for Language,Simple systems summary,General systems description,Standard systems definition,1,"Educational content about systems in Language (Level 5, Item 17)"
lan-l5-2218,Language,5,What are important structures in Language at level 5? (Question 18),Basic structures overview,Detailed structures explanation for Language,Simple structures summary,General structures description,Standard structures definition,1,"Educational content about structures in Language (Level 5, Item 18)"
lan-l5-2219,Language,5,What are important elements in Language at level 5? (Question 19),Basic elements overview,Detailed elements explanation for Language,Simple elements summary,General elements description,Standard elements definition,1,"Educational content about elements in Language (Level 5, Item 19)"
lan-l5-2220,Language,5,What are important components in Language at level 5? (Question 20),Basic components overview,Detailed components explanation for Language,Simple components summary,General components description,Standard components definition,1,"Educational content about components in Language (Level 5, Item 20)"
lan-l5-2221,Language,5,What are important concepts in Language at level 5? (Question 21),Basic concepts overview,Detailed concepts explanation for Language,Simple concepts summary,General concepts description,Standard concepts definition,1,"Educational content about concepts in Language (Level 5, Item 21)"
lan-l5-2222,Language,5,What are important principles in Language at level 5? (Question 22),Basic principles overview,Detailed principles explanation for Language,Simple principles summary,General principles description,Standard principles definition,1,"Educational content about principles in Language (Level 5, Item 22)"
lan-l5-2223,Language,5,What are important theories in Language at level 5? (Question 23),Basic theories overview,Detailed theories explanation for Language,Simple theories summary,General theories description,Standard theories definition,1,"Educational content about theories in Language (Level 5, Item 23)"
lan-l5-2224,Language,5,What are important facts in Language at level 5? (Question 24),Basic facts overview,Detailed facts explanation for Language,Simple facts summary,General facts description,Standard facts definition,1,"Educational content about facts in Language (Level 5, Item 24)"
lan-l5-2225,Language,5,What are important phenomena in Language at level 5? (Question 25),Basic phenomena overview,Detailed phenomena explanation for Language,Simple phenomena summary,General phenomena description,Standard phenomena definition,1,"Educational content about phenomena in Language (Level 5, Item 25)"
lan-l5-2226,Language,5,What are important processes in Language at level 5? (Question 26),Basic processes overview,Detailed processes explanation for Language,Simple processes summary,General processes description,Standard processes definition,1,"Educational content about processes in Language (Level 5, Item 26)"
lan-l5-2227,Language,5,What are important systems in Language at level 5? (Question 27),Basic systems overview,Detailed systems explanation for Language,Simple systems summary,General systems description,Standard systems definition,1,"Educational content about systems in Language (Level 5, Item 27)"
lan-l5-2228,Language,5,What are important structures in Language at level 5? (Question 28),Basic structures overview,Detailed structures explanation for Language,Simple structures summary,General structures description,Standard structures definition,1,"Educational content about structures in Language (Level 5, Item 28)"
lan-l5-2229,Language,5,What are important elements in Language at level 5? (Question 29),Basic elements overview,Detailed elements explanation for Language,Simple elements summary,General elements description,Standard elements definition,1,"Educational content about elements in Language (Level 5, Item 29)"
lan-l5-2230,Language,5,What are important components in Language at level 5? (Question 30),Basic components overview,Detailed components explanation for Language,Simple components summary,General components description,Standard components definition,1,"Educational content about components in Language (Level 5, Item 30)"
lan-l5-2231,Language,5,What are important concepts in Language at level 5? (Question 31),Basic concepts overview,Detailed concepts explanation for Language,Simple concepts summary,General concepts description,Standard concepts definition,1,"Educational content about concepts in Language (Level 5, Item 31)"
lan-l5-2232,Language,5,What are important principles in Language at level 5? (Question 32),Basic principles overview,Detailed principles explanation for Language,Simple principles summary,General principles description,Standard principles definition,1,"Educational content about principles in Language (Level 5, Item 32)"
lan-l5-2233,Language,5,What are important theories in Language at level 5? (Question 33),Basic theories overview,Detailed theories explanation for Language,Simple theories summary,General theories description,Standard theories definition,1,"Educational content about theories in Language (Level 5, Item 33)"
lan-l5-2234,Language,5,What are important facts in Language at level 5? (Question 34),Basic facts overview,Detailed facts explanation for Language,Simple facts summary,General facts description,Standard facts definition,1,"Educational content about facts in Language (Level 5, Item 34)"
lan-l5-2235,Language,5,What are important phenomena in Language at level 5? (Question 35),Basic phenomena overview,Detailed phenomena explanation for Language,Simple phenomena summary,General phenomena description,Standard phenomena definition,1,"Educational content about phenomena in Language (Level 5, Item 35)"
lan-l5-2236,Language,5,What are important processes in Language at level 5? (Question 36),Basic processes overview,Detailed processes explanation for Language,Simple processes summary,General processes description,Standard processes definition,1,"Educational content about processes in Language (Level 5, Item 36)"
lan-l5-2237,Language,5,What are important systems in Language at level 5? (Question 37),Basic systems overview,Detailed systems explanation for Language,Simple systems summary,General systems description,Standard systems definition,1,"Educational content about systems in Language (Level 5, Item 37)"
lan-l5-2238,Language,5,What are important structures in Language at level 5? (Question 38),Basic structures overview,Detailed structures explanation for Language,Simple structures summary,General structures description,Standard structures definition,1,"Educational content about structures in Language (Level 5, Item 38)"
lan-l5-2239,Language,5,What are important elements in Language at level 5? (Question 39),Basic elements overview,Detailed elements explanation for Language,Simple elements summary,General elements description,Standard elements definition,1,"Educational content about elements in Language (Level 5, Item 39)"
lan-l5-2240,Language,5,What are important components in Language at level 5? (Question 40),Basic components overview,Detailed components explanation for Language,Simple components summary,General components description,Standard components definition,1,"Educational content about components in Language (Level 5, Item 40)"
lan-l5-2241,Language,5,What are important concepts in Language at level 5? (Question 41),Basic concepts overview,Detailed concepts explanation for Language,Simple concepts summary,General concepts description,Standard concepts definition,1,"Educational content about concepts in Language (Level 5, Item 41)"
lan-l5-2242,Language,5,What are important principles in Language at level 5? (Question 42),Basic principles overview,Detailed principles explanation for Language,Simple principles summary,General principles description,Standard principles definition,1,"Educational content about principles in Language (Level 5, Item 42)"
lan-l5-2243,Language,5,What are important theories in Language at level 5? (Question 43),Basic theories overview,Detailed theories explanation for Language,Simple theories summary,General theories description,Standard theories definition,1,"Educational content about theories in Language (Level 5, Item 43)"
lan-l5-2244,Language,5,What are important facts in Language at level 5? (Question 44),Basic facts overview,Detailed facts explanation for Language,Simple facts summary,General facts description,Standard facts definition,1,"Educational content about facts in Language (Level 5, Item 44)"
lan-l5-2245,Language,5,What are important phenomena in Language at level 5? (Question 45),Basic phenomena overview,Detailed phenomena explanation for Language,Simple phenomena summary,General phenomena description,Standard phenomena definition,1,"Educational content about phenomena in Language (Level 5, Item 45)"
lan-l5-2246,Language,5,What are important processes in Language at level 5? (Question 46),Basic processes overview,Detailed processes explanation for Language,Simple processes summary,General processes description,Standard processes definition,1,"Educational content about processes in Language (Level 5, Item 46)"
lan-l5-2247,Language,5,What are important systems in Language at level 5? (Question 47),Basic systems overview,Detailed systems explanation for Language,Simple systems summary,General systems description,Standard systems definition,1,"Educational content about systems in Language (Level 5, Item 47)"
lan-l5-2248,Language,5,What are important structures in Language at level 5? (Question 48),Basic structures overview,Detailed structures explanation for Language,Simple structures summary,General structures description,Standard structures definition,1,"Educational content about structures in Language (Level 5, Item 48)"
lan-l5-2249,Language,5,What are important elements in Language at level 5? (Question 49),Basic elements overview,Detailed elements explanation for Language,Simple elements summary,General elements description,Standard elements definition,1,"Educational content about elements in Language (Level 5, Item 49)"
lan-l5-2250,Language,5,What are important components in Language at level 5? (Question 50),Basic components overview,Detailed components explanation for Language,Simple components summary,General components description,Standard components definition,1,"Educational content about components in Language (Level 5, Item 50)"
ear-l1-2251,Earth,1,What is Tectonic plates?,A theory,Crust sections,A law,A principle,A rule,1,large pieces of Earth's lithosphere
ear-l1-2252,Earth,1,How is Tectonic plates best described?,As a process,Large pieces of earth's lithosphere,As a theory,As a law,As a hypothesis,1,Tectonic plates: crust sections
ear-l1-2253,Earth,1,"In Earth, what characterizes Tectonic plates?",Its size,Crust sections,Its color,Its shape,Its weight,1,Learn about Tectonic plates
ear-l1-2254,Earth,1,What is Atmosphere?,A theory,Air layer,A law,A principle,A rule,1,gases surrounding Earth
ear-l1-2255,Earth,1,How is Atmosphere best described?,As a process,Gases surrounding earth,As a theory,As a law,As a hypothesis,1,Atmosphere: air layer
ear-l1-2256,Earth,1,"In Earth, what characterizes Atmosphere?",Its size,Air layer,Its color,Its shape,Its weight,1,Learn about Atmosphere
ear-l1-2257,Earth,1,What is Ecosystem?,A theory,Living community,A law,A principle,A rule,1,organisms interacting with environment
ear-l1-2258,Earth,1,How is Ecosystem best described?,As a process,Organisms interacting with environment,As a theory,As a law,As a hypothesis,1,Ecosystem: living community
ear-l1-2259,Earth,1,"In Earth, what characterizes Ecosystem?",Its size,Living community,Its color,Its shape,Its weight,1,Learn about Ecosystem
ear-l1-2260,Earth,1,What is Water cycle?,A theory,H2o circulation,A law,A principle,A rule,1,continuous movement of water on Earth
ear-l1-2261,Earth,1,How is Water cycle best described?,As a process,Continuous movement of water on earth,As a theory,As a law,As a hypothesis,1,Water cycle: H2O circulation
ear-l1-2262,Earth,1,"In Earth, what characterizes Water cycle?",Its size,H2o circulation,Its color,Its shape,Its weight,1,Learn about Water cycle
ear-l1-2263,Earth,1,What is Weathering?,A theory,Rock breakdown,A law,A principle,A rule,1,physical/chemical rock deterioration
ear-l1-2264,Earth,1,How is Weathering best described?,As a process,Physical/chemical rock deterioration,As a theory,As a law,As a hypothesis,1,Weathering: rock breakdown
ear-l1-2265,Earth,1,"In Earth, what characterizes Weathering?",Its size,Rock breakdown,Its color,Its shape,Its weight,1,Learn about Weathering
ear-l1-2266,Earth,1,What are important processes in Earth at level 1? (Question 16),Basic processes overview,Detailed processes explanation for Earth,Simple processes summary,General processes description,Standard processes definition,1,"Educational content about processes in Earth (Level 1, Item 16)"
ear-l1-2267,Earth,1,What are important systems in Earth at level 1? (Question 17),Basic systems overview,Detailed systems explanation for Earth,Simple systems summary,General systems description,Standard systems definition,1,"Educational content about systems in Earth (Level 1, Item 17)"
ear-l1-2268,Earth,1,What are important structures in Earth at level 1? (Question 18),Basic structures overview,Detailed structures explanation for Earth,Simple structures summary,General structures description,Standard structures definition,1,"Educational content about structures in Earth (Level 1, Item 18)"
ear-l1-2269,Earth,1,What are important elements in Earth at level 1? (Question 19),Basic elements overview,Detailed elements explanation for Earth,Simple elements summary,General elements description,Standard elements definition,1,"Educational content about elements in Earth (Level 1, Item 19)"
ear-l1-2270,Earth,1,What are important components in Earth at level 1? (Question 20),Basic components overview,Detailed components explanation for Earth,Simple components summary,General components description,Standard components definition,1,"Educational content about components in Earth (Level 1, Item 20)"
ear-l1-2271,Earth,1,What are important concepts in Earth at level 1? (Question 21),Basic concepts overview,Detailed concepts explanation for Earth,Simple concepts summary,General concepts description,Standard concepts definition,1,"Educational content about concepts in Earth (Level 1, Item 21)"
ear-l1-2272,Earth,1,What are important principles in Earth at level 1? (Question 22),Basic principles overview,Detailed principles explanation for Earth,Simple principles summary,General principles description,Standard principles definition,1,"Educational content about principles in Earth (Level 1, Item 22)"
ear-l1-2273,Earth,1,What are important theories in Earth at level 1? (Question 23),Basic theories overview,Detailed theories explanation for Earth,Simple theories summary,General theories description,Standard theories definition,1,"Educational content about theories in Earth (Level 1, Item 23)"
ear-l1-2274,Earth,1,What are important facts in Earth at level 1? (Question 24),Basic facts overview,Detailed facts explanation for Earth,Simple facts summary,General facts description,Standard facts definition,1,"Educational content about facts in Earth (Level 1, Item 24)"
ear-l1-2275,Earth,1,What are important phenomena in Earth at level 1? (Question 25),Basic phenomena overview,Detailed phenomena explanation for Earth,Simple phenomena summary,General phenomena description,Standard phenomena definition,1,"Educational content about phenomena in Earth (Level 1, Item 25)"
ear-l1-2276,Earth,1,What are important processes in Earth at level 1? (Question 26),Basic processes overview,Detailed processes explanation for Earth,Simple processes summary,General processes description,Standard processes definition,1,"Educational content about processes in Earth (Level 1, Item 26)"
ear-l1-2277,Earth,1,What are important systems in Earth at level 1? (Question 27),Basic systems overview,Detailed systems explanation for Earth,Simple systems summary,General systems description,Standard systems definition,1,"Educational content about systems in Earth (Level 1, Item 27)"
ear-l1-2278,Earth,1,What are important structures in Earth at level 1? (Question 28),Basic structures overview,Detailed structures explanation for Earth,Simple structures summary,General structures description,Standard structures definition,1,"Educational content about structures in Earth (Level 1, Item 28)"
ear-l1-2279,Earth,1,What are important elements in Earth at level 1? (Question 29),Basic elements overview,Detailed elements explanation for Earth,Simple elements summary,General elements description,Standard elements definition,1,"Educational content about elements in Earth (Level 1, Item 29)"
ear-l1-2280,Earth,1,What are important components in Earth at level 1? (Question 30),Basic components overview,Detailed components explanation for Earth,Simple components summary,General components description,Standard components definition,1,"Educational content about components in Earth (Level 1, Item 30)"
ear-l1-2281,Earth,1,What are important concepts in Earth at level 1? (Question 31),Basic concepts overview,Detailed concepts explanation for Earth,Simple concepts summary,General concepts description,Standard concepts definition,1,"Educational content about concepts in Earth (Level 1, Item 31)"
ear-l1-2282,Earth,1,What are important principles in Earth at level 1? (Question 32),Basic principles overview,Detailed principles explanation for Earth,Simple principles summary,General principles description,Standard principles definition,1,"Educational content about principles in Earth (Level 1, Item 32)"
ear-l1-2283,Earth,1,What are important theories in Earth at level 1? (Question 33),Basic theories overview,Detailed theories explanation for Earth,Simple theories summary,General theories description,Standard theories definition,1,"Educational content about theories in Earth (Level 1, Item 33)"
ear-l1-2284,Earth,1,What are important facts in Earth at level 1? (Question 34),Basic facts overview,Detailed facts explanation for Earth,Simple facts summary,General facts description,Standard facts definition,1,"Educational content about facts in Earth (Level 1, Item 34)"
ear-l1-2285,Earth,1,What are important phenomena in Earth at level 1? (Question 35),Basic phenomena overview,Detailed phenomena explanation for Earth,Simple phenomena summary,General phenomena description,Standard phenomena definition,1,"Educational content about phenomena in Earth (Level 1, Item 35)"
ear-l1-2286,Earth,1,What are important processes in Earth at level 1? (Question 36),Basic processes overview,Detailed processes explanation for Earth,Simple processes summary,General processes description,Standard processes definition,1,"Educational content about processes in Earth (Level 1, Item 36)"
ear-l1-2287,Earth,1,What are important systems in Earth at level 1? (Question 37),Basic systems overview,Detailed systems explanation for Earth,Simple systems summary,General systems description,Standard systems definition,1,"Educational content about systems in Earth (Level 1, Item 37)"
ear-l1-2288,Earth,1,What are important structures in Earth at level 1? (Question 38),Basic structures overview,Detailed structures explanation for Earth,Simple structures summary,General structures description,Standard structures definition,1,"Educational content about structures in Earth (Level 1, Item 38)"
ear-l1-2289,Earth,1,What are important elements in Earth at level 1? (Question 39),Basic elements overview,Detailed elements explanation for Earth,Simple elements summary,General elements description,Standard elements definition,1,"Educational content about elements in Earth (Level 1, Item 39)"
ear-l1-2290,Earth,1,What are important components in Earth at level 1? (Question 40),Basic components overview,Detailed components explanation for Earth,Simple components summary,General components description,Standard components definition,1,"Educational content about components in Earth (Level 1, Item 40)"
ear-l1-2291,Earth,1,What are important concepts in Earth at level 1? (Question 41),Basic concepts overview,Detailed concepts explanation for Earth,Simple concepts summary,General concepts description,Standard concepts definition,1,"Educational content about concepts in Earth (Level 1, Item 41)"
ear-l1-2292,Earth,1,What are important principles in Earth at level 1? (Question 42),Basic principles overview,Detailed principles explanation for Earth,Simple principles summary,General principles description,Standard principles definition,1,"Educational content about principles in Earth (Level 1, Item 42)"
ear-l1-2293,Earth,1,What are important theories in Earth at level 1? (Question 43),Basic theories overview,Detailed theories explanation for Earth,Simple theories summary,General theories description,Standard theories definition,1,"Educational content about theories in Earth (Level 1, Item 43)"
ear-l1-2294,Earth,1,What are important facts in Earth at level 1? (Question 44),Basic facts overview,Detailed facts explanation for Earth,Simple facts summary,General facts description,Standard facts definition,1,"Educational content about facts in Earth (Level 1, Item 44)"
ear-l1-2295,Earth,1,What are important phenomena in Earth at level 1? (Question 45),Basic phenomena overview,Detailed phenomena explanation for Earth,Simple phenomena summary,General phenomena description,Standard phenomena definition,1,"Educational content about phenomena in Earth (Level 1, Item 45)"
ear-l1-2296,Earth,1,What are important processes in Earth at level 1? (Question 46),Basic processes overview,Detailed processes explanation for Earth,Simple processes summary,General processes description,Standard processes definition,1,"Educational content about processes in Earth (Level 1, Item 46)"
ear-l1-2297,Earth,1,What are important systems in Earth at level 1? (Question 47),Basic systems overview,Detailed systems explanation for Earth,Simple systems summary,General systems description,Standard systems definition,1,"Educational content about systems in Earth (Level 1, Item 47)"
ear-l1-2298,Earth,1,What are important structures in Earth at level 1? (Question 48),Basic structures overview,Detailed structures explanation for Earth,Simple structures summary,General structures description,Standard structures definition,1,"Educational content about structures in Earth (Level 1, Item 48)"
ear-l1-2299,Earth,1,What are important elements in Earth at level 1? (Question 49),Basic elements overview,Detailed elements explanation for Earth,Simple elements summary,General elements description,Standard elements definition,1,"Educational content about elements in Earth (Level 1, Item 49)"
ear-l1-2300,Earth,1,What are important components in Earth at level 1? (Question 50),Basic components overview,Detailed components explanation for Earth,Simple components summary,General components description,Standard components definition,1,"Educational content about components in Earth (Level 1, Item 50)"
ear-l2-2301,Earth,2,What are important concepts in Earth at level 2? (Question 1),Basic concepts overview,Detailed concepts explanation for Earth,Simple concepts summary,General concepts description,Standard concepts definition,1,"Educational content about concepts in Earth (Level 2, Item 1)"
ear-l2-2302,Earth,2,What are important principles in Earth at level 2? (Question 2),Basic principles overview,Detailed principles explanation for Earth,Simple principles summary,General principles description,Standard principles definition,1,"Educational content about principles in Earth (Level 2, Item 2)"
ear-l2-2303,Earth,2,What are important theories in Earth at level 2? (Question 3),Basic theories overview,Detailed theories explanation for Earth,Simple theories summary,General theories description,Standard theories definition,1,"Educational content about theories in Earth (Level 2, Item 3)"
ear-l2-2304,Earth,2,What are important facts in Earth at level 2? (Question 4),Basic facts overview,Detailed facts explanation for Earth,Simple facts summary,General facts description,Standard facts definition,1,"Educational content about facts in Earth (Level 2, Item 4)"
ear-l2-2305,Earth,2,What are important phenomena in Earth at level 2? (Question 5),Basic phenomena overview,Detailed phenomena explanation for Earth,Simple phenomena summary,General phenomena description,Standard phenomena definition,1,"Educational content about phenomena in Earth (Level 2, Item 5)"
ear-l2-2306,Earth,2,What are important processes in Earth at level 2? (Question 6),Basic processes overview,Detailed processes explanation for Earth,Simple processes summary,General processes description,Standard processes definition,1,"Educational content about processes in Earth (Level 2, Item 6)"
ear-l2-2307,Earth,2,What are important systems in Earth at level 2? (Question 7),Basic systems overview,Detailed systems explanation for Earth,Simple systems summary,General systems description,Standard systems definition,1,"Educational content about systems in Earth (Level 2, Item 7)"
ear-l2-2308,Earth,2,What are important structures in Earth at level 2? (Question 8),Basic structures overview,Detailed structures explanation for Earth,Simple structures summary,General structures description,Standard structures definition,1,"Educational content about structures in Earth (Level 2, Item 8)"
ear-l2-2309,Earth,2,What are important elements in Earth at level 2? (Question 9),Basic elements overview,Detailed elements explanation for Earth,Simple elements summary,General elements description,Standard elements definition,1,"Educational content about elements in Earth (Level 2, Item 9)"
ear-l2-2310,Earth,2,What are important components in Earth at level 2? (Question 10),Basic components overview,Detailed components explanation for Earth,Simple components summary,General components description,Standard components definition,1,"Educational content about components in Earth (Level 2, Item 10)"
ear-l2-2311,Earth,2,What are important concepts in Earth at level 2? (Question 11),Basic concepts overview,Detailed concepts explanation for Earth,Simple concepts summary,General concepts description,Standard concepts definition,1,"Educational content about concepts in Earth (Level 2, Item 11)"
ear-l2-2312,Earth,2,What are important principles in Earth at level 2? (Question 12),Basic principles overview,Detailed principles explanation for Earth,Simple principles summary,General principles description,Standard principles definition,1,"Educational content about principles in Earth (Level 2, Item 12)"
ear-l2-2313,Earth,2,What are important theories in Earth at level 2? (Question 13),Basic theories overview,Detailed theories explanation for Earth,Simple theories summary,General theories description,Standard theories definition,1,"Educational content about theories in Earth (Level 2, Item 13)"
ear-l2-2314,Earth,2,What are important facts in Earth at level 2? (Question 14),Basic facts overview,Detailed facts explanation for Earth,Simple facts summary,General facts description,Standard facts definition,1,"Educational content about facts in Earth (Level 2, Item 14)"
ear-l2-2315,Earth,2,What are important phenomena in Earth at level 2? (Question 15),Basic phenomena overview,Detailed phenomena explanation for Earth,Simple phenomena summary,General phenomena description,Standard phenomena definition,1,"Educational content about phenomena in Earth (Level 2, Item 15)"
ear-l2-2316,Earth,2,What are important processes in Earth at level 2? (Question 16),Basic processes overview,Detailed processes explanation for Earth,Simple processes summary,General processes description,Standard processes definition,1,"Educational content about processes in Earth (Level 2, Item 16)"
ear-l2-2317,Earth,2,What are important systems in Earth at level 2? (Question 17),Basic systems overview,Detailed systems explanation for Earth,Simple systems summary,General systems description,Standard systems definition,1,"Educational content about systems in Earth (Level 2, Item 17)"
ear-l2-2318,Earth,2,What are important structures in Earth at level 2? (Question 18),Basic structures overview,Detailed structures explanation for Earth,Simple structures summary,General structures description,Standard structures definition,1,"Educational content about structures in Earth (Level 2, Item 18)"
ear-l2-2319,Earth,2,What are important elements in Earth at level 2? (Question 19),Basic elements overview,Detailed elements explanation for Earth,Simple elements summary,General elements description,Standard elements definition,1,"Educational content about elements in Earth (Level 2, Item 19)"
ear-l2-2320,Earth,2,What are important components in Earth at level 2? (Question 20),Basic components overview,Detailed components explanation for Earth,Simple components summary,General components description,Standard components definition,1,"Educational content about components in Earth (Level 2, Item 20)"
ear-l2-2321,Earth,2,What are important concepts in Earth at level 2? (Question 21),Basic concepts overview,Detailed concepts explanation for Earth,Simple concepts summary,General concepts description,Standard concepts definition,1,"Educational content about concepts in Earth (Level 2, Item 21)"
ear-l2-2322,Earth,2,What are important principles in Earth at level 2? (Question 22),Basic principles overview,Detailed principles explanation for Earth,Simple principles summary,General principles description,Standard principles definition,1,"Educational content about principles in Earth (Level 2, Item 22)"
ear-l2-2323,Earth,2,What are important theories in Earth at level 2? (Question 23),Basic theories overview,Detailed theories explanation for Earth,Simple theories summary,General theories description,Standard theories definition,1,"Educational content about theories in Earth (Level 2, Item 23)"
ear-l2-2324,Earth,2,What are important facts in Earth at level 2? (Question 24),Basic facts overview,Detailed facts explanation for Earth,Simple facts summary,General facts description,Standard facts definition,1,"Educational content about facts in Earth (Level 2, Item 24)"
ear-l2-2325,Earth,2,What are important phenomena in Earth at level 2? (Question 25),Basic phenomena overview,Detailed phenomena explanation for Earth,Simple phenomena summary,General phenomena description,Standard phenomena definition,1,"Educational content about phenomena in Earth (Level 2, Item 25)"
ear-l2-2326,Earth,2,What are important processes in Earth at level 2? (Question 26),Basic processes overview,Detailed processes explanation for Earth,Simple processes summary,General processes description,Standard processes definition,1,"Educational content about processes in Earth (Level 2, Item 26)"
ear-l2-2327,Earth,2,What are important systems in Earth at level 2? (Question 27),Basic systems overview,Detailed systems explanation for Earth,Simple systems summary,General systems description,Standard systems definition,1,"Educational content about systems in Earth (Level 2, Item 27)"
ear-l2-2328,Earth,2,What are important structures in Earth at level 2? (Question 28),Basic structures overview,Detailed structures explanation for Earth,Simple structures summary,General structures description,Standard structures definition,1,"Educational content about structures in Earth (Level 2, Item 28)"
ear-l2-2329,Earth,2,What are important elements in Earth at level 2? (Question 29),Basic elements overview,Detailed elements explanation for Earth,Simple elements summary,General elements description,Standard elements definition,1,"Educational content about elements in Earth (Level 2, Item 29)"
ear-l2-2330,Earth,2,What are important components in Earth at level 2? (Question 30),Basic components overview,Detailed components explanation for Earth,Simple components summary,General components description,Standard components definition,1,"Educational content about components in Earth (Level 2, Item 30)"
ear-l2-2331,Earth,2,What are important concepts in Earth at level 2? (Question 31),Basic concepts overview,Detailed concepts explanation for Earth,Simple concepts summary,General concepts description,Standard concepts definition,1,"Educational content about concepts in Earth (Level 2, Item 31)"
ear-l2-2332,Earth,2,What are important principles in Earth at level 2? (Question 32),Basic principles overview,Detailed principles explanation for Earth,Simple principles summary,General principles description,Standard principles definition,1,"Educational content about principles in Earth (Level 2, Item 32)"
ear-l2-2333,Earth,2,What are important theories in Earth at level 2? (Question 33),Basic theories overview,Detailed theories explanation for Earth,Simple theories summary,General theories description,Standard theories definition,1,"Educational content about theories in Earth (Level 2, Item 33)"
ear-l2-2334,Earth,2,What are important facts in Earth at level 2? (Question 34),Basic facts overview,Detailed facts explanation for Earth,Simple facts summary,General facts description,Standard facts definition,1,"Educational content about facts in Earth (Level 2, Item 34)"
ear-l2-2335,Earth,2,What are important phenomena in Earth at level 2? (Question 35),Basic phenomena overview,Detailed phenomena explanation for Earth,Simple phenomena summary,General phenomena description,Standard phenomena definition,1,"Educational content about phenomena in Earth (Level 2, Item 35)"
ear-l2-2336,Earth,2,What are important processes in Earth at level 2? (Question 36),Basic processes overview,Detailed processes explanation for Earth,Simple processes summary,General processes description,Standard processes definition,1,"Educational content about processes in Earth (Level 2, Item 36)"
ear-l2-2337,Earth,2,What are important systems in Earth at level 2? (Question 37),Basic systems overview,Detailed systems explanation for Earth,Simple systems summary,General systems description,Standard systems definition,1,"Educational content about systems in Earth (Level 2, Item 37)"
ear-l2-2338,Earth,2,What are important structures in Earth at level 2? (Question 38),Basic structures overview,Detailed structures explanation for Earth,Simple structures summary,General structures description,Standard structures definition,1,"Educational content about structures in Earth (Level 2, Item 38)"
ear-l2-2339,Earth,2,What are important elements in Earth at level 2? (Question 39),Basic elements overview,Detailed elements explanation for Earth,Simple elements summary,General elements description,Standard elements definition,1,"Educational content about elements in Earth (Level 2, Item 39)"
ear-l2-2340,Earth,2,What are important components in Earth at level 2? (Question 40),Basic components overview,Detailed components explanation for Earth,Simple components summary,General components description,Standard components definition,1,"Educational content about components in Earth (Level 2, Item 40)"
ear-l2-2341,Earth,2,What are important concepts in Earth at level 2? (Question 41),Basic concepts overview,Detailed concepts explanation for Earth,Simple concepts summary,General concepts description,Standard concepts definition,1,"Educational content about concepts in Earth (Level 2, Item 41)"
ear-l2-2342,Earth,2,What are important principles in Earth at level 2? (Question 42),Basic principles overview,Detailed principles explanation for Earth,Simple principles summary,General principles description,Standard principles definition,1,"Educational content about principles in Earth (Level 2, Item 42)"
ear-l2-2343,Earth,2,What are important theories in Earth at level 2? (Question 43),Basic theories overview,Detailed theories explanation for Earth,Simple theories summary,General theories description,Standard theories definition,1,"Educational content about theories in Earth (Level 2, Item 43)"
ear-l2-2344,Earth,2,What are important facts in Earth at level 2? (Question 44),Basic facts overview,Detailed facts explanation for Earth,Simple facts summary,General facts description,Standard facts definition,1,"Educational content about facts in Earth (Level 2, Item 44)"
ear-l2-2345,Earth,2,What are important phenomena in Earth at level 2? (Question 45),Basic phenomena overview,Detailed phenomena explanation for Earth,Simple phenomena summary,General phenomena description,Standard phenomena definition,1,"Educational content about phenomena in Earth (Level 2, Item 45)"
ear-l2-2346,Earth,2,What are important processes in Earth at level 2? (Question 46),Basic processes overview,Detailed processes explanation for Earth,Simple processes summary,General processes description,Standard processes definition,1,"Educational content about processes in Earth (Level 2, Item 46)"
ear-l2-2347,Earth,2,What are important systems in Earth at level 2? (Question 47),Basic systems overview,Detailed systems explanation for Earth,Simple systems summary,General systems description,Standard systems definition,1,"Educational content about systems in Earth (Level 2, Item 47)"
ear-l2-2348,Earth,2,What are important structures in Earth at level 2? (Question 48),Basic structures overview,Detailed structures explanation for Earth,Simple structures summary,General structures description,Standard structures definition,1,"Educational content about structures in Earth (Level 2, Item 48)"
ear-l2-2349,Earth,2,What are important elements in Earth at level 2? (Question 49),Basic elements overview,Detailed elements explanation for Earth,Simple elements summary,General elements description,Standard elements definition,1,"Educational content about elements in Earth (Level 2, Item 49)"
ear-l2-2350,Earth,2,What are important components in Earth at level 2? (Question 50),Basic components overview,Detailed components explanation for Earth,Simple components summary,General components description,Standard components definition,1,"Educational content about components in Earth (Level 2, Item 50)"
ear-l3-2351,Earth,3,What are important concepts in Earth at level 3? (Question 1),Basic concepts overview,Detailed concepts explanation for Earth,Simple concepts summary,General concepts description,Standard concepts definition,1,"Educational content about concepts in Earth (Level 3, Item 1)"
ear-l3-2352,Earth,3,What are important principles in Earth at level 3? (Question 2),Basic principles overview,Detailed principles explanation for Earth,Simple principles summary,General principles description,Standard principles definition,1,"Educational content about principles in Earth (Level 3, Item 2)"
ear-l3-2353,Earth,3,What are important theories in Earth at level 3? (Question 3),Basic theories overview,Detailed theories explanation for Earth,Simple theories summary,General theories description,Standard theories definition,1,"Educational content about theories in Earth (Level 3, Item 3)"
ear-l3-2354,Earth,3,What are important facts in Earth at level 3? (Question 4),Basic facts overview,Detailed facts explanation for Earth,Simple facts summary,General facts description,Standard facts definition,1,"Educational content about facts in Earth (Level 3, Item 4)"
ear-l3-2355,Earth,3,What are important phenomena in Earth at level 3? (Question 5),Basic phenomena overview,Detailed phenomena explanation for Earth,Simple phenomena summary,General phenomena description,Standard phenomena definition,1,"Educational content about phenomena in Earth (Level 3, Item 5)"
ear-l3-2356,Earth,3,What are important processes in Earth at level 3? (Question 6),Basic processes overview,Detailed processes explanation for Earth,Simple processes summary,General processes description,Standard processes definition,1,"Educational content about processes in Earth (Level 3, Item 6)"
ear-l3-2357,Earth,3,What are important systems in Earth at level 3? (Question 7),Basic systems overview,Detailed systems explanation for Earth,Simple systems summary,General systems description,Standard systems definition,1,"Educational content about systems in Earth (Level 3, Item 7)"
ear-l3-2358,Earth,3,What are important structures in Earth at level 3? (Question 8),Basic structures overview,Detailed structures explanation for Earth,Simple structures summary,General structures description,Standard structures definition,1,"Educational content about structures in Earth (Level 3, Item 8)"
ear-l3-2359,Earth,3,What are important elements in Earth at level 3? (Question 9),Basic elements overview,Detailed elements explanation for Earth,Simple elements summary,General elements description,Standard elements definition,1,"Educational content about elements in Earth (Level 3, Item 9)"
ear-l3-2360,Earth,3,What are important components in Earth at level 3? (Question 10),Basic components overview,Detailed components explanation for Earth,Simple components summary,General components description,Standard components definition,1,"Educational content about components in Earth (Level 3, Item 10)"
ear-l3-2361,Earth,3,What are important concepts in Earth at level 3? (Question 11),Basic concepts overview,Detailed concepts explanation for Earth,Simple concepts summary,General concepts description,Standard concepts definition,1,"Educational content about concepts in Earth (Level 3, Item 11)"
ear-l3-2362,Earth,3,What are important principles in Earth at level 3? (Question 12),Basic principles overview,Detailed principles explanation for Earth,Simple principles summary,General principles description,Standard principles definition,1,"Educational content about principles in Earth (Level 3, Item 12)"
ear-l3-2363,Earth,3,What are important theories in Earth at level 3? (Question 13),Basic theories overview,Detailed theories explanation for Earth,Simple theories summary,General theories description,Standard theories definition,1,"Educational content about theories in Earth (Level 3, Item 13)"
ear-l3-2364,Earth,3,What are important facts in Earth at level 3? (Question 14),Basic facts overview,Detailed facts explanation for Earth,Simple facts summary,General facts description,Standard facts definition,1,"Educational content about facts in Earth (Level 3, Item 14)"
ear-l3-2365,Earth,3,What are important phenomena in Earth at level 3? (Question 15),Basic phenomena overview,Detailed phenomena explanation for Earth,Simple phenomena summary,General phenomena description,Standard phenomena definition,1,"Educational content about phenomena in Earth (Level 3, Item 15)"
ear-l3-2366,Earth,3,What are important processes in Earth at level 3? (Question 16),Basic processes overview,Detailed processes explanation for Earth,Simple processes summary,General processes description,Standard processes definition,1,"Educational content about processes in Earth (Level 3, Item 16)"
ear-l3-2367,Earth,3,What are important systems in Earth at level 3? (Question 17),Basic systems overview,Detailed systems explanation for Earth,Simple systems summary,General systems description,Standard systems definition,1,"Educational content about systems in Earth (Level 3, Item 17)"
ear-l3-2368,Earth,3,What are important structures in Earth at level 3? (Question 18),Basic structures overview,Detailed structures explanation for Earth,Simple structures summary,General structures description,Standard structures definition,1,"Educational content about structures in Earth (Level 3, Item 18)"
ear-l3-2369,Earth,3,What are important elements in Earth at level 3? (Question 19),Basic elements overview,Detailed elements explanation for Earth,Simple elements summary,General elements description,Standard elements definition,1,"Educational content about elements in Earth (Level 3, Item 19)"
ear-l3-2370,Earth,3,What are important components in Earth at level 3? (Question 20),Basic components overview,Detailed components explanation for Earth,Simple components summary,General components description,Standard components definition,1,"Educational content about components in Earth (Level 3, Item 20)"
ear-l3-2371,Earth,3,What are important concepts in Earth at level 3? (Question 21),Basic concepts overview,Detailed concepts explanation for Earth,Simple concepts summary,General concepts description,Standard concepts definition,1,"Educational content about concepts in Earth (Level 3, Item 21)"
ear-l3-2372,Earth,3,What are important principles in Earth at level 3? (Question 22),Basic principles overview,Detailed principles explanation for Earth,Simple principles summary,General principles description,Standard principles definition,1,"Educational content about principles in Earth (Level 3, Item 22)"
ear-l3-2373,Earth,3,What are important theories in Earth at level 3? (Question 23),Basic theories overview,Detailed theories explanation for Earth,Simple theories summary,General theories description,Standard theories definition,1,"Educational content about theories in Earth (Level 3, Item 23)"
ear-l3-2374,Earth,3,What are important facts in Earth at level 3? (Question 24),Basic facts overview,Detailed facts explanation for Earth,Simple facts summary,General facts description,Standard facts definition,1,"Educational content about facts in Earth (Level 3, Item 24)"
ear-l3-2375,Earth,3,What are important phenomena in Earth at level 3? (Question 25),Basic phenomena overview,Detailed phenomena explanation for Earth,Simple phenomena summary,General phenomena description,Standard phenomena definition,1,"Educational content about phenomena in Earth (Level 3, Item 25)"
ear-l3-2376,Earth,3,What are important processes in Earth at level 3? (Question 26),Basic processes overview,Detailed processes explanation for Earth,Simple processes summary,General processes description,Standard processes definition,1,"Educational content about processes in Earth (Level 3, Item 26)"
ear-l3-2377,Earth,3,What are important systems in Earth at level 3? (Question 27),Basic systems overview,Detailed systems explanation for Earth,Simple systems summary,General systems description,Standard systems definition,1,"Educational content about systems in Earth (Level 3, Item 27)"
ear-l3-2378,Earth,3,What are important structures in Earth at level 3? (Question 28),Basic structures overview,Detailed structures explanation for Earth,Simple structures summary,General structures description,Standard structures definition,1,"Educational content about structures in Earth (Level 3, Item 28)"
ear-l3-2379,Earth,3,What are important elements in Earth at level 3? (Question 29),Basic elements overview,Detailed elements explanation for Earth,Simple elements summary,General elements description,Standard elements definition,1,"Educational content about elements in Earth (Level 3, Item 29)"
ear-l3-2380,Earth,3,What are important components in Earth at level 3? (Question 30),Basic components overview,Detailed components explanation for Earth,Simple components summary,General components description,Standard components definition,1,"Educational content about components in Earth (Level 3, Item 30)"
ear-l3-2381,Earth,3,What are important concepts in Earth at level 3? (Question 31),Basic concepts overview,Detailed concepts explanation for Earth,Simple concepts summary,General concepts description,Standard concepts definition,1,"Educational content about concepts in Earth (Level 3, Item 31)"
ear-l3-2382,Earth,3,What are important principles in Earth at level 3? (Question 32),Basic principles overview,Detailed principles explanation for Earth,Simple principles summary,General principles description,Standard principles definition,1,"Educational content about principles in Earth (Level 3, Item 32)"
ear-l3-2383,Earth,3,What are important theories in Earth at level 3? (Question 33),Basic theories overview,Detailed theories explanation for Earth,Simple theories summary,General theories description,Standard theories definition,1,"Educational content about theories in Earth (Level 3, Item 33)"
ear-l3-2384,Earth,3,What are important facts in Earth at level 3? (Question 34),Basic facts overview,Detailed facts explanation for Earth,Simple facts summary,General facts description,Standard facts definition,1,"Educational content about facts in Earth (Level 3, Item 34)"
ear-l3-2385,Earth,3,What are important phenomena in Earth at level 3? (Question 35),Basic phenomena overview,Detailed phenomena explanation for Earth,Simple phenomena summary,General phenomena description,Standard phenomena definition,1,"Educational content about phenomena in Earth (Level 3, Item 35)"
ear-l3-2386,Earth,3,What are important processes in Earth at level 3? (Question 36),Basic processes overview,Detailed processes explanation for Earth,Simple processes summary,General processes description,Standard processes definition,1,"Educational content about processes in Earth (Level 3, Item 36)"
ear-l3-2387,Earth,3,What are important systems in Earth at level 3? (Question 37),Basic systems overview,Detailed systems explanation for Earth,Simple systems summary,General systems description,Standard systems definition,1,"Educational content about systems in Earth (Level 3, Item 37)"
ear-l3-2388,Earth,3,What are important structures in Earth at level 3? (Question 38),Basic structures overview,Detailed structures explanation for Earth,Simple structures summary,General structures description,Standard structures definition,1,"Educational content about structures in Earth (Level 3, Item 38)"
ear-l3-2389,Earth,3,What are important elements in Earth at level 3? (Question 39),Basic elements overview,Detailed elements explanation for Earth,Simple elements summary,General elements description,Standard elements definition,1,"Educational content about elements in Earth (Level 3, Item 39)"
ear-l3-2390,Earth,3,What are important components in Earth at level 3? (Question 40),Basic components overview,Detailed components explanation for Earth,Simple components summary,General components description,Standard components definition,1,"Educational content about components in Earth (Level 3, Item 40)"
ear-l3-2391,Earth,3,What are important concepts in Earth at level 3? (Question 41),Basic concepts overview,Detailed concepts explanation for Earth,Simple concepts summary,General concepts description,Standard concepts definition,1,"Educational content about concepts in Earth (Level 3, Item 41)"
ear-l3-2392,Earth,3,What are important principles in Earth at level 3? (Question 42),Basic principles overview,Detailed principles explanation for Earth,Simple principles summary,General principles description,Standard principles definition,1,"Educational content about principles in Earth (Level 3, Item 42)"
ear-l3-2393,Earth,3,What are important theories in Earth at level 3? (Question 43),Basic theories overview,Detailed theories explanation for Earth,Simple theories summary,General theories description,Standard theories definition,1,"Educational content about theories in Earth (Level 3, Item 43)"
ear-l3-2394,Earth,3,What are important facts in Earth at level 3? (Question 44),Basic facts overview,Detailed facts explanation for Earth,Simple facts summary,General facts description,Standard facts definition,1,"Educational content about facts in Earth (Level 3, Item 44)"
ear-l3-2395,Earth,3,What are important phenomena in Earth at level 3? (Question 45),Basic phenomena overview,Detailed phenomena explanation for Earth,Simple phenomena summary,General phenomena description,Standard phenomena definition,1,"Educational content about phenomena in Earth (Level 3, Item 45)"
ear-l3-2396,Earth,3,What are important processes in Earth at level 3? (Question 46),Basic processes overview,Detailed processes explanation for Earth,Simple processes summary,General processes description,Standard processes definition,1,"Educational content about processes in Earth (Level 3, Item 46)"
ear-l3-2397,Earth,3,What are important systems in Earth at level 3? (Question 47),Basic systems overview,Detailed systems explanation for Earth,Simple systems summary,General systems description,Standard systems definition,1,"Educational content about systems in Earth (Level 3, Item 47)"
ear-l3-2398,Earth,3,What are important structures in Earth at level 3? (Question 48),Basic structures overview,Detailed structures explanation for Earth,Simple structures summary,General structures description,Standard structures definition,1,"Educational content about structures in Earth (Level 3, Item 48)"
ear-l3-2399,Earth,3,What are important elements in Earth at level 3? (Question 49),Basic elements overview,Detailed elements explanation for Earth,Simple elements summary,General elements description,Standard elements definition,1,"Educational content about elements in Earth (Level 3, Item 49)"
ear-l3-2400,Earth,3,What are important components in Earth at level 3? (Question 50),Basic components overview,Detailed components explanation for Earth,Simple components summary,General components description,Standard components definition,1,"Educational content about components in Earth (Level 3, Item 50)"
ear-l4-2401,Earth,4,What are important concepts in Earth at level 4? (Question 1),Basic concepts overview,Detailed concepts explanation for Earth,Simple concepts summary,General concepts description,Standard concepts definition,1,"Educational content about concepts in Earth (Level 4, Item 1)"
ear-l4-2402,Earth,4,What are important principles in Earth at level 4? (Question 2),Basic principles overview,Detailed principles explanation for Earth,Simple principles summary,General principles description,Standard principles definition,1,"Educational content about principles in Earth (Level 4, Item 2)"
ear-l4-2403,Earth,4,What are important theories in Earth at level 4? (Question 3),Basic theories overview,Detailed theories explanation for Earth,Simple theories summary,General theories description,Standard theories definition,1,"Educational content about theories in Earth (Level 4, Item 3)"
ear-l4-2404,Earth,4,What are important facts in Earth at level 4? (Question 4),Basic facts overview,Detailed facts explanation for Earth,Simple facts summary,General facts description,Standard facts definition,1,"Educational content about facts in Earth (Level 4, Item 4)"
ear-l4-2405,Earth,4,What are important phenomena in Earth at level 4? (Question 5),Basic phenomena overview,Detailed phenomena explanation for Earth,Simple phenomena summary,General phenomena description,Standard phenomena definition,1,"Educational content about phenomena in Earth (Level 4, Item 5)"
ear-l4-2406,Earth,4,What are important processes in Earth at level 4? (Question 6),Basic processes overview,Detailed processes explanation for Earth,Simple processes summary,General processes description,Standard processes definition,1,"Educational content about processes in Earth (Level 4, Item 6)"
ear-l4-2407,Earth,4,What are important systems in Earth at level 4? (Question 7),Basic systems overview,Detailed systems explanation for Earth,Simple systems summary,General systems description,Standard systems definition,1,"Educational content about systems in Earth (Level 4, Item 7)"
ear-l4-2408,Earth,4,What are important structures in Earth at level 4? (Question 8),Basic structures overview,Detailed structures explanation for Earth,Simple structures summary,General structures description,Standard structures definition,1,"Educational content about structures in Earth (Level 4, Item 8)"
ear-l4-2409,Earth,4,What are important elements in Earth at level 4? (Question 9),Basic elements overview,Detailed elements explanation for Earth,Simple elements summary,General elements description,Standard elements definition,1,"Educational content about elements in Earth (Level 4, Item 9)"
ear-l4-2410,Earth,4,What are important components in Earth at level 4? (Question 10),Basic components overview,Detailed components explanation for Earth,Simple components summary,General components description,Standard components definition,1,"Educational content about components in Earth (Level 4, Item 10)"
ear-l4-2411,Earth,4,What are important concepts in Earth at level 4? (Question 11),Basic concepts overview,Detailed concepts explanation for Earth,Simple concepts summary,General concepts description,Standard concepts definition,1,"Educational content about concepts in Earth (Level 4, Item 11)"
ear-l4-2412,Earth,4,What are important principles in Earth at level 4? (Question 12),Basic principles overview,Detailed principles explanation for Earth,Simple principles summary,General principles description,Standard principles definition,1,"Educational content about principles in Earth (Level 4, Item 12)"
ear-l4-2413,Earth,4,What are important theories in Earth at level 4? (Question 13),Basic theories overview,Detailed theories explanation for Earth,Simple theories summary,General theories description,Standard theories definition,1,"Educational content about theories in Earth (Level 4, Item 13)"
ear-l4-2414,Earth,4,What are important facts in Earth at level 4? (Question 14),Basic facts overview,Detailed facts explanation for Earth,Simple facts summary,General facts description,Standard facts definition,1,"Educational content about facts in Earth (Level 4, Item 14)"
ear-l4-2415,Earth,4,What are important phenomena in Earth at level 4? (Question 15),Basic phenomena overview,Detailed phenomena explanation for Earth,Simple phenomena summary,General phenomena description,Standard phenomena definition,1,"Educational content about phenomena in Earth (Level 4, Item 15)"
ear-l4-2416,Earth,4,What are important processes in Earth at level 4? (Question 16),Basic processes overview,Detailed processes explanation for Earth,Simple processes summary,General processes description,Standard processes definition,1,"Educational content about processes in Earth (Level 4, Item 16)"
ear-l4-2417,Earth,4,What are important systems in Earth at level 4? (Question 17),Basic systems overview,Detailed systems explanation for Earth,Simple systems summary,General systems description,Standard systems definition,1,"Educational content about systems in Earth (Level 4, Item 17)"
ear-l4-2418,Earth,4,What are important structures in Earth at level 4? (Question 18),Basic structures overview,Detailed structures explanation for Earth,Simple structures summary,General structures description,Standard structures definition,1,"Educational content about structures in Earth (Level 4, Item 18)"
ear-l4-2419,Earth,4,What are important elements in Earth at level 4? (Question 19),Basic elements overview,Detailed elements explanation for Earth,Simple elements summary,General elements description,Standard elements definition,1,"Educational content about elements in Earth (Level 4, Item 19)"
ear-l4-2420,Earth,4,What are important components in Earth at level 4? (Question 20),Basic components overview,Detailed components explanation for Earth,Simple components summary,General components description,Standard components definition,1,"Educational content about components in Earth (Level 4, Item 20)"
ear-l4-2421,Earth,4,What are important concepts in Earth at level 4? (Question 21),Basic concepts overview,Detailed concepts explanation for Earth,Simple concepts summary,General concepts description,Standard concepts definition,1,"Educational content about concepts in Earth (Level 4, Item 21)"
ear-l4-2422,Earth,4,What are important principles in Earth at level 4? (Question 22),Basic principles overview,Detailed principles explanation for Earth,Simple principles summary,General principles description,Standard principles definition,1,"Educational content about principles in Earth (Level 4, Item 22)"
ear-l4-2423,Earth,4,What are important theories in Earth at level 4? (Question 23),Basic theories overview,Detailed theories explanation for Earth,Simple theories summary,General theories description,Standard theories definition,1,"Educational content about theories in Earth (Level 4, Item 23)"
ear-l4-2424,Earth,4,What are important facts in Earth at level 4? (Question 24),Basic facts overview,Detailed facts explanation for Earth,Simple facts summary,General facts description,Standard facts definition,1,"Educational content about facts in Earth (Level 4, Item 24)"
ear-l4-2425,Earth,4,What are important phenomena in Earth at level 4? (Question 25),Basic phenomena overview,Detailed phenomena explanation for Earth,Simple phenomena summary,General phenomena description,Standard phenomena definition,1,"Educational content about phenomena in Earth (Level 4, Item 25)"
ear-l4-2426,Earth,4,What are important processes in Earth at level 4? (Question 26),Basic processes overview,Detailed processes explanation for Earth,Simple processes summary,General processes description,Standard processes definition,1,"Educational content about processes in Earth (Level 4, Item 26)"
ear-l4-2427,Earth,4,What are important systems in Earth at level 4? (Question 27),Basic systems overview,Detailed systems explanation for Earth,Simple systems summary,General systems description,Standard systems definition,1,"Educational content about systems in Earth (Level 4, Item 27)"
ear-l4-2428,Earth,4,What are important structures in Earth at level 4? (Question 28),Basic structures overview,Detailed structures explanation for Earth,Simple structures summary,General structures description,Standard structures definition,1,"Educational content about structures in Earth (Level 4, Item 28)"
ear-l4-2429,Earth,4,What are important elements in Earth at level 4? (Question 29),Basic elements overview,Detailed elements explanation for Earth,Simple elements summary,General elements description,Standard elements definition,1,"Educational content about elements in Earth (Level 4, Item 29)"
ear-l4-2430,Earth,4,What are important components in Earth at level 4? (Question 30),Basic components overview,Detailed components explanation for Earth,Simple components summary,General components description,Standard components definition,1,"Educational content about components in Earth (Level 4, Item 30)"
ear-l4-2431,Earth,4,What are important concepts in Earth at level 4? (Question 31),Basic concepts overview,Detailed concepts explanation for Earth,Simple concepts summary,General concepts description,Standard concepts definition,1,"Educational content about concepts in Earth (Level 4, Item 31)"
ear-l4-2432,Earth,4,What are important principles in Earth at level 4? (Question 32),Basic principles overview,Detailed principles explanation for Earth,Simple principles summary,General principles description,Standard principles definition,1,"Educational content about principles in Earth (Level 4, Item 32)"
ear-l4-2433,Earth,4,What are important theories in Earth at level 4? (Question 33),Basic theories overview,Detailed theories explanation for Earth,Simple theories summary,General theories description,Standard theories definition,1,"Educational content about theories in Earth (Level 4, Item 33)"
ear-l4-2434,Earth,4,What are important facts in Earth at level 4? (Question 34),Basic facts overview,Detailed facts explanation for Earth,Simple facts summary,General facts description,Standard facts definition,1,"Educational content about facts in Earth (Level 4, Item 34)"
ear-l4-2435,Earth,4,What are important phenomena in Earth at level 4? (Question 35),Basic phenomena overview,Detailed phenomena explanation for Earth,Simple phenomena summary,General phenomena description,Standard phenomena definition,1,"Educational content about phenomena in Earth (Level 4, Item 35)"
ear-l4-2436,Earth,4,What are important processes in Earth at level 4? (Question 36),Basic processes overview,Detailed processes explanation for Earth,Simple processes summary,General processes description,Standard processes definition,1,"Educational content about processes in Earth (Level 4, Item 36)"
ear-l4-2437,Earth,4,What are important systems in Earth at level 4? (Question 37),Basic systems overview,Detailed systems explanation for Earth,Simple systems summary,General systems description,Standard systems definition,1,"Educational content about systems in Earth (Level 4, Item 37)"
ear-l4-2438,Earth,4,What are important structures in Earth at level 4? (Question 38),Basic structures overview,Detailed structures explanation for Earth,Simple structures summary,General structures description,Standard structures definition,1,"Educational content about structures in Earth (Level 4, Item 38)"
ear-l4-2439,Earth,4,What are important elements in Earth at level 4? (Question 39),Basic elements overview,Detailed elements explanation for Earth,Simple elements summary,General elements description,Standard elements definition,1,"Educational content about elements in Earth (Level 4, Item 39)"
ear-l4-2440,Earth,4,What are important components in Earth at level 4? (Question 40),Basic components overview,Detailed components explanation for Earth,Simple components summary,General components description,Standard components definition,1,"Educational content about components in Earth (Level 4, Item 40)"
ear-l4-2441,Earth,4,What are important concepts in Earth at level 4? (Question 41),Basic concepts overview,Detailed concepts explanation for Earth,Simple concepts summary,General concepts description,Standard concepts definition,1,"Educational content about concepts in Earth (Level 4, Item 41)"
ear-l4-2442,Earth,4,What are important principles in Earth at level 4? (Question 42),Basic principles overview,Detailed principles explanation for Earth,Simple principles summary,General principles description,Standard principles definition,1,"Educational content about principles in Earth (Level 4, Item 42)"
ear-l4-2443,Earth,4,What are important theories in Earth at level 4? (Question 43),Basic theories overview,Detailed theories explanation for Earth,Simple theories summary,General theories description,Standard theories definition,1,"Educational content about theories in Earth (Level 4, Item 43)"
ear-l4-2444,Earth,4,What are important facts in Earth at level 4? (Question 44),Basic facts overview,Detailed facts explanation for Earth,Simple facts summary,General facts description,Standard facts definition,1,"Educational content about facts in Earth (Level 4, Item 44)"
ear-l4-2445,Earth,4,What are important phenomena in Earth at level 4? (Question 45),Basic phenomena overview,Detailed phenomena explanation for Earth,Simple phenomena summary,General phenomena description,Standard phenomena definition,1,"Educational content about phenomena in Earth (Level 4, Item 45)"
ear-l4-2446,Earth,4,What are important processes in Earth at level 4? (Question 46),Basic processes overview,Detailed processes explanation for Earth,Simple processes summary,General processes description,Standard processes definition,1,"Educational content about processes in Earth (Level 4, Item 46)"
ear-l4-2447,Earth,4,What are important systems in Earth at level 4? (Question 47),Basic systems overview,Detailed systems explanation for Earth,Simple systems summary,General systems description,Standard systems definition,1,"Educational content about systems in Earth (Level 4, Item 47)"
ear-l4-2448,Earth,4,What are important structures in Earth at level 4? (Question 48),Basic structures overview,Detailed structures explanation for Earth,Simple structures summary,General structures description,Standard structures definition,1,"Educational content about structures in Earth (Level 4, Item 48)"
ear-l4-2449,Earth,4,What are important elements in Earth at level 4? (Question 49),Basic elements overview,Detailed elements explanation for Earth,Simple elements summary,General elements description,Standard elements definition,1,"Educational content about elements in Earth (Level 4, Item 49)"
ear-l4-2450,Earth,4,What are important components in Earth at level 4? (Question 50),Basic components overview,Detailed components explanation for Earth,Simple components summary,General components description,Standard components definition,1,"Educational content about components in Earth (Level 4, Item 50)"
ear-l5-2451,Earth,5,What are important concepts in Earth at level 5? (Question 1),Basic concepts overview,Detailed concepts explanation for Earth,Simple concepts summary,General concepts description,Standard concepts definition,1,"Educational content about concepts in Earth (Level 5, Item 1)"
ear-l5-2452,Earth,5,What are important principles in Earth at level 5? (Question 2),Basic principles overview,Detailed principles explanation for Earth,Simple principles summary,General principles description,Standard principles definition,1,"Educational content about principles in Earth (Level 5, Item 2)"
ear-l5-2453,Earth,5,What are important theories in Earth at level 5? (Question 3),Basic theories overview,Detailed theories explanation for Earth,Simple theories summary,General theories description,Standard theories definition,1,"Educational content about theories in Earth (Level 5, Item 3)"
ear-l5-2454,Earth,5,What are important facts in Earth at level 5? (Question 4),Basic facts overview,Detailed facts explanation for Earth,Simple facts summary,General facts description,Standard facts definition,1,"Educational content about facts in Earth (Level 5, Item 4)"
ear-l5-2455,Earth,5,What are important phenomena in Earth at level 5? (Question 5),Basic phenomena overview,Detailed phenomena explanation for Earth,Simple phenomena summary,General phenomena description,Standard phenomena definition,1,"Educational content about phenomena in Earth (Level 5, Item 5)"
ear-l5-2456,Earth,5,What are important processes in Earth at level 5? (Question 6),Basic processes overview,Detailed processes explanation for Earth,Simple processes summary,General processes description,Standard processes definition,1,"Educational content about processes in Earth (Level 5, Item 6)"
ear-l5-2457,Earth,5,What are important systems in Earth at level 5? (Question 7),Basic systems overview,Detailed systems explanation for Earth,Simple systems summary,General systems description,Standard systems definition,1,"Educational content about systems in Earth (Level 5, Item 7)"
ear-l5-2458,Earth,5,What are important structures in Earth at level 5? (Question 8),Basic structures overview,Detailed structures explanation for Earth,Simple structures summary,General structures description,Standard structures definition,1,"Educational content about structures in Earth (Level 5, Item 8)"
ear-l5-2459,Earth,5,What are important elements in Earth at level 5? (Question 9),Basic elements overview,Detailed elements explanation for Earth,Simple elements summary,General elements description,Standard elements definition,1,"Educational content about elements in Earth (Level 5, Item 9)"
ear-l5-2460,Earth,5,What are important components in Earth at level 5? (Question 10),Basic components overview,Detailed components explanation for Earth,Simple components summary,General components description,Standard components definition,1,"Educational content about components in Earth (Level 5, Item 10)"
ear-l5-2461,Earth,5,What are important concepts in Earth at level 5? (Question 11),Basic concepts overview,Detailed concepts explanation for Earth,Simple concepts summary,General concepts description,Standard concepts definition,1,"Educational content about concepts in Earth (Level 5, Item 11)"
ear-l5-2462,Earth,5,What are important principles in Earth at level 5? (Question 12),Basic principles overview,Detailed principles explanation for Earth,Simple principles summary,General principles description,Standard principles definition,1,"Educational content about principles in Earth (Level 5, Item 12)"
ear-l5-2463,Earth,5,What are important theories in Earth at level 5? (Question 13),Basic theories overview,Detailed theories explanation for Earth,Simple theories summary,General theories description,Standard theories definition,1,"Educational content about theories in Earth (Level 5, Item 13)"
ear-l5-2464,Earth,5,What are important facts in Earth at level 5? (Question 14),Basic facts overview,Detailed facts explanation for Earth,Simple facts summary,General facts description,Standard facts definition,1,"Educational content about facts in Earth (Level 5, Item 14)"
ear-l5-2465,Earth,5,What are important phenomena in Earth at level 5? (Question 15),Basic phenomena overview,Detailed phenomena explanation for Earth,Simple phenomena summary,General phenomena description,Standard phenomena definition,1,"Educational content about phenomena in Earth (Level 5, Item 15)"
ear-l5-2466,Earth,5,What are important processes in Earth at level 5? (Question 16),Basic processes overview,Detailed processes explanation for Earth,Simple processes summary,General processes description,Standard processes definition,1,"Educational content about processes in Earth (Level 5, Item 16)"
ear-l5-2467,Earth,5,What are important systems in Earth at level 5? (Question 17),Basic systems overview,Detailed systems explanation for Earth,Simple systems summary,General systems description,Standard systems definition,1,"Educational content about systems in Earth (Level 5, Item 17)"
ear-l5-2468,Earth,5,What are important structures in Earth at level 5? (Question 18),Basic structures overview,Detailed structures explanation for Earth,Simple structures summary,General structures description,Standard structures definition,1,"Educational content about structures in Earth (Level 5, Item 18)"
ear-l5-2469,Earth,5,What are important elements in Earth at level 5? (Question 19),Basic elements overview,Detailed elements explanation for Earth,Simple elements summary,General elements description,Standard elements definition,1,"Educational content about elements in Earth (Level 5, Item 19)"
ear-l5-2470,Earth,5,What are important components in Earth at level 5? (Question 20),Basic components overview,Detailed components explanation for Earth,Simple components summary,General components description,Standard components definition,1,"Educational content about components in Earth (Level 5, Item 20)"
ear-l5-2471,Earth,5,What are important concepts in Earth at level 5? (Question 21),Basic concepts overview,Detailed concepts explanation for Earth,Simple concepts summary,General concepts description,Standard concepts definition,1,"Educational content about concepts in Earth (Level 5, Item 21)"
ear-l5-2472,Earth,5,What are important principles in Earth at level 5? (Question 22),Basic principles overview,Detailed principles explanation for Earth,Simple principles summary,General principles description,Standard principles definition,1,"Educational content about principles in Earth (Level 5, Item 22)"
ear-l5-2473,Earth,5,What are important theories in Earth at level 5? (Question 23),Basic theories overview,Detailed theories explanation for Earth,Simple theories summary,General theories description,Standard theories definition,1,"Educational content about theories in Earth (Level 5, Item 23)"
ear-l5-2474,Earth,5,What are important facts in Earth at level 5? (Question 24),Basic facts overview,Detailed facts explanation for Earth,Simple facts summary,General facts description,Standard facts definition,1,"Educational content about facts in Earth (Level 5, Item 24)"
ear-l5-2475,Earth,5,What are important phenomena in Earth at level 5? (Question 25),Basic phenomena overview,Detailed phenomena explanation for Earth,Simple phenomena summary,General phenomena description,Standard phenomena definition,1,"Educational content about phenomena in Earth (Level 5, Item 25)"
ear-l5-2476,Earth,5,What are important processes in Earth at level 5? (Question 26),Basic processes overview,Detailed processes explanation for Earth,Simple processes summary,General processes description,Standard processes definition,1,"Educational content about processes in Earth (Level 5, Item 26)"
ear-l5-2477,Earth,5,What are important systems in Earth at level 5? (Question 27),Basic systems overview,Detailed systems explanation for Earth,Simple systems summary,General systems description,Standard systems definition,1,"Educational content about systems in Earth (Level 5, Item 27)"
ear-l5-2478,Earth,5,What are important structures in Earth at level 5? (Question 28),Basic structures overview,Detailed structures explanation for Earth,Simple structures summary,General structures description,Standard structures definition,1,"Educational content about structures in Earth (Level 5, Item 28)"
ear-l5-2479,Earth,5,What are important elements in Earth at level 5? (Question 29),Basic elements overview,Detailed elements explanation for Earth,Simple elements summary,General elements description,Standard elements definition,1,"Educational content about elements in Earth (Level 5, Item 29)"
ear-l5-2480,Earth,5,What are important components in Earth at level 5? (Question 30),Basic components overview,Detailed components explanation for Earth,Simple components summary,General components description,Standard components definition,1,"Educational content about components in Earth (Level 5, Item 30)"
ear-l5-2481,Earth,5,What are important concepts in Earth at level 5? (Question 31),Basic concepts overview,Detailed concepts explanation for Earth,Simple concepts summary,General concepts description,Standard concepts definition,1,"Educational content about concepts in Earth (Level 5, Item 31)"
ear-l5-2482,Earth,5,What are important principles in Earth at level 5? (Question 32),Basic principles overview,Detailed principles explanation for Earth,Simple principles summary,General principles description,Standard principles definition,1,"Educational content about principles in Earth (Level 5, Item 32)"
ear-l5-2483,Earth,5,What are important theories in Earth at level 5? (Question 33),Basic theories overview,Detailed theories explanation for Earth,Simple theories summary,General theories description,Standard theories definition,1,"Educational content about theories in Earth (Level 5, Item 33)"
ear-l5-2484,Earth,5,What are important facts in Earth at level 5? (Question 34),Basic facts overview,Detailed facts explanation for Earth,Simple facts summary,General facts description,Standard facts definition,1,"Educational content about facts in Earth (Level 5, Item 34)"
ear-l5-2485,Earth,5,What are important phenomena in Earth at level 5? (Question 35),Basic phenomena overview,Detailed phenomena explanation for Earth,Simple phenomena summary,General phenomena description,Standard phenomena definition,1,"Educational content about phenomena in Earth (Level 5, Item 35)"
ear-l5-2486,Earth,5,What are important processes in Earth at level 5? (Question 36),Basic processes overview,Detailed processes explanation for Earth,Simple processes summary,General processes description,Standard processes definition,1,"Educational content about processes in Earth (Level 5, Item 36)"
ear-l5-2487,Earth,5,What are important systems in Earth at level 5? (Question 37),Basic systems overview,Detailed systems explanation for Earth,Simple systems summary,General systems description,Standard systems definition,1,"Educational content about systems in Earth (Level 5, Item 37)"
ear-l5-2488,Earth,5,What are important structures in Earth at level 5? (Question 38),Basic structures overview,Detailed structures explanation for Earth,Simple structures summary,General structures description,Standard structures definition,1,"Educational content about structures in Earth (Level 5, Item 38)"
ear-l5-2489,Earth,5,What are important elements in Earth at level 5? (Question 39),Basic elements overview,Detailed elements explanation for Earth,Simple elements summary,General elements description,Standard elements definition,1,"Educational content about elements in Earth (Level 5, Item 39)"
ear-l5-2490,Earth,5,What are important components in Earth at level 5? (Question 40),Basic components overview,Detailed components explanation for Earth,Simple components summary,General components description,Standard components definition,1,"Educational content about components in Earth (Level 5, Item 40)"
ear-l5-2491,Earth,5,What are important concepts in Earth at level 5? (Question 41),Basic concepts overview,Detailed concepts explanation for Earth,Simple concepts summary,General concepts description,Standard concepts definition,1,"Educational content about concepts in Earth (Level 5, Item 41)"
ear-l5-2492,Earth,5,What are important principles in Earth at level 5? (Question 42),Basic principles overview,Detailed principles explanation for Earth,Simple principles summary,General principles description,Standard principles definition,1,"Educational content about principles in Earth (Level 5, Item 42)"
ear-l5-2493,Earth,5,What are important theories in Earth at level 5? (Question 43),Basic theories overview,Detailed theories explanation for Earth,Simple theories summary,General theories description,Standard theories definition,1,"Educational content about theories in Earth (Level 5, Item 43)"
ear-l5-2494,Earth,5,What are important facts in Earth at level 5? (Question 44),Basic facts overview,Detailed facts explanation for Earth,Simple facts summary,General facts description,Standard facts definition,1,"Educational content about facts in Earth (Level 5, Item 44)"
ear-l5-2495,Earth,5,What are important phenomena in Earth at level 5? (Question 45),Basic phenomena overview,Detailed phenomena explanation for Earth,Simple phenomena summary,General phenomena description,Standard phenomena definition,1,"Educational content about phenomena in Earth (Level 5, Item 45)"
ear-l5-2496,Earth,5,What are important processes in Earth at level 5? (Question 46),Basic processes overview,Detailed processes explanation for Earth,Simple processes summary,General processes description,Standard processes definition,1,"Educational content about processes in Earth (Level 5, Item 46)"
ear-l5-2497,Earth,5,What are important systems in Earth at level 5? (Question 47),Basic systems overview,Detailed systems explanation for Earth,Simple systems summary,General systems description,Standard systems definition,1,"Educational content about systems in Earth (Level 5, Item 47)"
ear-l5-2498,Earth,5,What are important structures in Earth at level 5? (Question 48),Basic structures overview,Detailed structures explanation for Earth,Simple structures summary,General structures description,Standard structures definition,1,"Educational content about structures in Earth (Level 5, Item 48)"
ear-l5-2499,Earth,5,What are important elements in Earth at level 5? (Question 49),Basic elements overview,Detailed elements explanation for Earth,Simple elements summary,General elements description,Standard elements definition,1,"Educational content about elements in Earth (Level 5, Item 49)"
ear-l5-2500,Earth,5,What are important components in Earth at level 5? (Question 50),Basic components overview,Detailed components explanation for Earth,Simple components summary,General components description,Standard components definition,1,"Educational content about components in Earth (Level 5, Item 50)"
