id,category,level,text,answer1,answer2,answer3,answer4,answer5,correctAnswerIndex,hint
spa-l1-001,Space,1,What is the closest star to Earth?,Moon,Sun,Mars,Venus,Polaris,1,This star provides light and heat to our planet
spa-l1-002,Space,1,How many planets are in our solar system?,7,8,9,10,12,1,"Pluto was reclassified, leaving this many planets"
spa-l1-003,Space,1,What is the Moon?,A planet,Earth's natural satellite,A star,A comet,An asteroid,1,This celestial body orbits Earth and affects tides
spa-l1-004,Space,1,Which planet is known as the Red Planet?,Venus,Jupiter,Mars,Saturn,Mercury,2,Its reddish appearance comes from iron oxide on surface
spa-l1-005,Space,1,Which planet is largest in our solar system?,Earth,Saturn,Jupiter,Neptune,Uranus,2,This gas giant has a giant red spot storm
spa-l1-006,Space,1,What is the closest star to Earth?,Moon,Sun,Mars,Venus,Polaris,1,This star provides light and heat to our planet
spa-l1-007,Space,1,How many planets are in our solar system?,7,8,9,10,12,1,"Pluto was reclassified, leaving this many planets"
spa-l1-008,Space,1,What is the Moon?,A planet,Earth's natural satellite,A star,A comet,An asteroid,1,This celestial body orbits Earth and affects tides
spa-l1-009,Space,1,Which planet is known as the Red Planet?,Venus,Jupiter,Mars,Saturn,Mercury,2,Its reddish appearance comes from iron oxide on surface
spa-l1-010,Space,1,Which planet is largest in our solar system?,Earth,Saturn,Jupiter,Neptune,Uranus,2,This gas giant has a giant red spot storm
spa-l1-011,Space,1,What is the closest star to Earth?,Moon,Sun,Mars,Venus,Polaris,1,This star provides light and heat to our planet
spa-l1-012,Space,1,How many planets are in our solar system?,7,8,9,10,12,1,"Pluto was reclassified, leaving this many planets"
spa-l1-013,Space,1,What is the Moon?,A planet,Earth's natural satellite,A star,A comet,An asteroid,1,This celestial body orbits Earth and affects tides
spa-l1-014,Space,1,Which planet is known as the Red Planet?,Venus,Jupiter,Mars,Saturn,Mercury,2,Its reddish appearance comes from iron oxide on surface
spa-l1-015,Space,1,Which planet is largest in our solar system?,Earth,Saturn,Jupiter,Neptune,Uranus,2,This gas giant has a giant red spot storm
spa-l1-016,Space,1,What is the closest star to Earth?,Moon,Sun,Mars,Venus,Polaris,1,This star provides light and heat to our planet
spa-l1-017,Space,1,How many planets are in our solar system?,7,8,9,10,12,1,"Pluto was reclassified, leaving this many planets"
spa-l1-018,Space,1,What is the Moon?,A planet,Earth's natural satellite,A star,A comet,An asteroid,1,This celestial body orbits Earth and affects tides
spa-l1-019,Space,1,Which planet is known as the Red Planet?,Venus,Jupiter,Mars,Saturn,Mercury,2,Its reddish appearance comes from iron oxide on surface
spa-l1-020,Space,1,Which planet is largest in our solar system?,Earth,Saturn,Jupiter,Neptune,Uranus,2,This gas giant has a giant red spot storm
spa-l1-021,Space,1,What is the closest star to Earth?,Moon,Sun,Mars,Venus,Polaris,1,This star provides light and heat to our planet
spa-l1-022,Space,1,How many planets are in our solar system?,7,8,9,10,12,1,"Pluto was reclassified, leaving this many planets"
spa-l1-023,Space,1,What is the Moon?,A planet,Earth's natural satellite,A star,A comet,An asteroid,1,This celestial body orbits Earth and affects tides
spa-l1-024,Space,1,Which planet is known as the Red Planet?,Venus,Jupiter,Mars,Saturn,Mercury,2,Its reddish appearance comes from iron oxide on surface
spa-l1-025,Space,1,Which planet is largest in our solar system?,Earth,Saturn,Jupiter,Neptune,Uranus,2,This gas giant has a giant red spot storm
spa-l1-026,Space,1,What is the closest star to Earth?,Moon,Sun,Mars,Venus,Polaris,1,This star provides light and heat to our planet
spa-l1-027,Space,1,How many planets are in our solar system?,7,8,9,10,12,1,"Pluto was reclassified, leaving this many planets"
spa-l1-028,Space,1,What is the Moon?,A planet,Earth's natural satellite,A star,A comet,An asteroid,1,This celestial body orbits Earth and affects tides
spa-l1-029,Space,1,Which planet is known as the Red Planet?,Venus,Jupiter,Mars,Saturn,Mercury,2,Its reddish appearance comes from iron oxide on surface
spa-l1-030,Space,1,Which planet is largest in our solar system?,Earth,Saturn,Jupiter,Neptune,Uranus,2,This gas giant has a giant red spot storm
spa-l1-031,Space,1,What is the closest star to Earth?,Moon,Sun,Mars,Venus,Polaris,1,This star provides light and heat to our planet
spa-l1-032,Space,1,How many planets are in our solar system?,7,8,9,10,12,1,"Pluto was reclassified, leaving this many planets"
spa-l1-033,Space,1,What is the Moon?,A planet,Earth's natural satellite,A star,A comet,An asteroid,1,This celestial body orbits Earth and affects tides
spa-l1-034,Space,1,Which planet is known as the Red Planet?,Venus,Jupiter,Mars,Saturn,Mercury,2,Its reddish appearance comes from iron oxide on surface
spa-l1-035,Space,1,Which planet is largest in our solar system?,Earth,Saturn,Jupiter,Neptune,Uranus,2,This gas giant has a giant red spot storm
spa-l1-036,Space,1,What is the closest star to Earth?,Moon,Sun,Mars,Venus,Polaris,1,This star provides light and heat to our planet
spa-l1-037,Space,1,How many planets are in our solar system?,7,8,9,10,12,1,"Pluto was reclassified, leaving this many planets"
spa-l1-038,Space,1,What is the Moon?,A planet,Earth's natural satellite,A star,A comet,An asteroid,1,This celestial body orbits Earth and affects tides
spa-l1-039,Space,1,Which planet is known as the Red Planet?,Venus,Jupiter,Mars,Saturn,Mercury,2,Its reddish appearance comes from iron oxide on surface
spa-l1-040,Space,1,Which planet is largest in our solar system?,Earth,Saturn,Jupiter,Neptune,Uranus,2,This gas giant has a giant red spot storm
spa-l1-041,Space,1,What is the closest star to Earth?,Moon,Sun,Mars,Venus,Polaris,1,This star provides light and heat to our planet
spa-l1-042,Space,1,How many planets are in our solar system?,7,8,9,10,12,1,"Pluto was reclassified, leaving this many planets"
spa-l1-043,Space,1,What is the Moon?,A planet,Earth's natural satellite,A star,A comet,An asteroid,1,This celestial body orbits Earth and affects tides
spa-l1-044,Space,1,Which planet is known as the Red Planet?,Venus,Jupiter,Mars,Saturn,Mercury,2,Its reddish appearance comes from iron oxide on surface
spa-l1-045,Space,1,Which planet is largest in our solar system?,Earth,Saturn,Jupiter,Neptune,Uranus,2,This gas giant has a giant red spot storm
spa-l1-046,Space,1,What is the closest star to Earth?,Moon,Sun,Mars,Venus,Polaris,1,This star provides light and heat to our planet
spa-l1-047,Space,1,How many planets are in our solar system?,7,8,9,10,12,1,"Pluto was reclassified, leaving this many planets"
spa-l1-048,Space,1,What is the Moon?,A planet,Earth's natural satellite,A star,A comet,An asteroid,1,This celestial body orbits Earth and affects tides
spa-l1-049,Space,1,Which planet is known as the Red Planet?,Venus,Jupiter,Mars,Saturn,Mercury,2,Its reddish appearance comes from iron oxide on surface
spa-l1-050,Space,1,Which planet is largest in our solar system?,Earth,Saturn,Jupiter,Neptune,Uranus,2,This gas giant has a giant red spot storm
spa-l1-051,Space,1,What is the closest star to Earth?,Moon,Sun,Mars,Venus,Polaris,1,This star provides light and heat to our planet
spa-l1-052,Space,1,How many planets are in our solar system?,7,8,9,10,12,1,"Pluto was reclassified, leaving this many planets"
spa-l1-053,Space,1,What is the Moon?,A planet,Earth's natural satellite,A star,A comet,An asteroid,1,This celestial body orbits Earth and affects tides
spa-l1-054,Space,1,Which planet is known as the Red Planet?,Venus,Jupiter,Mars,Saturn,Mercury,2,Its reddish appearance comes from iron oxide on surface
spa-l1-055,Space,1,Which planet is largest in our solar system?,Earth,Saturn,Jupiter,Neptune,Uranus,2,This gas giant has a giant red spot storm
spa-l1-056,Space,1,What is the closest star to Earth?,Moon,Sun,Mars,Venus,Polaris,1,This star provides light and heat to our planet
spa-l1-057,Space,1,How many planets are in our solar system?,7,8,9,10,12,1,"Pluto was reclassified, leaving this many planets"
spa-l1-058,Space,1,What is the Moon?,A planet,Earth's natural satellite,A star,A comet,An asteroid,1,This celestial body orbits Earth and affects tides
spa-l1-059,Space,1,Which planet is known as the Red Planet?,Venus,Jupiter,Mars,Saturn,Mercury,2,Its reddish appearance comes from iron oxide on surface
spa-l1-060,Space,1,Which planet is largest in our solar system?,Earth,Saturn,Jupiter,Neptune,Uranus,2,This gas giant has a giant red spot storm
spa-l1-061,Space,1,What is the closest star to Earth?,Moon,Sun,Mars,Venus,Polaris,1,This star provides light and heat to our planet
spa-l1-062,Space,1,How many planets are in our solar system?,7,8,9,10,12,1,"Pluto was reclassified, leaving this many planets"
spa-l1-063,Space,1,What is the Moon?,A planet,Earth's natural satellite,A star,A comet,An asteroid,1,This celestial body orbits Earth and affects tides
spa-l1-064,Space,1,Which planet is known as the Red Planet?,Venus,Jupiter,Mars,Saturn,Mercury,2,Its reddish appearance comes from iron oxide on surface
spa-l1-065,Space,1,Which planet is largest in our solar system?,Earth,Saturn,Jupiter,Neptune,Uranus,2,This gas giant has a giant red spot storm
spa-l1-066,Space,1,What is the closest star to Earth?,Moon,Sun,Mars,Venus,Polaris,1,This star provides light and heat to our planet
spa-l1-067,Space,1,How many planets are in our solar system?,7,8,9,10,12,1,"Pluto was reclassified, leaving this many planets"
spa-l1-068,Space,1,What is the Moon?,A planet,Earth's natural satellite,A star,A comet,An asteroid,1,This celestial body orbits Earth and affects tides
spa-l1-069,Space,1,Which planet is known as the Red Planet?,Venus,Jupiter,Mars,Saturn,Mercury,2,Its reddish appearance comes from iron oxide on surface
spa-l1-070,Space,1,Which planet is largest in our solar system?,Earth,Saturn,Jupiter,Neptune,Uranus,2,This gas giant has a giant red spot storm
spa-l1-071,Space,1,What is the closest star to Earth?,Moon,Sun,Mars,Venus,Polaris,1,This star provides light and heat to our planet
spa-l1-072,Space,1,How many planets are in our solar system?,7,8,9,10,12,1,"Pluto was reclassified, leaving this many planets"
spa-l1-073,Space,1,What is the Moon?,A planet,Earth's natural satellite,A star,A comet,An asteroid,1,This celestial body orbits Earth and affects tides
spa-l1-074,Space,1,Which planet is known as the Red Planet?,Venus,Jupiter,Mars,Saturn,Mercury,2,Its reddish appearance comes from iron oxide on surface
spa-l1-075,Space,1,Which planet is largest in our solar system?,Earth,Saturn,Jupiter,Neptune,Uranus,2,This gas giant has a giant red spot storm
spa-l1-076,Space,1,What is the closest star to Earth?,Moon,Sun,Mars,Venus,Polaris,1,This star provides light and heat to our planet
spa-l1-077,Space,1,How many planets are in our solar system?,7,8,9,10,12,1,"Pluto was reclassified, leaving this many planets"
spa-l1-078,Space,1,What is the Moon?,A planet,Earth's natural satellite,A star,A comet,An asteroid,1,This celestial body orbits Earth and affects tides
spa-l1-079,Space,1,Which planet is known as the Red Planet?,Venus,Jupiter,Mars,Saturn,Mercury,2,Its reddish appearance comes from iron oxide on surface
spa-l1-080,Space,1,Which planet is largest in our solar system?,Earth,Saturn,Jupiter,Neptune,Uranus,2,This gas giant has a giant red spot storm
spa-l1-081,Space,1,What is the closest star to Earth?,Moon,Sun,Mars,Venus,Polaris,1,This star provides light and heat to our planet
spa-l1-082,Space,1,How many planets are in our solar system?,7,8,9,10,12,1,"Pluto was reclassified, leaving this many planets"
spa-l1-083,Space,1,What is the Moon?,A planet,Earth's natural satellite,A star,A comet,An asteroid,1,This celestial body orbits Earth and affects tides
spa-l1-084,Space,1,Which planet is known as the Red Planet?,Venus,Jupiter,Mars,Saturn,Mercury,2,Its reddish appearance comes from iron oxide on surface
spa-l1-085,Space,1,Which planet is largest in our solar system?,Earth,Saturn,Jupiter,Neptune,Uranus,2,This gas giant has a giant red spot storm
spa-l1-086,Space,1,What is the closest star to Earth?,Moon,Sun,Mars,Venus,Polaris,1,This star provides light and heat to our planet
spa-l1-087,Space,1,How many planets are in our solar system?,7,8,9,10,12,1,"Pluto was reclassified, leaving this many planets"
spa-l1-088,Space,1,What is the Moon?,A planet,Earth's natural satellite,A star,A comet,An asteroid,1,This celestial body orbits Earth and affects tides
spa-l1-089,Space,1,Which planet is known as the Red Planet?,Venus,Jupiter,Mars,Saturn,Mercury,2,Its reddish appearance comes from iron oxide on surface
spa-l1-090,Space,1,Which planet is largest in our solar system?,Earth,Saturn,Jupiter,Neptune,Uranus,2,This gas giant has a giant red spot storm
spa-l1-091,Space,1,What is the closest star to Earth?,Moon,Sun,Mars,Venus,Polaris,1,This star provides light and heat to our planet
spa-l1-092,Space,1,How many planets are in our solar system?,7,8,9,10,12,1,"Pluto was reclassified, leaving this many planets"
spa-l1-093,Space,1,What is the Moon?,A planet,Earth's natural satellite,A star,A comet,An asteroid,1,This celestial body orbits Earth and affects tides
spa-l1-094,Space,1,Which planet is known as the Red Planet?,Venus,Jupiter,Mars,Saturn,Mercury,2,Its reddish appearance comes from iron oxide on surface
spa-l1-095,Space,1,Which planet is largest in our solar system?,Earth,Saturn,Jupiter,Neptune,Uranus,2,This gas giant has a giant red spot storm
spa-l1-096,Space,1,What is the closest star to Earth?,Moon,Sun,Mars,Venus,Polaris,1,This star provides light and heat to our planet
spa-l1-097,Space,1,How many planets are in our solar system?,7,8,9,10,12,1,"Pluto was reclassified, leaving this many planets"
spa-l1-098,Space,1,What is the Moon?,A planet,Earth's natural satellite,A star,A comet,An asteroid,1,This celestial body orbits Earth and affects tides
spa-l1-099,Space,1,Which planet is known as the Red Planet?,Venus,Jupiter,Mars,Saturn,Mercury,2,Its reddish appearance comes from iron oxide on surface
spa-l1-100,Space,1,Which planet is largest in our solar system?,Earth,Saturn,Jupiter,Neptune,Uranus,2,This gas giant has a giant red spot storm
spa-l2-001,Space,2,What is a black hole?,Empty space,Region with extreme gravity,Dark planet,Space tunnel,Asteroid,1,"Nothing, not even light, can escape from this object"
spa-l2-002,Space,2,What is a supernova?,New star,Exploding star,Planet collision,Comet impact,Galaxy merger,1,Massive stellar explosion that can outshine entire galaxies
spa-l2-003,Space,2,What is a nebula?,Dead star,Cloud of gas and dust in space,Galaxy type,Planet atmosphere,Comet tail,1,Star-forming regions often called stellar nurseries
spa-l2-004,Space,2,What is a pulsar?,Pulsing planet,Rapidly rotating neutron star,Variable star,Orbiting asteroid,Binary system,1,Rapidly spinning neutron star emitting beams of radiation
spa-l2-005,Space,2,What is redshift?,Star color,Light stretched by expansion,Mars appearance,Sunset color,Heat signature,1,Lengthening of wavelengths due to objects moving away
spa-l2-006,Space,2,What is a black hole?,Empty space,Region with extreme gravity,Dark planet,Space tunnel,Asteroid,1,"Nothing, not even light, can escape from this object"
spa-l2-007,Space,2,What is a supernova?,New star,Exploding star,Planet collision,Comet impact,Galaxy merger,1,Massive stellar explosion that can outshine entire galaxies
spa-l2-008,Space,2,What is a nebula?,Dead star,Cloud of gas and dust in space,Galaxy type,Planet atmosphere,Comet tail,1,Star-forming regions often called stellar nurseries
spa-l2-009,Space,2,What is a pulsar?,Pulsing planet,Rapidly rotating neutron star,Variable star,Orbiting asteroid,Binary system,1,Rapidly spinning neutron star emitting beams of radiation
spa-l2-010,Space,2,What is redshift?,Star color,Light stretched by expansion,Mars appearance,Sunset color,Heat signature,1,Lengthening of wavelengths due to objects moving away
spa-l2-011,Space,2,What is a black hole?,Empty space,Region with extreme gravity,Dark planet,Space tunnel,Asteroid,1,"Nothing, not even light, can escape from this object"
spa-l2-012,Space,2,What is a supernova?,New star,Exploding star,Planet collision,Comet impact,Galaxy merger,1,Massive stellar explosion that can outshine entire galaxies
spa-l2-013,Space,2,What is a nebula?,Dead star,Cloud of gas and dust in space,Galaxy type,Planet atmosphere,Comet tail,1,Star-forming regions often called stellar nurseries
spa-l2-014,Space,2,What is a pulsar?,Pulsing planet,Rapidly rotating neutron star,Variable star,Orbiting asteroid,Binary system,1,Rapidly spinning neutron star emitting beams of radiation
spa-l2-015,Space,2,What is redshift?,Star color,Light stretched by expansion,Mars appearance,Sunset color,Heat signature,1,Lengthening of wavelengths due to objects moving away
spa-l2-016,Space,2,What is a black hole?,Empty space,Region with extreme gravity,Dark planet,Space tunnel,Asteroid,1,"Nothing, not even light, can escape from this object"
spa-l2-017,Space,2,What is a supernova?,New star,Exploding star,Planet collision,Comet impact,Galaxy merger,1,Massive stellar explosion that can outshine entire galaxies
spa-l2-018,Space,2,What is a nebula?,Dead star,Cloud of gas and dust in space,Galaxy type,Planet atmosphere,Comet tail,1,Star-forming regions often called stellar nurseries
spa-l2-019,Space,2,What is a pulsar?,Pulsing planet,Rapidly rotating neutron star,Variable star,Orbiting asteroid,Binary system,1,Rapidly spinning neutron star emitting beams of radiation
spa-l2-020,Space,2,What is redshift?,Star color,Light stretched by expansion,Mars appearance,Sunset color,Heat signature,1,Lengthening of wavelengths due to objects moving away
spa-l2-021,Space,2,What is a black hole?,Empty space,Region with extreme gravity,Dark planet,Space tunnel,Asteroid,1,"Nothing, not even light, can escape from this object"
spa-l2-022,Space,2,What is a supernova?,New star,Exploding star,Planet collision,Comet impact,Galaxy merger,1,Massive stellar explosion that can outshine entire galaxies
spa-l2-023,Space,2,What is a nebula?,Dead star,Cloud of gas and dust in space,Galaxy type,Planet atmosphere,Comet tail,1,Star-forming regions often called stellar nurseries
spa-l2-024,Space,2,What is a pulsar?,Pulsing planet,Rapidly rotating neutron star,Variable star,Orbiting asteroid,Binary system,1,Rapidly spinning neutron star emitting beams of radiation
spa-l2-025,Space,2,What is redshift?,Star color,Light stretched by expansion,Mars appearance,Sunset color,Heat signature,1,Lengthening of wavelengths due to objects moving away
spa-l2-026,Space,2,What is a black hole?,Empty space,Region with extreme gravity,Dark planet,Space tunnel,Asteroid,1,"Nothing, not even light, can escape from this object"
spa-l2-027,Space,2,What is a supernova?,New star,Exploding star,Planet collision,Comet impact,Galaxy merger,1,Massive stellar explosion that can outshine entire galaxies
spa-l2-028,Space,2,What is a nebula?,Dead star,Cloud of gas and dust in space,Galaxy type,Planet atmosphere,Comet tail,1,Star-forming regions often called stellar nurseries
spa-l2-029,Space,2,What is a pulsar?,Pulsing planet,Rapidly rotating neutron star,Variable star,Orbiting asteroid,Binary system,1,Rapidly spinning neutron star emitting beams of radiation
spa-l2-030,Space,2,What is redshift?,Star color,Light stretched by expansion,Mars appearance,Sunset color,Heat signature,1,Lengthening of wavelengths due to objects moving away
spa-l2-031,Space,2,What is a black hole?,Empty space,Region with extreme gravity,Dark planet,Space tunnel,Asteroid,1,"Nothing, not even light, can escape from this object"
spa-l2-032,Space,2,What is a supernova?,New star,Exploding star,Planet collision,Comet impact,Galaxy merger,1,Massive stellar explosion that can outshine entire galaxies
spa-l2-033,Space,2,What is a nebula?,Dead star,Cloud of gas and dust in space,Galaxy type,Planet atmosphere,Comet tail,1,Star-forming regions often called stellar nurseries
spa-l2-034,Space,2,What is a pulsar?,Pulsing planet,Rapidly rotating neutron star,Variable star,Orbiting asteroid,Binary system,1,Rapidly spinning neutron star emitting beams of radiation
spa-l2-035,Space,2,What is redshift?,Star color,Light stretched by expansion,Mars appearance,Sunset color,Heat signature,1,Lengthening of wavelengths due to objects moving away
spa-l2-036,Space,2,What is a black hole?,Empty space,Region with extreme gravity,Dark planet,Space tunnel,Asteroid,1,"Nothing, not even light, can escape from this object"
spa-l2-037,Space,2,What is a supernova?,New star,Exploding star,Planet collision,Comet impact,Galaxy merger,1,Massive stellar explosion that can outshine entire galaxies
spa-l2-038,Space,2,What is a nebula?,Dead star,Cloud of gas and dust in space,Galaxy type,Planet atmosphere,Comet tail,1,Star-forming regions often called stellar nurseries
spa-l2-039,Space,2,What is a pulsar?,Pulsing planet,Rapidly rotating neutron star,Variable star,Orbiting asteroid,Binary system,1,Rapidly spinning neutron star emitting beams of radiation
spa-l2-040,Space,2,What is redshift?,Star color,Light stretched by expansion,Mars appearance,Sunset color,Heat signature,1,Lengthening of wavelengths due to objects moving away
spa-l2-041,Space,2,What is a black hole?,Empty space,Region with extreme gravity,Dark planet,Space tunnel,Asteroid,1,"Nothing, not even light, can escape from this object"
spa-l2-042,Space,2,What is a supernova?,New star,Exploding star,Planet collision,Comet impact,Galaxy merger,1,Massive stellar explosion that can outshine entire galaxies
spa-l2-043,Space,2,What is a nebula?,Dead star,Cloud of gas and dust in space,Galaxy type,Planet atmosphere,Comet tail,1,Star-forming regions often called stellar nurseries
spa-l2-044,Space,2,What is a pulsar?,Pulsing planet,Rapidly rotating neutron star,Variable star,Orbiting asteroid,Binary system,1,Rapidly spinning neutron star emitting beams of radiation
spa-l2-045,Space,2,What is redshift?,Star color,Light stretched by expansion,Mars appearance,Sunset color,Heat signature,1,Lengthening of wavelengths due to objects moving away
spa-l2-046,Space,2,What is a black hole?,Empty space,Region with extreme gravity,Dark planet,Space tunnel,Asteroid,1,"Nothing, not even light, can escape from this object"
spa-l2-047,Space,2,What is a supernova?,New star,Exploding star,Planet collision,Comet impact,Galaxy merger,1,Massive stellar explosion that can outshine entire galaxies
spa-l2-048,Space,2,What is a nebula?,Dead star,Cloud of gas and dust in space,Galaxy type,Planet atmosphere,Comet tail,1,Star-forming regions often called stellar nurseries
spa-l2-049,Space,2,What is a pulsar?,Pulsing planet,Rapidly rotating neutron star,Variable star,Orbiting asteroid,Binary system,1,Rapidly spinning neutron star emitting beams of radiation
spa-l2-050,Space,2,What is redshift?,Star color,Light stretched by expansion,Mars appearance,Sunset color,Heat signature,1,Lengthening of wavelengths due to objects moving away
spa-l2-051,Space,2,What is a black hole?,Empty space,Region with extreme gravity,Dark planet,Space tunnel,Asteroid,1,"Nothing, not even light, can escape from this object"
spa-l2-052,Space,2,What is a supernova?,New star,Exploding star,Planet collision,Comet impact,Galaxy merger,1,Massive stellar explosion that can outshine entire galaxies
spa-l2-053,Space,2,What is a nebula?,Dead star,Cloud of gas and dust in space,Galaxy type,Planet atmosphere,Comet tail,1,Star-forming regions often called stellar nurseries
spa-l2-054,Space,2,What is a pulsar?,Pulsing planet,Rapidly rotating neutron star,Variable star,Orbiting asteroid,Binary system,1,Rapidly spinning neutron star emitting beams of radiation
spa-l2-055,Space,2,What is redshift?,Star color,Light stretched by expansion,Mars appearance,Sunset color,Heat signature,1,Lengthening of wavelengths due to objects moving away
spa-l2-056,Space,2,What is a black hole?,Empty space,Region with extreme gravity,Dark planet,Space tunnel,Asteroid,1,"Nothing, not even light, can escape from this object"
spa-l2-057,Space,2,What is a supernova?,New star,Exploding star,Planet collision,Comet impact,Galaxy merger,1,Massive stellar explosion that can outshine entire galaxies
spa-l2-058,Space,2,What is a nebula?,Dead star,Cloud of gas and dust in space,Galaxy type,Planet atmosphere,Comet tail,1,Star-forming regions often called stellar nurseries
spa-l2-059,Space,2,What is a pulsar?,Pulsing planet,Rapidly rotating neutron star,Variable star,Orbiting asteroid,Binary system,1,Rapidly spinning neutron star emitting beams of radiation
spa-l2-060,Space,2,What is redshift?,Star color,Light stretched by expansion,Mars appearance,Sunset color,Heat signature,1,Lengthening of wavelengths due to objects moving away
spa-l2-061,Space,2,What is a black hole?,Empty space,Region with extreme gravity,Dark planet,Space tunnel,Asteroid,1,"Nothing, not even light, can escape from this object"
spa-l2-062,Space,2,What is a supernova?,New star,Exploding star,Planet collision,Comet impact,Galaxy merger,1,Massive stellar explosion that can outshine entire galaxies
spa-l2-063,Space,2,What is a nebula?,Dead star,Cloud of gas and dust in space,Galaxy type,Planet atmosphere,Comet tail,1,Star-forming regions often called stellar nurseries
spa-l2-064,Space,2,What is a pulsar?,Pulsing planet,Rapidly rotating neutron star,Variable star,Orbiting asteroid,Binary system,1,Rapidly spinning neutron star emitting beams of radiation
spa-l2-065,Space,2,What is redshift?,Star color,Light stretched by expansion,Mars appearance,Sunset color,Heat signature,1,Lengthening of wavelengths due to objects moving away
spa-l2-066,Space,2,What is a black hole?,Empty space,Region with extreme gravity,Dark planet,Space tunnel,Asteroid,1,"Nothing, not even light, can escape from this object"
spa-l2-067,Space,2,What is a supernova?,New star,Exploding star,Planet collision,Comet impact,Galaxy merger,1,Massive stellar explosion that can outshine entire galaxies
spa-l2-068,Space,2,What is a nebula?,Dead star,Cloud of gas and dust in space,Galaxy type,Planet atmosphere,Comet tail,1,Star-forming regions often called stellar nurseries
spa-l2-069,Space,2,What is a pulsar?,Pulsing planet,Rapidly rotating neutron star,Variable star,Orbiting asteroid,Binary system,1,Rapidly spinning neutron star emitting beams of radiation
spa-l2-070,Space,2,What is redshift?,Star color,Light stretched by expansion,Mars appearance,Sunset color,Heat signature,1,Lengthening of wavelengths due to objects moving away
spa-l2-071,Space,2,What is a black hole?,Empty space,Region with extreme gravity,Dark planet,Space tunnel,Asteroid,1,"Nothing, not even light, can escape from this object"
spa-l2-072,Space,2,What is a supernova?,New star,Exploding star,Planet collision,Comet impact,Galaxy merger,1,Massive stellar explosion that can outshine entire galaxies
spa-l2-073,Space,2,What is a nebula?,Dead star,Cloud of gas and dust in space,Galaxy type,Planet atmosphere,Comet tail,1,Star-forming regions often called stellar nurseries
spa-l2-074,Space,2,What is a pulsar?,Pulsing planet,Rapidly rotating neutron star,Variable star,Orbiting asteroid,Binary system,1,Rapidly spinning neutron star emitting beams of radiation
spa-l2-075,Space,2,What is redshift?,Star color,Light stretched by expansion,Mars appearance,Sunset color,Heat signature,1,Lengthening of wavelengths due to objects moving away
spa-l2-076,Space,2,What is a black hole?,Empty space,Region with extreme gravity,Dark planet,Space tunnel,Asteroid,1,"Nothing, not even light, can escape from this object"
spa-l2-077,Space,2,What is a supernova?,New star,Exploding star,Planet collision,Comet impact,Galaxy merger,1,Massive stellar explosion that can outshine entire galaxies
spa-l2-078,Space,2,What is a nebula?,Dead star,Cloud of gas and dust in space,Galaxy type,Planet atmosphere,Comet tail,1,Star-forming regions often called stellar nurseries
spa-l2-079,Space,2,What is a pulsar?,Pulsing planet,Rapidly rotating neutron star,Variable star,Orbiting asteroid,Binary system,1,Rapidly spinning neutron star emitting beams of radiation
spa-l2-080,Space,2,What is redshift?,Star color,Light stretched by expansion,Mars appearance,Sunset color,Heat signature,1,Lengthening of wavelengths due to objects moving away
spa-l2-081,Space,2,What is a black hole?,Empty space,Region with extreme gravity,Dark planet,Space tunnel,Asteroid,1,"Nothing, not even light, can escape from this object"
spa-l2-082,Space,2,What is a supernova?,New star,Exploding star,Planet collision,Comet impact,Galaxy merger,1,Massive stellar explosion that can outshine entire galaxies
spa-l2-083,Space,2,What is a nebula?,Dead star,Cloud of gas and dust in space,Galaxy type,Planet atmosphere,Comet tail,1,Star-forming regions often called stellar nurseries
spa-l2-084,Space,2,What is a pulsar?,Pulsing planet,Rapidly rotating neutron star,Variable star,Orbiting asteroid,Binary system,1,Rapidly spinning neutron star emitting beams of radiation
spa-l2-085,Space,2,What is redshift?,Star color,Light stretched by expansion,Mars appearance,Sunset color,Heat signature,1,Lengthening of wavelengths due to objects moving away
spa-l2-086,Space,2,What is a black hole?,Empty space,Region with extreme gravity,Dark planet,Space tunnel,Asteroid,1,"Nothing, not even light, can escape from this object"
spa-l2-087,Space,2,What is a supernova?,New star,Exploding star,Planet collision,Comet impact,Galaxy merger,1,Massive stellar explosion that can outshine entire galaxies
spa-l2-088,Space,2,What is a nebula?,Dead star,Cloud of gas and dust in space,Galaxy type,Planet atmosphere,Comet tail,1,Star-forming regions often called stellar nurseries
spa-l2-089,Space,2,What is a pulsar?,Pulsing planet,Rapidly rotating neutron star,Variable star,Orbiting asteroid,Binary system,1,Rapidly spinning neutron star emitting beams of radiation
spa-l2-090,Space,2,What is redshift?,Star color,Light stretched by expansion,Mars appearance,Sunset color,Heat signature,1,Lengthening of wavelengths due to objects moving away
spa-l2-091,Space,2,What is a black hole?,Empty space,Region with extreme gravity,Dark planet,Space tunnel,Asteroid,1,"Nothing, not even light, can escape from this object"
spa-l2-092,Space,2,What is a supernova?,New star,Exploding star,Planet collision,Comet impact,Galaxy merger,1,Massive stellar explosion that can outshine entire galaxies
spa-l2-093,Space,2,What is a nebula?,Dead star,Cloud of gas and dust in space,Galaxy type,Planet atmosphere,Comet tail,1,Star-forming regions often called stellar nurseries
spa-l2-094,Space,2,What is a pulsar?,Pulsing planet,Rapidly rotating neutron star,Variable star,Orbiting asteroid,Binary system,1,Rapidly spinning neutron star emitting beams of radiation
spa-l2-095,Space,2,What is redshift?,Star color,Light stretched by expansion,Mars appearance,Sunset color,Heat signature,1,Lengthening of wavelengths due to objects moving away
spa-l2-096,Space,2,What is a black hole?,Empty space,Region with extreme gravity,Dark planet,Space tunnel,Asteroid,1,"Nothing, not even light, can escape from this object"
spa-l2-097,Space,2,What is a supernova?,New star,Exploding star,Planet collision,Comet impact,Galaxy merger,1,Massive stellar explosion that can outshine entire galaxies
spa-l2-098,Space,2,What is a nebula?,Dead star,Cloud of gas and dust in space,Galaxy type,Planet atmosphere,Comet tail,1,Star-forming regions often called stellar nurseries
spa-l2-099,Space,2,What is a pulsar?,Pulsing planet,Rapidly rotating neutron star,Variable star,Orbiting asteroid,Binary system,1,Rapidly spinning neutron star emitting beams of radiation
spa-l2-100,Space,2,What is redshift?,Star color,Light stretched by expansion,Mars appearance,Sunset color,Heat signature,1,Lengthening of wavelengths due to objects moving away
spa-l3-001,Space,3,What is dark matter?,Black holes,Invisible matter detected by gravity,Empty space,Dark energy,Antimatter,1,Makes up 85% of matter but doesn't interact with light
spa-l3-002,Space,3,What is stellar nucleosynthesis?,Star birth,Element creation in stars,Star death,Planet formation,Fusion process,1,Process by which stars create heavier elements from lighter ones
spa-l3-003,Space,3,What is the Chandrasekhar limit?,Speed limit,Maximum mass for white dwarf,Black hole size,Galaxy size,Star brightness,1,"About 1.4 solar masses - beyond this, white dwarf collapses"
spa-l3-004,Space,3,What is cosmic inflation?,Universe expansion,Rapid expansion after Big Bang,Star formation,Galaxy growth,Black hole growth,1,Exponential expansion of space in first fraction of second after Big Bang
spa-l3-005,Space,3,What is the main sequence?,Star order,Stage where stars fuse hydrogen,Galaxy type,Planet lineup,Constellation,1,"Longest phase of stellar life, fusing hydrogen to helium in core"
spa-l3-006,Space,3,What is dark matter?,Black holes,Invisible matter detected by gravity,Empty space,Dark energy,Antimatter,1,Makes up 85% of matter but doesn't interact with light
spa-l3-007,Space,3,What is stellar nucleosynthesis?,Star birth,Element creation in stars,Star death,Planet formation,Fusion process,1,Process by which stars create heavier elements from lighter ones
spa-l3-008,Space,3,What is the Chandrasekhar limit?,Speed limit,Maximum mass for white dwarf,Black hole size,Galaxy size,Star brightness,1,"About 1.4 solar masses - beyond this, white dwarf collapses"
spa-l3-009,Space,3,What is cosmic inflation?,Universe expansion,Rapid expansion after Big Bang,Star formation,Galaxy growth,Black hole growth,1,Exponential expansion of space in first fraction of second after Big Bang
spa-l3-010,Space,3,What is the main sequence?,Star order,Stage where stars fuse hydrogen,Galaxy type,Planet lineup,Constellation,1,"Longest phase of stellar life, fusing hydrogen to helium in core"
spa-l3-011,Space,3,What is dark matter?,Black holes,Invisible matter detected by gravity,Empty space,Dark energy,Antimatter,1,Makes up 85% of matter but doesn't interact with light
spa-l3-012,Space,3,What is stellar nucleosynthesis?,Star birth,Element creation in stars,Star death,Planet formation,Fusion process,1,Process by which stars create heavier elements from lighter ones
spa-l3-013,Space,3,What is the Chandrasekhar limit?,Speed limit,Maximum mass for white dwarf,Black hole size,Galaxy size,Star brightness,1,"About 1.4 solar masses - beyond this, white dwarf collapses"
spa-l3-014,Space,3,What is cosmic inflation?,Universe expansion,Rapid expansion after Big Bang,Star formation,Galaxy growth,Black hole growth,1,Exponential expansion of space in first fraction of second after Big Bang
spa-l3-015,Space,3,What is the main sequence?,Star order,Stage where stars fuse hydrogen,Galaxy type,Planet lineup,Constellation,1,"Longest phase of stellar life, fusing hydrogen to helium in core"
spa-l3-016,Space,3,What is dark matter?,Black holes,Invisible matter detected by gravity,Empty space,Dark energy,Antimatter,1,Makes up 85% of matter but doesn't interact with light
spa-l3-017,Space,3,What is stellar nucleosynthesis?,Star birth,Element creation in stars,Star death,Planet formation,Fusion process,1,Process by which stars create heavier elements from lighter ones
spa-l3-018,Space,3,What is the Chandrasekhar limit?,Speed limit,Maximum mass for white dwarf,Black hole size,Galaxy size,Star brightness,1,"About 1.4 solar masses - beyond this, white dwarf collapses"
spa-l3-019,Space,3,What is cosmic inflation?,Universe expansion,Rapid expansion after Big Bang,Star formation,Galaxy growth,Black hole growth,1,Exponential expansion of space in first fraction of second after Big Bang
spa-l3-020,Space,3,What is the main sequence?,Star order,Stage where stars fuse hydrogen,Galaxy type,Planet lineup,Constellation,1,"Longest phase of stellar life, fusing hydrogen to helium in core"
spa-l3-021,Space,3,What is dark matter?,Black holes,Invisible matter detected by gravity,Empty space,Dark energy,Antimatter,1,Makes up 85% of matter but doesn't interact with light
spa-l3-022,Space,3,What is stellar nucleosynthesis?,Star birth,Element creation in stars,Star death,Planet formation,Fusion process,1,Process by which stars create heavier elements from lighter ones
spa-l3-023,Space,3,What is the Chandrasekhar limit?,Speed limit,Maximum mass for white dwarf,Black hole size,Galaxy size,Star brightness,1,"About 1.4 solar masses - beyond this, white dwarf collapses"
spa-l3-024,Space,3,What is cosmic inflation?,Universe expansion,Rapid expansion after Big Bang,Star formation,Galaxy growth,Black hole growth,1,Exponential expansion of space in first fraction of second after Big Bang
spa-l3-025,Space,3,What is the main sequence?,Star order,Stage where stars fuse hydrogen,Galaxy type,Planet lineup,Constellation,1,"Longest phase of stellar life, fusing hydrogen to helium in core"
spa-l3-026,Space,3,What is dark matter?,Black holes,Invisible matter detected by gravity,Empty space,Dark energy,Antimatter,1,Makes up 85% of matter but doesn't interact with light
spa-l3-027,Space,3,What is stellar nucleosynthesis?,Star birth,Element creation in stars,Star death,Planet formation,Fusion process,1,Process by which stars create heavier elements from lighter ones
spa-l3-028,Space,3,What is the Chandrasekhar limit?,Speed limit,Maximum mass for white dwarf,Black hole size,Galaxy size,Star brightness,1,"About 1.4 solar masses - beyond this, white dwarf collapses"
spa-l3-029,Space,3,What is cosmic inflation?,Universe expansion,Rapid expansion after Big Bang,Star formation,Galaxy growth,Black hole growth,1,Exponential expansion of space in first fraction of second after Big Bang
spa-l3-030,Space,3,What is the main sequence?,Star order,Stage where stars fuse hydrogen,Galaxy type,Planet lineup,Constellation,1,"Longest phase of stellar life, fusing hydrogen to helium in core"
spa-l3-031,Space,3,What is dark matter?,Black holes,Invisible matter detected by gravity,Empty space,Dark energy,Antimatter,1,Makes up 85% of matter but doesn't interact with light
spa-l3-032,Space,3,What is stellar nucleosynthesis?,Star birth,Element creation in stars,Star death,Planet formation,Fusion process,1,Process by which stars create heavier elements from lighter ones
spa-l3-033,Space,3,What is the Chandrasekhar limit?,Speed limit,Maximum mass for white dwarf,Black hole size,Galaxy size,Star brightness,1,"About 1.4 solar masses - beyond this, white dwarf collapses"
spa-l3-034,Space,3,What is cosmic inflation?,Universe expansion,Rapid expansion after Big Bang,Star formation,Galaxy growth,Black hole growth,1,Exponential expansion of space in first fraction of second after Big Bang
spa-l3-035,Space,3,What is the main sequence?,Star order,Stage where stars fuse hydrogen,Galaxy type,Planet lineup,Constellation,1,"Longest phase of stellar life, fusing hydrogen to helium in core"
spa-l3-036,Space,3,What is dark matter?,Black holes,Invisible matter detected by gravity,Empty space,Dark energy,Antimatter,1,Makes up 85% of matter but doesn't interact with light
spa-l3-037,Space,3,What is stellar nucleosynthesis?,Star birth,Element creation in stars,Star death,Planet formation,Fusion process,1,Process by which stars create heavier elements from lighter ones
spa-l3-038,Space,3,What is the Chandrasekhar limit?,Speed limit,Maximum mass for white dwarf,Black hole size,Galaxy size,Star brightness,1,"About 1.4 solar masses - beyond this, white dwarf collapses"
spa-l3-039,Space,3,What is cosmic inflation?,Universe expansion,Rapid expansion after Big Bang,Star formation,Galaxy growth,Black hole growth,1,Exponential expansion of space in first fraction of second after Big Bang
spa-l3-040,Space,3,What is the main sequence?,Star order,Stage where stars fuse hydrogen,Galaxy type,Planet lineup,Constellation,1,"Longest phase of stellar life, fusing hydrogen to helium in core"
spa-l3-041,Space,3,What is dark matter?,Black holes,Invisible matter detected by gravity,Empty space,Dark energy,Antimatter,1,Makes up 85% of matter but doesn't interact with light
spa-l3-042,Space,3,What is stellar nucleosynthesis?,Star birth,Element creation in stars,Star death,Planet formation,Fusion process,1,Process by which stars create heavier elements from lighter ones
spa-l3-043,Space,3,What is the Chandrasekhar limit?,Speed limit,Maximum mass for white dwarf,Black hole size,Galaxy size,Star brightness,1,"About 1.4 solar masses - beyond this, white dwarf collapses"
spa-l3-044,Space,3,What is cosmic inflation?,Universe expansion,Rapid expansion after Big Bang,Star formation,Galaxy growth,Black hole growth,1,Exponential expansion of space in first fraction of second after Big Bang
spa-l3-045,Space,3,What is the main sequence?,Star order,Stage where stars fuse hydrogen,Galaxy type,Planet lineup,Constellation,1,"Longest phase of stellar life, fusing hydrogen to helium in core"
spa-l3-046,Space,3,What is dark matter?,Black holes,Invisible matter detected by gravity,Empty space,Dark energy,Antimatter,1,Makes up 85% of matter but doesn't interact with light
spa-l3-047,Space,3,What is stellar nucleosynthesis?,Star birth,Element creation in stars,Star death,Planet formation,Fusion process,1,Process by which stars create heavier elements from lighter ones
spa-l3-048,Space,3,What is the Chandrasekhar limit?,Speed limit,Maximum mass for white dwarf,Black hole size,Galaxy size,Star brightness,1,"About 1.4 solar masses - beyond this, white dwarf collapses"
spa-l3-049,Space,3,What is cosmic inflation?,Universe expansion,Rapid expansion after Big Bang,Star formation,Galaxy growth,Black hole growth,1,Exponential expansion of space in first fraction of second after Big Bang
spa-l3-050,Space,3,What is the main sequence?,Star order,Stage where stars fuse hydrogen,Galaxy type,Planet lineup,Constellation,1,"Longest phase of stellar life, fusing hydrogen to helium in core"
spa-l3-051,Space,3,What is dark matter?,Black holes,Invisible matter detected by gravity,Empty space,Dark energy,Antimatter,1,Makes up 85% of matter but doesn't interact with light
spa-l3-052,Space,3,What is stellar nucleosynthesis?,Star birth,Element creation in stars,Star death,Planet formation,Fusion process,1,Process by which stars create heavier elements from lighter ones
spa-l3-053,Space,3,What is the Chandrasekhar limit?,Speed limit,Maximum mass for white dwarf,Black hole size,Galaxy size,Star brightness,1,"About 1.4 solar masses - beyond this, white dwarf collapses"
spa-l3-054,Space,3,What is cosmic inflation?,Universe expansion,Rapid expansion after Big Bang,Star formation,Galaxy growth,Black hole growth,1,Exponential expansion of space in first fraction of second after Big Bang
spa-l3-055,Space,3,What is the main sequence?,Star order,Stage where stars fuse hydrogen,Galaxy type,Planet lineup,Constellation,1,"Longest phase of stellar life, fusing hydrogen to helium in core"
spa-l3-056,Space,3,What is dark matter?,Black holes,Invisible matter detected by gravity,Empty space,Dark energy,Antimatter,1,Makes up 85% of matter but doesn't interact with light
spa-l3-057,Space,3,What is stellar nucleosynthesis?,Star birth,Element creation in stars,Star death,Planet formation,Fusion process,1,Process by which stars create heavier elements from lighter ones
spa-l3-058,Space,3,What is the Chandrasekhar limit?,Speed limit,Maximum mass for white dwarf,Black hole size,Galaxy size,Star brightness,1,"About 1.4 solar masses - beyond this, white dwarf collapses"
spa-l3-059,Space,3,What is cosmic inflation?,Universe expansion,Rapid expansion after Big Bang,Star formation,Galaxy growth,Black hole growth,1,Exponential expansion of space in first fraction of second after Big Bang
spa-l3-060,Space,3,What is the main sequence?,Star order,Stage where stars fuse hydrogen,Galaxy type,Planet lineup,Constellation,1,"Longest phase of stellar life, fusing hydrogen to helium in core"
spa-l3-061,Space,3,What is dark matter?,Black holes,Invisible matter detected by gravity,Empty space,Dark energy,Antimatter,1,Makes up 85% of matter but doesn't interact with light
spa-l3-062,Space,3,What is stellar nucleosynthesis?,Star birth,Element creation in stars,Star death,Planet formation,Fusion process,1,Process by which stars create heavier elements from lighter ones
spa-l3-063,Space,3,What is the Chandrasekhar limit?,Speed limit,Maximum mass for white dwarf,Black hole size,Galaxy size,Star brightness,1,"About 1.4 solar masses - beyond this, white dwarf collapses"
spa-l3-064,Space,3,What is cosmic inflation?,Universe expansion,Rapid expansion after Big Bang,Star formation,Galaxy growth,Black hole growth,1,Exponential expansion of space in first fraction of second after Big Bang
spa-l3-065,Space,3,What is the main sequence?,Star order,Stage where stars fuse hydrogen,Galaxy type,Planet lineup,Constellation,1,"Longest phase of stellar life, fusing hydrogen to helium in core"
spa-l3-066,Space,3,What is dark matter?,Black holes,Invisible matter detected by gravity,Empty space,Dark energy,Antimatter,1,Makes up 85% of matter but doesn't interact with light
spa-l3-067,Space,3,What is stellar nucleosynthesis?,Star birth,Element creation in stars,Star death,Planet formation,Fusion process,1,Process by which stars create heavier elements from lighter ones
spa-l3-068,Space,3,What is the Chandrasekhar limit?,Speed limit,Maximum mass for white dwarf,Black hole size,Galaxy size,Star brightness,1,"About 1.4 solar masses - beyond this, white dwarf collapses"
spa-l3-069,Space,3,What is cosmic inflation?,Universe expansion,Rapid expansion after Big Bang,Star formation,Galaxy growth,Black hole growth,1,Exponential expansion of space in first fraction of second after Big Bang
spa-l3-070,Space,3,What is the main sequence?,Star order,Stage where stars fuse hydrogen,Galaxy type,Planet lineup,Constellation,1,"Longest phase of stellar life, fusing hydrogen to helium in core"
spa-l3-071,Space,3,What is dark matter?,Black holes,Invisible matter detected by gravity,Empty space,Dark energy,Antimatter,1,Makes up 85% of matter but doesn't interact with light
spa-l3-072,Space,3,What is stellar nucleosynthesis?,Star birth,Element creation in stars,Star death,Planet formation,Fusion process,1,Process by which stars create heavier elements from lighter ones
spa-l3-073,Space,3,What is the Chandrasekhar limit?,Speed limit,Maximum mass for white dwarf,Black hole size,Galaxy size,Star brightness,1,"About 1.4 solar masses - beyond this, white dwarf collapses"
spa-l3-074,Space,3,What is cosmic inflation?,Universe expansion,Rapid expansion after Big Bang,Star formation,Galaxy growth,Black hole growth,1,Exponential expansion of space in first fraction of second after Big Bang
spa-l3-075,Space,3,What is the main sequence?,Star order,Stage where stars fuse hydrogen,Galaxy type,Planet lineup,Constellation,1,"Longest phase of stellar life, fusing hydrogen to helium in core"
spa-l3-076,Space,3,What is dark matter?,Black holes,Invisible matter detected by gravity,Empty space,Dark energy,Antimatter,1,Makes up 85% of matter but doesn't interact with light
spa-l3-077,Space,3,What is stellar nucleosynthesis?,Star birth,Element creation in stars,Star death,Planet formation,Fusion process,1,Process by which stars create heavier elements from lighter ones
spa-l3-078,Space,3,What is the Chandrasekhar limit?,Speed limit,Maximum mass for white dwarf,Black hole size,Galaxy size,Star brightness,1,"About 1.4 solar masses - beyond this, white dwarf collapses"
spa-l3-079,Space,3,What is cosmic inflation?,Universe expansion,Rapid expansion after Big Bang,Star formation,Galaxy growth,Black hole growth,1,Exponential expansion of space in first fraction of second after Big Bang
spa-l3-080,Space,3,What is the main sequence?,Star order,Stage where stars fuse hydrogen,Galaxy type,Planet lineup,Constellation,1,"Longest phase of stellar life, fusing hydrogen to helium in core"
spa-l3-081,Space,3,What is dark matter?,Black holes,Invisible matter detected by gravity,Empty space,Dark energy,Antimatter,1,Makes up 85% of matter but doesn't interact with light
spa-l3-082,Space,3,What is stellar nucleosynthesis?,Star birth,Element creation in stars,Star death,Planet formation,Fusion process,1,Process by which stars create heavier elements from lighter ones
spa-l3-083,Space,3,What is the Chandrasekhar limit?,Speed limit,Maximum mass for white dwarf,Black hole size,Galaxy size,Star brightness,1,"About 1.4 solar masses - beyond this, white dwarf collapses"
spa-l3-084,Space,3,What is cosmic inflation?,Universe expansion,Rapid expansion after Big Bang,Star formation,Galaxy growth,Black hole growth,1,Exponential expansion of space in first fraction of second after Big Bang
spa-l3-085,Space,3,What is the main sequence?,Star order,Stage where stars fuse hydrogen,Galaxy type,Planet lineup,Constellation,1,"Longest phase of stellar life, fusing hydrogen to helium in core"
spa-l3-086,Space,3,What is dark matter?,Black holes,Invisible matter detected by gravity,Empty space,Dark energy,Antimatter,1,Makes up 85% of matter but doesn't interact with light
spa-l3-087,Space,3,What is stellar nucleosynthesis?,Star birth,Element creation in stars,Star death,Planet formation,Fusion process,1,Process by which stars create heavier elements from lighter ones
spa-l3-088,Space,3,What is the Chandrasekhar limit?,Speed limit,Maximum mass for white dwarf,Black hole size,Galaxy size,Star brightness,1,"About 1.4 solar masses - beyond this, white dwarf collapses"
spa-l3-089,Space,3,What is cosmic inflation?,Universe expansion,Rapid expansion after Big Bang,Star formation,Galaxy growth,Black hole growth,1,Exponential expansion of space in first fraction of second after Big Bang
spa-l3-090,Space,3,What is the main sequence?,Star order,Stage where stars fuse hydrogen,Galaxy type,Planet lineup,Constellation,1,"Longest phase of stellar life, fusing hydrogen to helium in core"
spa-l3-091,Space,3,What is dark matter?,Black holes,Invisible matter detected by gravity,Empty space,Dark energy,Antimatter,1,Makes up 85% of matter but doesn't interact with light
spa-l3-092,Space,3,What is stellar nucleosynthesis?,Star birth,Element creation in stars,Star death,Planet formation,Fusion process,1,Process by which stars create heavier elements from lighter ones
spa-l3-093,Space,3,What is the Chandrasekhar limit?,Speed limit,Maximum mass for white dwarf,Black hole size,Galaxy size,Star brightness,1,"About 1.4 solar masses - beyond this, white dwarf collapses"
spa-l3-094,Space,3,What is cosmic inflation?,Universe expansion,Rapid expansion after Big Bang,Star formation,Galaxy growth,Black hole growth,1,Exponential expansion of space in first fraction of second after Big Bang
spa-l3-095,Space,3,What is the main sequence?,Star order,Stage where stars fuse hydrogen,Galaxy type,Planet lineup,Constellation,1,"Longest phase of stellar life, fusing hydrogen to helium in core"
spa-l3-096,Space,3,What is dark matter?,Black holes,Invisible matter detected by gravity,Empty space,Dark energy,Antimatter,1,Makes up 85% of matter but doesn't interact with light
spa-l3-097,Space,3,What is stellar nucleosynthesis?,Star birth,Element creation in stars,Star death,Planet formation,Fusion process,1,Process by which stars create heavier elements from lighter ones
spa-l3-098,Space,3,What is the Chandrasekhar limit?,Speed limit,Maximum mass for white dwarf,Black hole size,Galaxy size,Star brightness,1,"About 1.4 solar masses - beyond this, white dwarf collapses"
spa-l3-099,Space,3,What is cosmic inflation?,Universe expansion,Rapid expansion after Big Bang,Star formation,Galaxy growth,Black hole growth,1,Exponential expansion of space in first fraction of second after Big Bang
spa-l3-100,Space,3,What is the main sequence?,Star order,Stage where stars fuse hydrogen,Galaxy type,Planet lineup,Constellation,1,"Longest phase of stellar life, fusing hydrogen to helium in core"
spa-l4-001,Space,4,What is the cosmic distance ladder?,Space elevator,Series of methods to measure distances,Asteroid belt,Galaxy structure,Star classification,1,Succession of methods to determine astronomical distances
spa-l4-002,Space,4,What is the Fermi paradox?,Time travel,Contradiction between probability and lack of evidence for aliens,Quantum paradox,Relativity paradox,Observation paradox,1,Contradiction between high probability of alien life and lack of contact
spa-l4-003,Space,4,What is primordial nucleosynthesis?,First stars,Element formation in early universe,Planet formation,Life origins,Galaxy formation,1,Creation of light elements in first minutes after Big Bang
spa-l4-004,Space,4,What is metallicity in astronomy?,Iron content,Abundance of elements heavier than helium,Metal planets,Asteroid composition,Core material,1,Proportion of matter made up of chemical elements other than hydrogen and helium
spa-l4-005,Space,4,What is the cosmic web?,Spider nebula,Large-scale structure of universe,Galaxy spiral,Star network,Asteroid belt,1,Foam-like structure of filaments and voids on largest scales
spa-l4-006,Space,4,What is the cosmic distance ladder?,Space elevator,Series of methods to measure distances,Asteroid belt,Galaxy structure,Star classification,1,Succession of methods to determine astronomical distances
spa-l4-007,Space,4,What is the Fermi paradox?,Time travel,Contradiction between probability and lack of evidence for aliens,Quantum paradox,Relativity paradox,Observation paradox,1,Contradiction between high probability of alien life and lack of contact
spa-l4-008,Space,4,What is primordial nucleosynthesis?,First stars,Element formation in early universe,Planet formation,Life origins,Galaxy formation,1,Creation of light elements in first minutes after Big Bang
spa-l4-009,Space,4,What is metallicity in astronomy?,Iron content,Abundance of elements heavier than helium,Metal planets,Asteroid composition,Core material,1,Proportion of matter made up of chemical elements other than hydrogen and helium
spa-l4-010,Space,4,What is the cosmic web?,Spider nebula,Large-scale structure of universe,Galaxy spiral,Star network,Asteroid belt,1,Foam-like structure of filaments and voids on largest scales
spa-l4-011,Space,4,What is the cosmic distance ladder?,Space elevator,Series of methods to measure distances,Asteroid belt,Galaxy structure,Star classification,1,Succession of methods to determine astronomical distances
spa-l4-012,Space,4,What is the Fermi paradox?,Time travel,Contradiction between probability and lack of evidence for aliens,Quantum paradox,Relativity paradox,Observation paradox,1,Contradiction between high probability of alien life and lack of contact
spa-l4-013,Space,4,What is primordial nucleosynthesis?,First stars,Element formation in early universe,Planet formation,Life origins,Galaxy formation,1,Creation of light elements in first minutes after Big Bang
spa-l4-014,Space,4,What is metallicity in astronomy?,Iron content,Abundance of elements heavier than helium,Metal planets,Asteroid composition,Core material,1,Proportion of matter made up of chemical elements other than hydrogen and helium
spa-l4-015,Space,4,What is the cosmic web?,Spider nebula,Large-scale structure of universe,Galaxy spiral,Star network,Asteroid belt,1,Foam-like structure of filaments and voids on largest scales
spa-l4-016,Space,4,What is the cosmic distance ladder?,Space elevator,Series of methods to measure distances,Asteroid belt,Galaxy structure,Star classification,1,Succession of methods to determine astronomical distances
spa-l4-017,Space,4,What is the Fermi paradox?,Time travel,Contradiction between probability and lack of evidence for aliens,Quantum paradox,Relativity paradox,Observation paradox,1,Contradiction between high probability of alien life and lack of contact
spa-l4-018,Space,4,What is primordial nucleosynthesis?,First stars,Element formation in early universe,Planet formation,Life origins,Galaxy formation,1,Creation of light elements in first minutes after Big Bang
spa-l4-019,Space,4,What is metallicity in astronomy?,Iron content,Abundance of elements heavier than helium,Metal planets,Asteroid composition,Core material,1,Proportion of matter made up of chemical elements other than hydrogen and helium
spa-l4-020,Space,4,What is the cosmic web?,Spider nebula,Large-scale structure of universe,Galaxy spiral,Star network,Asteroid belt,1,Foam-like structure of filaments and voids on largest scales
spa-l4-021,Space,4,What is the cosmic distance ladder?,Space elevator,Series of methods to measure distances,Asteroid belt,Galaxy structure,Star classification,1,Succession of methods to determine astronomical distances
spa-l4-022,Space,4,What is the Fermi paradox?,Time travel,Contradiction between probability and lack of evidence for aliens,Quantum paradox,Relativity paradox,Observation paradox,1,Contradiction between high probability of alien life and lack of contact
spa-l4-023,Space,4,What is primordial nucleosynthesis?,First stars,Element formation in early universe,Planet formation,Life origins,Galaxy formation,1,Creation of light elements in first minutes after Big Bang
spa-l4-024,Space,4,What is metallicity in astronomy?,Iron content,Abundance of elements heavier than helium,Metal planets,Asteroid composition,Core material,1,Proportion of matter made up of chemical elements other than hydrogen and helium
spa-l4-025,Space,4,What is the cosmic web?,Spider nebula,Large-scale structure of universe,Galaxy spiral,Star network,Asteroid belt,1,Foam-like structure of filaments and voids on largest scales
spa-l4-026,Space,4,What is the cosmic distance ladder?,Space elevator,Series of methods to measure distances,Asteroid belt,Galaxy structure,Star classification,1,Succession of methods to determine astronomical distances
spa-l4-027,Space,4,What is the Fermi paradox?,Time travel,Contradiction between probability and lack of evidence for aliens,Quantum paradox,Relativity paradox,Observation paradox,1,Contradiction between high probability of alien life and lack of contact
spa-l4-028,Space,4,What is primordial nucleosynthesis?,First stars,Element formation in early universe,Planet formation,Life origins,Galaxy formation,1,Creation of light elements in first minutes after Big Bang
spa-l4-029,Space,4,What is metallicity in astronomy?,Iron content,Abundance of elements heavier than helium,Metal planets,Asteroid composition,Core material,1,Proportion of matter made up of chemical elements other than hydrogen and helium
spa-l4-030,Space,4,What is the cosmic web?,Spider nebula,Large-scale structure of universe,Galaxy spiral,Star network,Asteroid belt,1,Foam-like structure of filaments and voids on largest scales
spa-l4-031,Space,4,What is the cosmic distance ladder?,Space elevator,Series of methods to measure distances,Asteroid belt,Galaxy structure,Star classification,1,Succession of methods to determine astronomical distances
spa-l4-032,Space,4,What is the Fermi paradox?,Time travel,Contradiction between probability and lack of evidence for aliens,Quantum paradox,Relativity paradox,Observation paradox,1,Contradiction between high probability of alien life and lack of contact
spa-l4-033,Space,4,What is primordial nucleosynthesis?,First stars,Element formation in early universe,Planet formation,Life origins,Galaxy formation,1,Creation of light elements in first minutes after Big Bang
spa-l4-034,Space,4,What is metallicity in astronomy?,Iron content,Abundance of elements heavier than helium,Metal planets,Asteroid composition,Core material,1,Proportion of matter made up of chemical elements other than hydrogen and helium
spa-l4-035,Space,4,What is the cosmic web?,Spider nebula,Large-scale structure of universe,Galaxy spiral,Star network,Asteroid belt,1,Foam-like structure of filaments and voids on largest scales
spa-l4-036,Space,4,What is the cosmic distance ladder?,Space elevator,Series of methods to measure distances,Asteroid belt,Galaxy structure,Star classification,1,Succession of methods to determine astronomical distances
spa-l4-037,Space,4,What is the Fermi paradox?,Time travel,Contradiction between probability and lack of evidence for aliens,Quantum paradox,Relativity paradox,Observation paradox,1,Contradiction between high probability of alien life and lack of contact
spa-l4-038,Space,4,What is primordial nucleosynthesis?,First stars,Element formation in early universe,Planet formation,Life origins,Galaxy formation,1,Creation of light elements in first minutes after Big Bang
spa-l4-039,Space,4,What is metallicity in astronomy?,Iron content,Abundance of elements heavier than helium,Metal planets,Asteroid composition,Core material,1,Proportion of matter made up of chemical elements other than hydrogen and helium
spa-l4-040,Space,4,What is the cosmic web?,Spider nebula,Large-scale structure of universe,Galaxy spiral,Star network,Asteroid belt,1,Foam-like structure of filaments and voids on largest scales
spa-l4-041,Space,4,What is the cosmic distance ladder?,Space elevator,Series of methods to measure distances,Asteroid belt,Galaxy structure,Star classification,1,Succession of methods to determine astronomical distances
spa-l4-042,Space,4,What is the Fermi paradox?,Time travel,Contradiction between probability and lack of evidence for aliens,Quantum paradox,Relativity paradox,Observation paradox,1,Contradiction between high probability of alien life and lack of contact
spa-l4-043,Space,4,What is primordial nucleosynthesis?,First stars,Element formation in early universe,Planet formation,Life origins,Galaxy formation,1,Creation of light elements in first minutes after Big Bang
spa-l4-044,Space,4,What is metallicity in astronomy?,Iron content,Abundance of elements heavier than helium,Metal planets,Asteroid composition,Core material,1,Proportion of matter made up of chemical elements other than hydrogen and helium
spa-l4-045,Space,4,What is the cosmic web?,Spider nebula,Large-scale structure of universe,Galaxy spiral,Star network,Asteroid belt,1,Foam-like structure of filaments and voids on largest scales
spa-l4-046,Space,4,What is the cosmic distance ladder?,Space elevator,Series of methods to measure distances,Asteroid belt,Galaxy structure,Star classification,1,Succession of methods to determine astronomical distances
spa-l4-047,Space,4,What is the Fermi paradox?,Time travel,Contradiction between probability and lack of evidence for aliens,Quantum paradox,Relativity paradox,Observation paradox,1,Contradiction between high probability of alien life and lack of contact
spa-l4-048,Space,4,What is primordial nucleosynthesis?,First stars,Element formation in early universe,Planet formation,Life origins,Galaxy formation,1,Creation of light elements in first minutes after Big Bang
spa-l4-049,Space,4,What is metallicity in astronomy?,Iron content,Abundance of elements heavier than helium,Metal planets,Asteroid composition,Core material,1,Proportion of matter made up of chemical elements other than hydrogen and helium
spa-l4-050,Space,4,What is the cosmic web?,Spider nebula,Large-scale structure of universe,Galaxy spiral,Star network,Asteroid belt,1,Foam-like structure of filaments and voids on largest scales
spa-l4-051,Space,4,What is the cosmic distance ladder?,Space elevator,Series of methods to measure distances,Asteroid belt,Galaxy structure,Star classification,1,Succession of methods to determine astronomical distances
spa-l4-052,Space,4,What is the Fermi paradox?,Time travel,Contradiction between probability and lack of evidence for aliens,Quantum paradox,Relativity paradox,Observation paradox,1,Contradiction between high probability of alien life and lack of contact
spa-l4-053,Space,4,What is primordial nucleosynthesis?,First stars,Element formation in early universe,Planet formation,Life origins,Galaxy formation,1,Creation of light elements in first minutes after Big Bang
spa-l4-054,Space,4,What is metallicity in astronomy?,Iron content,Abundance of elements heavier than helium,Metal planets,Asteroid composition,Core material,1,Proportion of matter made up of chemical elements other than hydrogen and helium
spa-l4-055,Space,4,What is the cosmic web?,Spider nebula,Large-scale structure of universe,Galaxy spiral,Star network,Asteroid belt,1,Foam-like structure of filaments and voids on largest scales
spa-l4-056,Space,4,What is the cosmic distance ladder?,Space elevator,Series of methods to measure distances,Asteroid belt,Galaxy structure,Star classification,1,Succession of methods to determine astronomical distances
spa-l4-057,Space,4,What is the Fermi paradox?,Time travel,Contradiction between probability and lack of evidence for aliens,Quantum paradox,Relativity paradox,Observation paradox,1,Contradiction between high probability of alien life and lack of contact
spa-l4-058,Space,4,What is primordial nucleosynthesis?,First stars,Element formation in early universe,Planet formation,Life origins,Galaxy formation,1,Creation of light elements in first minutes after Big Bang
spa-l4-059,Space,4,What is metallicity in astronomy?,Iron content,Abundance of elements heavier than helium,Metal planets,Asteroid composition,Core material,1,Proportion of matter made up of chemical elements other than hydrogen and helium
spa-l4-060,Space,4,What is the cosmic web?,Spider nebula,Large-scale structure of universe,Galaxy spiral,Star network,Asteroid belt,1,Foam-like structure of filaments and voids on largest scales
spa-l4-061,Space,4,What is the cosmic distance ladder?,Space elevator,Series of methods to measure distances,Asteroid belt,Galaxy structure,Star classification,1,Succession of methods to determine astronomical distances
spa-l4-062,Space,4,What is the Fermi paradox?,Time travel,Contradiction between probability and lack of evidence for aliens,Quantum paradox,Relativity paradox,Observation paradox,1,Contradiction between high probability of alien life and lack of contact
spa-l4-063,Space,4,What is primordial nucleosynthesis?,First stars,Element formation in early universe,Planet formation,Life origins,Galaxy formation,1,Creation of light elements in first minutes after Big Bang
spa-l4-064,Space,4,What is metallicity in astronomy?,Iron content,Abundance of elements heavier than helium,Metal planets,Asteroid composition,Core material,1,Proportion of matter made up of chemical elements other than hydrogen and helium
spa-l4-065,Space,4,What is the cosmic web?,Spider nebula,Large-scale structure of universe,Galaxy spiral,Star network,Asteroid belt,1,Foam-like structure of filaments and voids on largest scales
spa-l4-066,Space,4,What is the cosmic distance ladder?,Space elevator,Series of methods to measure distances,Asteroid belt,Galaxy structure,Star classification,1,Succession of methods to determine astronomical distances
spa-l4-067,Space,4,What is the Fermi paradox?,Time travel,Contradiction between probability and lack of evidence for aliens,Quantum paradox,Relativity paradox,Observation paradox,1,Contradiction between high probability of alien life and lack of contact
spa-l4-068,Space,4,What is primordial nucleosynthesis?,First stars,Element formation in early universe,Planet formation,Life origins,Galaxy formation,1,Creation of light elements in first minutes after Big Bang
spa-l4-069,Space,4,What is metallicity in astronomy?,Iron content,Abundance of elements heavier than helium,Metal planets,Asteroid composition,Core material,1,Proportion of matter made up of chemical elements other than hydrogen and helium
spa-l4-070,Space,4,What is the cosmic web?,Spider nebula,Large-scale structure of universe,Galaxy spiral,Star network,Asteroid belt,1,Foam-like structure of filaments and voids on largest scales
spa-l4-071,Space,4,What is the cosmic distance ladder?,Space elevator,Series of methods to measure distances,Asteroid belt,Galaxy structure,Star classification,1,Succession of methods to determine astronomical distances
spa-l4-072,Space,4,What is the Fermi paradox?,Time travel,Contradiction between probability and lack of evidence for aliens,Quantum paradox,Relativity paradox,Observation paradox,1,Contradiction between high probability of alien life and lack of contact
spa-l4-073,Space,4,What is primordial nucleosynthesis?,First stars,Element formation in early universe,Planet formation,Life origins,Galaxy formation,1,Creation of light elements in first minutes after Big Bang
spa-l4-074,Space,4,What is metallicity in astronomy?,Iron content,Abundance of elements heavier than helium,Metal planets,Asteroid composition,Core material,1,Proportion of matter made up of chemical elements other than hydrogen and helium
spa-l4-075,Space,4,What is the cosmic web?,Spider nebula,Large-scale structure of universe,Galaxy spiral,Star network,Asteroid belt,1,Foam-like structure of filaments and voids on largest scales
spa-l4-076,Space,4,What is the cosmic distance ladder?,Space elevator,Series of methods to measure distances,Asteroid belt,Galaxy structure,Star classification,1,Succession of methods to determine astronomical distances
spa-l4-077,Space,4,What is the Fermi paradox?,Time travel,Contradiction between probability and lack of evidence for aliens,Quantum paradox,Relativity paradox,Observation paradox,1,Contradiction between high probability of alien life and lack of contact
spa-l4-078,Space,4,What is primordial nucleosynthesis?,First stars,Element formation in early universe,Planet formation,Life origins,Galaxy formation,1,Creation of light elements in first minutes after Big Bang
spa-l4-079,Space,4,What is metallicity in astronomy?,Iron content,Abundance of elements heavier than helium,Metal planets,Asteroid composition,Core material,1,Proportion of matter made up of chemical elements other than hydrogen and helium
spa-l4-080,Space,4,What is the cosmic web?,Spider nebula,Large-scale structure of universe,Galaxy spiral,Star network,Asteroid belt,1,Foam-like structure of filaments and voids on largest scales
spa-l4-081,Space,4,What is the cosmic distance ladder?,Space elevator,Series of methods to measure distances,Asteroid belt,Galaxy structure,Star classification,1,Succession of methods to determine astronomical distances
spa-l4-082,Space,4,What is the Fermi paradox?,Time travel,Contradiction between probability and lack of evidence for aliens,Quantum paradox,Relativity paradox,Observation paradox,1,Contradiction between high probability of alien life and lack of contact
spa-l4-083,Space,4,What is primordial nucleosynthesis?,First stars,Element formation in early universe,Planet formation,Life origins,Galaxy formation,1,Creation of light elements in first minutes after Big Bang
spa-l4-084,Space,4,What is metallicity in astronomy?,Iron content,Abundance of elements heavier than helium,Metal planets,Asteroid composition,Core material,1,Proportion of matter made up of chemical elements other than hydrogen and helium
spa-l4-085,Space,4,What is the cosmic web?,Spider nebula,Large-scale structure of universe,Galaxy spiral,Star network,Asteroid belt,1,Foam-like structure of filaments and voids on largest scales
spa-l4-086,Space,4,What is the cosmic distance ladder?,Space elevator,Series of methods to measure distances,Asteroid belt,Galaxy structure,Star classification,1,Succession of methods to determine astronomical distances
spa-l4-087,Space,4,What is the Fermi paradox?,Time travel,Contradiction between probability and lack of evidence for aliens,Quantum paradox,Relativity paradox,Observation paradox,1,Contradiction between high probability of alien life and lack of contact
spa-l4-088,Space,4,What is primordial nucleosynthesis?,First stars,Element formation in early universe,Planet formation,Life origins,Galaxy formation,1,Creation of light elements in first minutes after Big Bang
spa-l4-089,Space,4,What is metallicity in astronomy?,Iron content,Abundance of elements heavier than helium,Metal planets,Asteroid composition,Core material,1,Proportion of matter made up of chemical elements other than hydrogen and helium
spa-l4-090,Space,4,What is the cosmic web?,Spider nebula,Large-scale structure of universe,Galaxy spiral,Star network,Asteroid belt,1,Foam-like structure of filaments and voids on largest scales
spa-l4-091,Space,4,What is the cosmic distance ladder?,Space elevator,Series of methods to measure distances,Asteroid belt,Galaxy structure,Star classification,1,Succession of methods to determine astronomical distances
spa-l4-092,Space,4,What is the Fermi paradox?,Time travel,Contradiction between probability and lack of evidence for aliens,Quantum paradox,Relativity paradox,Observation paradox,1,Contradiction between high probability of alien life and lack of contact
spa-l4-093,Space,4,What is primordial nucleosynthesis?,First stars,Element formation in early universe,Planet formation,Life origins,Galaxy formation,1,Creation of light elements in first minutes after Big Bang
spa-l4-094,Space,4,What is metallicity in astronomy?,Iron content,Abundance of elements heavier than helium,Metal planets,Asteroid composition,Core material,1,Proportion of matter made up of chemical elements other than hydrogen and helium
spa-l4-095,Space,4,What is the cosmic web?,Spider nebula,Large-scale structure of universe,Galaxy spiral,Star network,Asteroid belt,1,Foam-like structure of filaments and voids on largest scales
spa-l4-096,Space,4,What is the cosmic distance ladder?,Space elevator,Series of methods to measure distances,Asteroid belt,Galaxy structure,Star classification,1,Succession of methods to determine astronomical distances
spa-l4-097,Space,4,What is the Fermi paradox?,Time travel,Contradiction between probability and lack of evidence for aliens,Quantum paradox,Relativity paradox,Observation paradox,1,Contradiction between high probability of alien life and lack of contact
spa-l4-098,Space,4,What is primordial nucleosynthesis?,First stars,Element formation in early universe,Planet formation,Life origins,Galaxy formation,1,Creation of light elements in first minutes after Big Bang
spa-l4-099,Space,4,What is metallicity in astronomy?,Iron content,Abundance of elements heavier than helium,Metal planets,Asteroid composition,Core material,1,Proportion of matter made up of chemical elements other than hydrogen and helium
spa-l4-100,Space,4,What is the cosmic web?,Spider nebula,Large-scale structure of universe,Galaxy spiral,Star network,Asteroid belt,1,Foam-like structure of filaments and voids on largest scales
spa-l5-001,Space,5,What is the holographic principle?,3D projection,Information on volume encoded on boundary,Optical illusion,Galaxy imaging,Black hole shadow,1,Theory that volume of space encoded on lower-dimensional boundary
spa-l5-002,Space,5,What is loop quantum gravity?,String theory,Quantization of spacetime,Dark energy theory,Inflation model,Multiverse theory,1,Attempt to merge quantum mechanics and general relativity
spa-l5-003,Space,5,What is baryogenesis?,Star formation,Creation of matter-antimatter asymmetry,Planet formation,Galaxy formation,Element creation,1,Physical process explaining why universe has more matter than antimatter
spa-l5-004,Space,5,What is the no-hair theorem?,Black hole simplicity,Black holes characterized by three parameters only,Entropy law,Information theorem,Singularity property,1,"Black holes completely characterized by mass, charge, and angular momentum"
spa-l5-005,Space,5,What is the landscape problem in string theory?,Terrain issue,Vast number of vacuum solutions,Multiverse topology,Dimension count,Symmetry breaking,1,String theory allows ~10^500 possible vacuum configurations
spa-l5-006,Space,5,What is the holographic principle?,3D projection,Information on volume encoded on boundary,Optical illusion,Galaxy imaging,Black hole shadow,1,Theory that volume of space encoded on lower-dimensional boundary
spa-l5-007,Space,5,What is loop quantum gravity?,String theory,Quantization of spacetime,Dark energy theory,Inflation model,Multiverse theory,1,Attempt to merge quantum mechanics and general relativity
spa-l5-008,Space,5,What is baryogenesis?,Star formation,Creation of matter-antimatter asymmetry,Planet formation,Galaxy formation,Element creation,1,Physical process explaining why universe has more matter than antimatter
spa-l5-009,Space,5,What is the no-hair theorem?,Black hole simplicity,Black holes characterized by three parameters only,Entropy law,Information theorem,Singularity property,1,"Black holes completely characterized by mass, charge, and angular momentum"
spa-l5-010,Space,5,What is the landscape problem in string theory?,Terrain issue,Vast number of vacuum solutions,Multiverse topology,Dimension count,Symmetry breaking,1,String theory allows ~10^500 possible vacuum configurations
spa-l5-011,Space,5,What is the holographic principle?,3D projection,Information on volume encoded on boundary,Optical illusion,Galaxy imaging,Black hole shadow,1,Theory that volume of space encoded on lower-dimensional boundary
spa-l5-012,Space,5,What is loop quantum gravity?,String theory,Quantization of spacetime,Dark energy theory,Inflation model,Multiverse theory,1,Attempt to merge quantum mechanics and general relativity
spa-l5-013,Space,5,What is baryogenesis?,Star formation,Creation of matter-antimatter asymmetry,Planet formation,Galaxy formation,Element creation,1,Physical process explaining why universe has more matter than antimatter
spa-l5-014,Space,5,What is the no-hair theorem?,Black hole simplicity,Black holes characterized by three parameters only,Entropy law,Information theorem,Singularity property,1,"Black holes completely characterized by mass, charge, and angular momentum"
spa-l5-015,Space,5,What is the landscape problem in string theory?,Terrain issue,Vast number of vacuum solutions,Multiverse topology,Dimension count,Symmetry breaking,1,String theory allows ~10^500 possible vacuum configurations
spa-l5-016,Space,5,What is the holographic principle?,3D projection,Information on volume encoded on boundary,Optical illusion,Galaxy imaging,Black hole shadow,1,Theory that volume of space encoded on lower-dimensional boundary
spa-l5-017,Space,5,What is loop quantum gravity?,String theory,Quantization of spacetime,Dark energy theory,Inflation model,Multiverse theory,1,Attempt to merge quantum mechanics and general relativity
spa-l5-018,Space,5,What is baryogenesis?,Star formation,Creation of matter-antimatter asymmetry,Planet formation,Galaxy formation,Element creation,1,Physical process explaining why universe has more matter than antimatter
spa-l5-019,Space,5,What is the no-hair theorem?,Black hole simplicity,Black holes characterized by three parameters only,Entropy law,Information theorem,Singularity property,1,"Black holes completely characterized by mass, charge, and angular momentum"
spa-l5-020,Space,5,What is the landscape problem in string theory?,Terrain issue,Vast number of vacuum solutions,Multiverse topology,Dimension count,Symmetry breaking,1,String theory allows ~10^500 possible vacuum configurations
spa-l5-021,Space,5,What is the holographic principle?,3D projection,Information on volume encoded on boundary,Optical illusion,Galaxy imaging,Black hole shadow,1,Theory that volume of space encoded on lower-dimensional boundary
spa-l5-022,Space,5,What is loop quantum gravity?,String theory,Quantization of spacetime,Dark energy theory,Inflation model,Multiverse theory,1,Attempt to merge quantum mechanics and general relativity
spa-l5-023,Space,5,What is baryogenesis?,Star formation,Creation of matter-antimatter asymmetry,Planet formation,Galaxy formation,Element creation,1,Physical process explaining why universe has more matter than antimatter
spa-l5-024,Space,5,What is the no-hair theorem?,Black hole simplicity,Black holes characterized by three parameters only,Entropy law,Information theorem,Singularity property,1,"Black holes completely characterized by mass, charge, and angular momentum"
spa-l5-025,Space,5,What is the landscape problem in string theory?,Terrain issue,Vast number of vacuum solutions,Multiverse topology,Dimension count,Symmetry breaking,1,String theory allows ~10^500 possible vacuum configurations
spa-l5-026,Space,5,What is the holographic principle?,3D projection,Information on volume encoded on boundary,Optical illusion,Galaxy imaging,Black hole shadow,1,Theory that volume of space encoded on lower-dimensional boundary
spa-l5-027,Space,5,What is loop quantum gravity?,String theory,Quantization of spacetime,Dark energy theory,Inflation model,Multiverse theory,1,Attempt to merge quantum mechanics and general relativity
spa-l5-028,Space,5,What is baryogenesis?,Star formation,Creation of matter-antimatter asymmetry,Planet formation,Galaxy formation,Element creation,1,Physical process explaining why universe has more matter than antimatter
spa-l5-029,Space,5,What is the no-hair theorem?,Black hole simplicity,Black holes characterized by three parameters only,Entropy law,Information theorem,Singularity property,1,"Black holes completely characterized by mass, charge, and angular momentum"
spa-l5-030,Space,5,What is the landscape problem in string theory?,Terrain issue,Vast number of vacuum solutions,Multiverse topology,Dimension count,Symmetry breaking,1,String theory allows ~10^500 possible vacuum configurations
spa-l5-031,Space,5,What is the holographic principle?,3D projection,Information on volume encoded on boundary,Optical illusion,Galaxy imaging,Black hole shadow,1,Theory that volume of space encoded on lower-dimensional boundary
spa-l5-032,Space,5,What is loop quantum gravity?,String theory,Quantization of spacetime,Dark energy theory,Inflation model,Multiverse theory,1,Attempt to merge quantum mechanics and general relativity
spa-l5-033,Space,5,What is baryogenesis?,Star formation,Creation of matter-antimatter asymmetry,Planet formation,Galaxy formation,Element creation,1,Physical process explaining why universe has more matter than antimatter
spa-l5-034,Space,5,What is the no-hair theorem?,Black hole simplicity,Black holes characterized by three parameters only,Entropy law,Information theorem,Singularity property,1,"Black holes completely characterized by mass, charge, and angular momentum"
spa-l5-035,Space,5,What is the landscape problem in string theory?,Terrain issue,Vast number of vacuum solutions,Multiverse topology,Dimension count,Symmetry breaking,1,String theory allows ~10^500 possible vacuum configurations
spa-l5-036,Space,5,What is the holographic principle?,3D projection,Information on volume encoded on boundary,Optical illusion,Galaxy imaging,Black hole shadow,1,Theory that volume of space encoded on lower-dimensional boundary
spa-l5-037,Space,5,What is loop quantum gravity?,String theory,Quantization of spacetime,Dark energy theory,Inflation model,Multiverse theory,1,Attempt to merge quantum mechanics and general relativity
spa-l5-038,Space,5,What is baryogenesis?,Star formation,Creation of matter-antimatter asymmetry,Planet formation,Galaxy formation,Element creation,1,Physical process explaining why universe has more matter than antimatter
spa-l5-039,Space,5,What is the no-hair theorem?,Black hole simplicity,Black holes characterized by three parameters only,Entropy law,Information theorem,Singularity property,1,"Black holes completely characterized by mass, charge, and angular momentum"
spa-l5-040,Space,5,What is the landscape problem in string theory?,Terrain issue,Vast number of vacuum solutions,Multiverse topology,Dimension count,Symmetry breaking,1,String theory allows ~10^500 possible vacuum configurations
spa-l5-041,Space,5,What is the holographic principle?,3D projection,Information on volume encoded on boundary,Optical illusion,Galaxy imaging,Black hole shadow,1,Theory that volume of space encoded on lower-dimensional boundary
spa-l5-042,Space,5,What is loop quantum gravity?,String theory,Quantization of spacetime,Dark energy theory,Inflation model,Multiverse theory,1,Attempt to merge quantum mechanics and general relativity
spa-l5-043,Space,5,What is baryogenesis?,Star formation,Creation of matter-antimatter asymmetry,Planet formation,Galaxy formation,Element creation,1,Physical process explaining why universe has more matter than antimatter
spa-l5-044,Space,5,What is the no-hair theorem?,Black hole simplicity,Black holes characterized by three parameters only,Entropy law,Information theorem,Singularity property,1,"Black holes completely characterized by mass, charge, and angular momentum"
spa-l5-045,Space,5,What is the landscape problem in string theory?,Terrain issue,Vast number of vacuum solutions,Multiverse topology,Dimension count,Symmetry breaking,1,String theory allows ~10^500 possible vacuum configurations
spa-l5-046,Space,5,What is the holographic principle?,3D projection,Information on volume encoded on boundary,Optical illusion,Galaxy imaging,Black hole shadow,1,Theory that volume of space encoded on lower-dimensional boundary
spa-l5-047,Space,5,What is loop quantum gravity?,String theory,Quantization of spacetime,Dark energy theory,Inflation model,Multiverse theory,1,Attempt to merge quantum mechanics and general relativity
spa-l5-048,Space,5,What is baryogenesis?,Star formation,Creation of matter-antimatter asymmetry,Planet formation,Galaxy formation,Element creation,1,Physical process explaining why universe has more matter than antimatter
spa-l5-049,Space,5,What is the no-hair theorem?,Black hole simplicity,Black holes characterized by three parameters only,Entropy law,Information theorem,Singularity property,1,"Black holes completely characterized by mass, charge, and angular momentum"
spa-l5-050,Space,5,What is the landscape problem in string theory?,Terrain issue,Vast number of vacuum solutions,Multiverse topology,Dimension count,Symmetry breaking,1,String theory allows ~10^500 possible vacuum configurations
spa-l5-051,Space,5,What is the holographic principle?,3D projection,Information on volume encoded on boundary,Optical illusion,Galaxy imaging,Black hole shadow,1,Theory that volume of space encoded on lower-dimensional boundary
spa-l5-052,Space,5,What is loop quantum gravity?,String theory,Quantization of spacetime,Dark energy theory,Inflation model,Multiverse theory,1,Attempt to merge quantum mechanics and general relativity
spa-l5-053,Space,5,What is baryogenesis?,Star formation,Creation of matter-antimatter asymmetry,Planet formation,Galaxy formation,Element creation,1,Physical process explaining why universe has more matter than antimatter
spa-l5-054,Space,5,What is the no-hair theorem?,Black hole simplicity,Black holes characterized by three parameters only,Entropy law,Information theorem,Singularity property,1,"Black holes completely characterized by mass, charge, and angular momentum"
spa-l5-055,Space,5,What is the landscape problem in string theory?,Terrain issue,Vast number of vacuum solutions,Multiverse topology,Dimension count,Symmetry breaking,1,String theory allows ~10^500 possible vacuum configurations
spa-l5-056,Space,5,What is the holographic principle?,3D projection,Information on volume encoded on boundary,Optical illusion,Galaxy imaging,Black hole shadow,1,Theory that volume of space encoded on lower-dimensional boundary
spa-l5-057,Space,5,What is loop quantum gravity?,String theory,Quantization of spacetime,Dark energy theory,Inflation model,Multiverse theory,1,Attempt to merge quantum mechanics and general relativity
spa-l5-058,Space,5,What is baryogenesis?,Star formation,Creation of matter-antimatter asymmetry,Planet formation,Galaxy formation,Element creation,1,Physical process explaining why universe has more matter than antimatter
spa-l5-059,Space,5,What is the no-hair theorem?,Black hole simplicity,Black holes characterized by three parameters only,Entropy law,Information theorem,Singularity property,1,"Black holes completely characterized by mass, charge, and angular momentum"
spa-l5-060,Space,5,What is the landscape problem in string theory?,Terrain issue,Vast number of vacuum solutions,Multiverse topology,Dimension count,Symmetry breaking,1,String theory allows ~10^500 possible vacuum configurations
spa-l5-061,Space,5,What is the holographic principle?,3D projection,Information on volume encoded on boundary,Optical illusion,Galaxy imaging,Black hole shadow,1,Theory that volume of space encoded on lower-dimensional boundary
spa-l5-062,Space,5,What is loop quantum gravity?,String theory,Quantization of spacetime,Dark energy theory,Inflation model,Multiverse theory,1,Attempt to merge quantum mechanics and general relativity
spa-l5-063,Space,5,What is baryogenesis?,Star formation,Creation of matter-antimatter asymmetry,Planet formation,Galaxy formation,Element creation,1,Physical process explaining why universe has more matter than antimatter
spa-l5-064,Space,5,What is the no-hair theorem?,Black hole simplicity,Black holes characterized by three parameters only,Entropy law,Information theorem,Singularity property,1,"Black holes completely characterized by mass, charge, and angular momentum"
spa-l5-065,Space,5,What is the landscape problem in string theory?,Terrain issue,Vast number of vacuum solutions,Multiverse topology,Dimension count,Symmetry breaking,1,String theory allows ~10^500 possible vacuum configurations
spa-l5-066,Space,5,What is the holographic principle?,3D projection,Information on volume encoded on boundary,Optical illusion,Galaxy imaging,Black hole shadow,1,Theory that volume of space encoded on lower-dimensional boundary
spa-l5-067,Space,5,What is loop quantum gravity?,String theory,Quantization of spacetime,Dark energy theory,Inflation model,Multiverse theory,1,Attempt to merge quantum mechanics and general relativity
spa-l5-068,Space,5,What is baryogenesis?,Star formation,Creation of matter-antimatter asymmetry,Planet formation,Galaxy formation,Element creation,1,Physical process explaining why universe has more matter than antimatter
spa-l5-069,Space,5,What is the no-hair theorem?,Black hole simplicity,Black holes characterized by three parameters only,Entropy law,Information theorem,Singularity property,1,"Black holes completely characterized by mass, charge, and angular momentum"
spa-l5-070,Space,5,What is the landscape problem in string theory?,Terrain issue,Vast number of vacuum solutions,Multiverse topology,Dimension count,Symmetry breaking,1,String theory allows ~10^500 possible vacuum configurations
spa-l5-071,Space,5,What is the holographic principle?,3D projection,Information on volume encoded on boundary,Optical illusion,Galaxy imaging,Black hole shadow,1,Theory that volume of space encoded on lower-dimensional boundary
spa-l5-072,Space,5,What is loop quantum gravity?,String theory,Quantization of spacetime,Dark energy theory,Inflation model,Multiverse theory,1,Attempt to merge quantum mechanics and general relativity
spa-l5-073,Space,5,What is baryogenesis?,Star formation,Creation of matter-antimatter asymmetry,Planet formation,Galaxy formation,Element creation,1,Physical process explaining why universe has more matter than antimatter
spa-l5-074,Space,5,What is the no-hair theorem?,Black hole simplicity,Black holes characterized by three parameters only,Entropy law,Information theorem,Singularity property,1,"Black holes completely characterized by mass, charge, and angular momentum"
spa-l5-075,Space,5,What is the landscape problem in string theory?,Terrain issue,Vast number of vacuum solutions,Multiverse topology,Dimension count,Symmetry breaking,1,String theory allows ~10^500 possible vacuum configurations
spa-l5-076,Space,5,What is the holographic principle?,3D projection,Information on volume encoded on boundary,Optical illusion,Galaxy imaging,Black hole shadow,1,Theory that volume of space encoded on lower-dimensional boundary
spa-l5-077,Space,5,What is loop quantum gravity?,String theory,Quantization of spacetime,Dark energy theory,Inflation model,Multiverse theory,1,Attempt to merge quantum mechanics and general relativity
spa-l5-078,Space,5,What is baryogenesis?,Star formation,Creation of matter-antimatter asymmetry,Planet formation,Galaxy formation,Element creation,1,Physical process explaining why universe has more matter than antimatter
spa-l5-079,Space,5,What is the no-hair theorem?,Black hole simplicity,Black holes characterized by three parameters only,Entropy law,Information theorem,Singularity property,1,"Black holes completely characterized by mass, charge, and angular momentum"
spa-l5-080,Space,5,What is the landscape problem in string theory?,Terrain issue,Vast number of vacuum solutions,Multiverse topology,Dimension count,Symmetry breaking,1,String theory allows ~10^500 possible vacuum configurations
spa-l5-081,Space,5,What is the holographic principle?,3D projection,Information on volume encoded on boundary,Optical illusion,Galaxy imaging,Black hole shadow,1,Theory that volume of space encoded on lower-dimensional boundary
spa-l5-082,Space,5,What is loop quantum gravity?,String theory,Quantization of spacetime,Dark energy theory,Inflation model,Multiverse theory,1,Attempt to merge quantum mechanics and general relativity
spa-l5-083,Space,5,What is baryogenesis?,Star formation,Creation of matter-antimatter asymmetry,Planet formation,Galaxy formation,Element creation,1,Physical process explaining why universe has more matter than antimatter
spa-l5-084,Space,5,What is the no-hair theorem?,Black hole simplicity,Black holes characterized by three parameters only,Entropy law,Information theorem,Singularity property,1,"Black holes completely characterized by mass, charge, and angular momentum"
spa-l5-085,Space,5,What is the landscape problem in string theory?,Terrain issue,Vast number of vacuum solutions,Multiverse topology,Dimension count,Symmetry breaking,1,String theory allows ~10^500 possible vacuum configurations
spa-l5-086,Space,5,What is the holographic principle?,3D projection,Information on volume encoded on boundary,Optical illusion,Galaxy imaging,Black hole shadow,1,Theory that volume of space encoded on lower-dimensional boundary
spa-l5-087,Space,5,What is loop quantum gravity?,String theory,Quantization of spacetime,Dark energy theory,Inflation model,Multiverse theory,1,Attempt to merge quantum mechanics and general relativity
spa-l5-088,Space,5,What is baryogenesis?,Star formation,Creation of matter-antimatter asymmetry,Planet formation,Galaxy formation,Element creation,1,Physical process explaining why universe has more matter than antimatter
spa-l5-089,Space,5,What is the no-hair theorem?,Black hole simplicity,Black holes characterized by three parameters only,Entropy law,Information theorem,Singularity property,1,"Black holes completely characterized by mass, charge, and angular momentum"
spa-l5-090,Space,5,What is the landscape problem in string theory?,Terrain issue,Vast number of vacuum solutions,Multiverse topology,Dimension count,Symmetry breaking,1,String theory allows ~10^500 possible vacuum configurations
spa-l5-091,Space,5,What is the holographic principle?,3D projection,Information on volume encoded on boundary,Optical illusion,Galaxy imaging,Black hole shadow,1,Theory that volume of space encoded on lower-dimensional boundary
spa-l5-092,Space,5,What is loop quantum gravity?,String theory,Quantization of spacetime,Dark energy theory,Inflation model,Multiverse theory,1,Attempt to merge quantum mechanics and general relativity
spa-l5-093,Space,5,What is baryogenesis?,Star formation,Creation of matter-antimatter asymmetry,Planet formation,Galaxy formation,Element creation,1,Physical process explaining why universe has more matter than antimatter
spa-l5-094,Space,5,What is the no-hair theorem?,Black hole simplicity,Black holes characterized by three parameters only,Entropy law,Information theorem,Singularity property,1,"Black holes completely characterized by mass, charge, and angular momentum"
spa-l5-095,Space,5,What is the landscape problem in string theory?,Terrain issue,Vast number of vacuum solutions,Multiverse topology,Dimension count,Symmetry breaking,1,String theory allows ~10^500 possible vacuum configurations
spa-l5-096,Space,5,What is the holographic principle?,3D projection,Information on volume encoded on boundary,Optical illusion,Galaxy imaging,Black hole shadow,1,Theory that volume of space encoded on lower-dimensional boundary
spa-l5-097,Space,5,What is loop quantum gravity?,String theory,Quantization of spacetime,Dark energy theory,Inflation model,Multiverse theory,1,Attempt to merge quantum mechanics and general relativity
spa-l5-098,Space,5,What is baryogenesis?,Star formation,Creation of matter-antimatter asymmetry,Planet formation,Galaxy formation,Element creation,1,Physical process explaining why universe has more matter than antimatter
spa-l5-099,Space,5,What is the no-hair theorem?,Black hole simplicity,Black holes characterized by three parameters only,Entropy law,Information theorem,Singularity property,1,"Black holes completely characterized by mass, charge, and angular momentum"
spa-l5-100,Space,5,What is the landscape problem in string theory?,Terrain issue,Vast number of vacuum solutions,Multiverse topology,Dimension count,Symmetry breaking,1,String theory allows ~10^500 possible vacuum configurations
foo-l1-001,Food,1,What is bread made from?,Rice,Wheat flour,Corn,Potatoes,Oats,1,This grain is ground into flour for most bread
foo-l1-002,Food,1,Which fruit is yellow and curved?,Apple,Banana,Orange,Grape,Strawberry,1,Monkeys are famously associated with this tropical fruit
foo-l1-003,Food,1,What is the main ingredient in guacamole?,Tomato,Avocado,Pepper,Onion,Lime,1,This green fruit is mashed to make this Mexican dip
foo-l1-004,Food,1,Which vegetable is orange and good for eyes?,Potato,Carrot,Tomato,Cucumber,Lettuce,1,Contains beta-carotene that converts to vitamin A
foo-l1-005,Food,1,What is chocolate made from?,Coffee beans,Cacao beans,Tea leaves,Sugar cane,Vanilla beans,1,Beans from tropical cacao tree are processed to make this
foo-l1-006,Food,1,What is bread made from?,Rice,Wheat flour,Corn,Potatoes,Oats,1,This grain is ground into flour for most bread
foo-l1-007,Food,1,Which fruit is yellow and curved?,Apple,Banana,Orange,Grape,Strawberry,1,Monkeys are famously associated with this tropical fruit
foo-l1-008,Food,1,What is the main ingredient in guacamole?,Tomato,Avocado,Pepper,Onion,Lime,1,This green fruit is mashed to make this Mexican dip
foo-l1-009,Food,1,Which vegetable is orange and good for eyes?,Potato,Carrot,Tomato,Cucumber,Lettuce,1,Contains beta-carotene that converts to vitamin A
foo-l1-010,Food,1,What is chocolate made from?,Coffee beans,Cacao beans,Tea leaves,Sugar cane,Vanilla beans,1,Beans from tropical cacao tree are processed to make this
foo-l1-011,Food,1,What is bread made from?,Rice,Wheat flour,Corn,Potatoes,Oats,1,This grain is ground into flour for most bread
foo-l1-012,Food,1,Which fruit is yellow and curved?,Apple,Banana,Orange,Grape,Strawberry,1,Monkeys are famously associated with this tropical fruit
foo-l1-013,Food,1,What is the main ingredient in guacamole?,Tomato,Avocado,Pepper,Onion,Lime,1,This green fruit is mashed to make this Mexican dip
foo-l1-014,Food,1,Which vegetable is orange and good for eyes?,Potato,Carrot,Tomato,Cucumber,Lettuce,1,Contains beta-carotene that converts to vitamin A
foo-l1-015,Food,1,What is chocolate made from?,Coffee beans,Cacao beans,Tea leaves,Sugar cane,Vanilla beans,1,Beans from tropical cacao tree are processed to make this
foo-l1-016,Food,1,What is bread made from?,Rice,Wheat flour,Corn,Potatoes,Oats,1,This grain is ground into flour for most bread
foo-l1-017,Food,1,Which fruit is yellow and curved?,Apple,Banana,Orange,Grape,Strawberry,1,Monkeys are famously associated with this tropical fruit
foo-l1-018,Food,1,What is the main ingredient in guacamole?,Tomato,Avocado,Pepper,Onion,Lime,1,This green fruit is mashed to make this Mexican dip
foo-l1-019,Food,1,Which vegetable is orange and good for eyes?,Potato,Carrot,Tomato,Cucumber,Lettuce,1,Contains beta-carotene that converts to vitamin A
foo-l1-020,Food,1,What is chocolate made from?,Coffee beans,Cacao beans,Tea leaves,Sugar cane,Vanilla beans,1,Beans from tropical cacao tree are processed to make this
foo-l1-021,Food,1,What is bread made from?,Rice,Wheat flour,Corn,Potatoes,Oats,1,This grain is ground into flour for most bread
foo-l1-022,Food,1,Which fruit is yellow and curved?,Apple,Banana,Orange,Grape,Strawberry,1,Monkeys are famously associated with this tropical fruit
foo-l1-023,Food,1,What is the main ingredient in guacamole?,Tomato,Avocado,Pepper,Onion,Lime,1,This green fruit is mashed to make this Mexican dip
foo-l1-024,Food,1,Which vegetable is orange and good for eyes?,Potato,Carrot,Tomato,Cucumber,Lettuce,1,Contains beta-carotene that converts to vitamin A
foo-l1-025,Food,1,What is chocolate made from?,Coffee beans,Cacao beans,Tea leaves,Sugar cane,Vanilla beans,1,Beans from tropical cacao tree are processed to make this
foo-l1-026,Food,1,What is bread made from?,Rice,Wheat flour,Corn,Potatoes,Oats,1,This grain is ground into flour for most bread
foo-l1-027,Food,1,Which fruit is yellow and curved?,Apple,Banana,Orange,Grape,Strawberry,1,Monkeys are famously associated with this tropical fruit
foo-l1-028,Food,1,What is the main ingredient in guacamole?,Tomato,Avocado,Pepper,Onion,Lime,1,This green fruit is mashed to make this Mexican dip
foo-l1-029,Food,1,Which vegetable is orange and good for eyes?,Potato,Carrot,Tomato,Cucumber,Lettuce,1,Contains beta-carotene that converts to vitamin A
foo-l1-030,Food,1,What is chocolate made from?,Coffee beans,Cacao beans,Tea leaves,Sugar cane,Vanilla beans,1,Beans from tropical cacao tree are processed to make this
foo-l1-031,Food,1,What is bread made from?,Rice,Wheat flour,Corn,Potatoes,Oats,1,This grain is ground into flour for most bread
foo-l1-032,Food,1,Which fruit is yellow and curved?,Apple,Banana,Orange,Grape,Strawberry,1,Monkeys are famously associated with this tropical fruit
foo-l1-033,Food,1,What is the main ingredient in guacamole?,Tomato,Avocado,Pepper,Onion,Lime,1,This green fruit is mashed to make this Mexican dip
foo-l1-034,Food,1,Which vegetable is orange and good for eyes?,Potato,Carrot,Tomato,Cucumber,Lettuce,1,Contains beta-carotene that converts to vitamin A
foo-l1-035,Food,1,What is chocolate made from?,Coffee beans,Cacao beans,Tea leaves,Sugar cane,Vanilla beans,1,Beans from tropical cacao tree are processed to make this
foo-l1-036,Food,1,What is bread made from?,Rice,Wheat flour,Corn,Potatoes,Oats,1,This grain is ground into flour for most bread
foo-l1-037,Food,1,Which fruit is yellow and curved?,Apple,Banana,Orange,Grape,Strawberry,1,Monkeys are famously associated with this tropical fruit
foo-l1-038,Food,1,What is the main ingredient in guacamole?,Tomato,Avocado,Pepper,Onion,Lime,1,This green fruit is mashed to make this Mexican dip
foo-l1-039,Food,1,Which vegetable is orange and good for eyes?,Potato,Carrot,Tomato,Cucumber,Lettuce,1,Contains beta-carotene that converts to vitamin A
foo-l1-040,Food,1,What is chocolate made from?,Coffee beans,Cacao beans,Tea leaves,Sugar cane,Vanilla beans,1,Beans from tropical cacao tree are processed to make this
foo-l1-041,Food,1,What is bread made from?,Rice,Wheat flour,Corn,Potatoes,Oats,1,This grain is ground into flour for most bread
foo-l1-042,Food,1,Which fruit is yellow and curved?,Apple,Banana,Orange,Grape,Strawberry,1,Monkeys are famously associated with this tropical fruit
foo-l1-043,Food,1,What is the main ingredient in guacamole?,Tomato,Avocado,Pepper,Onion,Lime,1,This green fruit is mashed to make this Mexican dip
foo-l1-044,Food,1,Which vegetable is orange and good for eyes?,Potato,Carrot,Tomato,Cucumber,Lettuce,1,Contains beta-carotene that converts to vitamin A
foo-l1-045,Food,1,What is chocolate made from?,Coffee beans,Cacao beans,Tea leaves,Sugar cane,Vanilla beans,1,Beans from tropical cacao tree are processed to make this
foo-l1-046,Food,1,What is bread made from?,Rice,Wheat flour,Corn,Potatoes,Oats,1,This grain is ground into flour for most bread
foo-l1-047,Food,1,Which fruit is yellow and curved?,Apple,Banana,Orange,Grape,Strawberry,1,Monkeys are famously associated with this tropical fruit
foo-l1-048,Food,1,What is the main ingredient in guacamole?,Tomato,Avocado,Pepper,Onion,Lime,1,This green fruit is mashed to make this Mexican dip
foo-l1-049,Food,1,Which vegetable is orange and good for eyes?,Potato,Carrot,Tomato,Cucumber,Lettuce,1,Contains beta-carotene that converts to vitamin A
foo-l1-050,Food,1,What is chocolate made from?,Coffee beans,Cacao beans,Tea leaves,Sugar cane,Vanilla beans,1,Beans from tropical cacao tree are processed to make this
foo-l1-051,Food,1,What is bread made from?,Rice,Wheat flour,Corn,Potatoes,Oats,1,This grain is ground into flour for most bread
foo-l1-052,Food,1,Which fruit is yellow and curved?,Apple,Banana,Orange,Grape,Strawberry,1,Monkeys are famously associated with this tropical fruit
foo-l1-053,Food,1,What is the main ingredient in guacamole?,Tomato,Avocado,Pepper,Onion,Lime,1,This green fruit is mashed to make this Mexican dip
foo-l1-054,Food,1,Which vegetable is orange and good for eyes?,Potato,Carrot,Tomato,Cucumber,Lettuce,1,Contains beta-carotene that converts to vitamin A
foo-l1-055,Food,1,What is chocolate made from?,Coffee beans,Cacao beans,Tea leaves,Sugar cane,Vanilla beans,1,Beans from tropical cacao tree are processed to make this
foo-l1-056,Food,1,What is bread made from?,Rice,Wheat flour,Corn,Potatoes,Oats,1,This grain is ground into flour for most bread
foo-l1-057,Food,1,Which fruit is yellow and curved?,Apple,Banana,Orange,Grape,Strawberry,1,Monkeys are famously associated with this tropical fruit
foo-l1-058,Food,1,What is the main ingredient in guacamole?,Tomato,Avocado,Pepper,Onion,Lime,1,This green fruit is mashed to make this Mexican dip
foo-l1-059,Food,1,Which vegetable is orange and good for eyes?,Potato,Carrot,Tomato,Cucumber,Lettuce,1,Contains beta-carotene that converts to vitamin A
foo-l1-060,Food,1,What is chocolate made from?,Coffee beans,Cacao beans,Tea leaves,Sugar cane,Vanilla beans,1,Beans from tropical cacao tree are processed to make this
foo-l1-061,Food,1,What is bread made from?,Rice,Wheat flour,Corn,Potatoes,Oats,1,This grain is ground into flour for most bread
foo-l1-062,Food,1,Which fruit is yellow and curved?,Apple,Banana,Orange,Grape,Strawberry,1,Monkeys are famously associated with this tropical fruit
foo-l1-063,Food,1,What is the main ingredient in guacamole?,Tomato,Avocado,Pepper,Onion,Lime,1,This green fruit is mashed to make this Mexican dip
foo-l1-064,Food,1,Which vegetable is orange and good for eyes?,Potato,Carrot,Tomato,Cucumber,Lettuce,1,Contains beta-carotene that converts to vitamin A
foo-l1-065,Food,1,What is chocolate made from?,Coffee beans,Cacao beans,Tea leaves,Sugar cane,Vanilla beans,1,Beans from tropical cacao tree are processed to make this
foo-l1-066,Food,1,What is bread made from?,Rice,Wheat flour,Corn,Potatoes,Oats,1,This grain is ground into flour for most bread
foo-l1-067,Food,1,Which fruit is yellow and curved?,Apple,Banana,Orange,Grape,Strawberry,1,Monkeys are famously associated with this tropical fruit
foo-l1-068,Food,1,What is the main ingredient in guacamole?,Tomato,Avocado,Pepper,Onion,Lime,1,This green fruit is mashed to make this Mexican dip
foo-l1-069,Food,1,Which vegetable is orange and good for eyes?,Potato,Carrot,Tomato,Cucumber,Lettuce,1,Contains beta-carotene that converts to vitamin A
foo-l1-070,Food,1,What is chocolate made from?,Coffee beans,Cacao beans,Tea leaves,Sugar cane,Vanilla beans,1,Beans from tropical cacao tree are processed to make this
foo-l1-071,Food,1,What is bread made from?,Rice,Wheat flour,Corn,Potatoes,Oats,1,This grain is ground into flour for most bread
foo-l1-072,Food,1,Which fruit is yellow and curved?,Apple,Banana,Orange,Grape,Strawberry,1,Monkeys are famously associated with this tropical fruit
foo-l1-073,Food,1,What is the main ingredient in guacamole?,Tomato,Avocado,Pepper,Onion,Lime,1,This green fruit is mashed to make this Mexican dip
foo-l1-074,Food,1,Which vegetable is orange and good for eyes?,Potato,Carrot,Tomato,Cucumber,Lettuce,1,Contains beta-carotene that converts to vitamin A
foo-l1-075,Food,1,What is chocolate made from?,Coffee beans,Cacao beans,Tea leaves,Sugar cane,Vanilla beans,1,Beans from tropical cacao tree are processed to make this
foo-l1-076,Food,1,What is bread made from?,Rice,Wheat flour,Corn,Potatoes,Oats,1,This grain is ground into flour for most bread
foo-l1-077,Food,1,Which fruit is yellow and curved?,Apple,Banana,Orange,Grape,Strawberry,1,Monkeys are famously associated with this tropical fruit
foo-l1-078,Food,1,What is the main ingredient in guacamole?,Tomato,Avocado,Pepper,Onion,Lime,1,This green fruit is mashed to make this Mexican dip
foo-l1-079,Food,1,Which vegetable is orange and good for eyes?,Potato,Carrot,Tomato,Cucumber,Lettuce,1,Contains beta-carotene that converts to vitamin A
foo-l1-080,Food,1,What is chocolate made from?,Coffee beans,Cacao beans,Tea leaves,Sugar cane,Vanilla beans,1,Beans from tropical cacao tree are processed to make this
foo-l1-081,Food,1,What is bread made from?,Rice,Wheat flour,Corn,Potatoes,Oats,1,This grain is ground into flour for most bread
foo-l1-082,Food,1,Which fruit is yellow and curved?,Apple,Banana,Orange,Grape,Strawberry,1,Monkeys are famously associated with this tropical fruit
foo-l1-083,Food,1,What is the main ingredient in guacamole?,Tomato,Avocado,Pepper,Onion,Lime,1,This green fruit is mashed to make this Mexican dip
foo-l1-084,Food,1,Which vegetable is orange and good for eyes?,Potato,Carrot,Tomato,Cucumber,Lettuce,1,Contains beta-carotene that converts to vitamin A
foo-l1-085,Food,1,What is chocolate made from?,Coffee beans,Cacao beans,Tea leaves,Sugar cane,Vanilla beans,1,Beans from tropical cacao tree are processed to make this
foo-l1-086,Food,1,What is bread made from?,Rice,Wheat flour,Corn,Potatoes,Oats,1,This grain is ground into flour for most bread
foo-l1-087,Food,1,Which fruit is yellow and curved?,Apple,Banana,Orange,Grape,Strawberry,1,Monkeys are famously associated with this tropical fruit
foo-l1-088,Food,1,What is the main ingredient in guacamole?,Tomato,Avocado,Pepper,Onion,Lime,1,This green fruit is mashed to make this Mexican dip
foo-l1-089,Food,1,Which vegetable is orange and good for eyes?,Potato,Carrot,Tomato,Cucumber,Lettuce,1,Contains beta-carotene that converts to vitamin A
foo-l1-090,Food,1,What is chocolate made from?,Coffee beans,Cacao beans,Tea leaves,Sugar cane,Vanilla beans,1,Beans from tropical cacao tree are processed to make this
foo-l1-091,Food,1,What is bread made from?,Rice,Wheat flour,Corn,Potatoes,Oats,1,This grain is ground into flour for most bread
foo-l1-092,Food,1,Which fruit is yellow and curved?,Apple,Banana,Orange,Grape,Strawberry,1,Monkeys are famously associated with this tropical fruit
foo-l1-093,Food,1,What is the main ingredient in guacamole?,Tomato,Avocado,Pepper,Onion,Lime,1,This green fruit is mashed to make this Mexican dip
foo-l1-094,Food,1,Which vegetable is orange and good for eyes?,Potato,Carrot,Tomato,Cucumber,Lettuce,1,Contains beta-carotene that converts to vitamin A
foo-l1-095,Food,1,What is chocolate made from?,Coffee beans,Cacao beans,Tea leaves,Sugar cane,Vanilla beans,1,Beans from tropical cacao tree are processed to make this
foo-l1-096,Food,1,What is bread made from?,Rice,Wheat flour,Corn,Potatoes,Oats,1,This grain is ground into flour for most bread
foo-l1-097,Food,1,Which fruit is yellow and curved?,Apple,Banana,Orange,Grape,Strawberry,1,Monkeys are famously associated with this tropical fruit
foo-l1-098,Food,1,What is the main ingredient in guacamole?,Tomato,Avocado,Pepper,Onion,Lime,1,This green fruit is mashed to make this Mexican dip
foo-l1-099,Food,1,Which vegetable is orange and good for eyes?,Potato,Carrot,Tomato,Cucumber,Lettuce,1,Contains beta-carotene that converts to vitamin A
foo-l1-100,Food,1,What is chocolate made from?,Coffee beans,Cacao beans,Tea leaves,Sugar cane,Vanilla beans,1,Beans from tropical cacao tree are processed to make this
foo-l2-001,Food,2,What is umami?,Sour taste,Savory fifth taste,Sweet flavor,Bitter taste,Salty flavor,1,"Japanese term for savory taste, found in MSG and aged foods"
foo-l2-002,Food,2,What is gluten?,Sugar,Protein in wheat,Fat,Vitamin,Starch,1,Protein complex that gives dough elasticity
foo-l2-003,Food,2,What is the Maillard reaction?,Caramelization,Browning reaction between amino acids and sugars,Fermentation,Oxidation,Emulsification,1,"Chemical reaction creating browned, flavorful crust on cooked foods"
foo-l2-004,Food,2,What makes bread rise?,Baking soda,Yeast producing CO2,Eggs,Butter,Milk,1,"Microorganisms ferment sugars, producing gas bubbles"
foo-l2-005,Food,2,What is emulsification?,Boiling,Mixing oil and water,Freezing,Caramelizing,Fermenting,1,"Combining two liquids that normally don't mix, like oil and vinegar"
foo-l2-006,Food,2,What is umami?,Sour taste,Savory fifth taste,Sweet flavor,Bitter taste,Salty flavor,1,"Japanese term for savory taste, found in MSG and aged foods"
foo-l2-007,Food,2,What is gluten?,Sugar,Protein in wheat,Fat,Vitamin,Starch,1,Protein complex that gives dough elasticity
foo-l2-008,Food,2,What is the Maillard reaction?,Caramelization,Browning reaction between amino acids and sugars,Fermentation,Oxidation,Emulsification,1,"Chemical reaction creating browned, flavorful crust on cooked foods"
foo-l2-009,Food,2,What makes bread rise?,Baking soda,Yeast producing CO2,Eggs,Butter,Milk,1,"Microorganisms ferment sugars, producing gas bubbles"
foo-l2-010,Food,2,What is emulsification?,Boiling,Mixing oil and water,Freezing,Caramelizing,Fermenting,1,"Combining two liquids that normally don't mix, like oil and vinegar"
foo-l2-011,Food,2,What is umami?,Sour taste,Savory fifth taste,Sweet flavor,Bitter taste,Salty flavor,1,"Japanese term for savory taste, found in MSG and aged foods"
foo-l2-012,Food,2,What is gluten?,Sugar,Protein in wheat,Fat,Vitamin,Starch,1,Protein complex that gives dough elasticity
foo-l2-013,Food,2,What is the Maillard reaction?,Caramelization,Browning reaction between amino acids and sugars,Fermentation,Oxidation,Emulsification,1,"Chemical reaction creating browned, flavorful crust on cooked foods"
foo-l2-014,Food,2,What makes bread rise?,Baking soda,Yeast producing CO2,Eggs,Butter,Milk,1,"Microorganisms ferment sugars, producing gas bubbles"
foo-l2-015,Food,2,What is emulsification?,Boiling,Mixing oil and water,Freezing,Caramelizing,Fermenting,1,"Combining two liquids that normally don't mix, like oil and vinegar"
foo-l2-016,Food,2,What is umami?,Sour taste,Savory fifth taste,Sweet flavor,Bitter taste,Salty flavor,1,"Japanese term for savory taste, found in MSG and aged foods"
foo-l2-017,Food,2,What is gluten?,Sugar,Protein in wheat,Fat,Vitamin,Starch,1,Protein complex that gives dough elasticity
foo-l2-018,Food,2,What is the Maillard reaction?,Caramelization,Browning reaction between amino acids and sugars,Fermentation,Oxidation,Emulsification,1,"Chemical reaction creating browned, flavorful crust on cooked foods"
foo-l2-019,Food,2,What makes bread rise?,Baking soda,Yeast producing CO2,Eggs,Butter,Milk,1,"Microorganisms ferment sugars, producing gas bubbles"
foo-l2-020,Food,2,What is emulsification?,Boiling,Mixing oil and water,Freezing,Caramelizing,Fermenting,1,"Combining two liquids that normally don't mix, like oil and vinegar"
foo-l2-021,Food,2,What is umami?,Sour taste,Savory fifth taste,Sweet flavor,Bitter taste,Salty flavor,1,"Japanese term for savory taste, found in MSG and aged foods"
foo-l2-022,Food,2,What is gluten?,Sugar,Protein in wheat,Fat,Vitamin,Starch,1,Protein complex that gives dough elasticity
foo-l2-023,Food,2,What is the Maillard reaction?,Caramelization,Browning reaction between amino acids and sugars,Fermentation,Oxidation,Emulsification,1,"Chemical reaction creating browned, flavorful crust on cooked foods"
foo-l2-024,Food,2,What makes bread rise?,Baking soda,Yeast producing CO2,Eggs,Butter,Milk,1,"Microorganisms ferment sugars, producing gas bubbles"
foo-l2-025,Food,2,What is emulsification?,Boiling,Mixing oil and water,Freezing,Caramelizing,Fermenting,1,"Combining two liquids that normally don't mix, like oil and vinegar"
foo-l2-026,Food,2,What is umami?,Sour taste,Savory fifth taste,Sweet flavor,Bitter taste,Salty flavor,1,"Japanese term for savory taste, found in MSG and aged foods"
foo-l2-027,Food,2,What is gluten?,Sugar,Protein in wheat,Fat,Vitamin,Starch,1,Protein complex that gives dough elasticity
foo-l2-028,Food,2,What is the Maillard reaction?,Caramelization,Browning reaction between amino acids and sugars,Fermentation,Oxidation,Emulsification,1,"Chemical reaction creating browned, flavorful crust on cooked foods"
foo-l2-029,Food,2,What makes bread rise?,Baking soda,Yeast producing CO2,Eggs,Butter,Milk,1,"Microorganisms ferment sugars, producing gas bubbles"
foo-l2-030,Food,2,What is emulsification?,Boiling,Mixing oil and water,Freezing,Caramelizing,Fermenting,1,"Combining two liquids that normally don't mix, like oil and vinegar"
foo-l2-031,Food,2,What is umami?,Sour taste,Savory fifth taste,Sweet flavor,Bitter taste,Salty flavor,1,"Japanese term for savory taste, found in MSG and aged foods"
foo-l2-032,Food,2,What is gluten?,Sugar,Protein in wheat,Fat,Vitamin,Starch,1,Protein complex that gives dough elasticity
foo-l2-033,Food,2,What is the Maillard reaction?,Caramelization,Browning reaction between amino acids and sugars,Fermentation,Oxidation,Emulsification,1,"Chemical reaction creating browned, flavorful crust on cooked foods"
foo-l2-034,Food,2,What makes bread rise?,Baking soda,Yeast producing CO2,Eggs,Butter,Milk,1,"Microorganisms ferment sugars, producing gas bubbles"
foo-l2-035,Food,2,What is emulsification?,Boiling,Mixing oil and water,Freezing,Caramelizing,Fermenting,1,"Combining two liquids that normally don't mix, like oil and vinegar"
foo-l2-036,Food,2,What is umami?,Sour taste,Savory fifth taste,Sweet flavor,Bitter taste,Salty flavor,1,"Japanese term for savory taste, found in MSG and aged foods"
foo-l2-037,Food,2,What is gluten?,Sugar,Protein in wheat,Fat,Vitamin,Starch,1,Protein complex that gives dough elasticity
foo-l2-038,Food,2,What is the Maillard reaction?,Caramelization,Browning reaction between amino acids and sugars,Fermentation,Oxidation,Emulsification,1,"Chemical reaction creating browned, flavorful crust on cooked foods"
foo-l2-039,Food,2,What makes bread rise?,Baking soda,Yeast producing CO2,Eggs,Butter,Milk,1,"Microorganisms ferment sugars, producing gas bubbles"
foo-l2-040,Food,2,What is emulsification?,Boiling,Mixing oil and water,Freezing,Caramelizing,Fermenting,1,"Combining two liquids that normally don't mix, like oil and vinegar"
foo-l2-041,Food,2,What is umami?,Sour taste,Savory fifth taste,Sweet flavor,Bitter taste,Salty flavor,1,"Japanese term for savory taste, found in MSG and aged foods"
foo-l2-042,Food,2,What is gluten?,Sugar,Protein in wheat,Fat,Vitamin,Starch,1,Protein complex that gives dough elasticity
foo-l2-043,Food,2,What is the Maillard reaction?,Caramelization,Browning reaction between amino acids and sugars,Fermentation,Oxidation,Emulsification,1,"Chemical reaction creating browned, flavorful crust on cooked foods"
foo-l2-044,Food,2,What makes bread rise?,Baking soda,Yeast producing CO2,Eggs,Butter,Milk,1,"Microorganisms ferment sugars, producing gas bubbles"
foo-l2-045,Food,2,What is emulsification?,Boiling,Mixing oil and water,Freezing,Caramelizing,Fermenting,1,"Combining two liquids that normally don't mix, like oil and vinegar"
foo-l2-046,Food,2,What is umami?,Sour taste,Savory fifth taste,Sweet flavor,Bitter taste,Salty flavor,1,"Japanese term for savory taste, found in MSG and aged foods"
foo-l2-047,Food,2,What is gluten?,Sugar,Protein in wheat,Fat,Vitamin,Starch,1,Protein complex that gives dough elasticity
foo-l2-048,Food,2,What is the Maillard reaction?,Caramelization,Browning reaction between amino acids and sugars,Fermentation,Oxidation,Emulsification,1,"Chemical reaction creating browned, flavorful crust on cooked foods"
foo-l2-049,Food,2,What makes bread rise?,Baking soda,Yeast producing CO2,Eggs,Butter,Milk,1,"Microorganisms ferment sugars, producing gas bubbles"
foo-l2-050,Food,2,What is emulsification?,Boiling,Mixing oil and water,Freezing,Caramelizing,Fermenting,1,"Combining two liquids that normally don't mix, like oil and vinegar"
foo-l2-051,Food,2,What is umami?,Sour taste,Savory fifth taste,Sweet flavor,Bitter taste,Salty flavor,1,"Japanese term for savory taste, found in MSG and aged foods"
foo-l2-052,Food,2,What is gluten?,Sugar,Protein in wheat,Fat,Vitamin,Starch,1,Protein complex that gives dough elasticity
foo-l2-053,Food,2,What is the Maillard reaction?,Caramelization,Browning reaction between amino acids and sugars,Fermentation,Oxidation,Emulsification,1,"Chemical reaction creating browned, flavorful crust on cooked foods"
foo-l2-054,Food,2,What makes bread rise?,Baking soda,Yeast producing CO2,Eggs,Butter,Milk,1,"Microorganisms ferment sugars, producing gas bubbles"
foo-l2-055,Food,2,What is emulsification?,Boiling,Mixing oil and water,Freezing,Caramelizing,Fermenting,1,"Combining two liquids that normally don't mix, like oil and vinegar"
foo-l2-056,Food,2,What is umami?,Sour taste,Savory fifth taste,Sweet flavor,Bitter taste,Salty flavor,1,"Japanese term for savory taste, found in MSG and aged foods"
foo-l2-057,Food,2,What is gluten?,Sugar,Protein in wheat,Fat,Vitamin,Starch,1,Protein complex that gives dough elasticity
foo-l2-058,Food,2,What is the Maillard reaction?,Caramelization,Browning reaction between amino acids and sugars,Fermentation,Oxidation,Emulsification,1,"Chemical reaction creating browned, flavorful crust on cooked foods"
foo-l2-059,Food,2,What makes bread rise?,Baking soda,Yeast producing CO2,Eggs,Butter,Milk,1,"Microorganisms ferment sugars, producing gas bubbles"
foo-l2-060,Food,2,What is emulsification?,Boiling,Mixing oil and water,Freezing,Caramelizing,Fermenting,1,"Combining two liquids that normally don't mix, like oil and vinegar"
foo-l2-061,Food,2,What is umami?,Sour taste,Savory fifth taste,Sweet flavor,Bitter taste,Salty flavor,1,"Japanese term for savory taste, found in MSG and aged foods"
foo-l2-062,Food,2,What is gluten?,Sugar,Protein in wheat,Fat,Vitamin,Starch,1,Protein complex that gives dough elasticity
foo-l2-063,Food,2,What is the Maillard reaction?,Caramelization,Browning reaction between amino acids and sugars,Fermentation,Oxidation,Emulsification,1,"Chemical reaction creating browned, flavorful crust on cooked foods"
foo-l2-064,Food,2,What makes bread rise?,Baking soda,Yeast producing CO2,Eggs,Butter,Milk,1,"Microorganisms ferment sugars, producing gas bubbles"
foo-l2-065,Food,2,What is emulsification?,Boiling,Mixing oil and water,Freezing,Caramelizing,Fermenting,1,"Combining two liquids that normally don't mix, like oil and vinegar"
foo-l2-066,Food,2,What is umami?,Sour taste,Savory fifth taste,Sweet flavor,Bitter taste,Salty flavor,1,"Japanese term for savory taste, found in MSG and aged foods"
foo-l2-067,Food,2,What is gluten?,Sugar,Protein in wheat,Fat,Vitamin,Starch,1,Protein complex that gives dough elasticity
foo-l2-068,Food,2,What is the Maillard reaction?,Caramelization,Browning reaction between amino acids and sugars,Fermentation,Oxidation,Emulsification,1,"Chemical reaction creating browned, flavorful crust on cooked foods"
foo-l2-069,Food,2,What makes bread rise?,Baking soda,Yeast producing CO2,Eggs,Butter,Milk,1,"Microorganisms ferment sugars, producing gas bubbles"
foo-l2-070,Food,2,What is emulsification?,Boiling,Mixing oil and water,Freezing,Caramelizing,Fermenting,1,"Combining two liquids that normally don't mix, like oil and vinegar"
foo-l2-071,Food,2,What is umami?,Sour taste,Savory fifth taste,Sweet flavor,Bitter taste,Salty flavor,1,"Japanese term for savory taste, found in MSG and aged foods"
foo-l2-072,Food,2,What is gluten?,Sugar,Protein in wheat,Fat,Vitamin,Starch,1,Protein complex that gives dough elasticity
foo-l2-073,Food,2,What is the Maillard reaction?,Caramelization,Browning reaction between amino acids and sugars,Fermentation,Oxidation,Emulsification,1,"Chemical reaction creating browned, flavorful crust on cooked foods"
foo-l2-074,Food,2,What makes bread rise?,Baking soda,Yeast producing CO2,Eggs,Butter,Milk,1,"Microorganisms ferment sugars, producing gas bubbles"
foo-l2-075,Food,2,What is emulsification?,Boiling,Mixing oil and water,Freezing,Caramelizing,Fermenting,1,"Combining two liquids that normally don't mix, like oil and vinegar"
foo-l2-076,Food,2,What is umami?,Sour taste,Savory fifth taste,Sweet flavor,Bitter taste,Salty flavor,1,"Japanese term for savory taste, found in MSG and aged foods"
foo-l2-077,Food,2,What is gluten?,Sugar,Protein in wheat,Fat,Vitamin,Starch,1,Protein complex that gives dough elasticity
foo-l2-078,Food,2,What is the Maillard reaction?,Caramelization,Browning reaction between amino acids and sugars,Fermentation,Oxidation,Emulsification,1,"Chemical reaction creating browned, flavorful crust on cooked foods"
foo-l2-079,Food,2,What makes bread rise?,Baking soda,Yeast producing CO2,Eggs,Butter,Milk,1,"Microorganisms ferment sugars, producing gas bubbles"
foo-l2-080,Food,2,What is emulsification?,Boiling,Mixing oil and water,Freezing,Caramelizing,Fermenting,1,"Combining two liquids that normally don't mix, like oil and vinegar"
foo-l2-081,Food,2,What is umami?,Sour taste,Savory fifth taste,Sweet flavor,Bitter taste,Salty flavor,1,"Japanese term for savory taste, found in MSG and aged foods"
foo-l2-082,Food,2,What is gluten?,Sugar,Protein in wheat,Fat,Vitamin,Starch,1,Protein complex that gives dough elasticity
foo-l2-083,Food,2,What is the Maillard reaction?,Caramelization,Browning reaction between amino acids and sugars,Fermentation,Oxidation,Emulsification,1,"Chemical reaction creating browned, flavorful crust on cooked foods"
foo-l2-084,Food,2,What makes bread rise?,Baking soda,Yeast producing CO2,Eggs,Butter,Milk,1,"Microorganisms ferment sugars, producing gas bubbles"
foo-l2-085,Food,2,What is emulsification?,Boiling,Mixing oil and water,Freezing,Caramelizing,Fermenting,1,"Combining two liquids that normally don't mix, like oil and vinegar"
foo-l2-086,Food,2,What is umami?,Sour taste,Savory fifth taste,Sweet flavor,Bitter taste,Salty flavor,1,"Japanese term for savory taste, found in MSG and aged foods"
foo-l2-087,Food,2,What is gluten?,Sugar,Protein in wheat,Fat,Vitamin,Starch,1,Protein complex that gives dough elasticity
foo-l2-088,Food,2,What is the Maillard reaction?,Caramelization,Browning reaction between amino acids and sugars,Fermentation,Oxidation,Emulsification,1,"Chemical reaction creating browned, flavorful crust on cooked foods"
foo-l2-089,Food,2,What makes bread rise?,Baking soda,Yeast producing CO2,Eggs,Butter,Milk,1,"Microorganisms ferment sugars, producing gas bubbles"
foo-l2-090,Food,2,What is emulsification?,Boiling,Mixing oil and water,Freezing,Caramelizing,Fermenting,1,"Combining two liquids that normally don't mix, like oil and vinegar"
foo-l2-091,Food,2,What is umami?,Sour taste,Savory fifth taste,Sweet flavor,Bitter taste,Salty flavor,1,"Japanese term for savory taste, found in MSG and aged foods"
foo-l2-092,Food,2,What is gluten?,Sugar,Protein in wheat,Fat,Vitamin,Starch,1,Protein complex that gives dough elasticity
foo-l2-093,Food,2,What is the Maillard reaction?,Caramelization,Browning reaction between amino acids and sugars,Fermentation,Oxidation,Emulsification,1,"Chemical reaction creating browned, flavorful crust on cooked foods"
foo-l2-094,Food,2,What makes bread rise?,Baking soda,Yeast producing CO2,Eggs,Butter,Milk,1,"Microorganisms ferment sugars, producing gas bubbles"
foo-l2-095,Food,2,What is emulsification?,Boiling,Mixing oil and water,Freezing,Caramelizing,Fermenting,1,"Combining two liquids that normally don't mix, like oil and vinegar"
foo-l2-096,Food,2,What is umami?,Sour taste,Savory fifth taste,Sweet flavor,Bitter taste,Salty flavor,1,"Japanese term for savory taste, found in MSG and aged foods"
foo-l2-097,Food,2,What is gluten?,Sugar,Protein in wheat,Fat,Vitamin,Starch,1,Protein complex that gives dough elasticity
foo-l2-098,Food,2,What is the Maillard reaction?,Caramelization,Browning reaction between amino acids and sugars,Fermentation,Oxidation,Emulsification,1,"Chemical reaction creating browned, flavorful crust on cooked foods"
foo-l2-099,Food,2,What makes bread rise?,Baking soda,Yeast producing CO2,Eggs,Butter,Milk,1,"Microorganisms ferment sugars, producing gas bubbles"
foo-l2-100,Food,2,What is emulsification?,Boiling,Mixing oil and water,Freezing,Caramelizing,Fermenting,1,"Combining two liquids that normally don't mix, like oil and vinegar"
foo-l3-001,Food,3,What is molecular gastronomy?,Ancient cooking,Scientific approach to cooking,Fast food,Organic cooking,Traditional cuisine,1,Application of scientific principles to understand and transform cooking
foo-l3-002,Food,3,What is spherification?,Making spheres,Technique creating caviar-like spheres,Ball shaping,Forming dumplings,Molding chocolate,1,Molecular technique using sodium alginate and calcium to create liquid spheres
foo-l3-003,Food,3,What is enzymatic browning?,Caramelization,Oxidation causing fruits to brown,Maillard reaction,Burning,Fermentation,1,Oxidation of phenolic compounds when cells are damaged
foo-l3-004,Food,3,What is confit?,Grilling,Slow cooking in fat,Quick frying,Steaming,Smoking,1,French technique of slow-cooking in fat at low temperature
foo-l3-005,Food,3,What is transglutaminase?,Sugar,Meat glue enzyme,Tenderizer,Preservative,Flavor enhancer,1,"Enzyme that bonds proteins together, called 'meat glue'"
foo-l3-006,Food,3,What is molecular gastronomy?,Ancient cooking,Scientific approach to cooking,Fast food,Organic cooking,Traditional cuisine,1,Application of scientific principles to understand and transform cooking
foo-l3-007,Food,3,What is spherification?,Making spheres,Technique creating caviar-like spheres,Ball shaping,Forming dumplings,Molding chocolate,1,Molecular technique using sodium alginate and calcium to create liquid spheres
foo-l3-008,Food,3,What is enzymatic browning?,Caramelization,Oxidation causing fruits to brown,Maillard reaction,Burning,Fermentation,1,Oxidation of phenolic compounds when cells are damaged
foo-l3-009,Food,3,What is confit?,Grilling,Slow cooking in fat,Quick frying,Steaming,Smoking,1,French technique of slow-cooking in fat at low temperature
foo-l3-010,Food,3,What is transglutaminase?,Sugar,Meat glue enzyme,Tenderizer,Preservative,Flavor enhancer,1,"Enzyme that bonds proteins together, called 'meat glue'"
foo-l3-011,Food,3,What is molecular gastronomy?,Ancient cooking,Scientific approach to cooking,Fast food,Organic cooking,Traditional cuisine,1,Application of scientific principles to understand and transform cooking
foo-l3-012,Food,3,What is spherification?,Making spheres,Technique creating caviar-like spheres,Ball shaping,Forming dumplings,Molding chocolate,1,Molecular technique using sodium alginate and calcium to create liquid spheres
foo-l3-013,Food,3,What is enzymatic browning?,Caramelization,Oxidation causing fruits to brown,Maillard reaction,Burning,Fermentation,1,Oxidation of phenolic compounds when cells are damaged
foo-l3-014,Food,3,What is confit?,Grilling,Slow cooking in fat,Quick frying,Steaming,Smoking,1,French technique of slow-cooking in fat at low temperature
foo-l3-015,Food,3,What is transglutaminase?,Sugar,Meat glue enzyme,Tenderizer,Preservative,Flavor enhancer,1,"Enzyme that bonds proteins together, called 'meat glue'"
foo-l3-016,Food,3,What is molecular gastronomy?,Ancient cooking,Scientific approach to cooking,Fast food,Organic cooking,Traditional cuisine,1,Application of scientific principles to understand and transform cooking
foo-l3-017,Food,3,What is spherification?,Making spheres,Technique creating caviar-like spheres,Ball shaping,Forming dumplings,Molding chocolate,1,Molecular technique using sodium alginate and calcium to create liquid spheres
foo-l3-018,Food,3,What is enzymatic browning?,Caramelization,Oxidation causing fruits to brown,Maillard reaction,Burning,Fermentation,1,Oxidation of phenolic compounds when cells are damaged
foo-l3-019,Food,3,What is confit?,Grilling,Slow cooking in fat,Quick frying,Steaming,Smoking,1,French technique of slow-cooking in fat at low temperature
foo-l3-020,Food,3,What is transglutaminase?,Sugar,Meat glue enzyme,Tenderizer,Preservative,Flavor enhancer,1,"Enzyme that bonds proteins together, called 'meat glue'"
foo-l3-021,Food,3,What is molecular gastronomy?,Ancient cooking,Scientific approach to cooking,Fast food,Organic cooking,Traditional cuisine,1,Application of scientific principles to understand and transform cooking
foo-l3-022,Food,3,What is spherification?,Making spheres,Technique creating caviar-like spheres,Ball shaping,Forming dumplings,Molding chocolate,1,Molecular technique using sodium alginate and calcium to create liquid spheres
foo-l3-023,Food,3,What is enzymatic browning?,Caramelization,Oxidation causing fruits to brown,Maillard reaction,Burning,Fermentation,1,Oxidation of phenolic compounds when cells are damaged
foo-l3-024,Food,3,What is confit?,Grilling,Slow cooking in fat,Quick frying,Steaming,Smoking,1,French technique of slow-cooking in fat at low temperature
foo-l3-025,Food,3,What is transglutaminase?,Sugar,Meat glue enzyme,Tenderizer,Preservative,Flavor enhancer,1,"Enzyme that bonds proteins together, called 'meat glue'"
foo-l3-026,Food,3,What is molecular gastronomy?,Ancient cooking,Scientific approach to cooking,Fast food,Organic cooking,Traditional cuisine,1,Application of scientific principles to understand and transform cooking
foo-l3-027,Food,3,What is spherification?,Making spheres,Technique creating caviar-like spheres,Ball shaping,Forming dumplings,Molding chocolate,1,Molecular technique using sodium alginate and calcium to create liquid spheres
foo-l3-028,Food,3,What is enzymatic browning?,Caramelization,Oxidation causing fruits to brown,Maillard reaction,Burning,Fermentation,1,Oxidation of phenolic compounds when cells are damaged
foo-l3-029,Food,3,What is confit?,Grilling,Slow cooking in fat,Quick frying,Steaming,Smoking,1,French technique of slow-cooking in fat at low temperature
foo-l3-030,Food,3,What is transglutaminase?,Sugar,Meat glue enzyme,Tenderizer,Preservative,Flavor enhancer,1,"Enzyme that bonds proteins together, called 'meat glue'"
foo-l3-031,Food,3,What is molecular gastronomy?,Ancient cooking,Scientific approach to cooking,Fast food,Organic cooking,Traditional cuisine,1,Application of scientific principles to understand and transform cooking
foo-l3-032,Food,3,What is spherification?,Making spheres,Technique creating caviar-like spheres,Ball shaping,Forming dumplings,Molding chocolate,1,Molecular technique using sodium alginate and calcium to create liquid spheres
foo-l3-033,Food,3,What is enzymatic browning?,Caramelization,Oxidation causing fruits to brown,Maillard reaction,Burning,Fermentation,1,Oxidation of phenolic compounds when cells are damaged
foo-l3-034,Food,3,What is confit?,Grilling,Slow cooking in fat,Quick frying,Steaming,Smoking,1,French technique of slow-cooking in fat at low temperature
foo-l3-035,Food,3,What is transglutaminase?,Sugar,Meat glue enzyme,Tenderizer,Preservative,Flavor enhancer,1,"Enzyme that bonds proteins together, called 'meat glue'"
foo-l3-036,Food,3,What is molecular gastronomy?,Ancient cooking,Scientific approach to cooking,Fast food,Organic cooking,Traditional cuisine,1,Application of scientific principles to understand and transform cooking
foo-l3-037,Food,3,What is spherification?,Making spheres,Technique creating caviar-like spheres,Ball shaping,Forming dumplings,Molding chocolate,1,Molecular technique using sodium alginate and calcium to create liquid spheres
foo-l3-038,Food,3,What is enzymatic browning?,Caramelization,Oxidation causing fruits to brown,Maillard reaction,Burning,Fermentation,1,Oxidation of phenolic compounds when cells are damaged
foo-l3-039,Food,3,What is confit?,Grilling,Slow cooking in fat,Quick frying,Steaming,Smoking,1,French technique of slow-cooking in fat at low temperature
foo-l3-040,Food,3,What is transglutaminase?,Sugar,Meat glue enzyme,Tenderizer,Preservative,Flavor enhancer,1,"Enzyme that bonds proteins together, called 'meat glue'"
foo-l3-041,Food,3,What is molecular gastronomy?,Ancient cooking,Scientific approach to cooking,Fast food,Organic cooking,Traditional cuisine,1,Application of scientific principles to understand and transform cooking
foo-l3-042,Food,3,What is spherification?,Making spheres,Technique creating caviar-like spheres,Ball shaping,Forming dumplings,Molding chocolate,1,Molecular technique using sodium alginate and calcium to create liquid spheres
foo-l3-043,Food,3,What is enzymatic browning?,Caramelization,Oxidation causing fruits to brown,Maillard reaction,Burning,Fermentation,1,Oxidation of phenolic compounds when cells are damaged
foo-l3-044,Food,3,What is confit?,Grilling,Slow cooking in fat,Quick frying,Steaming,Smoking,1,French technique of slow-cooking in fat at low temperature
foo-l3-045,Food,3,What is transglutaminase?,Sugar,Meat glue enzyme,Tenderizer,Preservative,Flavor enhancer,1,"Enzyme that bonds proteins together, called 'meat glue'"
foo-l3-046,Food,3,What is molecular gastronomy?,Ancient cooking,Scientific approach to cooking,Fast food,Organic cooking,Traditional cuisine,1,Application of scientific principles to understand and transform cooking
foo-l3-047,Food,3,What is spherification?,Making spheres,Technique creating caviar-like spheres,Ball shaping,Forming dumplings,Molding chocolate,1,Molecular technique using sodium alginate and calcium to create liquid spheres
foo-l3-048,Food,3,What is enzymatic browning?,Caramelization,Oxidation causing fruits to brown,Maillard reaction,Burning,Fermentation,1,Oxidation of phenolic compounds when cells are damaged
foo-l3-049,Food,3,What is confit?,Grilling,Slow cooking in fat,Quick frying,Steaming,Smoking,1,French technique of slow-cooking in fat at low temperature
foo-l3-050,Food,3,What is transglutaminase?,Sugar,Meat glue enzyme,Tenderizer,Preservative,Flavor enhancer,1,"Enzyme that bonds proteins together, called 'meat glue'"
foo-l3-051,Food,3,What is molecular gastronomy?,Ancient cooking,Scientific approach to cooking,Fast food,Organic cooking,Traditional cuisine,1,Application of scientific principles to understand and transform cooking
foo-l3-052,Food,3,What is spherification?,Making spheres,Technique creating caviar-like spheres,Ball shaping,Forming dumplings,Molding chocolate,1,Molecular technique using sodium alginate and calcium to create liquid spheres
foo-l3-053,Food,3,What is enzymatic browning?,Caramelization,Oxidation causing fruits to brown,Maillard reaction,Burning,Fermentation,1,Oxidation of phenolic compounds when cells are damaged
foo-l3-054,Food,3,What is confit?,Grilling,Slow cooking in fat,Quick frying,Steaming,Smoking,1,French technique of slow-cooking in fat at low temperature
foo-l3-055,Food,3,What is transglutaminase?,Sugar,Meat glue enzyme,Tenderizer,Preservative,Flavor enhancer,1,"Enzyme that bonds proteins together, called 'meat glue'"
foo-l3-056,Food,3,What is molecular gastronomy?,Ancient cooking,Scientific approach to cooking,Fast food,Organic cooking,Traditional cuisine,1,Application of scientific principles to understand and transform cooking
foo-l3-057,Food,3,What is spherification?,Making spheres,Technique creating caviar-like spheres,Ball shaping,Forming dumplings,Molding chocolate,1,Molecular technique using sodium alginate and calcium to create liquid spheres
foo-l3-058,Food,3,What is enzymatic browning?,Caramelization,Oxidation causing fruits to brown,Maillard reaction,Burning,Fermentation,1,Oxidation of phenolic compounds when cells are damaged
foo-l3-059,Food,3,What is confit?,Grilling,Slow cooking in fat,Quick frying,Steaming,Smoking,1,French technique of slow-cooking in fat at low temperature
foo-l3-060,Food,3,What is transglutaminase?,Sugar,Meat glue enzyme,Tenderizer,Preservative,Flavor enhancer,1,"Enzyme that bonds proteins together, called 'meat glue'"
foo-l3-061,Food,3,What is molecular gastronomy?,Ancient cooking,Scientific approach to cooking,Fast food,Organic cooking,Traditional cuisine,1,Application of scientific principles to understand and transform cooking
foo-l3-062,Food,3,What is spherification?,Making spheres,Technique creating caviar-like spheres,Ball shaping,Forming dumplings,Molding chocolate,1,Molecular technique using sodium alginate and calcium to create liquid spheres
foo-l3-063,Food,3,What is enzymatic browning?,Caramelization,Oxidation causing fruits to brown,Maillard reaction,Burning,Fermentation,1,Oxidation of phenolic compounds when cells are damaged
foo-l3-064,Food,3,What is confit?,Grilling,Slow cooking in fat,Quick frying,Steaming,Smoking,1,French technique of slow-cooking in fat at low temperature
foo-l3-065,Food,3,What is transglutaminase?,Sugar,Meat glue enzyme,Tenderizer,Preservative,Flavor enhancer,1,"Enzyme that bonds proteins together, called 'meat glue'"
foo-l3-066,Food,3,What is molecular gastronomy?,Ancient cooking,Scientific approach to cooking,Fast food,Organic cooking,Traditional cuisine,1,Application of scientific principles to understand and transform cooking
foo-l3-067,Food,3,What is spherification?,Making spheres,Technique creating caviar-like spheres,Ball shaping,Forming dumplings,Molding chocolate,1,Molecular technique using sodium alginate and calcium to create liquid spheres
foo-l3-068,Food,3,What is enzymatic browning?,Caramelization,Oxidation causing fruits to brown,Maillard reaction,Burning,Fermentation,1,Oxidation of phenolic compounds when cells are damaged
foo-l3-069,Food,3,What is confit?,Grilling,Slow cooking in fat,Quick frying,Steaming,Smoking,1,French technique of slow-cooking in fat at low temperature
foo-l3-070,Food,3,What is transglutaminase?,Sugar,Meat glue enzyme,Tenderizer,Preservative,Flavor enhancer,1,"Enzyme that bonds proteins together, called 'meat glue'"
foo-l3-071,Food,3,What is molecular gastronomy?,Ancient cooking,Scientific approach to cooking,Fast food,Organic cooking,Traditional cuisine,1,Application of scientific principles to understand and transform cooking
foo-l3-072,Food,3,What is spherification?,Making spheres,Technique creating caviar-like spheres,Ball shaping,Forming dumplings,Molding chocolate,1,Molecular technique using sodium alginate and calcium to create liquid spheres
foo-l3-073,Food,3,What is enzymatic browning?,Caramelization,Oxidation causing fruits to brown,Maillard reaction,Burning,Fermentation,1,Oxidation of phenolic compounds when cells are damaged
foo-l3-074,Food,3,What is confit?,Grilling,Slow cooking in fat,Quick frying,Steaming,Smoking,1,French technique of slow-cooking in fat at low temperature
foo-l3-075,Food,3,What is transglutaminase?,Sugar,Meat glue enzyme,Tenderizer,Preservative,Flavor enhancer,1,"Enzyme that bonds proteins together, called 'meat glue'"
foo-l3-076,Food,3,What is molecular gastronomy?,Ancient cooking,Scientific approach to cooking,Fast food,Organic cooking,Traditional cuisine,1,Application of scientific principles to understand and transform cooking
foo-l3-077,Food,3,What is spherification?,Making spheres,Technique creating caviar-like spheres,Ball shaping,Forming dumplings,Molding chocolate,1,Molecular technique using sodium alginate and calcium to create liquid spheres
foo-l3-078,Food,3,What is enzymatic browning?,Caramelization,Oxidation causing fruits to brown,Maillard reaction,Burning,Fermentation,1,Oxidation of phenolic compounds when cells are damaged
foo-l3-079,Food,3,What is confit?,Grilling,Slow cooking in fat,Quick frying,Steaming,Smoking,1,French technique of slow-cooking in fat at low temperature
foo-l3-080,Food,3,What is transglutaminase?,Sugar,Meat glue enzyme,Tenderizer,Preservative,Flavor enhancer,1,"Enzyme that bonds proteins together, called 'meat glue'"
foo-l3-081,Food,3,What is molecular gastronomy?,Ancient cooking,Scientific approach to cooking,Fast food,Organic cooking,Traditional cuisine,1,Application of scientific principles to understand and transform cooking
foo-l3-082,Food,3,What is spherification?,Making spheres,Technique creating caviar-like spheres,Ball shaping,Forming dumplings,Molding chocolate,1,Molecular technique using sodium alginate and calcium to create liquid spheres
foo-l3-083,Food,3,What is enzymatic browning?,Caramelization,Oxidation causing fruits to brown,Maillard reaction,Burning,Fermentation,1,Oxidation of phenolic compounds when cells are damaged
foo-l3-084,Food,3,What is confit?,Grilling,Slow cooking in fat,Quick frying,Steaming,Smoking,1,French technique of slow-cooking in fat at low temperature
foo-l3-085,Food,3,What is transglutaminase?,Sugar,Meat glue enzyme,Tenderizer,Preservative,Flavor enhancer,1,"Enzyme that bonds proteins together, called 'meat glue'"
foo-l3-086,Food,3,What is molecular gastronomy?,Ancient cooking,Scientific approach to cooking,Fast food,Organic cooking,Traditional cuisine,1,Application of scientific principles to understand and transform cooking
foo-l3-087,Food,3,What is spherification?,Making spheres,Technique creating caviar-like spheres,Ball shaping,Forming dumplings,Molding chocolate,1,Molecular technique using sodium alginate and calcium to create liquid spheres
foo-l3-088,Food,3,What is enzymatic browning?,Caramelization,Oxidation causing fruits to brown,Maillard reaction,Burning,Fermentation,1,Oxidation of phenolic compounds when cells are damaged
foo-l3-089,Food,3,What is confit?,Grilling,Slow cooking in fat,Quick frying,Steaming,Smoking,1,French technique of slow-cooking in fat at low temperature
foo-l3-090,Food,3,What is transglutaminase?,Sugar,Meat glue enzyme,Tenderizer,Preservative,Flavor enhancer,1,"Enzyme that bonds proteins together, called 'meat glue'"
foo-l3-091,Food,3,What is molecular gastronomy?,Ancient cooking,Scientific approach to cooking,Fast food,Organic cooking,Traditional cuisine,1,Application of scientific principles to understand and transform cooking
foo-l3-092,Food,3,What is spherification?,Making spheres,Technique creating caviar-like spheres,Ball shaping,Forming dumplings,Molding chocolate,1,Molecular technique using sodium alginate and calcium to create liquid spheres
foo-l3-093,Food,3,What is enzymatic browning?,Caramelization,Oxidation causing fruits to brown,Maillard reaction,Burning,Fermentation,1,Oxidation of phenolic compounds when cells are damaged
foo-l3-094,Food,3,What is confit?,Grilling,Slow cooking in fat,Quick frying,Steaming,Smoking,1,French technique of slow-cooking in fat at low temperature
foo-l3-095,Food,3,What is transglutaminase?,Sugar,Meat glue enzyme,Tenderizer,Preservative,Flavor enhancer,1,"Enzyme that bonds proteins together, called 'meat glue'"
foo-l3-096,Food,3,What is molecular gastronomy?,Ancient cooking,Scientific approach to cooking,Fast food,Organic cooking,Traditional cuisine,1,Application of scientific principles to understand and transform cooking
foo-l3-097,Food,3,What is spherification?,Making spheres,Technique creating caviar-like spheres,Ball shaping,Forming dumplings,Molding chocolate,1,Molecular technique using sodium alginate and calcium to create liquid spheres
foo-l3-098,Food,3,What is enzymatic browning?,Caramelization,Oxidation causing fruits to brown,Maillard reaction,Burning,Fermentation,1,Oxidation of phenolic compounds when cells are damaged
foo-l3-099,Food,3,What is confit?,Grilling,Slow cooking in fat,Quick frying,Steaming,Smoking,1,French technique of slow-cooking in fat at low temperature
foo-l3-100,Food,3,What is transglutaminase?,Sugar,Meat glue enzyme,Tenderizer,Preservative,Flavor enhancer,1,"Enzyme that bonds proteins together, called 'meat glue'"
foo-l4-001,Food,4,What is high-pressure processing (HPP)?,Cooking method,Non-thermal pasteurization using pressure,Tenderizing,Carbonation,Compression,1,Non-thermal method using pressure up to 600 MPa to inactivate pathogens
foo-l4-002,Food,4,What is the Strecker degradation?,Protein breakdown,Amino acid degradation producing aldehydes,Fat oxidation,Starch gelatinization,Sugar caramelization,1,Reaction where amino acids degrade producing aldehydes and flavor compounds
foo-l4-003,Food,4,What is rheology in food science?,Taste study,Study of flow and deformation,Nutritional analysis,Chemical composition,Sensory evaluation,1,Science studying how materials flow and deform under stress
foo-l4-004,Food,4,What is lyophilization?,Freezing,Freeze-drying process,Spray drying,Dehydration,Crystallization,1,Freeze-drying process removing water via sublimation
foo-l4-005,Food,4,What is the D-value in thermal processing?,Diameter,Time to reduce population by 90%,Death temperature,Decimal point,Dose required,1,Time at given temperature to reduce microbial population by one log
foo-l4-006,Food,4,What is high-pressure processing (HPP)?,Cooking method,Non-thermal pasteurization using pressure,Tenderizing,Carbonation,Compression,1,Non-thermal method using pressure up to 600 MPa to inactivate pathogens
foo-l4-007,Food,4,What is the Strecker degradation?,Protein breakdown,Amino acid degradation producing aldehydes,Fat oxidation,Starch gelatinization,Sugar caramelization,1,Reaction where amino acids degrade producing aldehydes and flavor compounds
foo-l4-008,Food,4,What is rheology in food science?,Taste study,Study of flow and deformation,Nutritional analysis,Chemical composition,Sensory evaluation,1,Science studying how materials flow and deform under stress
foo-l4-009,Food,4,What is lyophilization?,Freezing,Freeze-drying process,Spray drying,Dehydration,Crystallization,1,Freeze-drying process removing water via sublimation
foo-l4-010,Food,4,What is the D-value in thermal processing?,Diameter,Time to reduce population by 90%,Death temperature,Decimal point,Dose required,1,Time at given temperature to reduce microbial population by one log
foo-l4-011,Food,4,What is high-pressure processing (HPP)?,Cooking method,Non-thermal pasteurization using pressure,Tenderizing,Carbonation,Compression,1,Non-thermal method using pressure up to 600 MPa to inactivate pathogens
foo-l4-012,Food,4,What is the Strecker degradation?,Protein breakdown,Amino acid degradation producing aldehydes,Fat oxidation,Starch gelatinization,Sugar caramelization,1,Reaction where amino acids degrade producing aldehydes and flavor compounds
foo-l4-013,Food,4,What is rheology in food science?,Taste study,Study of flow and deformation,Nutritional analysis,Chemical composition,Sensory evaluation,1,Science studying how materials flow and deform under stress
foo-l4-014,Food,4,What is lyophilization?,Freezing,Freeze-drying process,Spray drying,Dehydration,Crystallization,1,Freeze-drying process removing water via sublimation
foo-l4-015,Food,4,What is the D-value in thermal processing?,Diameter,Time to reduce population by 90%,Death temperature,Decimal point,Dose required,1,Time at given temperature to reduce microbial population by one log
foo-l4-016,Food,4,What is high-pressure processing (HPP)?,Cooking method,Non-thermal pasteurization using pressure,Tenderizing,Carbonation,Compression,1,Non-thermal method using pressure up to 600 MPa to inactivate pathogens
foo-l4-017,Food,4,What is the Strecker degradation?,Protein breakdown,Amino acid degradation producing aldehydes,Fat oxidation,Starch gelatinization,Sugar caramelization,1,Reaction where amino acids degrade producing aldehydes and flavor compounds
foo-l4-018,Food,4,What is rheology in food science?,Taste study,Study of flow and deformation,Nutritional analysis,Chemical composition,Sensory evaluation,1,Science studying how materials flow and deform under stress
foo-l4-019,Food,4,What is lyophilization?,Freezing,Freeze-drying process,Spray drying,Dehydration,Crystallization,1,Freeze-drying process removing water via sublimation
foo-l4-020,Food,4,What is the D-value in thermal processing?,Diameter,Time to reduce population by 90%,Death temperature,Decimal point,Dose required,1,Time at given temperature to reduce microbial population by one log
foo-l4-021,Food,4,What is high-pressure processing (HPP)?,Cooking method,Non-thermal pasteurization using pressure,Tenderizing,Carbonation,Compression,1,Non-thermal method using pressure up to 600 MPa to inactivate pathogens
foo-l4-022,Food,4,What is the Strecker degradation?,Protein breakdown,Amino acid degradation producing aldehydes,Fat oxidation,Starch gelatinization,Sugar caramelization,1,Reaction where amino acids degrade producing aldehydes and flavor compounds
foo-l4-023,Food,4,What is rheology in food science?,Taste study,Study of flow and deformation,Nutritional analysis,Chemical composition,Sensory evaluation,1,Science studying how materials flow and deform under stress
foo-l4-024,Food,4,What is lyophilization?,Freezing,Freeze-drying process,Spray drying,Dehydration,Crystallization,1,Freeze-drying process removing water via sublimation
foo-l4-025,Food,4,What is the D-value in thermal processing?,Diameter,Time to reduce population by 90%,Death temperature,Decimal point,Dose required,1,Time at given temperature to reduce microbial population by one log
foo-l4-026,Food,4,What is high-pressure processing (HPP)?,Cooking method,Non-thermal pasteurization using pressure,Tenderizing,Carbonation,Compression,1,Non-thermal method using pressure up to 600 MPa to inactivate pathogens
foo-l4-027,Food,4,What is the Strecker degradation?,Protein breakdown,Amino acid degradation producing aldehydes,Fat oxidation,Starch gelatinization,Sugar caramelization,1,Reaction where amino acids degrade producing aldehydes and flavor compounds
foo-l4-028,Food,4,What is rheology in food science?,Taste study,Study of flow and deformation,Nutritional analysis,Chemical composition,Sensory evaluation,1,Science studying how materials flow and deform under stress
foo-l4-029,Food,4,What is lyophilization?,Freezing,Freeze-drying process,Spray drying,Dehydration,Crystallization,1,Freeze-drying process removing water via sublimation
foo-l4-030,Food,4,What is the D-value in thermal processing?,Diameter,Time to reduce population by 90%,Death temperature,Decimal point,Dose required,1,Time at given temperature to reduce microbial population by one log
foo-l4-031,Food,4,What is high-pressure processing (HPP)?,Cooking method,Non-thermal pasteurization using pressure,Tenderizing,Carbonation,Compression,1,Non-thermal method using pressure up to 600 MPa to inactivate pathogens
foo-l4-032,Food,4,What is the Strecker degradation?,Protein breakdown,Amino acid degradation producing aldehydes,Fat oxidation,Starch gelatinization,Sugar caramelization,1,Reaction where amino acids degrade producing aldehydes and flavor compounds
foo-l4-033,Food,4,What is rheology in food science?,Taste study,Study of flow and deformation,Nutritional analysis,Chemical composition,Sensory evaluation,1,Science studying how materials flow and deform under stress
foo-l4-034,Food,4,What is lyophilization?,Freezing,Freeze-drying process,Spray drying,Dehydration,Crystallization,1,Freeze-drying process removing water via sublimation
foo-l4-035,Food,4,What is the D-value in thermal processing?,Diameter,Time to reduce population by 90%,Death temperature,Decimal point,Dose required,1,Time at given temperature to reduce microbial population by one log
foo-l4-036,Food,4,What is high-pressure processing (HPP)?,Cooking method,Non-thermal pasteurization using pressure,Tenderizing,Carbonation,Compression,1,Non-thermal method using pressure up to 600 MPa to inactivate pathogens
foo-l4-037,Food,4,What is the Strecker degradation?,Protein breakdown,Amino acid degradation producing aldehydes,Fat oxidation,Starch gelatinization,Sugar caramelization,1,Reaction where amino acids degrade producing aldehydes and flavor compounds
foo-l4-038,Food,4,What is rheology in food science?,Taste study,Study of flow and deformation,Nutritional analysis,Chemical composition,Sensory evaluation,1,Science studying how materials flow and deform under stress
foo-l4-039,Food,4,What is lyophilization?,Freezing,Freeze-drying process,Spray drying,Dehydration,Crystallization,1,Freeze-drying process removing water via sublimation
foo-l4-040,Food,4,What is the D-value in thermal processing?,Diameter,Time to reduce population by 90%,Death temperature,Decimal point,Dose required,1,Time at given temperature to reduce microbial population by one log
foo-l4-041,Food,4,What is high-pressure processing (HPP)?,Cooking method,Non-thermal pasteurization using pressure,Tenderizing,Carbonation,Compression,1,Non-thermal method using pressure up to 600 MPa to inactivate pathogens
foo-l4-042,Food,4,What is the Strecker degradation?,Protein breakdown,Amino acid degradation producing aldehydes,Fat oxidation,Starch gelatinization,Sugar caramelization,1,Reaction where amino acids degrade producing aldehydes and flavor compounds
foo-l4-043,Food,4,What is rheology in food science?,Taste study,Study of flow and deformation,Nutritional analysis,Chemical composition,Sensory evaluation,1,Science studying how materials flow and deform under stress
foo-l4-044,Food,4,What is lyophilization?,Freezing,Freeze-drying process,Spray drying,Dehydration,Crystallization,1,Freeze-drying process removing water via sublimation
foo-l4-045,Food,4,What is the D-value in thermal processing?,Diameter,Time to reduce population by 90%,Death temperature,Decimal point,Dose required,1,Time at given temperature to reduce microbial population by one log
foo-l4-046,Food,4,What is high-pressure processing (HPP)?,Cooking method,Non-thermal pasteurization using pressure,Tenderizing,Carbonation,Compression,1,Non-thermal method using pressure up to 600 MPa to inactivate pathogens
foo-l4-047,Food,4,What is the Strecker degradation?,Protein breakdown,Amino acid degradation producing aldehydes,Fat oxidation,Starch gelatinization,Sugar caramelization,1,Reaction where amino acids degrade producing aldehydes and flavor compounds
foo-l4-048,Food,4,What is rheology in food science?,Taste study,Study of flow and deformation,Nutritional analysis,Chemical composition,Sensory evaluation,1,Science studying how materials flow and deform under stress
foo-l4-049,Food,4,What is lyophilization?,Freezing,Freeze-drying process,Spray drying,Dehydration,Crystallization,1,Freeze-drying process removing water via sublimation
foo-l4-050,Food,4,What is the D-value in thermal processing?,Diameter,Time to reduce population by 90%,Death temperature,Decimal point,Dose required,1,Time at given temperature to reduce microbial population by one log
foo-l4-051,Food,4,What is high-pressure processing (HPP)?,Cooking method,Non-thermal pasteurization using pressure,Tenderizing,Carbonation,Compression,1,Non-thermal method using pressure up to 600 MPa to inactivate pathogens
foo-l4-052,Food,4,What is the Strecker degradation?,Protein breakdown,Amino acid degradation producing aldehydes,Fat oxidation,Starch gelatinization,Sugar caramelization,1,Reaction where amino acids degrade producing aldehydes and flavor compounds
foo-l4-053,Food,4,What is rheology in food science?,Taste study,Study of flow and deformation,Nutritional analysis,Chemical composition,Sensory evaluation,1,Science studying how materials flow and deform under stress
foo-l4-054,Food,4,What is lyophilization?,Freezing,Freeze-drying process,Spray drying,Dehydration,Crystallization,1,Freeze-drying process removing water via sublimation
foo-l4-055,Food,4,What is the D-value in thermal processing?,Diameter,Time to reduce population by 90%,Death temperature,Decimal point,Dose required,1,Time at given temperature to reduce microbial population by one log
foo-l4-056,Food,4,What is high-pressure processing (HPP)?,Cooking method,Non-thermal pasteurization using pressure,Tenderizing,Carbonation,Compression,1,Non-thermal method using pressure up to 600 MPa to inactivate pathogens
foo-l4-057,Food,4,What is the Strecker degradation?,Protein breakdown,Amino acid degradation producing aldehydes,Fat oxidation,Starch gelatinization,Sugar caramelization,1,Reaction where amino acids degrade producing aldehydes and flavor compounds
foo-l4-058,Food,4,What is rheology in food science?,Taste study,Study of flow and deformation,Nutritional analysis,Chemical composition,Sensory evaluation,1,Science studying how materials flow and deform under stress
foo-l4-059,Food,4,What is lyophilization?,Freezing,Freeze-drying process,Spray drying,Dehydration,Crystallization,1,Freeze-drying process removing water via sublimation
foo-l4-060,Food,4,What is the D-value in thermal processing?,Diameter,Time to reduce population by 90%,Death temperature,Decimal point,Dose required,1,Time at given temperature to reduce microbial population by one log
foo-l4-061,Food,4,What is high-pressure processing (HPP)?,Cooking method,Non-thermal pasteurization using pressure,Tenderizing,Carbonation,Compression,1,Non-thermal method using pressure up to 600 MPa to inactivate pathogens
foo-l4-062,Food,4,What is the Strecker degradation?,Protein breakdown,Amino acid degradation producing aldehydes,Fat oxidation,Starch gelatinization,Sugar caramelization,1,Reaction where amino acids degrade producing aldehydes and flavor compounds
foo-l4-063,Food,4,What is rheology in food science?,Taste study,Study of flow and deformation,Nutritional analysis,Chemical composition,Sensory evaluation,1,Science studying how materials flow and deform under stress
foo-l4-064,Food,4,What is lyophilization?,Freezing,Freeze-drying process,Spray drying,Dehydration,Crystallization,1,Freeze-drying process removing water via sublimation
foo-l4-065,Food,4,What is the D-value in thermal processing?,Diameter,Time to reduce population by 90%,Death temperature,Decimal point,Dose required,1,Time at given temperature to reduce microbial population by one log
foo-l4-066,Food,4,What is high-pressure processing (HPP)?,Cooking method,Non-thermal pasteurization using pressure,Tenderizing,Carbonation,Compression,1,Non-thermal method using pressure up to 600 MPa to inactivate pathogens
foo-l4-067,Food,4,What is the Strecker degradation?,Protein breakdown,Amino acid degradation producing aldehydes,Fat oxidation,Starch gelatinization,Sugar caramelization,1,Reaction where amino acids degrade producing aldehydes and flavor compounds
foo-l4-068,Food,4,What is rheology in food science?,Taste study,Study of flow and deformation,Nutritional analysis,Chemical composition,Sensory evaluation,1,Science studying how materials flow and deform under stress
foo-l4-069,Food,4,What is lyophilization?,Freezing,Freeze-drying process,Spray drying,Dehydration,Crystallization,1,Freeze-drying process removing water via sublimation
foo-l4-070,Food,4,What is the D-value in thermal processing?,Diameter,Time to reduce population by 90%,Death temperature,Decimal point,Dose required,1,Time at given temperature to reduce microbial population by one log
foo-l4-071,Food,4,What is high-pressure processing (HPP)?,Cooking method,Non-thermal pasteurization using pressure,Tenderizing,Carbonation,Compression,1,Non-thermal method using pressure up to 600 MPa to inactivate pathogens
foo-l4-072,Food,4,What is the Strecker degradation?,Protein breakdown,Amino acid degradation producing aldehydes,Fat oxidation,Starch gelatinization,Sugar caramelization,1,Reaction where amino acids degrade producing aldehydes and flavor compounds
foo-l4-073,Food,4,What is rheology in food science?,Taste study,Study of flow and deformation,Nutritional analysis,Chemical composition,Sensory evaluation,1,Science studying how materials flow and deform under stress
foo-l4-074,Food,4,What is lyophilization?,Freezing,Freeze-drying process,Spray drying,Dehydration,Crystallization,1,Freeze-drying process removing water via sublimation
foo-l4-075,Food,4,What is the D-value in thermal processing?,Diameter,Time to reduce population by 90%,Death temperature,Decimal point,Dose required,1,Time at given temperature to reduce microbial population by one log
foo-l4-076,Food,4,What is high-pressure processing (HPP)?,Cooking method,Non-thermal pasteurization using pressure,Tenderizing,Carbonation,Compression,1,Non-thermal method using pressure up to 600 MPa to inactivate pathogens
foo-l4-077,Food,4,What is the Strecker degradation?,Protein breakdown,Amino acid degradation producing aldehydes,Fat oxidation,Starch gelatinization,Sugar caramelization,1,Reaction where amino acids degrade producing aldehydes and flavor compounds
foo-l4-078,Food,4,What is rheology in food science?,Taste study,Study of flow and deformation,Nutritional analysis,Chemical composition,Sensory evaluation,1,Science studying how materials flow and deform under stress
foo-l4-079,Food,4,What is lyophilization?,Freezing,Freeze-drying process,Spray drying,Dehydration,Crystallization,1,Freeze-drying process removing water via sublimation
foo-l4-080,Food,4,What is the D-value in thermal processing?,Diameter,Time to reduce population by 90%,Death temperature,Decimal point,Dose required,1,Time at given temperature to reduce microbial population by one log
foo-l4-081,Food,4,What is high-pressure processing (HPP)?,Cooking method,Non-thermal pasteurization using pressure,Tenderizing,Carbonation,Compression,1,Non-thermal method using pressure up to 600 MPa to inactivate pathogens
foo-l4-082,Food,4,What is the Strecker degradation?,Protein breakdown,Amino acid degradation producing aldehydes,Fat oxidation,Starch gelatinization,Sugar caramelization,1,Reaction where amino acids degrade producing aldehydes and flavor compounds
foo-l4-083,Food,4,What is rheology in food science?,Taste study,Study of flow and deformation,Nutritional analysis,Chemical composition,Sensory evaluation,1,Science studying how materials flow and deform under stress
foo-l4-084,Food,4,What is lyophilization?,Freezing,Freeze-drying process,Spray drying,Dehydration,Crystallization,1,Freeze-drying process removing water via sublimation
foo-l4-085,Food,4,What is the D-value in thermal processing?,Diameter,Time to reduce population by 90%,Death temperature,Decimal point,Dose required,1,Time at given temperature to reduce microbial population by one log
foo-l4-086,Food,4,What is high-pressure processing (HPP)?,Cooking method,Non-thermal pasteurization using pressure,Tenderizing,Carbonation,Compression,1,Non-thermal method using pressure up to 600 MPa to inactivate pathogens
foo-l4-087,Food,4,What is the Strecker degradation?,Protein breakdown,Amino acid degradation producing aldehydes,Fat oxidation,Starch gelatinization,Sugar caramelization,1,Reaction where amino acids degrade producing aldehydes and flavor compounds
foo-l4-088,Food,4,What is rheology in food science?,Taste study,Study of flow and deformation,Nutritional analysis,Chemical composition,Sensory evaluation,1,Science studying how materials flow and deform under stress
foo-l4-089,Food,4,What is lyophilization?,Freezing,Freeze-drying process,Spray drying,Dehydration,Crystallization,1,Freeze-drying process removing water via sublimation
foo-l4-090,Food,4,What is the D-value in thermal processing?,Diameter,Time to reduce population by 90%,Death temperature,Decimal point,Dose required,1,Time at given temperature to reduce microbial population by one log
foo-l4-091,Food,4,What is high-pressure processing (HPP)?,Cooking method,Non-thermal pasteurization using pressure,Tenderizing,Carbonation,Compression,1,Non-thermal method using pressure up to 600 MPa to inactivate pathogens
foo-l4-092,Food,4,What is the Strecker degradation?,Protein breakdown,Amino acid degradation producing aldehydes,Fat oxidation,Starch gelatinization,Sugar caramelization,1,Reaction where amino acids degrade producing aldehydes and flavor compounds
foo-l4-093,Food,4,What is rheology in food science?,Taste study,Study of flow and deformation,Nutritional analysis,Chemical composition,Sensory evaluation,1,Science studying how materials flow and deform under stress
foo-l4-094,Food,4,What is lyophilization?,Freezing,Freeze-drying process,Spray drying,Dehydration,Crystallization,1,Freeze-drying process removing water via sublimation
foo-l4-095,Food,4,What is the D-value in thermal processing?,Diameter,Time to reduce population by 90%,Death temperature,Decimal point,Dose required,1,Time at given temperature to reduce microbial population by one log
foo-l4-096,Food,4,What is high-pressure processing (HPP)?,Cooking method,Non-thermal pasteurization using pressure,Tenderizing,Carbonation,Compression,1,Non-thermal method using pressure up to 600 MPa to inactivate pathogens
foo-l4-097,Food,4,What is the Strecker degradation?,Protein breakdown,Amino acid degradation producing aldehydes,Fat oxidation,Starch gelatinization,Sugar caramelization,1,Reaction where amino acids degrade producing aldehydes and flavor compounds
foo-l4-098,Food,4,What is rheology in food science?,Taste study,Study of flow and deformation,Nutritional analysis,Chemical composition,Sensory evaluation,1,Science studying how materials flow and deform under stress
foo-l4-099,Food,4,What is lyophilization?,Freezing,Freeze-drying process,Spray drying,Dehydration,Crystallization,1,Freeze-drying process removing water via sublimation
foo-l4-100,Food,4,What is the D-value in thermal processing?,Diameter,Time to reduce population by 90%,Death temperature,Decimal point,Dose required,1,Time at given temperature to reduce microbial population by one log
foo-l5-001,Food,5,What is the Maillard-Heyns pathway?,Lipid oxidation,Alternative Maillard pathway with ketoses,Enzymatic browning,Caramelization route,Fermentation mechanism,1,Maillard pathway starting from ketoses rather than aldoses
foo-l5-002,Food,5,What is cryo-concentration?,Freezing,Concentration by freeze-crystallization,Cold storage,Cryogenic grinding,Ice cream making,1,Concentration technique using controlled freezing and ice crystal removal
foo-l5-003,Food,5,What is the Avrami equation used for?,Temperature,Crystallization kinetics,Enzyme activity,Microbial growth,Oxidation rate,1,Describes how solids transform from liquid phase over time
foo-l5-004,Food,5,What is the Peleg model in rehydration?,Temperature curve,Two-parameter sorption equation,Growth curve,Decay model,pH change,1,Empirical model describing food rehydration or sorption kinetics
foo-l5-005,Food,5,What is the Hofmeister series relevance?,Temperature ranking,Ion effects on protein stability,pH scale,Sweetness order,Solubility sequence,1,Ranks ions by their ability to salt out or stabilize proteins
foo-l5-006,Food,5,What is the Maillard-Heyns pathway?,Lipid oxidation,Alternative Maillard pathway with ketoses,Enzymatic browning,Caramelization route,Fermentation mechanism,1,Maillard pathway starting from ketoses rather than aldoses
foo-l5-007,Food,5,What is cryo-concentration?,Freezing,Concentration by freeze-crystallization,Cold storage,Cryogenic grinding,Ice cream making,1,Concentration technique using controlled freezing and ice crystal removal
foo-l5-008,Food,5,What is the Avrami equation used for?,Temperature,Crystallization kinetics,Enzyme activity,Microbial growth,Oxidation rate,1,Describes how solids transform from liquid phase over time
foo-l5-009,Food,5,What is the Peleg model in rehydration?,Temperature curve,Two-parameter sorption equation,Growth curve,Decay model,pH change,1,Empirical model describing food rehydration or sorption kinetics
foo-l5-010,Food,5,What is the Hofmeister series relevance?,Temperature ranking,Ion effects on protein stability,pH scale,Sweetness order,Solubility sequence,1,Ranks ions by their ability to salt out or stabilize proteins
foo-l5-011,Food,5,What is the Maillard-Heyns pathway?,Lipid oxidation,Alternative Maillard pathway with ketoses,Enzymatic browning,Caramelization route,Fermentation mechanism,1,Maillard pathway starting from ketoses rather than aldoses
foo-l5-012,Food,5,What is cryo-concentration?,Freezing,Concentration by freeze-crystallization,Cold storage,Cryogenic grinding,Ice cream making,1,Concentration technique using controlled freezing and ice crystal removal
foo-l5-013,Food,5,What is the Avrami equation used for?,Temperature,Crystallization kinetics,Enzyme activity,Microbial growth,Oxidation rate,1,Describes how solids transform from liquid phase over time
foo-l5-014,Food,5,What is the Peleg model in rehydration?,Temperature curve,Two-parameter sorption equation,Growth curve,Decay model,pH change,1,Empirical model describing food rehydration or sorption kinetics
foo-l5-015,Food,5,What is the Hofmeister series relevance?,Temperature ranking,Ion effects on protein stability,pH scale,Sweetness order,Solubility sequence,1,Ranks ions by their ability to salt out or stabilize proteins
foo-l5-016,Food,5,What is the Maillard-Heyns pathway?,Lipid oxidation,Alternative Maillard pathway with ketoses,Enzymatic browning,Caramelization route,Fermentation mechanism,1,Maillard pathway starting from ketoses rather than aldoses
foo-l5-017,Food,5,What is cryo-concentration?,Freezing,Concentration by freeze-crystallization,Cold storage,Cryogenic grinding,Ice cream making,1,Concentration technique using controlled freezing and ice crystal removal
foo-l5-018,Food,5,What is the Avrami equation used for?,Temperature,Crystallization kinetics,Enzyme activity,Microbial growth,Oxidation rate,1,Describes how solids transform from liquid phase over time
foo-l5-019,Food,5,What is the Peleg model in rehydration?,Temperature curve,Two-parameter sorption equation,Growth curve,Decay model,pH change,1,Empirical model describing food rehydration or sorption kinetics
foo-l5-020,Food,5,What is the Hofmeister series relevance?,Temperature ranking,Ion effects on protein stability,pH scale,Sweetness order,Solubility sequence,1,Ranks ions by their ability to salt out or stabilize proteins
foo-l5-021,Food,5,What is the Maillard-Heyns pathway?,Lipid oxidation,Alternative Maillard pathway with ketoses,Enzymatic browning,Caramelization route,Fermentation mechanism,1,Maillard pathway starting from ketoses rather than aldoses
foo-l5-022,Food,5,What is cryo-concentration?,Freezing,Concentration by freeze-crystallization,Cold storage,Cryogenic grinding,Ice cream making,1,Concentration technique using controlled freezing and ice crystal removal
foo-l5-023,Food,5,What is the Avrami equation used for?,Temperature,Crystallization kinetics,Enzyme activity,Microbial growth,Oxidation rate,1,Describes how solids transform from liquid phase over time
foo-l5-024,Food,5,What is the Peleg model in rehydration?,Temperature curve,Two-parameter sorption equation,Growth curve,Decay model,pH change,1,Empirical model describing food rehydration or sorption kinetics
foo-l5-025,Food,5,What is the Hofmeister series relevance?,Temperature ranking,Ion effects on protein stability,pH scale,Sweetness order,Solubility sequence,1,Ranks ions by their ability to salt out or stabilize proteins
foo-l5-026,Food,5,What is the Maillard-Heyns pathway?,Lipid oxidation,Alternative Maillard pathway with ketoses,Enzymatic browning,Caramelization route,Fermentation mechanism,1,Maillard pathway starting from ketoses rather than aldoses
foo-l5-027,Food,5,What is cryo-concentration?,Freezing,Concentration by freeze-crystallization,Cold storage,Cryogenic grinding,Ice cream making,1,Concentration technique using controlled freezing and ice crystal removal
foo-l5-028,Food,5,What is the Avrami equation used for?,Temperature,Crystallization kinetics,Enzyme activity,Microbial growth,Oxidation rate,1,Describes how solids transform from liquid phase over time
foo-l5-029,Food,5,What is the Peleg model in rehydration?,Temperature curve,Two-parameter sorption equation,Growth curve,Decay model,pH change,1,Empirical model describing food rehydration or sorption kinetics
foo-l5-030,Food,5,What is the Hofmeister series relevance?,Temperature ranking,Ion effects on protein stability,pH scale,Sweetness order,Solubility sequence,1,Ranks ions by their ability to salt out or stabilize proteins
foo-l5-031,Food,5,What is the Maillard-Heyns pathway?,Lipid oxidation,Alternative Maillard pathway with ketoses,Enzymatic browning,Caramelization route,Fermentation mechanism,1,Maillard pathway starting from ketoses rather than aldoses
foo-l5-032,Food,5,What is cryo-concentration?,Freezing,Concentration by freeze-crystallization,Cold storage,Cryogenic grinding,Ice cream making,1,Concentration technique using controlled freezing and ice crystal removal
foo-l5-033,Food,5,What is the Avrami equation used for?,Temperature,Crystallization kinetics,Enzyme activity,Microbial growth,Oxidation rate,1,Describes how solids transform from liquid phase over time
foo-l5-034,Food,5,What is the Peleg model in rehydration?,Temperature curve,Two-parameter sorption equation,Growth curve,Decay model,pH change,1,Empirical model describing food rehydration or sorption kinetics
foo-l5-035,Food,5,What is the Hofmeister series relevance?,Temperature ranking,Ion effects on protein stability,pH scale,Sweetness order,Solubility sequence,1,Ranks ions by their ability to salt out or stabilize proteins
foo-l5-036,Food,5,What is the Maillard-Heyns pathway?,Lipid oxidation,Alternative Maillard pathway with ketoses,Enzymatic browning,Caramelization route,Fermentation mechanism,1,Maillard pathway starting from ketoses rather than aldoses
foo-l5-037,Food,5,What is cryo-concentration?,Freezing,Concentration by freeze-crystallization,Cold storage,Cryogenic grinding,Ice cream making,1,Concentration technique using controlled freezing and ice crystal removal
foo-l5-038,Food,5,What is the Avrami equation used for?,Temperature,Crystallization kinetics,Enzyme activity,Microbial growth,Oxidation rate,1,Describes how solids transform from liquid phase over time
foo-l5-039,Food,5,What is the Peleg model in rehydration?,Temperature curve,Two-parameter sorption equation,Growth curve,Decay model,pH change,1,Empirical model describing food rehydration or sorption kinetics
foo-l5-040,Food,5,What is the Hofmeister series relevance?,Temperature ranking,Ion effects on protein stability,pH scale,Sweetness order,Solubility sequence,1,Ranks ions by their ability to salt out or stabilize proteins
foo-l5-041,Food,5,What is the Maillard-Heyns pathway?,Lipid oxidation,Alternative Maillard pathway with ketoses,Enzymatic browning,Caramelization route,Fermentation mechanism,1,Maillard pathway starting from ketoses rather than aldoses
foo-l5-042,Food,5,What is cryo-concentration?,Freezing,Concentration by freeze-crystallization,Cold storage,Cryogenic grinding,Ice cream making,1,Concentration technique using controlled freezing and ice crystal removal
foo-l5-043,Food,5,What is the Avrami equation used for?,Temperature,Crystallization kinetics,Enzyme activity,Microbial growth,Oxidation rate,1,Describes how solids transform from liquid phase over time
foo-l5-044,Food,5,What is the Peleg model in rehydration?,Temperature curve,Two-parameter sorption equation,Growth curve,Decay model,pH change,1,Empirical model describing food rehydration or sorption kinetics
foo-l5-045,Food,5,What is the Hofmeister series relevance?,Temperature ranking,Ion effects on protein stability,pH scale,Sweetness order,Solubility sequence,1,Ranks ions by their ability to salt out or stabilize proteins
foo-l5-046,Food,5,What is the Maillard-Heyns pathway?,Lipid oxidation,Alternative Maillard pathway with ketoses,Enzymatic browning,Caramelization route,Fermentation mechanism,1,Maillard pathway starting from ketoses rather than aldoses
foo-l5-047,Food,5,What is cryo-concentration?,Freezing,Concentration by freeze-crystallization,Cold storage,Cryogenic grinding,Ice cream making,1,Concentration technique using controlled freezing and ice crystal removal
foo-l5-048,Food,5,What is the Avrami equation used for?,Temperature,Crystallization kinetics,Enzyme activity,Microbial growth,Oxidation rate,1,Describes how solids transform from liquid phase over time
foo-l5-049,Food,5,What is the Peleg model in rehydration?,Temperature curve,Two-parameter sorption equation,Growth curve,Decay model,pH change,1,Empirical model describing food rehydration or sorption kinetics
foo-l5-050,Food,5,What is the Hofmeister series relevance?,Temperature ranking,Ion effects on protein stability,pH scale,Sweetness order,Solubility sequence,1,Ranks ions by their ability to salt out or stabilize proteins
foo-l5-051,Food,5,What is the Maillard-Heyns pathway?,Lipid oxidation,Alternative Maillard pathway with ketoses,Enzymatic browning,Caramelization route,Fermentation mechanism,1,Maillard pathway starting from ketoses rather than aldoses
foo-l5-052,Food,5,What is cryo-concentration?,Freezing,Concentration by freeze-crystallization,Cold storage,Cryogenic grinding,Ice cream making,1,Concentration technique using controlled freezing and ice crystal removal
foo-l5-053,Food,5,What is the Avrami equation used for?,Temperature,Crystallization kinetics,Enzyme activity,Microbial growth,Oxidation rate,1,Describes how solids transform from liquid phase over time
foo-l5-054,Food,5,What is the Peleg model in rehydration?,Temperature curve,Two-parameter sorption equation,Growth curve,Decay model,pH change,1,Empirical model describing food rehydration or sorption kinetics
foo-l5-055,Food,5,What is the Hofmeister series relevance?,Temperature ranking,Ion effects on protein stability,pH scale,Sweetness order,Solubility sequence,1,Ranks ions by their ability to salt out or stabilize proteins
foo-l5-056,Food,5,What is the Maillard-Heyns pathway?,Lipid oxidation,Alternative Maillard pathway with ketoses,Enzymatic browning,Caramelization route,Fermentation mechanism,1,Maillard pathway starting from ketoses rather than aldoses
foo-l5-057,Food,5,What is cryo-concentration?,Freezing,Concentration by freeze-crystallization,Cold storage,Cryogenic grinding,Ice cream making,1,Concentration technique using controlled freezing and ice crystal removal
foo-l5-058,Food,5,What is the Avrami equation used for?,Temperature,Crystallization kinetics,Enzyme activity,Microbial growth,Oxidation rate,1,Describes how solids transform from liquid phase over time
foo-l5-059,Food,5,What is the Peleg model in rehydration?,Temperature curve,Two-parameter sorption equation,Growth curve,Decay model,pH change,1,Empirical model describing food rehydration or sorption kinetics
foo-l5-060,Food,5,What is the Hofmeister series relevance?,Temperature ranking,Ion effects on protein stability,pH scale,Sweetness order,Solubility sequence,1,Ranks ions by their ability to salt out or stabilize proteins
foo-l5-061,Food,5,What is the Maillard-Heyns pathway?,Lipid oxidation,Alternative Maillard pathway with ketoses,Enzymatic browning,Caramelization route,Fermentation mechanism,1,Maillard pathway starting from ketoses rather than aldoses
foo-l5-062,Food,5,What is cryo-concentration?,Freezing,Concentration by freeze-crystallization,Cold storage,Cryogenic grinding,Ice cream making,1,Concentration technique using controlled freezing and ice crystal removal
foo-l5-063,Food,5,What is the Avrami equation used for?,Temperature,Crystallization kinetics,Enzyme activity,Microbial growth,Oxidation rate,1,Describes how solids transform from liquid phase over time
foo-l5-064,Food,5,What is the Peleg model in rehydration?,Temperature curve,Two-parameter sorption equation,Growth curve,Decay model,pH change,1,Empirical model describing food rehydration or sorption kinetics
foo-l5-065,Food,5,What is the Hofmeister series relevance?,Temperature ranking,Ion effects on protein stability,pH scale,Sweetness order,Solubility sequence,1,Ranks ions by their ability to salt out or stabilize proteins
foo-l5-066,Food,5,What is the Maillard-Heyns pathway?,Lipid oxidation,Alternative Maillard pathway with ketoses,Enzymatic browning,Caramelization route,Fermentation mechanism,1,Maillard pathway starting from ketoses rather than aldoses
foo-l5-067,Food,5,What is cryo-concentration?,Freezing,Concentration by freeze-crystallization,Cold storage,Cryogenic grinding,Ice cream making,1,Concentration technique using controlled freezing and ice crystal removal
foo-l5-068,Food,5,What is the Avrami equation used for?,Temperature,Crystallization kinetics,Enzyme activity,Microbial growth,Oxidation rate,1,Describes how solids transform from liquid phase over time
foo-l5-069,Food,5,What is the Peleg model in rehydration?,Temperature curve,Two-parameter sorption equation,Growth curve,Decay model,pH change,1,Empirical model describing food rehydration or sorption kinetics
foo-l5-070,Food,5,What is the Hofmeister series relevance?,Temperature ranking,Ion effects on protein stability,pH scale,Sweetness order,Solubility sequence,1,Ranks ions by their ability to salt out or stabilize proteins
foo-l5-071,Food,5,What is the Maillard-Heyns pathway?,Lipid oxidation,Alternative Maillard pathway with ketoses,Enzymatic browning,Caramelization route,Fermentation mechanism,1,Maillard pathway starting from ketoses rather than aldoses
foo-l5-072,Food,5,What is cryo-concentration?,Freezing,Concentration by freeze-crystallization,Cold storage,Cryogenic grinding,Ice cream making,1,Concentration technique using controlled freezing and ice crystal removal
foo-l5-073,Food,5,What is the Avrami equation used for?,Temperature,Crystallization kinetics,Enzyme activity,Microbial growth,Oxidation rate,1,Describes how solids transform from liquid phase over time
foo-l5-074,Food,5,What is the Peleg model in rehydration?,Temperature curve,Two-parameter sorption equation,Growth curve,Decay model,pH change,1,Empirical model describing food rehydration or sorption kinetics
foo-l5-075,Food,5,What is the Hofmeister series relevance?,Temperature ranking,Ion effects on protein stability,pH scale,Sweetness order,Solubility sequence,1,Ranks ions by their ability to salt out or stabilize proteins
foo-l5-076,Food,5,What is the Maillard-Heyns pathway?,Lipid oxidation,Alternative Maillard pathway with ketoses,Enzymatic browning,Caramelization route,Fermentation mechanism,1,Maillard pathway starting from ketoses rather than aldoses
foo-l5-077,Food,5,What is cryo-concentration?,Freezing,Concentration by freeze-crystallization,Cold storage,Cryogenic grinding,Ice cream making,1,Concentration technique using controlled freezing and ice crystal removal
foo-l5-078,Food,5,What is the Avrami equation used for?,Temperature,Crystallization kinetics,Enzyme activity,Microbial growth,Oxidation rate,1,Describes how solids transform from liquid phase over time
foo-l5-079,Food,5,What is the Peleg model in rehydration?,Temperature curve,Two-parameter sorption equation,Growth curve,Decay model,pH change,1,Empirical model describing food rehydration or sorption kinetics
foo-l5-080,Food,5,What is the Hofmeister series relevance?,Temperature ranking,Ion effects on protein stability,pH scale,Sweetness order,Solubility sequence,1,Ranks ions by their ability to salt out or stabilize proteins
foo-l5-081,Food,5,What is the Maillard-Heyns pathway?,Lipid oxidation,Alternative Maillard pathway with ketoses,Enzymatic browning,Caramelization route,Fermentation mechanism,1,Maillard pathway starting from ketoses rather than aldoses
foo-l5-082,Food,5,What is cryo-concentration?,Freezing,Concentration by freeze-crystallization,Cold storage,Cryogenic grinding,Ice cream making,1,Concentration technique using controlled freezing and ice crystal removal
foo-l5-083,Food,5,What is the Avrami equation used for?,Temperature,Crystallization kinetics,Enzyme activity,Microbial growth,Oxidation rate,1,Describes how solids transform from liquid phase over time
foo-l5-084,Food,5,What is the Peleg model in rehydration?,Temperature curve,Two-parameter sorption equation,Growth curve,Decay model,pH change,1,Empirical model describing food rehydration or sorption kinetics
foo-l5-085,Food,5,What is the Hofmeister series relevance?,Temperature ranking,Ion effects on protein stability,pH scale,Sweetness order,Solubility sequence,1,Ranks ions by their ability to salt out or stabilize proteins
foo-l5-086,Food,5,What is the Maillard-Heyns pathway?,Lipid oxidation,Alternative Maillard pathway with ketoses,Enzymatic browning,Caramelization route,Fermentation mechanism,1,Maillard pathway starting from ketoses rather than aldoses
foo-l5-087,Food,5,What is cryo-concentration?,Freezing,Concentration by freeze-crystallization,Cold storage,Cryogenic grinding,Ice cream making,1,Concentration technique using controlled freezing and ice crystal removal
foo-l5-088,Food,5,What is the Avrami equation used for?,Temperature,Crystallization kinetics,Enzyme activity,Microbial growth,Oxidation rate,1,Describes how solids transform from liquid phase over time
foo-l5-089,Food,5,What is the Peleg model in rehydration?,Temperature curve,Two-parameter sorption equation,Growth curve,Decay model,pH change,1,Empirical model describing food rehydration or sorption kinetics
foo-l5-090,Food,5,What is the Hofmeister series relevance?,Temperature ranking,Ion effects on protein stability,pH scale,Sweetness order,Solubility sequence,1,Ranks ions by their ability to salt out or stabilize proteins
foo-l5-091,Food,5,What is the Maillard-Heyns pathway?,Lipid oxidation,Alternative Maillard pathway with ketoses,Enzymatic browning,Caramelization route,Fermentation mechanism,1,Maillard pathway starting from ketoses rather than aldoses
foo-l5-092,Food,5,What is cryo-concentration?,Freezing,Concentration by freeze-crystallization,Cold storage,Cryogenic grinding,Ice cream making,1,Concentration technique using controlled freezing and ice crystal removal
foo-l5-093,Food,5,What is the Avrami equation used for?,Temperature,Crystallization kinetics,Enzyme activity,Microbial growth,Oxidation rate,1,Describes how solids transform from liquid phase over time
foo-l5-094,Food,5,What is the Peleg model in rehydration?,Temperature curve,Two-parameter sorption equation,Growth curve,Decay model,pH change,1,Empirical model describing food rehydration or sorption kinetics
foo-l5-095,Food,5,What is the Hofmeister series relevance?,Temperature ranking,Ion effects on protein stability,pH scale,Sweetness order,Solubility sequence,1,Ranks ions by their ability to salt out or stabilize proteins
foo-l5-096,Food,5,What is the Maillard-Heyns pathway?,Lipid oxidation,Alternative Maillard pathway with ketoses,Enzymatic browning,Caramelization route,Fermentation mechanism,1,Maillard pathway starting from ketoses rather than aldoses
foo-l5-097,Food,5,What is cryo-concentration?,Freezing,Concentration by freeze-crystallization,Cold storage,Cryogenic grinding,Ice cream making,1,Concentration technique using controlled freezing and ice crystal removal
foo-l5-098,Food,5,What is the Avrami equation used for?,Temperature,Crystallization kinetics,Enzyme activity,Microbial growth,Oxidation rate,1,Describes how solids transform from liquid phase over time
foo-l5-099,Food,5,What is the Peleg model in rehydration?,Temperature curve,Two-parameter sorption equation,Growth curve,Decay model,pH change,1,Empirical model describing food rehydration or sorption kinetics
foo-l5-100,Food,5,What is the Hofmeister series relevance?,Temperature ranking,Ion effects on protein stability,pH scale,Sweetness order,Solubility sequence,1,Ranks ions by their ability to salt out or stabilize proteins
lan-l1-001,Language,1,What is a noun?,Action word,"Person, place, or thing",Describing word,Connecting word,Exclamation,1,"Names people, places, things, or ideas"
lan-l1-002,Language,1,What is a verb?,Person word,Action or state word,Describing word,Connecting word,Name,1,Expresses action or state of being
lan-l1-003,Language,1,What is an adjective?,Action word,Name word,Word describing noun,Connecting word,Place,1,Modifies or describes a noun
lan-l1-004,Language,1,How many letters are in the English alphabet?,24,25,26,27,28,2,"From A to Z, this many letters"
lan-l1-005,Language,1,What is a synonym?,Opposite word,Word with similar meaning,Spelling rule,Grammar term,Punctuation,1,'Big' and 'large' are examples of this relationship
lan-l1-006,Language,1,What is a noun?,Action word,"Person, place, or thing",Describing word,Connecting word,Exclamation,1,"Names people, places, things, or ideas"
lan-l1-007,Language,1,What is a verb?,Person word,Action or state word,Describing word,Connecting word,Name,1,Expresses action or state of being
lan-l1-008,Language,1,What is an adjective?,Action word,Name word,Word describing noun,Connecting word,Place,1,Modifies or describes a noun
lan-l1-009,Language,1,How many letters are in the English alphabet?,24,25,26,27,28,2,"From A to Z, this many letters"
lan-l1-010,Language,1,What is a synonym?,Opposite word,Word with similar meaning,Spelling rule,Grammar term,Punctuation,1,'Big' and 'large' are examples of this relationship
lan-l1-011,Language,1,What is a noun?,Action word,"Person, place, or thing",Describing word,Connecting word,Exclamation,1,"Names people, places, things, or ideas"
lan-l1-012,Language,1,What is a verb?,Person word,Action or state word,Describing word,Connecting word,Name,1,Expresses action or state of being
lan-l1-013,Language,1,What is an adjective?,Action word,Name word,Word describing noun,Connecting word,Place,1,Modifies or describes a noun
lan-l1-014,Language,1,How many letters are in the English alphabet?,24,25,26,27,28,2,"From A to Z, this many letters"
lan-l1-015,Language,1,What is a synonym?,Opposite word,Word with similar meaning,Spelling rule,Grammar term,Punctuation,1,'Big' and 'large' are examples of this relationship
lan-l1-016,Language,1,What is a noun?,Action word,"Person, place, or thing",Describing word,Connecting word,Exclamation,1,"Names people, places, things, or ideas"
lan-l1-017,Language,1,What is a verb?,Person word,Action or state word,Describing word,Connecting word,Name,1,Expresses action or state of being
lan-l1-018,Language,1,What is an adjective?,Action word,Name word,Word describing noun,Connecting word,Place,1,Modifies or describes a noun
lan-l1-019,Language,1,How many letters are in the English alphabet?,24,25,26,27,28,2,"From A to Z, this many letters"
lan-l1-020,Language,1,What is a synonym?,Opposite word,Word with similar meaning,Spelling rule,Grammar term,Punctuation,1,'Big' and 'large' are examples of this relationship
lan-l1-021,Language,1,What is a noun?,Action word,"Person, place, or thing",Describing word,Connecting word,Exclamation,1,"Names people, places, things, or ideas"
lan-l1-022,Language,1,What is a verb?,Person word,Action or state word,Describing word,Connecting word,Name,1,Expresses action or state of being
lan-l1-023,Language,1,What is an adjective?,Action word,Name word,Word describing noun,Connecting word,Place,1,Modifies or describes a noun
lan-l1-024,Language,1,How many letters are in the English alphabet?,24,25,26,27,28,2,"From A to Z, this many letters"
lan-l1-025,Language,1,What is a synonym?,Opposite word,Word with similar meaning,Spelling rule,Grammar term,Punctuation,1,'Big' and 'large' are examples of this relationship
lan-l1-026,Language,1,What is a noun?,Action word,"Person, place, or thing",Describing word,Connecting word,Exclamation,1,"Names people, places, things, or ideas"
lan-l1-027,Language,1,What is a verb?,Person word,Action or state word,Describing word,Connecting word,Name,1,Expresses action or state of being
lan-l1-028,Language,1,What is an adjective?,Action word,Name word,Word describing noun,Connecting word,Place,1,Modifies or describes a noun
lan-l1-029,Language,1,How many letters are in the English alphabet?,24,25,26,27,28,2,"From A to Z, this many letters"
lan-l1-030,Language,1,What is a synonym?,Opposite word,Word with similar meaning,Spelling rule,Grammar term,Punctuation,1,'Big' and 'large' are examples of this relationship
lan-l1-031,Language,1,What is a noun?,Action word,"Person, place, or thing",Describing word,Connecting word,Exclamation,1,"Names people, places, things, or ideas"
lan-l1-032,Language,1,What is a verb?,Person word,Action or state word,Describing word,Connecting word,Name,1,Expresses action or state of being
lan-l1-033,Language,1,What is an adjective?,Action word,Name word,Word describing noun,Connecting word,Place,1,Modifies or describes a noun
lan-l1-034,Language,1,How many letters are in the English alphabet?,24,25,26,27,28,2,"From A to Z, this many letters"
lan-l1-035,Language,1,What is a synonym?,Opposite word,Word with similar meaning,Spelling rule,Grammar term,Punctuation,1,'Big' and 'large' are examples of this relationship
lan-l1-036,Language,1,What is a noun?,Action word,"Person, place, or thing",Describing word,Connecting word,Exclamation,1,"Names people, places, things, or ideas"
lan-l1-037,Language,1,What is a verb?,Person word,Action or state word,Describing word,Connecting word,Name,1,Expresses action or state of being
lan-l1-038,Language,1,What is an adjective?,Action word,Name word,Word describing noun,Connecting word,Place,1,Modifies or describes a noun
lan-l1-039,Language,1,How many letters are in the English alphabet?,24,25,26,27,28,2,"From A to Z, this many letters"
lan-l1-040,Language,1,What is a synonym?,Opposite word,Word with similar meaning,Spelling rule,Grammar term,Punctuation,1,'Big' and 'large' are examples of this relationship
lan-l1-041,Language,1,What is a noun?,Action word,"Person, place, or thing",Describing word,Connecting word,Exclamation,1,"Names people, places, things, or ideas"
lan-l1-042,Language,1,What is a verb?,Person word,Action or state word,Describing word,Connecting word,Name,1,Expresses action or state of being
lan-l1-043,Language,1,What is an adjective?,Action word,Name word,Word describing noun,Connecting word,Place,1,Modifies or describes a noun
lan-l1-044,Language,1,How many letters are in the English alphabet?,24,25,26,27,28,2,"From A to Z, this many letters"
lan-l1-045,Language,1,What is a synonym?,Opposite word,Word with similar meaning,Spelling rule,Grammar term,Punctuation,1,'Big' and 'large' are examples of this relationship
lan-l1-046,Language,1,What is a noun?,Action word,"Person, place, or thing",Describing word,Connecting word,Exclamation,1,"Names people, places, things, or ideas"
lan-l1-047,Language,1,What is a verb?,Person word,Action or state word,Describing word,Connecting word,Name,1,Expresses action or state of being
lan-l1-048,Language,1,What is an adjective?,Action word,Name word,Word describing noun,Connecting word,Place,1,Modifies or describes a noun
lan-l1-049,Language,1,How many letters are in the English alphabet?,24,25,26,27,28,2,"From A to Z, this many letters"
lan-l1-050,Language,1,What is a synonym?,Opposite word,Word with similar meaning,Spelling rule,Grammar term,Punctuation,1,'Big' and 'large' are examples of this relationship
lan-l1-051,Language,1,What is a noun?,Action word,"Person, place, or thing",Describing word,Connecting word,Exclamation,1,"Names people, places, things, or ideas"
lan-l1-052,Language,1,What is a verb?,Person word,Action or state word,Describing word,Connecting word,Name,1,Expresses action or state of being
lan-l1-053,Language,1,What is an adjective?,Action word,Name word,Word describing noun,Connecting word,Place,1,Modifies or describes a noun
lan-l1-054,Language,1,How many letters are in the English alphabet?,24,25,26,27,28,2,"From A to Z, this many letters"
lan-l1-055,Language,1,What is a synonym?,Opposite word,Word with similar meaning,Spelling rule,Grammar term,Punctuation,1,'Big' and 'large' are examples of this relationship
lan-l1-056,Language,1,What is a noun?,Action word,"Person, place, or thing",Describing word,Connecting word,Exclamation,1,"Names people, places, things, or ideas"
lan-l1-057,Language,1,What is a verb?,Person word,Action or state word,Describing word,Connecting word,Name,1,Expresses action or state of being
lan-l1-058,Language,1,What is an adjective?,Action word,Name word,Word describing noun,Connecting word,Place,1,Modifies or describes a noun
lan-l1-059,Language,1,How many letters are in the English alphabet?,24,25,26,27,28,2,"From A to Z, this many letters"
lan-l1-060,Language,1,What is a synonym?,Opposite word,Word with similar meaning,Spelling rule,Grammar term,Punctuation,1,'Big' and 'large' are examples of this relationship
lan-l1-061,Language,1,What is a noun?,Action word,"Person, place, or thing",Describing word,Connecting word,Exclamation,1,"Names people, places, things, or ideas"
lan-l1-062,Language,1,What is a verb?,Person word,Action or state word,Describing word,Connecting word,Name,1,Expresses action or state of being
lan-l1-063,Language,1,What is an adjective?,Action word,Name word,Word describing noun,Connecting word,Place,1,Modifies or describes a noun
lan-l1-064,Language,1,How many letters are in the English alphabet?,24,25,26,27,28,2,"From A to Z, this many letters"
lan-l1-065,Language,1,What is a synonym?,Opposite word,Word with similar meaning,Spelling rule,Grammar term,Punctuation,1,'Big' and 'large' are examples of this relationship
lan-l1-066,Language,1,What is a noun?,Action word,"Person, place, or thing",Describing word,Connecting word,Exclamation,1,"Names people, places, things, or ideas"
lan-l1-067,Language,1,What is a verb?,Person word,Action or state word,Describing word,Connecting word,Name,1,Expresses action or state of being
lan-l1-068,Language,1,What is an adjective?,Action word,Name word,Word describing noun,Connecting word,Place,1,Modifies or describes a noun
lan-l1-069,Language,1,How many letters are in the English alphabet?,24,25,26,27,28,2,"From A to Z, this many letters"
lan-l1-070,Language,1,What is a synonym?,Opposite word,Word with similar meaning,Spelling rule,Grammar term,Punctuation,1,'Big' and 'large' are examples of this relationship
lan-l1-071,Language,1,What is a noun?,Action word,"Person, place, or thing",Describing word,Connecting word,Exclamation,1,"Names people, places, things, or ideas"
lan-l1-072,Language,1,What is a verb?,Person word,Action or state word,Describing word,Connecting word,Name,1,Expresses action or state of being
lan-l1-073,Language,1,What is an adjective?,Action word,Name word,Word describing noun,Connecting word,Place,1,Modifies or describes a noun
lan-l1-074,Language,1,How many letters are in the English alphabet?,24,25,26,27,28,2,"From A to Z, this many letters"
lan-l1-075,Language,1,What is a synonym?,Opposite word,Word with similar meaning,Spelling rule,Grammar term,Punctuation,1,'Big' and 'large' are examples of this relationship
lan-l1-076,Language,1,What is a noun?,Action word,"Person, place, or thing",Describing word,Connecting word,Exclamation,1,"Names people, places, things, or ideas"
lan-l1-077,Language,1,What is a verb?,Person word,Action or state word,Describing word,Connecting word,Name,1,Expresses action or state of being
lan-l1-078,Language,1,What is an adjective?,Action word,Name word,Word describing noun,Connecting word,Place,1,Modifies or describes a noun
lan-l1-079,Language,1,How many letters are in the English alphabet?,24,25,26,27,28,2,"From A to Z, this many letters"
lan-l1-080,Language,1,What is a synonym?,Opposite word,Word with similar meaning,Spelling rule,Grammar term,Punctuation,1,'Big' and 'large' are examples of this relationship
lan-l1-081,Language,1,What is a noun?,Action word,"Person, place, or thing",Describing word,Connecting word,Exclamation,1,"Names people, places, things, or ideas"
lan-l1-082,Language,1,What is a verb?,Person word,Action or state word,Describing word,Connecting word,Name,1,Expresses action or state of being
lan-l1-083,Language,1,What is an adjective?,Action word,Name word,Word describing noun,Connecting word,Place,1,Modifies or describes a noun
lan-l1-084,Language,1,How many letters are in the English alphabet?,24,25,26,27,28,2,"From A to Z, this many letters"
lan-l1-085,Language,1,What is a synonym?,Opposite word,Word with similar meaning,Spelling rule,Grammar term,Punctuation,1,'Big' and 'large' are examples of this relationship
lan-l1-086,Language,1,What is a noun?,Action word,"Person, place, or thing",Describing word,Connecting word,Exclamation,1,"Names people, places, things, or ideas"
lan-l1-087,Language,1,What is a verb?,Person word,Action or state word,Describing word,Connecting word,Name,1,Expresses action or state of being
lan-l1-088,Language,1,What is an adjective?,Action word,Name word,Word describing noun,Connecting word,Place,1,Modifies or describes a noun
lan-l1-089,Language,1,How many letters are in the English alphabet?,24,25,26,27,28,2,"From A to Z, this many letters"
lan-l1-090,Language,1,What is a synonym?,Opposite word,Word with similar meaning,Spelling rule,Grammar term,Punctuation,1,'Big' and 'large' are examples of this relationship
lan-l1-091,Language,1,What is a noun?,Action word,"Person, place, or thing",Describing word,Connecting word,Exclamation,1,"Names people, places, things, or ideas"
lan-l1-092,Language,1,What is a verb?,Person word,Action or state word,Describing word,Connecting word,Name,1,Expresses action or state of being
lan-l1-093,Language,1,What is an adjective?,Action word,Name word,Word describing noun,Connecting word,Place,1,Modifies or describes a noun
lan-l1-094,Language,1,How many letters are in the English alphabet?,24,25,26,27,28,2,"From A to Z, this many letters"
lan-l1-095,Language,1,What is a synonym?,Opposite word,Word with similar meaning,Spelling rule,Grammar term,Punctuation,1,'Big' and 'large' are examples of this relationship
lan-l1-096,Language,1,What is a noun?,Action word,"Person, place, or thing",Describing word,Connecting word,Exclamation,1,"Names people, places, things, or ideas"
lan-l1-097,Language,1,What is a verb?,Person word,Action or state word,Describing word,Connecting word,Name,1,Expresses action or state of being
lan-l1-098,Language,1,What is an adjective?,Action word,Name word,Word describing noun,Connecting word,Place,1,Modifies or describes a noun
lan-l1-099,Language,1,How many letters are in the English alphabet?,24,25,26,27,28,2,"From A to Z, this many letters"
lan-l1-100,Language,1,What is a synonym?,Opposite word,Word with similar meaning,Spelling rule,Grammar term,Punctuation,1,'Big' and 'large' are examples of this relationship
lan-l2-001,Language,2,What is a metaphor?,Literal comparison,Implied comparison without 'like' or 'as',Exaggeration,Sound imitation,Repetition,1,'Time is money' is an example of this
lan-l2-002,Language,2,What is a clause?,Single word,Group of words with subject and verb,Phrase,Sentence fragment,Paragraph,1,Contains a subject and predicate but may not be complete
lan-l2-003,Language,2,What is personification?,Human comparison,Giving human qualities to non-human things,Exaggeration,Understatement,Irony,1,'The wind whispered' uses this literary device
lan-l2-004,Language,2,What is an idiom?,Literal phrase,Expression with non-literal meaning,Foreign word,Slang,Grammar rule,1,'It's raining cats and dogs' is an example
lan-l2-005,Language,2,What is hyperbole?,Understatement,Extreme exaggeration,Literal statement,Comparison,Contrast,1,'I'm so hungry I could eat a horse' uses this
lan-l2-006,Language,2,What is a metaphor?,Literal comparison,Implied comparison without 'like' or 'as',Exaggeration,Sound imitation,Repetition,1,'Time is money' is an example of this
lan-l2-007,Language,2,What is a clause?,Single word,Group of words with subject and verb,Phrase,Sentence fragment,Paragraph,1,Contains a subject and predicate but may not be complete
lan-l2-008,Language,2,What is personification?,Human comparison,Giving human qualities to non-human things,Exaggeration,Understatement,Irony,1,'The wind whispered' uses this literary device
lan-l2-009,Language,2,What is an idiom?,Literal phrase,Expression with non-literal meaning,Foreign word,Slang,Grammar rule,1,'It's raining cats and dogs' is an example
lan-l2-010,Language,2,What is hyperbole?,Understatement,Extreme exaggeration,Literal statement,Comparison,Contrast,1,'I'm so hungry I could eat a horse' uses this
lan-l2-011,Language,2,What is a metaphor?,Literal comparison,Implied comparison without 'like' or 'as',Exaggeration,Sound imitation,Repetition,1,'Time is money' is an example of this
lan-l2-012,Language,2,What is a clause?,Single word,Group of words with subject and verb,Phrase,Sentence fragment,Paragraph,1,Contains a subject and predicate but may not be complete
lan-l2-013,Language,2,What is personification?,Human comparison,Giving human qualities to non-human things,Exaggeration,Understatement,Irony,1,'The wind whispered' uses this literary device
lan-l2-014,Language,2,What is an idiom?,Literal phrase,Expression with non-literal meaning,Foreign word,Slang,Grammar rule,1,'It's raining cats and dogs' is an example
lan-l2-015,Language,2,What is hyperbole?,Understatement,Extreme exaggeration,Literal statement,Comparison,Contrast,1,'I'm so hungry I could eat a horse' uses this
lan-l2-016,Language,2,What is a metaphor?,Literal comparison,Implied comparison without 'like' or 'as',Exaggeration,Sound imitation,Repetition,1,'Time is money' is an example of this
lan-l2-017,Language,2,What is a clause?,Single word,Group of words with subject and verb,Phrase,Sentence fragment,Paragraph,1,Contains a subject and predicate but may not be complete
lan-l2-018,Language,2,What is personification?,Human comparison,Giving human qualities to non-human things,Exaggeration,Understatement,Irony,1,'The wind whispered' uses this literary device
lan-l2-019,Language,2,What is an idiom?,Literal phrase,Expression with non-literal meaning,Foreign word,Slang,Grammar rule,1,'It's raining cats and dogs' is an example
lan-l2-020,Language,2,What is hyperbole?,Understatement,Extreme exaggeration,Literal statement,Comparison,Contrast,1,'I'm so hungry I could eat a horse' uses this
lan-l2-021,Language,2,What is a metaphor?,Literal comparison,Implied comparison without 'like' or 'as',Exaggeration,Sound imitation,Repetition,1,'Time is money' is an example of this
lan-l2-022,Language,2,What is a clause?,Single word,Group of words with subject and verb,Phrase,Sentence fragment,Paragraph,1,Contains a subject and predicate but may not be complete
lan-l2-023,Language,2,What is personification?,Human comparison,Giving human qualities to non-human things,Exaggeration,Understatement,Irony,1,'The wind whispered' uses this literary device
lan-l2-024,Language,2,What is an idiom?,Literal phrase,Expression with non-literal meaning,Foreign word,Slang,Grammar rule,1,'It's raining cats and dogs' is an example
lan-l2-025,Language,2,What is hyperbole?,Understatement,Extreme exaggeration,Literal statement,Comparison,Contrast,1,'I'm so hungry I could eat a horse' uses this
lan-l2-026,Language,2,What is a metaphor?,Literal comparison,Implied comparison without 'like' or 'as',Exaggeration,Sound imitation,Repetition,1,'Time is money' is an example of this
lan-l2-027,Language,2,What is a clause?,Single word,Group of words with subject and verb,Phrase,Sentence fragment,Paragraph,1,Contains a subject and predicate but may not be complete
lan-l2-028,Language,2,What is personification?,Human comparison,Giving human qualities to non-human things,Exaggeration,Understatement,Irony,1,'The wind whispered' uses this literary device
lan-l2-029,Language,2,What is an idiom?,Literal phrase,Expression with non-literal meaning,Foreign word,Slang,Grammar rule,1,'It's raining cats and dogs' is an example
lan-l2-030,Language,2,What is hyperbole?,Understatement,Extreme exaggeration,Literal statement,Comparison,Contrast,1,'I'm so hungry I could eat a horse' uses this
lan-l2-031,Language,2,What is a metaphor?,Literal comparison,Implied comparison without 'like' or 'as',Exaggeration,Sound imitation,Repetition,1,'Time is money' is an example of this
lan-l2-032,Language,2,What is a clause?,Single word,Group of words with subject and verb,Phrase,Sentence fragment,Paragraph,1,Contains a subject and predicate but may not be complete
lan-l2-033,Language,2,What is personification?,Human comparison,Giving human qualities to non-human things,Exaggeration,Understatement,Irony,1,'The wind whispered' uses this literary device
lan-l2-034,Language,2,What is an idiom?,Literal phrase,Expression with non-literal meaning,Foreign word,Slang,Grammar rule,1,'It's raining cats and dogs' is an example
lan-l2-035,Language,2,What is hyperbole?,Understatement,Extreme exaggeration,Literal statement,Comparison,Contrast,1,'I'm so hungry I could eat a horse' uses this
lan-l2-036,Language,2,What is a metaphor?,Literal comparison,Implied comparison without 'like' or 'as',Exaggeration,Sound imitation,Repetition,1,'Time is money' is an example of this
lan-l2-037,Language,2,What is a clause?,Single word,Group of words with subject and verb,Phrase,Sentence fragment,Paragraph,1,Contains a subject and predicate but may not be complete
lan-l2-038,Language,2,What is personification?,Human comparison,Giving human qualities to non-human things,Exaggeration,Understatement,Irony,1,'The wind whispered' uses this literary device
lan-l2-039,Language,2,What is an idiom?,Literal phrase,Expression with non-literal meaning,Foreign word,Slang,Grammar rule,1,'It's raining cats and dogs' is an example
lan-l2-040,Language,2,What is hyperbole?,Understatement,Extreme exaggeration,Literal statement,Comparison,Contrast,1,'I'm so hungry I could eat a horse' uses this
lan-l2-041,Language,2,What is a metaphor?,Literal comparison,Implied comparison without 'like' or 'as',Exaggeration,Sound imitation,Repetition,1,'Time is money' is an example of this
lan-l2-042,Language,2,What is a clause?,Single word,Group of words with subject and verb,Phrase,Sentence fragment,Paragraph,1,Contains a subject and predicate but may not be complete
lan-l2-043,Language,2,What is personification?,Human comparison,Giving human qualities to non-human things,Exaggeration,Understatement,Irony,1,'The wind whispered' uses this literary device
lan-l2-044,Language,2,What is an idiom?,Literal phrase,Expression with non-literal meaning,Foreign word,Slang,Grammar rule,1,'It's raining cats and dogs' is an example
lan-l2-045,Language,2,What is hyperbole?,Understatement,Extreme exaggeration,Literal statement,Comparison,Contrast,1,'I'm so hungry I could eat a horse' uses this
lan-l2-046,Language,2,What is a metaphor?,Literal comparison,Implied comparison without 'like' or 'as',Exaggeration,Sound imitation,Repetition,1,'Time is money' is an example of this
lan-l2-047,Language,2,What is a clause?,Single word,Group of words with subject and verb,Phrase,Sentence fragment,Paragraph,1,Contains a subject and predicate but may not be complete
lan-l2-048,Language,2,What is personification?,Human comparison,Giving human qualities to non-human things,Exaggeration,Understatement,Irony,1,'The wind whispered' uses this literary device
lan-l2-049,Language,2,What is an idiom?,Literal phrase,Expression with non-literal meaning,Foreign word,Slang,Grammar rule,1,'It's raining cats and dogs' is an example
lan-l2-050,Language,2,What is hyperbole?,Understatement,Extreme exaggeration,Literal statement,Comparison,Contrast,1,'I'm so hungry I could eat a horse' uses this
lan-l2-051,Language,2,What is a metaphor?,Literal comparison,Implied comparison without 'like' or 'as',Exaggeration,Sound imitation,Repetition,1,'Time is money' is an example of this
lan-l2-052,Language,2,What is a clause?,Single word,Group of words with subject and verb,Phrase,Sentence fragment,Paragraph,1,Contains a subject and predicate but may not be complete
lan-l2-053,Language,2,What is personification?,Human comparison,Giving human qualities to non-human things,Exaggeration,Understatement,Irony,1,'The wind whispered' uses this literary device
lan-l2-054,Language,2,What is an idiom?,Literal phrase,Expression with non-literal meaning,Foreign word,Slang,Grammar rule,1,'It's raining cats and dogs' is an example
lan-l2-055,Language,2,What is hyperbole?,Understatement,Extreme exaggeration,Literal statement,Comparison,Contrast,1,'I'm so hungry I could eat a horse' uses this
lan-l2-056,Language,2,What is a metaphor?,Literal comparison,Implied comparison without 'like' or 'as',Exaggeration,Sound imitation,Repetition,1,'Time is money' is an example of this
lan-l2-057,Language,2,What is a clause?,Single word,Group of words with subject and verb,Phrase,Sentence fragment,Paragraph,1,Contains a subject and predicate but may not be complete
lan-l2-058,Language,2,What is personification?,Human comparison,Giving human qualities to non-human things,Exaggeration,Understatement,Irony,1,'The wind whispered' uses this literary device
lan-l2-059,Language,2,What is an idiom?,Literal phrase,Expression with non-literal meaning,Foreign word,Slang,Grammar rule,1,'It's raining cats and dogs' is an example
lan-l2-060,Language,2,What is hyperbole?,Understatement,Extreme exaggeration,Literal statement,Comparison,Contrast,1,'I'm so hungry I could eat a horse' uses this
lan-l2-061,Language,2,What is a metaphor?,Literal comparison,Implied comparison without 'like' or 'as',Exaggeration,Sound imitation,Repetition,1,'Time is money' is an example of this
lan-l2-062,Language,2,What is a clause?,Single word,Group of words with subject and verb,Phrase,Sentence fragment,Paragraph,1,Contains a subject and predicate but may not be complete
lan-l2-063,Language,2,What is personification?,Human comparison,Giving human qualities to non-human things,Exaggeration,Understatement,Irony,1,'The wind whispered' uses this literary device
lan-l2-064,Language,2,What is an idiom?,Literal phrase,Expression with non-literal meaning,Foreign word,Slang,Grammar rule,1,'It's raining cats and dogs' is an example
lan-l2-065,Language,2,What is hyperbole?,Understatement,Extreme exaggeration,Literal statement,Comparison,Contrast,1,'I'm so hungry I could eat a horse' uses this
lan-l2-066,Language,2,What is a metaphor?,Literal comparison,Implied comparison without 'like' or 'as',Exaggeration,Sound imitation,Repetition,1,'Time is money' is an example of this
lan-l2-067,Language,2,What is a clause?,Single word,Group of words with subject and verb,Phrase,Sentence fragment,Paragraph,1,Contains a subject and predicate but may not be complete
lan-l2-068,Language,2,What is personification?,Human comparison,Giving human qualities to non-human things,Exaggeration,Understatement,Irony,1,'The wind whispered' uses this literary device
lan-l2-069,Language,2,What is an idiom?,Literal phrase,Expression with non-literal meaning,Foreign word,Slang,Grammar rule,1,'It's raining cats and dogs' is an example
lan-l2-070,Language,2,What is hyperbole?,Understatement,Extreme exaggeration,Literal statement,Comparison,Contrast,1,'I'm so hungry I could eat a horse' uses this
lan-l2-071,Language,2,What is a metaphor?,Literal comparison,Implied comparison without 'like' or 'as',Exaggeration,Sound imitation,Repetition,1,'Time is money' is an example of this
lan-l2-072,Language,2,What is a clause?,Single word,Group of words with subject and verb,Phrase,Sentence fragment,Paragraph,1,Contains a subject and predicate but may not be complete
lan-l2-073,Language,2,What is personification?,Human comparison,Giving human qualities to non-human things,Exaggeration,Understatement,Irony,1,'The wind whispered' uses this literary device
lan-l2-074,Language,2,What is an idiom?,Literal phrase,Expression with non-literal meaning,Foreign word,Slang,Grammar rule,1,'It's raining cats and dogs' is an example
lan-l2-075,Language,2,What is hyperbole?,Understatement,Extreme exaggeration,Literal statement,Comparison,Contrast,1,'I'm so hungry I could eat a horse' uses this
lan-l2-076,Language,2,What is a metaphor?,Literal comparison,Implied comparison without 'like' or 'as',Exaggeration,Sound imitation,Repetition,1,'Time is money' is an example of this
lan-l2-077,Language,2,What is a clause?,Single word,Group of words with subject and verb,Phrase,Sentence fragment,Paragraph,1,Contains a subject and predicate but may not be complete
lan-l2-078,Language,2,What is personification?,Human comparison,Giving human qualities to non-human things,Exaggeration,Understatement,Irony,1,'The wind whispered' uses this literary device
lan-l2-079,Language,2,What is an idiom?,Literal phrase,Expression with non-literal meaning,Foreign word,Slang,Grammar rule,1,'It's raining cats and dogs' is an example
lan-l2-080,Language,2,What is hyperbole?,Understatement,Extreme exaggeration,Literal statement,Comparison,Contrast,1,'I'm so hungry I could eat a horse' uses this
lan-l2-081,Language,2,What is a metaphor?,Literal comparison,Implied comparison without 'like' or 'as',Exaggeration,Sound imitation,Repetition,1,'Time is money' is an example of this
lan-l2-082,Language,2,What is a clause?,Single word,Group of words with subject and verb,Phrase,Sentence fragment,Paragraph,1,Contains a subject and predicate but may not be complete
lan-l2-083,Language,2,What is personification?,Human comparison,Giving human qualities to non-human things,Exaggeration,Understatement,Irony,1,'The wind whispered' uses this literary device
lan-l2-084,Language,2,What is an idiom?,Literal phrase,Expression with non-literal meaning,Foreign word,Slang,Grammar rule,1,'It's raining cats and dogs' is an example
lan-l2-085,Language,2,What is hyperbole?,Understatement,Extreme exaggeration,Literal statement,Comparison,Contrast,1,'I'm so hungry I could eat a horse' uses this
lan-l2-086,Language,2,What is a metaphor?,Literal comparison,Implied comparison without 'like' or 'as',Exaggeration,Sound imitation,Repetition,1,'Time is money' is an example of this
lan-l2-087,Language,2,What is a clause?,Single word,Group of words with subject and verb,Phrase,Sentence fragment,Paragraph,1,Contains a subject and predicate but may not be complete
lan-l2-088,Language,2,What is personification?,Human comparison,Giving human qualities to non-human things,Exaggeration,Understatement,Irony,1,'The wind whispered' uses this literary device
lan-l2-089,Language,2,What is an idiom?,Literal phrase,Expression with non-literal meaning,Foreign word,Slang,Grammar rule,1,'It's raining cats and dogs' is an example
lan-l2-090,Language,2,What is hyperbole?,Understatement,Extreme exaggeration,Literal statement,Comparison,Contrast,1,'I'm so hungry I could eat a horse' uses this
lan-l2-091,Language,2,What is a metaphor?,Literal comparison,Implied comparison without 'like' or 'as',Exaggeration,Sound imitation,Repetition,1,'Time is money' is an example of this
lan-l2-092,Language,2,What is a clause?,Single word,Group of words with subject and verb,Phrase,Sentence fragment,Paragraph,1,Contains a subject and predicate but may not be complete
lan-l2-093,Language,2,What is personification?,Human comparison,Giving human qualities to non-human things,Exaggeration,Understatement,Irony,1,'The wind whispered' uses this literary device
lan-l2-094,Language,2,What is an idiom?,Literal phrase,Expression with non-literal meaning,Foreign word,Slang,Grammar rule,1,'It's raining cats and dogs' is an example
lan-l2-095,Language,2,What is hyperbole?,Understatement,Extreme exaggeration,Literal statement,Comparison,Contrast,1,'I'm so hungry I could eat a horse' uses this
lan-l2-096,Language,2,What is a metaphor?,Literal comparison,Implied comparison without 'like' or 'as',Exaggeration,Sound imitation,Repetition,1,'Time is money' is an example of this
lan-l2-097,Language,2,What is a clause?,Single word,Group of words with subject and verb,Phrase,Sentence fragment,Paragraph,1,Contains a subject and predicate but may not be complete
lan-l2-098,Language,2,What is personification?,Human comparison,Giving human qualities to non-human things,Exaggeration,Understatement,Irony,1,'The wind whispered' uses this literary device
lan-l2-099,Language,2,What is an idiom?,Literal phrase,Expression with non-literal meaning,Foreign word,Slang,Grammar rule,1,'It's raining cats and dogs' is an example
lan-l2-100,Language,2,What is hyperbole?,Understatement,Extreme exaggeration,Literal statement,Comparison,Contrast,1,'I'm so hungry I could eat a horse' uses this
lan-l3-001,Language,3,What is a gerund?,Noun,Verb form functioning as noun,Adjective,Adverb,Conjunction,1,'-ing' verb form used as a noun: 'Swimming is fun'
lan-l3-002,Language,3,What is syntax?,Word meaning,Sentence structure and word order,Pronunciation,Spelling,Punctuation,1,Rules governing sentence structure in language
lan-l3-003,Language,3,What is parallelism?,Comparison,Similar grammatical structure,Contrast,Repetition,Rhythm,1,Using same grammatical form for similar elements
lan-l3-004,Language,3,What is a portmanteau?,Compound,Blend of two words,Acronym,Abbreviation,Slang,1,'Brunch' (breakfast + lunch) is an example
lan-l3-005,Language,3,What is metonymy?,Literal name,Substituting associated term,Exaggeration,Comparison,Contrast,1,'The Crown' for monarchy uses this substitution
lan-l3-006,Language,3,What is a gerund?,Noun,Verb form functioning as noun,Adjective,Adverb,Conjunction,1,'-ing' verb form used as a noun: 'Swimming is fun'
lan-l3-007,Language,3,What is syntax?,Word meaning,Sentence structure and word order,Pronunciation,Spelling,Punctuation,1,Rules governing sentence structure in language
lan-l3-008,Language,3,What is parallelism?,Comparison,Similar grammatical structure,Contrast,Repetition,Rhythm,1,Using same grammatical form for similar elements
lan-l3-009,Language,3,What is a portmanteau?,Compound,Blend of two words,Acronym,Abbreviation,Slang,1,'Brunch' (breakfast + lunch) is an example
lan-l3-010,Language,3,What is metonymy?,Literal name,Substituting associated term,Exaggeration,Comparison,Contrast,1,'The Crown' for monarchy uses this substitution
lan-l3-011,Language,3,What is a gerund?,Noun,Verb form functioning as noun,Adjective,Adverb,Conjunction,1,'-ing' verb form used as a noun: 'Swimming is fun'
lan-l3-012,Language,3,What is syntax?,Word meaning,Sentence structure and word order,Pronunciation,Spelling,Punctuation,1,Rules governing sentence structure in language
lan-l3-013,Language,3,What is parallelism?,Comparison,Similar grammatical structure,Contrast,Repetition,Rhythm,1,Using same grammatical form for similar elements
lan-l3-014,Language,3,What is a portmanteau?,Compound,Blend of two words,Acronym,Abbreviation,Slang,1,'Brunch' (breakfast + lunch) is an example
lan-l3-015,Language,3,What is metonymy?,Literal name,Substituting associated term,Exaggeration,Comparison,Contrast,1,'The Crown' for monarchy uses this substitution
lan-l3-016,Language,3,What is a gerund?,Noun,Verb form functioning as noun,Adjective,Adverb,Conjunction,1,'-ing' verb form used as a noun: 'Swimming is fun'
lan-l3-017,Language,3,What is syntax?,Word meaning,Sentence structure and word order,Pronunciation,Spelling,Punctuation,1,Rules governing sentence structure in language
lan-l3-018,Language,3,What is parallelism?,Comparison,Similar grammatical structure,Contrast,Repetition,Rhythm,1,Using same grammatical form for similar elements
lan-l3-019,Language,3,What is a portmanteau?,Compound,Blend of two words,Acronym,Abbreviation,Slang,1,'Brunch' (breakfast + lunch) is an example
lan-l3-020,Language,3,What is metonymy?,Literal name,Substituting associated term,Exaggeration,Comparison,Contrast,1,'The Crown' for monarchy uses this substitution
lan-l3-021,Language,3,What is a gerund?,Noun,Verb form functioning as noun,Adjective,Adverb,Conjunction,1,'-ing' verb form used as a noun: 'Swimming is fun'
lan-l3-022,Language,3,What is syntax?,Word meaning,Sentence structure and word order,Pronunciation,Spelling,Punctuation,1,Rules governing sentence structure in language
lan-l3-023,Language,3,What is parallelism?,Comparison,Similar grammatical structure,Contrast,Repetition,Rhythm,1,Using same grammatical form for similar elements
lan-l3-024,Language,3,What is a portmanteau?,Compound,Blend of two words,Acronym,Abbreviation,Slang,1,'Brunch' (breakfast + lunch) is an example
lan-l3-025,Language,3,What is metonymy?,Literal name,Substituting associated term,Exaggeration,Comparison,Contrast,1,'The Crown' for monarchy uses this substitution
lan-l3-026,Language,3,What is a gerund?,Noun,Verb form functioning as noun,Adjective,Adverb,Conjunction,1,'-ing' verb form used as a noun: 'Swimming is fun'
lan-l3-027,Language,3,What is syntax?,Word meaning,Sentence structure and word order,Pronunciation,Spelling,Punctuation,1,Rules governing sentence structure in language
lan-l3-028,Language,3,What is parallelism?,Comparison,Similar grammatical structure,Contrast,Repetition,Rhythm,1,Using same grammatical form for similar elements
lan-l3-029,Language,3,What is a portmanteau?,Compound,Blend of two words,Acronym,Abbreviation,Slang,1,'Brunch' (breakfast + lunch) is an example
lan-l3-030,Language,3,What is metonymy?,Literal name,Substituting associated term,Exaggeration,Comparison,Contrast,1,'The Crown' for monarchy uses this substitution
lan-l3-031,Language,3,What is a gerund?,Noun,Verb form functioning as noun,Adjective,Adverb,Conjunction,1,'-ing' verb form used as a noun: 'Swimming is fun'
lan-l3-032,Language,3,What is syntax?,Word meaning,Sentence structure and word order,Pronunciation,Spelling,Punctuation,1,Rules governing sentence structure in language
lan-l3-033,Language,3,What is parallelism?,Comparison,Similar grammatical structure,Contrast,Repetition,Rhythm,1,Using same grammatical form for similar elements
lan-l3-034,Language,3,What is a portmanteau?,Compound,Blend of two words,Acronym,Abbreviation,Slang,1,'Brunch' (breakfast + lunch) is an example
lan-l3-035,Language,3,What is metonymy?,Literal name,Substituting associated term,Exaggeration,Comparison,Contrast,1,'The Crown' for monarchy uses this substitution
lan-l3-036,Language,3,What is a gerund?,Noun,Verb form functioning as noun,Adjective,Adverb,Conjunction,1,'-ing' verb form used as a noun: 'Swimming is fun'
lan-l3-037,Language,3,What is syntax?,Word meaning,Sentence structure and word order,Pronunciation,Spelling,Punctuation,1,Rules governing sentence structure in language
lan-l3-038,Language,3,What is parallelism?,Comparison,Similar grammatical structure,Contrast,Repetition,Rhythm,1,Using same grammatical form for similar elements
lan-l3-039,Language,3,What is a portmanteau?,Compound,Blend of two words,Acronym,Abbreviation,Slang,1,'Brunch' (breakfast + lunch) is an example
lan-l3-040,Language,3,What is metonymy?,Literal name,Substituting associated term,Exaggeration,Comparison,Contrast,1,'The Crown' for monarchy uses this substitution
lan-l3-041,Language,3,What is a gerund?,Noun,Verb form functioning as noun,Adjective,Adverb,Conjunction,1,'-ing' verb form used as a noun: 'Swimming is fun'
lan-l3-042,Language,3,What is syntax?,Word meaning,Sentence structure and word order,Pronunciation,Spelling,Punctuation,1,Rules governing sentence structure in language
lan-l3-043,Language,3,What is parallelism?,Comparison,Similar grammatical structure,Contrast,Repetition,Rhythm,1,Using same grammatical form for similar elements
lan-l3-044,Language,3,What is a portmanteau?,Compound,Blend of two words,Acronym,Abbreviation,Slang,1,'Brunch' (breakfast + lunch) is an example
lan-l3-045,Language,3,What is metonymy?,Literal name,Substituting associated term,Exaggeration,Comparison,Contrast,1,'The Crown' for monarchy uses this substitution
lan-l3-046,Language,3,What is a gerund?,Noun,Verb form functioning as noun,Adjective,Adverb,Conjunction,1,'-ing' verb form used as a noun: 'Swimming is fun'
lan-l3-047,Language,3,What is syntax?,Word meaning,Sentence structure and word order,Pronunciation,Spelling,Punctuation,1,Rules governing sentence structure in language
lan-l3-048,Language,3,What is parallelism?,Comparison,Similar grammatical structure,Contrast,Repetition,Rhythm,1,Using same grammatical form for similar elements
lan-l3-049,Language,3,What is a portmanteau?,Compound,Blend of two words,Acronym,Abbreviation,Slang,1,'Brunch' (breakfast + lunch) is an example
lan-l3-050,Language,3,What is metonymy?,Literal name,Substituting associated term,Exaggeration,Comparison,Contrast,1,'The Crown' for monarchy uses this substitution
lan-l3-051,Language,3,What is a gerund?,Noun,Verb form functioning as noun,Adjective,Adverb,Conjunction,1,'-ing' verb form used as a noun: 'Swimming is fun'
lan-l3-052,Language,3,What is syntax?,Word meaning,Sentence structure and word order,Pronunciation,Spelling,Punctuation,1,Rules governing sentence structure in language
lan-l3-053,Language,3,What is parallelism?,Comparison,Similar grammatical structure,Contrast,Repetition,Rhythm,1,Using same grammatical form for similar elements
lan-l3-054,Language,3,What is a portmanteau?,Compound,Blend of two words,Acronym,Abbreviation,Slang,1,'Brunch' (breakfast + lunch) is an example
lan-l3-055,Language,3,What is metonymy?,Literal name,Substituting associated term,Exaggeration,Comparison,Contrast,1,'The Crown' for monarchy uses this substitution
lan-l3-056,Language,3,What is a gerund?,Noun,Verb form functioning as noun,Adjective,Adverb,Conjunction,1,'-ing' verb form used as a noun: 'Swimming is fun'
lan-l3-057,Language,3,What is syntax?,Word meaning,Sentence structure and word order,Pronunciation,Spelling,Punctuation,1,Rules governing sentence structure in language
lan-l3-058,Language,3,What is parallelism?,Comparison,Similar grammatical structure,Contrast,Repetition,Rhythm,1,Using same grammatical form for similar elements
lan-l3-059,Language,3,What is a portmanteau?,Compound,Blend of two words,Acronym,Abbreviation,Slang,1,'Brunch' (breakfast + lunch) is an example
lan-l3-060,Language,3,What is metonymy?,Literal name,Substituting associated term,Exaggeration,Comparison,Contrast,1,'The Crown' for monarchy uses this substitution
lan-l3-061,Language,3,What is a gerund?,Noun,Verb form functioning as noun,Adjective,Adverb,Conjunction,1,'-ing' verb form used as a noun: 'Swimming is fun'
lan-l3-062,Language,3,What is syntax?,Word meaning,Sentence structure and word order,Pronunciation,Spelling,Punctuation,1,Rules governing sentence structure in language
lan-l3-063,Language,3,What is parallelism?,Comparison,Similar grammatical structure,Contrast,Repetition,Rhythm,1,Using same grammatical form for similar elements
lan-l3-064,Language,3,What is a portmanteau?,Compound,Blend of two words,Acronym,Abbreviation,Slang,1,'Brunch' (breakfast + lunch) is an example
lan-l3-065,Language,3,What is metonymy?,Literal name,Substituting associated term,Exaggeration,Comparison,Contrast,1,'The Crown' for monarchy uses this substitution
lan-l3-066,Language,3,What is a gerund?,Noun,Verb form functioning as noun,Adjective,Adverb,Conjunction,1,'-ing' verb form used as a noun: 'Swimming is fun'
lan-l3-067,Language,3,What is syntax?,Word meaning,Sentence structure and word order,Pronunciation,Spelling,Punctuation,1,Rules governing sentence structure in language
lan-l3-068,Language,3,What is parallelism?,Comparison,Similar grammatical structure,Contrast,Repetition,Rhythm,1,Using same grammatical form for similar elements
lan-l3-069,Language,3,What is a portmanteau?,Compound,Blend of two words,Acronym,Abbreviation,Slang,1,'Brunch' (breakfast + lunch) is an example
lan-l3-070,Language,3,What is metonymy?,Literal name,Substituting associated term,Exaggeration,Comparison,Contrast,1,'The Crown' for monarchy uses this substitution
lan-l3-071,Language,3,What is a gerund?,Noun,Verb form functioning as noun,Adjective,Adverb,Conjunction,1,'-ing' verb form used as a noun: 'Swimming is fun'
lan-l3-072,Language,3,What is syntax?,Word meaning,Sentence structure and word order,Pronunciation,Spelling,Punctuation,1,Rules governing sentence structure in language
lan-l3-073,Language,3,What is parallelism?,Comparison,Similar grammatical structure,Contrast,Repetition,Rhythm,1,Using same grammatical form for similar elements
lan-l3-074,Language,3,What is a portmanteau?,Compound,Blend of two words,Acronym,Abbreviation,Slang,1,'Brunch' (breakfast + lunch) is an example
lan-l3-075,Language,3,What is metonymy?,Literal name,Substituting associated term,Exaggeration,Comparison,Contrast,1,'The Crown' for monarchy uses this substitution
lan-l3-076,Language,3,What is a gerund?,Noun,Verb form functioning as noun,Adjective,Adverb,Conjunction,1,'-ing' verb form used as a noun: 'Swimming is fun'
lan-l3-077,Language,3,What is syntax?,Word meaning,Sentence structure and word order,Pronunciation,Spelling,Punctuation,1,Rules governing sentence structure in language
lan-l3-078,Language,3,What is parallelism?,Comparison,Similar grammatical structure,Contrast,Repetition,Rhythm,1,Using same grammatical form for similar elements
lan-l3-079,Language,3,What is a portmanteau?,Compound,Blend of two words,Acronym,Abbreviation,Slang,1,'Brunch' (breakfast + lunch) is an example
lan-l3-080,Language,3,What is metonymy?,Literal name,Substituting associated term,Exaggeration,Comparison,Contrast,1,'The Crown' for monarchy uses this substitution
lan-l3-081,Language,3,What is a gerund?,Noun,Verb form functioning as noun,Adjective,Adverb,Conjunction,1,'-ing' verb form used as a noun: 'Swimming is fun'
lan-l3-082,Language,3,What is syntax?,Word meaning,Sentence structure and word order,Pronunciation,Spelling,Punctuation,1,Rules governing sentence structure in language
lan-l3-083,Language,3,What is parallelism?,Comparison,Similar grammatical structure,Contrast,Repetition,Rhythm,1,Using same grammatical form for similar elements
lan-l3-084,Language,3,What is a portmanteau?,Compound,Blend of two words,Acronym,Abbreviation,Slang,1,'Brunch' (breakfast + lunch) is an example
lan-l3-085,Language,3,What is metonymy?,Literal name,Substituting associated term,Exaggeration,Comparison,Contrast,1,'The Crown' for monarchy uses this substitution
lan-l3-086,Language,3,What is a gerund?,Noun,Verb form functioning as noun,Adjective,Adverb,Conjunction,1,'-ing' verb form used as a noun: 'Swimming is fun'
lan-l3-087,Language,3,What is syntax?,Word meaning,Sentence structure and word order,Pronunciation,Spelling,Punctuation,1,Rules governing sentence structure in language
lan-l3-088,Language,3,What is parallelism?,Comparison,Similar grammatical structure,Contrast,Repetition,Rhythm,1,Using same grammatical form for similar elements
lan-l3-089,Language,3,What is a portmanteau?,Compound,Blend of two words,Acronym,Abbreviation,Slang,1,'Brunch' (breakfast + lunch) is an example
lan-l3-090,Language,3,What is metonymy?,Literal name,Substituting associated term,Exaggeration,Comparison,Contrast,1,'The Crown' for monarchy uses this substitution
lan-l3-091,Language,3,What is a gerund?,Noun,Verb form functioning as noun,Adjective,Adverb,Conjunction,1,'-ing' verb form used as a noun: 'Swimming is fun'
lan-l3-092,Language,3,What is syntax?,Word meaning,Sentence structure and word order,Pronunciation,Spelling,Punctuation,1,Rules governing sentence structure in language
lan-l3-093,Language,3,What is parallelism?,Comparison,Similar grammatical structure,Contrast,Repetition,Rhythm,1,Using same grammatical form for similar elements
lan-l3-094,Language,3,What is a portmanteau?,Compound,Blend of two words,Acronym,Abbreviation,Slang,1,'Brunch' (breakfast + lunch) is an example
lan-l3-095,Language,3,What is metonymy?,Literal name,Substituting associated term,Exaggeration,Comparison,Contrast,1,'The Crown' for monarchy uses this substitution
lan-l3-096,Language,3,What is a gerund?,Noun,Verb form functioning as noun,Adjective,Adverb,Conjunction,1,'-ing' verb form used as a noun: 'Swimming is fun'
lan-l3-097,Language,3,What is syntax?,Word meaning,Sentence structure and word order,Pronunciation,Spelling,Punctuation,1,Rules governing sentence structure in language
lan-l3-098,Language,3,What is parallelism?,Comparison,Similar grammatical structure,Contrast,Repetition,Rhythm,1,Using same grammatical form for similar elements
lan-l3-099,Language,3,What is a portmanteau?,Compound,Blend of two words,Acronym,Abbreviation,Slang,1,'Brunch' (breakfast + lunch) is an example
lan-l3-100,Language,3,What is metonymy?,Literal name,Substituting associated term,Exaggeration,Comparison,Contrast,1,'The Crown' for monarchy uses this substitution
lan-l4-001,Language,4,What is tmesis?,Word insertion,Inserting word into another word,Word deletion,Word repetition,Word reversal,1,'Abso-bloody-lutely' demonstrates this rare device
lan-l4-002,Language,4,What is polysyndeton?,No conjunctions,Deliberate use of many conjunctions,Single conjunction,Varied connectors,Implied connection,1,Using multiple conjunctions where fewer would suffice
lan-l4-003,Language,4,What is the subjunctive mood?,Indicative,Expressing hypothetical or contrary-to-fact,Imperative,Interrogative,Exclamatory,1,"Used for wishes, suggestions, and hypotheticals"
lan-l4-004,Language,4,What is anacoluthon?,Consistent structure,Sentence with inconsistent syntax,Parallel structure,Complete sentence,Fragment,1,"Grammatical shift mid-sentence, often deliberate"
lan-l4-005,Language,4,What is enallage?,Correct grammar,Deliberate grammatical substitution,Standard usage,Formal structure,Proper agreement,1,Intentional grammatical mistake for effect
lan-l4-006,Language,4,What is tmesis?,Word insertion,Inserting word into another word,Word deletion,Word repetition,Word reversal,1,'Abso-bloody-lutely' demonstrates this rare device
lan-l4-007,Language,4,What is polysyndeton?,No conjunctions,Deliberate use of many conjunctions,Single conjunction,Varied connectors,Implied connection,1,Using multiple conjunctions where fewer would suffice
lan-l4-008,Language,4,What is the subjunctive mood?,Indicative,Expressing hypothetical or contrary-to-fact,Imperative,Interrogative,Exclamatory,1,"Used for wishes, suggestions, and hypotheticals"
lan-l4-009,Language,4,What is anacoluthon?,Consistent structure,Sentence with inconsistent syntax,Parallel structure,Complete sentence,Fragment,1,"Grammatical shift mid-sentence, often deliberate"
lan-l4-010,Language,4,What is enallage?,Correct grammar,Deliberate grammatical substitution,Standard usage,Formal structure,Proper agreement,1,Intentional grammatical mistake for effect
lan-l4-011,Language,4,What is tmesis?,Word insertion,Inserting word into another word,Word deletion,Word repetition,Word reversal,1,'Abso-bloody-lutely' demonstrates this rare device
lan-l4-012,Language,4,What is polysyndeton?,No conjunctions,Deliberate use of many conjunctions,Single conjunction,Varied connectors,Implied connection,1,Using multiple conjunctions where fewer would suffice
lan-l4-013,Language,4,What is the subjunctive mood?,Indicative,Expressing hypothetical or contrary-to-fact,Imperative,Interrogative,Exclamatory,1,"Used for wishes, suggestions, and hypotheticals"
lan-l4-014,Language,4,What is anacoluthon?,Consistent structure,Sentence with inconsistent syntax,Parallel structure,Complete sentence,Fragment,1,"Grammatical shift mid-sentence, often deliberate"
lan-l4-015,Language,4,What is enallage?,Correct grammar,Deliberate grammatical substitution,Standard usage,Formal structure,Proper agreement,1,Intentional grammatical mistake for effect
lan-l4-016,Language,4,What is tmesis?,Word insertion,Inserting word into another word,Word deletion,Word repetition,Word reversal,1,'Abso-bloody-lutely' demonstrates this rare device
lan-l4-017,Language,4,What is polysyndeton?,No conjunctions,Deliberate use of many conjunctions,Single conjunction,Varied connectors,Implied connection,1,Using multiple conjunctions where fewer would suffice
lan-l4-018,Language,4,What is the subjunctive mood?,Indicative,Expressing hypothetical or contrary-to-fact,Imperative,Interrogative,Exclamatory,1,"Used for wishes, suggestions, and hypotheticals"
lan-l4-019,Language,4,What is anacoluthon?,Consistent structure,Sentence with inconsistent syntax,Parallel structure,Complete sentence,Fragment,1,"Grammatical shift mid-sentence, often deliberate"
lan-l4-020,Language,4,What is enallage?,Correct grammar,Deliberate grammatical substitution,Standard usage,Formal structure,Proper agreement,1,Intentional grammatical mistake for effect
lan-l4-021,Language,4,What is tmesis?,Word insertion,Inserting word into another word,Word deletion,Word repetition,Word reversal,1,'Abso-bloody-lutely' demonstrates this rare device
lan-l4-022,Language,4,What is polysyndeton?,No conjunctions,Deliberate use of many conjunctions,Single conjunction,Varied connectors,Implied connection,1,Using multiple conjunctions where fewer would suffice
lan-l4-023,Language,4,What is the subjunctive mood?,Indicative,Expressing hypothetical or contrary-to-fact,Imperative,Interrogative,Exclamatory,1,"Used for wishes, suggestions, and hypotheticals"
lan-l4-024,Language,4,What is anacoluthon?,Consistent structure,Sentence with inconsistent syntax,Parallel structure,Complete sentence,Fragment,1,"Grammatical shift mid-sentence, often deliberate"
lan-l4-025,Language,4,What is enallage?,Correct grammar,Deliberate grammatical substitution,Standard usage,Formal structure,Proper agreement,1,Intentional grammatical mistake for effect
lan-l4-026,Language,4,What is tmesis?,Word insertion,Inserting word into another word,Word deletion,Word repetition,Word reversal,1,'Abso-bloody-lutely' demonstrates this rare device
lan-l4-027,Language,4,What is polysyndeton?,No conjunctions,Deliberate use of many conjunctions,Single conjunction,Varied connectors,Implied connection,1,Using multiple conjunctions where fewer would suffice
lan-l4-028,Language,4,What is the subjunctive mood?,Indicative,Expressing hypothetical or contrary-to-fact,Imperative,Interrogative,Exclamatory,1,"Used for wishes, suggestions, and hypotheticals"
lan-l4-029,Language,4,What is anacoluthon?,Consistent structure,Sentence with inconsistent syntax,Parallel structure,Complete sentence,Fragment,1,"Grammatical shift mid-sentence, often deliberate"
lan-l4-030,Language,4,What is enallage?,Correct grammar,Deliberate grammatical substitution,Standard usage,Formal structure,Proper agreement,1,Intentional grammatical mistake for effect
lan-l4-031,Language,4,What is tmesis?,Word insertion,Inserting word into another word,Word deletion,Word repetition,Word reversal,1,'Abso-bloody-lutely' demonstrates this rare device
lan-l4-032,Language,4,What is polysyndeton?,No conjunctions,Deliberate use of many conjunctions,Single conjunction,Varied connectors,Implied connection,1,Using multiple conjunctions where fewer would suffice
lan-l4-033,Language,4,What is the subjunctive mood?,Indicative,Expressing hypothetical or contrary-to-fact,Imperative,Interrogative,Exclamatory,1,"Used for wishes, suggestions, and hypotheticals"
lan-l4-034,Language,4,What is anacoluthon?,Consistent structure,Sentence with inconsistent syntax,Parallel structure,Complete sentence,Fragment,1,"Grammatical shift mid-sentence, often deliberate"
lan-l4-035,Language,4,What is enallage?,Correct grammar,Deliberate grammatical substitution,Standard usage,Formal structure,Proper agreement,1,Intentional grammatical mistake for effect
lan-l4-036,Language,4,What is tmesis?,Word insertion,Inserting word into another word,Word deletion,Word repetition,Word reversal,1,'Abso-bloody-lutely' demonstrates this rare device
lan-l4-037,Language,4,What is polysyndeton?,No conjunctions,Deliberate use of many conjunctions,Single conjunction,Varied connectors,Implied connection,1,Using multiple conjunctions where fewer would suffice
lan-l4-038,Language,4,What is the subjunctive mood?,Indicative,Expressing hypothetical or contrary-to-fact,Imperative,Interrogative,Exclamatory,1,"Used for wishes, suggestions, and hypotheticals"
lan-l4-039,Language,4,What is anacoluthon?,Consistent structure,Sentence with inconsistent syntax,Parallel structure,Complete sentence,Fragment,1,"Grammatical shift mid-sentence, often deliberate"
lan-l4-040,Language,4,What is enallage?,Correct grammar,Deliberate grammatical substitution,Standard usage,Formal structure,Proper agreement,1,Intentional grammatical mistake for effect
lan-l4-041,Language,4,What is tmesis?,Word insertion,Inserting word into another word,Word deletion,Word repetition,Word reversal,1,'Abso-bloody-lutely' demonstrates this rare device
lan-l4-042,Language,4,What is polysyndeton?,No conjunctions,Deliberate use of many conjunctions,Single conjunction,Varied connectors,Implied connection,1,Using multiple conjunctions where fewer would suffice
lan-l4-043,Language,4,What is the subjunctive mood?,Indicative,Expressing hypothetical or contrary-to-fact,Imperative,Interrogative,Exclamatory,1,"Used for wishes, suggestions, and hypotheticals"
lan-l4-044,Language,4,What is anacoluthon?,Consistent structure,Sentence with inconsistent syntax,Parallel structure,Complete sentence,Fragment,1,"Grammatical shift mid-sentence, often deliberate"
lan-l4-045,Language,4,What is enallage?,Correct grammar,Deliberate grammatical substitution,Standard usage,Formal structure,Proper agreement,1,Intentional grammatical mistake for effect
lan-l4-046,Language,4,What is tmesis?,Word insertion,Inserting word into another word,Word deletion,Word repetition,Word reversal,1,'Abso-bloody-lutely' demonstrates this rare device
lan-l4-047,Language,4,What is polysyndeton?,No conjunctions,Deliberate use of many conjunctions,Single conjunction,Varied connectors,Implied connection,1,Using multiple conjunctions where fewer would suffice
lan-l4-048,Language,4,What is the subjunctive mood?,Indicative,Expressing hypothetical or contrary-to-fact,Imperative,Interrogative,Exclamatory,1,"Used for wishes, suggestions, and hypotheticals"
lan-l4-049,Language,4,What is anacoluthon?,Consistent structure,Sentence with inconsistent syntax,Parallel structure,Complete sentence,Fragment,1,"Grammatical shift mid-sentence, often deliberate"
lan-l4-050,Language,4,What is enallage?,Correct grammar,Deliberate grammatical substitution,Standard usage,Formal structure,Proper agreement,1,Intentional grammatical mistake for effect
lan-l4-051,Language,4,What is tmesis?,Word insertion,Inserting word into another word,Word deletion,Word repetition,Word reversal,1,'Abso-bloody-lutely' demonstrates this rare device
lan-l4-052,Language,4,What is polysyndeton?,No conjunctions,Deliberate use of many conjunctions,Single conjunction,Varied connectors,Implied connection,1,Using multiple conjunctions where fewer would suffice
lan-l4-053,Language,4,What is the subjunctive mood?,Indicative,Expressing hypothetical or contrary-to-fact,Imperative,Interrogative,Exclamatory,1,"Used for wishes, suggestions, and hypotheticals"
lan-l4-054,Language,4,What is anacoluthon?,Consistent structure,Sentence with inconsistent syntax,Parallel structure,Complete sentence,Fragment,1,"Grammatical shift mid-sentence, often deliberate"
lan-l4-055,Language,4,What is enallage?,Correct grammar,Deliberate grammatical substitution,Standard usage,Formal structure,Proper agreement,1,Intentional grammatical mistake for effect
lan-l4-056,Language,4,What is tmesis?,Word insertion,Inserting word into another word,Word deletion,Word repetition,Word reversal,1,'Abso-bloody-lutely' demonstrates this rare device
lan-l4-057,Language,4,What is polysyndeton?,No conjunctions,Deliberate use of many conjunctions,Single conjunction,Varied connectors,Implied connection,1,Using multiple conjunctions where fewer would suffice
lan-l4-058,Language,4,What is the subjunctive mood?,Indicative,Expressing hypothetical or contrary-to-fact,Imperative,Interrogative,Exclamatory,1,"Used for wishes, suggestions, and hypotheticals"
lan-l4-059,Language,4,What is anacoluthon?,Consistent structure,Sentence with inconsistent syntax,Parallel structure,Complete sentence,Fragment,1,"Grammatical shift mid-sentence, often deliberate"
lan-l4-060,Language,4,What is enallage?,Correct grammar,Deliberate grammatical substitution,Standard usage,Formal structure,Proper agreement,1,Intentional grammatical mistake for effect
lan-l4-061,Language,4,What is tmesis?,Word insertion,Inserting word into another word,Word deletion,Word repetition,Word reversal,1,'Abso-bloody-lutely' demonstrates this rare device
lan-l4-062,Language,4,What is polysyndeton?,No conjunctions,Deliberate use of many conjunctions,Single conjunction,Varied connectors,Implied connection,1,Using multiple conjunctions where fewer would suffice
lan-l4-063,Language,4,What is the subjunctive mood?,Indicative,Expressing hypothetical or contrary-to-fact,Imperative,Interrogative,Exclamatory,1,"Used for wishes, suggestions, and hypotheticals"
lan-l4-064,Language,4,What is anacoluthon?,Consistent structure,Sentence with inconsistent syntax,Parallel structure,Complete sentence,Fragment,1,"Grammatical shift mid-sentence, often deliberate"
lan-l4-065,Language,4,What is enallage?,Correct grammar,Deliberate grammatical substitution,Standard usage,Formal structure,Proper agreement,1,Intentional grammatical mistake for effect
lan-l4-066,Language,4,What is tmesis?,Word insertion,Inserting word into another word,Word deletion,Word repetition,Word reversal,1,'Abso-bloody-lutely' demonstrates this rare device
lan-l4-067,Language,4,What is polysyndeton?,No conjunctions,Deliberate use of many conjunctions,Single conjunction,Varied connectors,Implied connection,1,Using multiple conjunctions where fewer would suffice
lan-l4-068,Language,4,What is the subjunctive mood?,Indicative,Expressing hypothetical or contrary-to-fact,Imperative,Interrogative,Exclamatory,1,"Used for wishes, suggestions, and hypotheticals"
lan-l4-069,Language,4,What is anacoluthon?,Consistent structure,Sentence with inconsistent syntax,Parallel structure,Complete sentence,Fragment,1,"Grammatical shift mid-sentence, often deliberate"
lan-l4-070,Language,4,What is enallage?,Correct grammar,Deliberate grammatical substitution,Standard usage,Formal structure,Proper agreement,1,Intentional grammatical mistake for effect
lan-l4-071,Language,4,What is tmesis?,Word insertion,Inserting word into another word,Word deletion,Word repetition,Word reversal,1,'Abso-bloody-lutely' demonstrates this rare device
lan-l4-072,Language,4,What is polysyndeton?,No conjunctions,Deliberate use of many conjunctions,Single conjunction,Varied connectors,Implied connection,1,Using multiple conjunctions where fewer would suffice
lan-l4-073,Language,4,What is the subjunctive mood?,Indicative,Expressing hypothetical or contrary-to-fact,Imperative,Interrogative,Exclamatory,1,"Used for wishes, suggestions, and hypotheticals"
lan-l4-074,Language,4,What is anacoluthon?,Consistent structure,Sentence with inconsistent syntax,Parallel structure,Complete sentence,Fragment,1,"Grammatical shift mid-sentence, often deliberate"
lan-l4-075,Language,4,What is enallage?,Correct grammar,Deliberate grammatical substitution,Standard usage,Formal structure,Proper agreement,1,Intentional grammatical mistake for effect
lan-l4-076,Language,4,What is tmesis?,Word insertion,Inserting word into another word,Word deletion,Word repetition,Word reversal,1,'Abso-bloody-lutely' demonstrates this rare device
lan-l4-077,Language,4,What is polysyndeton?,No conjunctions,Deliberate use of many conjunctions,Single conjunction,Varied connectors,Implied connection,1,Using multiple conjunctions where fewer would suffice
lan-l4-078,Language,4,What is the subjunctive mood?,Indicative,Expressing hypothetical or contrary-to-fact,Imperative,Interrogative,Exclamatory,1,"Used for wishes, suggestions, and hypotheticals"
lan-l4-079,Language,4,What is anacoluthon?,Consistent structure,Sentence with inconsistent syntax,Parallel structure,Complete sentence,Fragment,1,"Grammatical shift mid-sentence, often deliberate"
lan-l4-080,Language,4,What is enallage?,Correct grammar,Deliberate grammatical substitution,Standard usage,Formal structure,Proper agreement,1,Intentional grammatical mistake for effect
lan-l4-081,Language,4,What is tmesis?,Word insertion,Inserting word into another word,Word deletion,Word repetition,Word reversal,1,'Abso-bloody-lutely' demonstrates this rare device
lan-l4-082,Language,4,What is polysyndeton?,No conjunctions,Deliberate use of many conjunctions,Single conjunction,Varied connectors,Implied connection,1,Using multiple conjunctions where fewer would suffice
lan-l4-083,Language,4,What is the subjunctive mood?,Indicative,Expressing hypothetical or contrary-to-fact,Imperative,Interrogative,Exclamatory,1,"Used for wishes, suggestions, and hypotheticals"
lan-l4-084,Language,4,What is anacoluthon?,Consistent structure,Sentence with inconsistent syntax,Parallel structure,Complete sentence,Fragment,1,"Grammatical shift mid-sentence, often deliberate"
lan-l4-085,Language,4,What is enallage?,Correct grammar,Deliberate grammatical substitution,Standard usage,Formal structure,Proper agreement,1,Intentional grammatical mistake for effect
lan-l4-086,Language,4,What is tmesis?,Word insertion,Inserting word into another word,Word deletion,Word repetition,Word reversal,1,'Abso-bloody-lutely' demonstrates this rare device
lan-l4-087,Language,4,What is polysyndeton?,No conjunctions,Deliberate use of many conjunctions,Single conjunction,Varied connectors,Implied connection,1,Using multiple conjunctions where fewer would suffice
lan-l4-088,Language,4,What is the subjunctive mood?,Indicative,Expressing hypothetical or contrary-to-fact,Imperative,Interrogative,Exclamatory,1,"Used for wishes, suggestions, and hypotheticals"
lan-l4-089,Language,4,What is anacoluthon?,Consistent structure,Sentence with inconsistent syntax,Parallel structure,Complete sentence,Fragment,1,"Grammatical shift mid-sentence, often deliberate"
lan-l4-090,Language,4,What is enallage?,Correct grammar,Deliberate grammatical substitution,Standard usage,Formal structure,Proper agreement,1,Intentional grammatical mistake for effect
lan-l4-091,Language,4,What is tmesis?,Word insertion,Inserting word into another word,Word deletion,Word repetition,Word reversal,1,'Abso-bloody-lutely' demonstrates this rare device
lan-l4-092,Language,4,What is polysyndeton?,No conjunctions,Deliberate use of many conjunctions,Single conjunction,Varied connectors,Implied connection,1,Using multiple conjunctions where fewer would suffice
lan-l4-093,Language,4,What is the subjunctive mood?,Indicative,Expressing hypothetical or contrary-to-fact,Imperative,Interrogative,Exclamatory,1,"Used for wishes, suggestions, and hypotheticals"
lan-l4-094,Language,4,What is anacoluthon?,Consistent structure,Sentence with inconsistent syntax,Parallel structure,Complete sentence,Fragment,1,"Grammatical shift mid-sentence, often deliberate"
lan-l4-095,Language,4,What is enallage?,Correct grammar,Deliberate grammatical substitution,Standard usage,Formal structure,Proper agreement,1,Intentional grammatical mistake for effect
lan-l4-096,Language,4,What is tmesis?,Word insertion,Inserting word into another word,Word deletion,Word repetition,Word reversal,1,'Abso-bloody-lutely' demonstrates this rare device
lan-l4-097,Language,4,What is polysyndeton?,No conjunctions,Deliberate use of many conjunctions,Single conjunction,Varied connectors,Implied connection,1,Using multiple conjunctions where fewer would suffice
lan-l4-098,Language,4,What is the subjunctive mood?,Indicative,Expressing hypothetical or contrary-to-fact,Imperative,Interrogative,Exclamatory,1,"Used for wishes, suggestions, and hypotheticals"
lan-l4-099,Language,4,What is anacoluthon?,Consistent structure,Sentence with inconsistent syntax,Parallel structure,Complete sentence,Fragment,1,"Grammatical shift mid-sentence, often deliberate"
lan-l4-100,Language,4,What is enallage?,Correct grammar,Deliberate grammatical substitution,Standard usage,Formal structure,Proper agreement,1,Intentional grammatical mistake for effect
lan-l5-001,Language,5,What is auxesis?,Understatement,Arrangement in order of increasing importance,Random order,Decreasing order,Equal weight,1,Climactic arrangement from least to most important
lan-l5-002,Language,5,What is scesis onomaton?,Varied expression,Expressing idea using only synonyms,One word,Antonyms,Unrelated terms,1,Emphasizing idea by stating it in multiple synonymous ways
lan-l5-003,Language,5,What is paraprosdokian?,Expected ending,Unexpected ending twisting meaning,Logical conclusion,Parallel ending,Repetitive ending,1,Sentence ending in unexpected way that reframes beginning
lan-l5-004,Language,5,What is epizeuxis?,Varied repetition,Immediate repetition for emphasis,Delayed repetition,No repetition,Spaced repetition,1,"'Never, never, never give up' demonstrates this"
lan-l5-005,Language,5,What is isocolon?,Unequal clauses,Parallel clauses of equal length,Varied length,Single clause,Irregular rhythm,1,Successive clauses with same length and structure
lan-l5-006,Language,5,What is auxesis?,Understatement,Arrangement in order of increasing importance,Random order,Decreasing order,Equal weight,1,Climactic arrangement from least to most important
lan-l5-007,Language,5,What is scesis onomaton?,Varied expression,Expressing idea using only synonyms,One word,Antonyms,Unrelated terms,1,Emphasizing idea by stating it in multiple synonymous ways
lan-l5-008,Language,5,What is paraprosdokian?,Expected ending,Unexpected ending twisting meaning,Logical conclusion,Parallel ending,Repetitive ending,1,Sentence ending in unexpected way that reframes beginning
lan-l5-009,Language,5,What is epizeuxis?,Varied repetition,Immediate repetition for emphasis,Delayed repetition,No repetition,Spaced repetition,1,"'Never, never, never give up' demonstrates this"
lan-l5-010,Language,5,What is isocolon?,Unequal clauses,Parallel clauses of equal length,Varied length,Single clause,Irregular rhythm,1,Successive clauses with same length and structure
lan-l5-011,Language,5,What is auxesis?,Understatement,Arrangement in order of increasing importance,Random order,Decreasing order,Equal weight,1,Climactic arrangement from least to most important
lan-l5-012,Language,5,What is scesis onomaton?,Varied expression,Expressing idea using only synonyms,One word,Antonyms,Unrelated terms,1,Emphasizing idea by stating it in multiple synonymous ways
lan-l5-013,Language,5,What is paraprosdokian?,Expected ending,Unexpected ending twisting meaning,Logical conclusion,Parallel ending,Repetitive ending,1,Sentence ending in unexpected way that reframes beginning
lan-l5-014,Language,5,What is epizeuxis?,Varied repetition,Immediate repetition for emphasis,Delayed repetition,No repetition,Spaced repetition,1,"'Never, never, never give up' demonstrates this"
lan-l5-015,Language,5,What is isocolon?,Unequal clauses,Parallel clauses of equal length,Varied length,Single clause,Irregular rhythm,1,Successive clauses with same length and structure
lan-l5-016,Language,5,What is auxesis?,Understatement,Arrangement in order of increasing importance,Random order,Decreasing order,Equal weight,1,Climactic arrangement from least to most important
lan-l5-017,Language,5,What is scesis onomaton?,Varied expression,Expressing idea using only synonyms,One word,Antonyms,Unrelated terms,1,Emphasizing idea by stating it in multiple synonymous ways
lan-l5-018,Language,5,What is paraprosdokian?,Expected ending,Unexpected ending twisting meaning,Logical conclusion,Parallel ending,Repetitive ending,1,Sentence ending in unexpected way that reframes beginning
lan-l5-019,Language,5,What is epizeuxis?,Varied repetition,Immediate repetition for emphasis,Delayed repetition,No repetition,Spaced repetition,1,"'Never, never, never give up' demonstrates this"
lan-l5-020,Language,5,What is isocolon?,Unequal clauses,Parallel clauses of equal length,Varied length,Single clause,Irregular rhythm,1,Successive clauses with same length and structure
lan-l5-021,Language,5,What is auxesis?,Understatement,Arrangement in order of increasing importance,Random order,Decreasing order,Equal weight,1,Climactic arrangement from least to most important
lan-l5-022,Language,5,What is scesis onomaton?,Varied expression,Expressing idea using only synonyms,One word,Antonyms,Unrelated terms,1,Emphasizing idea by stating it in multiple synonymous ways
lan-l5-023,Language,5,What is paraprosdokian?,Expected ending,Unexpected ending twisting meaning,Logical conclusion,Parallel ending,Repetitive ending,1,Sentence ending in unexpected way that reframes beginning
lan-l5-024,Language,5,What is epizeuxis?,Varied repetition,Immediate repetition for emphasis,Delayed repetition,No repetition,Spaced repetition,1,"'Never, never, never give up' demonstrates this"
lan-l5-025,Language,5,What is isocolon?,Unequal clauses,Parallel clauses of equal length,Varied length,Single clause,Irregular rhythm,1,Successive clauses with same length and structure
lan-l5-026,Language,5,What is auxesis?,Understatement,Arrangement in order of increasing importance,Random order,Decreasing order,Equal weight,1,Climactic arrangement from least to most important
lan-l5-027,Language,5,What is scesis onomaton?,Varied expression,Expressing idea using only synonyms,One word,Antonyms,Unrelated terms,1,Emphasizing idea by stating it in multiple synonymous ways
lan-l5-028,Language,5,What is paraprosdokian?,Expected ending,Unexpected ending twisting meaning,Logical conclusion,Parallel ending,Repetitive ending,1,Sentence ending in unexpected way that reframes beginning
lan-l5-029,Language,5,What is epizeuxis?,Varied repetition,Immediate repetition for emphasis,Delayed repetition,No repetition,Spaced repetition,1,"'Never, never, never give up' demonstrates this"
lan-l5-030,Language,5,What is isocolon?,Unequal clauses,Parallel clauses of equal length,Varied length,Single clause,Irregular rhythm,1,Successive clauses with same length and structure
lan-l5-031,Language,5,What is auxesis?,Understatement,Arrangement in order of increasing importance,Random order,Decreasing order,Equal weight,1,Climactic arrangement from least to most important
lan-l5-032,Language,5,What is scesis onomaton?,Varied expression,Expressing idea using only synonyms,One word,Antonyms,Unrelated terms,1,Emphasizing idea by stating it in multiple synonymous ways
lan-l5-033,Language,5,What is paraprosdokian?,Expected ending,Unexpected ending twisting meaning,Logical conclusion,Parallel ending,Repetitive ending,1,Sentence ending in unexpected way that reframes beginning
lan-l5-034,Language,5,What is epizeuxis?,Varied repetition,Immediate repetition for emphasis,Delayed repetition,No repetition,Spaced repetition,1,"'Never, never, never give up' demonstrates this"
lan-l5-035,Language,5,What is isocolon?,Unequal clauses,Parallel clauses of equal length,Varied length,Single clause,Irregular rhythm,1,Successive clauses with same length and structure
lan-l5-036,Language,5,What is auxesis?,Understatement,Arrangement in order of increasing importance,Random order,Decreasing order,Equal weight,1,Climactic arrangement from least to most important
lan-l5-037,Language,5,What is scesis onomaton?,Varied expression,Expressing idea using only synonyms,One word,Antonyms,Unrelated terms,1,Emphasizing idea by stating it in multiple synonymous ways
lan-l5-038,Language,5,What is paraprosdokian?,Expected ending,Unexpected ending twisting meaning,Logical conclusion,Parallel ending,Repetitive ending,1,Sentence ending in unexpected way that reframes beginning
lan-l5-039,Language,5,What is epizeuxis?,Varied repetition,Immediate repetition for emphasis,Delayed repetition,No repetition,Spaced repetition,1,"'Never, never, never give up' demonstrates this"
lan-l5-040,Language,5,What is isocolon?,Unequal clauses,Parallel clauses of equal length,Varied length,Single clause,Irregular rhythm,1,Successive clauses with same length and structure
lan-l5-041,Language,5,What is auxesis?,Understatement,Arrangement in order of increasing importance,Random order,Decreasing order,Equal weight,1,Climactic arrangement from least to most important
lan-l5-042,Language,5,What is scesis onomaton?,Varied expression,Expressing idea using only synonyms,One word,Antonyms,Unrelated terms,1,Emphasizing idea by stating it in multiple synonymous ways
lan-l5-043,Language,5,What is paraprosdokian?,Expected ending,Unexpected ending twisting meaning,Logical conclusion,Parallel ending,Repetitive ending,1,Sentence ending in unexpected way that reframes beginning
lan-l5-044,Language,5,What is epizeuxis?,Varied repetition,Immediate repetition for emphasis,Delayed repetition,No repetition,Spaced repetition,1,"'Never, never, never give up' demonstrates this"
lan-l5-045,Language,5,What is isocolon?,Unequal clauses,Parallel clauses of equal length,Varied length,Single clause,Irregular rhythm,1,Successive clauses with same length and structure
lan-l5-046,Language,5,What is auxesis?,Understatement,Arrangement in order of increasing importance,Random order,Decreasing order,Equal weight,1,Climactic arrangement from least to most important
lan-l5-047,Language,5,What is scesis onomaton?,Varied expression,Expressing idea using only synonyms,One word,Antonyms,Unrelated terms,1,Emphasizing idea by stating it in multiple synonymous ways
lan-l5-048,Language,5,What is paraprosdokian?,Expected ending,Unexpected ending twisting meaning,Logical conclusion,Parallel ending,Repetitive ending,1,Sentence ending in unexpected way that reframes beginning
lan-l5-049,Language,5,What is epizeuxis?,Varied repetition,Immediate repetition for emphasis,Delayed repetition,No repetition,Spaced repetition,1,"'Never, never, never give up' demonstrates this"
lan-l5-050,Language,5,What is isocolon?,Unequal clauses,Parallel clauses of equal length,Varied length,Single clause,Irregular rhythm,1,Successive clauses with same length and structure
lan-l5-051,Language,5,What is auxesis?,Understatement,Arrangement in order of increasing importance,Random order,Decreasing order,Equal weight,1,Climactic arrangement from least to most important
lan-l5-052,Language,5,What is scesis onomaton?,Varied expression,Expressing idea using only synonyms,One word,Antonyms,Unrelated terms,1,Emphasizing idea by stating it in multiple synonymous ways
lan-l5-053,Language,5,What is paraprosdokian?,Expected ending,Unexpected ending twisting meaning,Logical conclusion,Parallel ending,Repetitive ending,1,Sentence ending in unexpected way that reframes beginning
lan-l5-054,Language,5,What is epizeuxis?,Varied repetition,Immediate repetition for emphasis,Delayed repetition,No repetition,Spaced repetition,1,"'Never, never, never give up' demonstrates this"
lan-l5-055,Language,5,What is isocolon?,Unequal clauses,Parallel clauses of equal length,Varied length,Single clause,Irregular rhythm,1,Successive clauses with same length and structure
lan-l5-056,Language,5,What is auxesis?,Understatement,Arrangement in order of increasing importance,Random order,Decreasing order,Equal weight,1,Climactic arrangement from least to most important
lan-l5-057,Language,5,What is scesis onomaton?,Varied expression,Expressing idea using only synonyms,One word,Antonyms,Unrelated terms,1,Emphasizing idea by stating it in multiple synonymous ways
lan-l5-058,Language,5,What is paraprosdokian?,Expected ending,Unexpected ending twisting meaning,Logical conclusion,Parallel ending,Repetitive ending,1,Sentence ending in unexpected way that reframes beginning
lan-l5-059,Language,5,What is epizeuxis?,Varied repetition,Immediate repetition for emphasis,Delayed repetition,No repetition,Spaced repetition,1,"'Never, never, never give up' demonstrates this"
lan-l5-060,Language,5,What is isocolon?,Unequal clauses,Parallel clauses of equal length,Varied length,Single clause,Irregular rhythm,1,Successive clauses with same length and structure
lan-l5-061,Language,5,What is auxesis?,Understatement,Arrangement in order of increasing importance,Random order,Decreasing order,Equal weight,1,Climactic arrangement from least to most important
lan-l5-062,Language,5,What is scesis onomaton?,Varied expression,Expressing idea using only synonyms,One word,Antonyms,Unrelated terms,1,Emphasizing idea by stating it in multiple synonymous ways
lan-l5-063,Language,5,What is paraprosdokian?,Expected ending,Unexpected ending twisting meaning,Logical conclusion,Parallel ending,Repetitive ending,1,Sentence ending in unexpected way that reframes beginning
lan-l5-064,Language,5,What is epizeuxis?,Varied repetition,Immediate repetition for emphasis,Delayed repetition,No repetition,Spaced repetition,1,"'Never, never, never give up' demonstrates this"
lan-l5-065,Language,5,What is isocolon?,Unequal clauses,Parallel clauses of equal length,Varied length,Single clause,Irregular rhythm,1,Successive clauses with same length and structure
lan-l5-066,Language,5,What is auxesis?,Understatement,Arrangement in order of increasing importance,Random order,Decreasing order,Equal weight,1,Climactic arrangement from least to most important
lan-l5-067,Language,5,What is scesis onomaton?,Varied expression,Expressing idea using only synonyms,One word,Antonyms,Unrelated terms,1,Emphasizing idea by stating it in multiple synonymous ways
lan-l5-068,Language,5,What is paraprosdokian?,Expected ending,Unexpected ending twisting meaning,Logical conclusion,Parallel ending,Repetitive ending,1,Sentence ending in unexpected way that reframes beginning
lan-l5-069,Language,5,What is epizeuxis?,Varied repetition,Immediate repetition for emphasis,Delayed repetition,No repetition,Spaced repetition,1,"'Never, never, never give up' demonstrates this"
lan-l5-070,Language,5,What is isocolon?,Unequal clauses,Parallel clauses of equal length,Varied length,Single clause,Irregular rhythm,1,Successive clauses with same length and structure
lan-l5-071,Language,5,What is auxesis?,Understatement,Arrangement in order of increasing importance,Random order,Decreasing order,Equal weight,1,Climactic arrangement from least to most important
lan-l5-072,Language,5,What is scesis onomaton?,Varied expression,Expressing idea using only synonyms,One word,Antonyms,Unrelated terms,1,Emphasizing idea by stating it in multiple synonymous ways
lan-l5-073,Language,5,What is paraprosdokian?,Expected ending,Unexpected ending twisting meaning,Logical conclusion,Parallel ending,Repetitive ending,1,Sentence ending in unexpected way that reframes beginning
lan-l5-074,Language,5,What is epizeuxis?,Varied repetition,Immediate repetition for emphasis,Delayed repetition,No repetition,Spaced repetition,1,"'Never, never, never give up' demonstrates this"
lan-l5-075,Language,5,What is isocolon?,Unequal clauses,Parallel clauses of equal length,Varied length,Single clause,Irregular rhythm,1,Successive clauses with same length and structure
lan-l5-076,Language,5,What is auxesis?,Understatement,Arrangement in order of increasing importance,Random order,Decreasing order,Equal weight,1,Climactic arrangement from least to most important
lan-l5-077,Language,5,What is scesis onomaton?,Varied expression,Expressing idea using only synonyms,One word,Antonyms,Unrelated terms,1,Emphasizing idea by stating it in multiple synonymous ways
lan-l5-078,Language,5,What is paraprosdokian?,Expected ending,Unexpected ending twisting meaning,Logical conclusion,Parallel ending,Repetitive ending,1,Sentence ending in unexpected way that reframes beginning
lan-l5-079,Language,5,What is epizeuxis?,Varied repetition,Immediate repetition for emphasis,Delayed repetition,No repetition,Spaced repetition,1,"'Never, never, never give up' demonstrates this"
lan-l5-080,Language,5,What is isocolon?,Unequal clauses,Parallel clauses of equal length,Varied length,Single clause,Irregular rhythm,1,Successive clauses with same length and structure
lan-l5-081,Language,5,What is auxesis?,Understatement,Arrangement in order of increasing importance,Random order,Decreasing order,Equal weight,1,Climactic arrangement from least to most important
lan-l5-082,Language,5,What is scesis onomaton?,Varied expression,Expressing idea using only synonyms,One word,Antonyms,Unrelated terms,1,Emphasizing idea by stating it in multiple synonymous ways
lan-l5-083,Language,5,What is paraprosdokian?,Expected ending,Unexpected ending twisting meaning,Logical conclusion,Parallel ending,Repetitive ending,1,Sentence ending in unexpected way that reframes beginning
lan-l5-084,Language,5,What is epizeuxis?,Varied repetition,Immediate repetition for emphasis,Delayed repetition,No repetition,Spaced repetition,1,"'Never, never, never give up' demonstrates this"
lan-l5-085,Language,5,What is isocolon?,Unequal clauses,Parallel clauses of equal length,Varied length,Single clause,Irregular rhythm,1,Successive clauses with same length and structure
lan-l5-086,Language,5,What is auxesis?,Understatement,Arrangement in order of increasing importance,Random order,Decreasing order,Equal weight,1,Climactic arrangement from least to most important
lan-l5-087,Language,5,What is scesis onomaton?,Varied expression,Expressing idea using only synonyms,One word,Antonyms,Unrelated terms,1,Emphasizing idea by stating it in multiple synonymous ways
lan-l5-088,Language,5,What is paraprosdokian?,Expected ending,Unexpected ending twisting meaning,Logical conclusion,Parallel ending,Repetitive ending,1,Sentence ending in unexpected way that reframes beginning
lan-l5-089,Language,5,What is epizeuxis?,Varied repetition,Immediate repetition for emphasis,Delayed repetition,No repetition,Spaced repetition,1,"'Never, never, never give up' demonstrates this"
lan-l5-090,Language,5,What is isocolon?,Unequal clauses,Parallel clauses of equal length,Varied length,Single clause,Irregular rhythm,1,Successive clauses with same length and structure
lan-l5-091,Language,5,What is auxesis?,Understatement,Arrangement in order of increasing importance,Random order,Decreasing order,Equal weight,1,Climactic arrangement from least to most important
lan-l5-092,Language,5,What is scesis onomaton?,Varied expression,Expressing idea using only synonyms,One word,Antonyms,Unrelated terms,1,Emphasizing idea by stating it in multiple synonymous ways
lan-l5-093,Language,5,What is paraprosdokian?,Expected ending,Unexpected ending twisting meaning,Logical conclusion,Parallel ending,Repetitive ending,1,Sentence ending in unexpected way that reframes beginning
lan-l5-094,Language,5,What is epizeuxis?,Varied repetition,Immediate repetition for emphasis,Delayed repetition,No repetition,Spaced repetition,1,"'Never, never, never give up' demonstrates this"
lan-l5-095,Language,5,What is isocolon?,Unequal clauses,Parallel clauses of equal length,Varied length,Single clause,Irregular rhythm,1,Successive clauses with same length and structure
lan-l5-096,Language,5,What is auxesis?,Understatement,Arrangement in order of increasing importance,Random order,Decreasing order,Equal weight,1,Climactic arrangement from least to most important
lan-l5-097,Language,5,What is scesis onomaton?,Varied expression,Expressing idea using only synonyms,One word,Antonyms,Unrelated terms,1,Emphasizing idea by stating it in multiple synonymous ways
lan-l5-098,Language,5,What is paraprosdokian?,Expected ending,Unexpected ending twisting meaning,Logical conclusion,Parallel ending,Repetitive ending,1,Sentence ending in unexpected way that reframes beginning
lan-l5-099,Language,5,What is epizeuxis?,Varied repetition,Immediate repetition for emphasis,Delayed repetition,No repetition,Spaced repetition,1,"'Never, never, never give up' demonstrates this"
lan-l5-100,Language,5,What is isocolon?,Unequal clauses,Parallel clauses of equal length,Varied length,Single clause,Irregular rhythm,1,Successive clauses with same length and structure
ear-l1-001,Earth,1,What are the layers of the Earth?,Two,"Crust, mantle, core",Five,Ten,One,1,Earth has three main concentric layers
ear-l1-002,Earth,1,What causes earthquakes?,Wind,Movement of tectonic plates,Rain,Waves,Snow,1,Sudden release of energy when plates shift
ear-l1-003,Earth,1,What is a volcano?,Mountain,Opening where magma reaches surface,Valley,Cave,Canyon,1,Vent in Earth's crust releasing molten rock
ear-l1-004,Earth,1,What percentage of Earth is covered by water?,50%,60%,71%,85%,95%,2,Oceans cover most of our blue planet
ear-l1-005,Earth,1,What is soil made of?,Only rocks,"Minerals, organic matter, water, air",Only dirt,Only sand,Only clay,1,Complex mixture including broken rock and organic material
ear-l1-006,Earth,1,What are the layers of the Earth?,Two,"Crust, mantle, core",Five,Ten,One,1,Earth has three main concentric layers
ear-l1-007,Earth,1,What causes earthquakes?,Wind,Movement of tectonic plates,Rain,Waves,Snow,1,Sudden release of energy when plates shift
ear-l1-008,Earth,1,What is a volcano?,Mountain,Opening where magma reaches surface,Valley,Cave,Canyon,1,Vent in Earth's crust releasing molten rock
ear-l1-009,Earth,1,What percentage of Earth is covered by water?,50%,60%,71%,85%,95%,2,Oceans cover most of our blue planet
ear-l1-010,Earth,1,What is soil made of?,Only rocks,"Minerals, organic matter, water, air",Only dirt,Only sand,Only clay,1,Complex mixture including broken rock and organic material
ear-l1-011,Earth,1,What are the layers of the Earth?,Two,"Crust, mantle, core",Five,Ten,One,1,Earth has three main concentric layers
ear-l1-012,Earth,1,What causes earthquakes?,Wind,Movement of tectonic plates,Rain,Waves,Snow,1,Sudden release of energy when plates shift
ear-l1-013,Earth,1,What is a volcano?,Mountain,Opening where magma reaches surface,Valley,Cave,Canyon,1,Vent in Earth's crust releasing molten rock
ear-l1-014,Earth,1,What percentage of Earth is covered by water?,50%,60%,71%,85%,95%,2,Oceans cover most of our blue planet
ear-l1-015,Earth,1,What is soil made of?,Only rocks,"Minerals, organic matter, water, air",Only dirt,Only sand,Only clay,1,Complex mixture including broken rock and organic material
ear-l1-016,Earth,1,What are the layers of the Earth?,Two,"Crust, mantle, core",Five,Ten,One,1,Earth has three main concentric layers
ear-l1-017,Earth,1,What causes earthquakes?,Wind,Movement of tectonic plates,Rain,Waves,Snow,1,Sudden release of energy when plates shift
ear-l1-018,Earth,1,What is a volcano?,Mountain,Opening where magma reaches surface,Valley,Cave,Canyon,1,Vent in Earth's crust releasing molten rock
ear-l1-019,Earth,1,What percentage of Earth is covered by water?,50%,60%,71%,85%,95%,2,Oceans cover most of our blue planet
ear-l1-020,Earth,1,What is soil made of?,Only rocks,"Minerals, organic matter, water, air",Only dirt,Only sand,Only clay,1,Complex mixture including broken rock and organic material
ear-l1-021,Earth,1,What are the layers of the Earth?,Two,"Crust, mantle, core",Five,Ten,One,1,Earth has three main concentric layers
ear-l1-022,Earth,1,What causes earthquakes?,Wind,Movement of tectonic plates,Rain,Waves,Snow,1,Sudden release of energy when plates shift
ear-l1-023,Earth,1,What is a volcano?,Mountain,Opening where magma reaches surface,Valley,Cave,Canyon,1,Vent in Earth's crust releasing molten rock
ear-l1-024,Earth,1,What percentage of Earth is covered by water?,50%,60%,71%,85%,95%,2,Oceans cover most of our blue planet
ear-l1-025,Earth,1,What is soil made of?,Only rocks,"Minerals, organic matter, water, air",Only dirt,Only sand,Only clay,1,Complex mixture including broken rock and organic material
ear-l1-026,Earth,1,What are the layers of the Earth?,Two,"Crust, mantle, core",Five,Ten,One,1,Earth has three main concentric layers
ear-l1-027,Earth,1,What causes earthquakes?,Wind,Movement of tectonic plates,Rain,Waves,Snow,1,Sudden release of energy when plates shift
ear-l1-028,Earth,1,What is a volcano?,Mountain,Opening where magma reaches surface,Valley,Cave,Canyon,1,Vent in Earth's crust releasing molten rock
ear-l1-029,Earth,1,What percentage of Earth is covered by water?,50%,60%,71%,85%,95%,2,Oceans cover most of our blue planet
ear-l1-030,Earth,1,What is soil made of?,Only rocks,"Minerals, organic matter, water, air",Only dirt,Only sand,Only clay,1,Complex mixture including broken rock and organic material
ear-l1-031,Earth,1,What are the layers of the Earth?,Two,"Crust, mantle, core",Five,Ten,One,1,Earth has three main concentric layers
ear-l1-032,Earth,1,What causes earthquakes?,Wind,Movement of tectonic plates,Rain,Waves,Snow,1,Sudden release of energy when plates shift
ear-l1-033,Earth,1,What is a volcano?,Mountain,Opening where magma reaches surface,Valley,Cave,Canyon,1,Vent in Earth's crust releasing molten rock
ear-l1-034,Earth,1,What percentage of Earth is covered by water?,50%,60%,71%,85%,95%,2,Oceans cover most of our blue planet
ear-l1-035,Earth,1,What is soil made of?,Only rocks,"Minerals, organic matter, water, air",Only dirt,Only sand,Only clay,1,Complex mixture including broken rock and organic material
ear-l1-036,Earth,1,What are the layers of the Earth?,Two,"Crust, mantle, core",Five,Ten,One,1,Earth has three main concentric layers
ear-l1-037,Earth,1,What causes earthquakes?,Wind,Movement of tectonic plates,Rain,Waves,Snow,1,Sudden release of energy when plates shift
ear-l1-038,Earth,1,What is a volcano?,Mountain,Opening where magma reaches surface,Valley,Cave,Canyon,1,Vent in Earth's crust releasing molten rock
ear-l1-039,Earth,1,What percentage of Earth is covered by water?,50%,60%,71%,85%,95%,2,Oceans cover most of our blue planet
ear-l1-040,Earth,1,What is soil made of?,Only rocks,"Minerals, organic matter, water, air",Only dirt,Only sand,Only clay,1,Complex mixture including broken rock and organic material
ear-l1-041,Earth,1,What are the layers of the Earth?,Two,"Crust, mantle, core",Five,Ten,One,1,Earth has three main concentric layers
ear-l1-042,Earth,1,What causes earthquakes?,Wind,Movement of tectonic plates,Rain,Waves,Snow,1,Sudden release of energy when plates shift
ear-l1-043,Earth,1,What is a volcano?,Mountain,Opening where magma reaches surface,Valley,Cave,Canyon,1,Vent in Earth's crust releasing molten rock
ear-l1-044,Earth,1,What percentage of Earth is covered by water?,50%,60%,71%,85%,95%,2,Oceans cover most of our blue planet
ear-l1-045,Earth,1,What is soil made of?,Only rocks,"Minerals, organic matter, water, air",Only dirt,Only sand,Only clay,1,Complex mixture including broken rock and organic material
ear-l1-046,Earth,1,What are the layers of the Earth?,Two,"Crust, mantle, core",Five,Ten,One,1,Earth has three main concentric layers
ear-l1-047,Earth,1,What causes earthquakes?,Wind,Movement of tectonic plates,Rain,Waves,Snow,1,Sudden release of energy when plates shift
ear-l1-048,Earth,1,What is a volcano?,Mountain,Opening where magma reaches surface,Valley,Cave,Canyon,1,Vent in Earth's crust releasing molten rock
ear-l1-049,Earth,1,What percentage of Earth is covered by water?,50%,60%,71%,85%,95%,2,Oceans cover most of our blue planet
ear-l1-050,Earth,1,What is soil made of?,Only rocks,"Minerals, organic matter, water, air",Only dirt,Only sand,Only clay,1,Complex mixture including broken rock and organic material
ear-l1-051,Earth,1,What are the layers of the Earth?,Two,"Crust, mantle, core",Five,Ten,One,1,Earth has three main concentric layers
ear-l1-052,Earth,1,What causes earthquakes?,Wind,Movement of tectonic plates,Rain,Waves,Snow,1,Sudden release of energy when plates shift
ear-l1-053,Earth,1,What is a volcano?,Mountain,Opening where magma reaches surface,Valley,Cave,Canyon,1,Vent in Earth's crust releasing molten rock
ear-l1-054,Earth,1,What percentage of Earth is covered by water?,50%,60%,71%,85%,95%,2,Oceans cover most of our blue planet
ear-l1-055,Earth,1,What is soil made of?,Only rocks,"Minerals, organic matter, water, air",Only dirt,Only sand,Only clay,1,Complex mixture including broken rock and organic material
ear-l1-056,Earth,1,What are the layers of the Earth?,Two,"Crust, mantle, core",Five,Ten,One,1,Earth has three main concentric layers
ear-l1-057,Earth,1,What causes earthquakes?,Wind,Movement of tectonic plates,Rain,Waves,Snow,1,Sudden release of energy when plates shift
ear-l1-058,Earth,1,What is a volcano?,Mountain,Opening where magma reaches surface,Valley,Cave,Canyon,1,Vent in Earth's crust releasing molten rock
ear-l1-059,Earth,1,What percentage of Earth is covered by water?,50%,60%,71%,85%,95%,2,Oceans cover most of our blue planet
ear-l1-060,Earth,1,What is soil made of?,Only rocks,"Minerals, organic matter, water, air",Only dirt,Only sand,Only clay,1,Complex mixture including broken rock and organic material
ear-l1-061,Earth,1,What are the layers of the Earth?,Two,"Crust, mantle, core",Five,Ten,One,1,Earth has three main concentric layers
ear-l1-062,Earth,1,What causes earthquakes?,Wind,Movement of tectonic plates,Rain,Waves,Snow,1,Sudden release of energy when plates shift
ear-l1-063,Earth,1,What is a volcano?,Mountain,Opening where magma reaches surface,Valley,Cave,Canyon,1,Vent in Earth's crust releasing molten rock
ear-l1-064,Earth,1,What percentage of Earth is covered by water?,50%,60%,71%,85%,95%,2,Oceans cover most of our blue planet
ear-l1-065,Earth,1,What is soil made of?,Only rocks,"Minerals, organic matter, water, air",Only dirt,Only sand,Only clay,1,Complex mixture including broken rock and organic material
ear-l1-066,Earth,1,What are the layers of the Earth?,Two,"Crust, mantle, core",Five,Ten,One,1,Earth has three main concentric layers
ear-l1-067,Earth,1,What causes earthquakes?,Wind,Movement of tectonic plates,Rain,Waves,Snow,1,Sudden release of energy when plates shift
ear-l1-068,Earth,1,What is a volcano?,Mountain,Opening where magma reaches surface,Valley,Cave,Canyon,1,Vent in Earth's crust releasing molten rock
ear-l1-069,Earth,1,What percentage of Earth is covered by water?,50%,60%,71%,85%,95%,2,Oceans cover most of our blue planet
ear-l1-070,Earth,1,What is soil made of?,Only rocks,"Minerals, organic matter, water, air",Only dirt,Only sand,Only clay,1,Complex mixture including broken rock and organic material
ear-l1-071,Earth,1,What are the layers of the Earth?,Two,"Crust, mantle, core",Five,Ten,One,1,Earth has three main concentric layers
ear-l1-072,Earth,1,What causes earthquakes?,Wind,Movement of tectonic plates,Rain,Waves,Snow,1,Sudden release of energy when plates shift
ear-l1-073,Earth,1,What is a volcano?,Mountain,Opening where magma reaches surface,Valley,Cave,Canyon,1,Vent in Earth's crust releasing molten rock
ear-l1-074,Earth,1,What percentage of Earth is covered by water?,50%,60%,71%,85%,95%,2,Oceans cover most of our blue planet
ear-l1-075,Earth,1,What is soil made of?,Only rocks,"Minerals, organic matter, water, air",Only dirt,Only sand,Only clay,1,Complex mixture including broken rock and organic material
ear-l1-076,Earth,1,What are the layers of the Earth?,Two,"Crust, mantle, core",Five,Ten,One,1,Earth has three main concentric layers
ear-l1-077,Earth,1,What causes earthquakes?,Wind,Movement of tectonic plates,Rain,Waves,Snow,1,Sudden release of energy when plates shift
ear-l1-078,Earth,1,What is a volcano?,Mountain,Opening where magma reaches surface,Valley,Cave,Canyon,1,Vent in Earth's crust releasing molten rock
ear-l1-079,Earth,1,What percentage of Earth is covered by water?,50%,60%,71%,85%,95%,2,Oceans cover most of our blue planet
ear-l1-080,Earth,1,What is soil made of?,Only rocks,"Minerals, organic matter, water, air",Only dirt,Only sand,Only clay,1,Complex mixture including broken rock and organic material
ear-l1-081,Earth,1,What are the layers of the Earth?,Two,"Crust, mantle, core",Five,Ten,One,1,Earth has three main concentric layers
ear-l1-082,Earth,1,What causes earthquakes?,Wind,Movement of tectonic plates,Rain,Waves,Snow,1,Sudden release of energy when plates shift
ear-l1-083,Earth,1,What is a volcano?,Mountain,Opening where magma reaches surface,Valley,Cave,Canyon,1,Vent in Earth's crust releasing molten rock
ear-l1-084,Earth,1,What percentage of Earth is covered by water?,50%,60%,71%,85%,95%,2,Oceans cover most of our blue planet
ear-l1-085,Earth,1,What is soil made of?,Only rocks,"Minerals, organic matter, water, air",Only dirt,Only sand,Only clay,1,Complex mixture including broken rock and organic material
ear-l1-086,Earth,1,What are the layers of the Earth?,Two,"Crust, mantle, core",Five,Ten,One,1,Earth has three main concentric layers
ear-l1-087,Earth,1,What causes earthquakes?,Wind,Movement of tectonic plates,Rain,Waves,Snow,1,Sudden release of energy when plates shift
ear-l1-088,Earth,1,What is a volcano?,Mountain,Opening where magma reaches surface,Valley,Cave,Canyon,1,Vent in Earth's crust releasing molten rock
ear-l1-089,Earth,1,What percentage of Earth is covered by water?,50%,60%,71%,85%,95%,2,Oceans cover most of our blue planet
ear-l1-090,Earth,1,What is soil made of?,Only rocks,"Minerals, organic matter, water, air",Only dirt,Only sand,Only clay,1,Complex mixture including broken rock and organic material
ear-l1-091,Earth,1,What are the layers of the Earth?,Two,"Crust, mantle, core",Five,Ten,One,1,Earth has three main concentric layers
ear-l1-092,Earth,1,What causes earthquakes?,Wind,Movement of tectonic plates,Rain,Waves,Snow,1,Sudden release of energy when plates shift
ear-l1-093,Earth,1,What is a volcano?,Mountain,Opening where magma reaches surface,Valley,Cave,Canyon,1,Vent in Earth's crust releasing molten rock
ear-l1-094,Earth,1,What percentage of Earth is covered by water?,50%,60%,71%,85%,95%,2,Oceans cover most of our blue planet
ear-l1-095,Earth,1,What is soil made of?,Only rocks,"Minerals, organic matter, water, air",Only dirt,Only sand,Only clay,1,Complex mixture including broken rock and organic material
ear-l1-096,Earth,1,What are the layers of the Earth?,Two,"Crust, mantle, core",Five,Ten,One,1,Earth has three main concentric layers
ear-l1-097,Earth,1,What causes earthquakes?,Wind,Movement of tectonic plates,Rain,Waves,Snow,1,Sudden release of energy when plates shift
ear-l1-098,Earth,1,What is a volcano?,Mountain,Opening where magma reaches surface,Valley,Cave,Canyon,1,Vent in Earth's crust releasing molten rock
ear-l1-099,Earth,1,What percentage of Earth is covered by water?,50%,60%,71%,85%,95%,2,Oceans cover most of our blue planet
ear-l1-100,Earth,1,What is soil made of?,Only rocks,"Minerals, organic matter, water, air",Only dirt,Only sand,Only clay,1,Complex mixture including broken rock and organic material
ear-l2-001,Earth,2,What is the Mohs scale?,Temperature,Mineral hardness,Earthquake strength,Wind speed,Water depth,1,Ranks minerals from 1 (talc) to 10 (diamond) by hardness
ear-l2-002,Earth,2,What is the difference between magma and lava?,No difference,"Magma underground, lava above ground",Temperature,Color,Speed,1,Location determines the name for molten rock
ear-l2-003,Earth,2,What are the three types of rocks?,"Big, medium, small","Igneous, sedimentary, metamorphic","Hard, soft, medium","Old, new, ancient","Heavy, light, dense",1,Rock cycle creates these three main categories
ear-l2-004,Earth,2,What is plate tectonics?,Ocean movement,Theory of moving crustal plates,Mountain formation,Wind patterns,Water cycle,1,Large-scale motion of Earth's lithospheric plates
ear-l2-005,Earth,2,What is the hydrosphere?,Atmosphere,All water on Earth,Land surface,Core,Mantle,1,"Combined mass of water on, under, and above Earth"
ear-l2-006,Earth,2,What is the Mohs scale?,Temperature,Mineral hardness,Earthquake strength,Wind speed,Water depth,1,Ranks minerals from 1 (talc) to 10 (diamond) by hardness
ear-l2-007,Earth,2,What is the difference between magma and lava?,No difference,"Magma underground, lava above ground",Temperature,Color,Speed,1,Location determines the name for molten rock
ear-l2-008,Earth,2,What are the three types of rocks?,"Big, medium, small","Igneous, sedimentary, metamorphic","Hard, soft, medium","Old, new, ancient","Heavy, light, dense",1,Rock cycle creates these three main categories
ear-l2-009,Earth,2,What is plate tectonics?,Ocean movement,Theory of moving crustal plates,Mountain formation,Wind patterns,Water cycle,1,Large-scale motion of Earth's lithospheric plates
ear-l2-010,Earth,2,What is the hydrosphere?,Atmosphere,All water on Earth,Land surface,Core,Mantle,1,"Combined mass of water on, under, and above Earth"
ear-l2-011,Earth,2,What is the Mohs scale?,Temperature,Mineral hardness,Earthquake strength,Wind speed,Water depth,1,Ranks minerals from 1 (talc) to 10 (diamond) by hardness
ear-l2-012,Earth,2,What is the difference between magma and lava?,No difference,"Magma underground, lava above ground",Temperature,Color,Speed,1,Location determines the name for molten rock
ear-l2-013,Earth,2,What are the three types of rocks?,"Big, medium, small","Igneous, sedimentary, metamorphic","Hard, soft, medium","Old, new, ancient","Heavy, light, dense",1,Rock cycle creates these three main categories
ear-l2-014,Earth,2,What is plate tectonics?,Ocean movement,Theory of moving crustal plates,Mountain formation,Wind patterns,Water cycle,1,Large-scale motion of Earth's lithospheric plates
ear-l2-015,Earth,2,What is the hydrosphere?,Atmosphere,All water on Earth,Land surface,Core,Mantle,1,"Combined mass of water on, under, and above Earth"
ear-l2-016,Earth,2,What is the Mohs scale?,Temperature,Mineral hardness,Earthquake strength,Wind speed,Water depth,1,Ranks minerals from 1 (talc) to 10 (diamond) by hardness
ear-l2-017,Earth,2,What is the difference between magma and lava?,No difference,"Magma underground, lava above ground",Temperature,Color,Speed,1,Location determines the name for molten rock
ear-l2-018,Earth,2,What are the three types of rocks?,"Big, medium, small","Igneous, sedimentary, metamorphic","Hard, soft, medium","Old, new, ancient","Heavy, light, dense",1,Rock cycle creates these three main categories
ear-l2-019,Earth,2,What is plate tectonics?,Ocean movement,Theory of moving crustal plates,Mountain formation,Wind patterns,Water cycle,1,Large-scale motion of Earth's lithospheric plates
ear-l2-020,Earth,2,What is the hydrosphere?,Atmosphere,All water on Earth,Land surface,Core,Mantle,1,"Combined mass of water on, under, and above Earth"
ear-l2-021,Earth,2,What is the Mohs scale?,Temperature,Mineral hardness,Earthquake strength,Wind speed,Water depth,1,Ranks minerals from 1 (talc) to 10 (diamond) by hardness
ear-l2-022,Earth,2,What is the difference between magma and lava?,No difference,"Magma underground, lava above ground",Temperature,Color,Speed,1,Location determines the name for molten rock
ear-l2-023,Earth,2,What are the three types of rocks?,"Big, medium, small","Igneous, sedimentary, metamorphic","Hard, soft, medium","Old, new, ancient","Heavy, light, dense",1,Rock cycle creates these three main categories
ear-l2-024,Earth,2,What is plate tectonics?,Ocean movement,Theory of moving crustal plates,Mountain formation,Wind patterns,Water cycle,1,Large-scale motion of Earth's lithospheric plates
ear-l2-025,Earth,2,What is the hydrosphere?,Atmosphere,All water on Earth,Land surface,Core,Mantle,1,"Combined mass of water on, under, and above Earth"
ear-l2-026,Earth,2,What is the Mohs scale?,Temperature,Mineral hardness,Earthquake strength,Wind speed,Water depth,1,Ranks minerals from 1 (talc) to 10 (diamond) by hardness
ear-l2-027,Earth,2,What is the difference between magma and lava?,No difference,"Magma underground, lava above ground",Temperature,Color,Speed,1,Location determines the name for molten rock
ear-l2-028,Earth,2,What are the three types of rocks?,"Big, medium, small","Igneous, sedimentary, metamorphic","Hard, soft, medium","Old, new, ancient","Heavy, light, dense",1,Rock cycle creates these three main categories
ear-l2-029,Earth,2,What is plate tectonics?,Ocean movement,Theory of moving crustal plates,Mountain formation,Wind patterns,Water cycle,1,Large-scale motion of Earth's lithospheric plates
ear-l2-030,Earth,2,What is the hydrosphere?,Atmosphere,All water on Earth,Land surface,Core,Mantle,1,"Combined mass of water on, under, and above Earth"
ear-l2-031,Earth,2,What is the Mohs scale?,Temperature,Mineral hardness,Earthquake strength,Wind speed,Water depth,1,Ranks minerals from 1 (talc) to 10 (diamond) by hardness
ear-l2-032,Earth,2,What is the difference between magma and lava?,No difference,"Magma underground, lava above ground",Temperature,Color,Speed,1,Location determines the name for molten rock
ear-l2-033,Earth,2,What are the three types of rocks?,"Big, medium, small","Igneous, sedimentary, metamorphic","Hard, soft, medium","Old, new, ancient","Heavy, light, dense",1,Rock cycle creates these three main categories
ear-l2-034,Earth,2,What is plate tectonics?,Ocean movement,Theory of moving crustal plates,Mountain formation,Wind patterns,Water cycle,1,Large-scale motion of Earth's lithospheric plates
ear-l2-035,Earth,2,What is the hydrosphere?,Atmosphere,All water on Earth,Land surface,Core,Mantle,1,"Combined mass of water on, under, and above Earth"
ear-l2-036,Earth,2,What is the Mohs scale?,Temperature,Mineral hardness,Earthquake strength,Wind speed,Water depth,1,Ranks minerals from 1 (talc) to 10 (diamond) by hardness
ear-l2-037,Earth,2,What is the difference between magma and lava?,No difference,"Magma underground, lava above ground",Temperature,Color,Speed,1,Location determines the name for molten rock
ear-l2-038,Earth,2,What are the three types of rocks?,"Big, medium, small","Igneous, sedimentary, metamorphic","Hard, soft, medium","Old, new, ancient","Heavy, light, dense",1,Rock cycle creates these three main categories
ear-l2-039,Earth,2,What is plate tectonics?,Ocean movement,Theory of moving crustal plates,Mountain formation,Wind patterns,Water cycle,1,Large-scale motion of Earth's lithospheric plates
ear-l2-040,Earth,2,What is the hydrosphere?,Atmosphere,All water on Earth,Land surface,Core,Mantle,1,"Combined mass of water on, under, and above Earth"
ear-l2-041,Earth,2,What is the Mohs scale?,Temperature,Mineral hardness,Earthquake strength,Wind speed,Water depth,1,Ranks minerals from 1 (talc) to 10 (diamond) by hardness
ear-l2-042,Earth,2,What is the difference between magma and lava?,No difference,"Magma underground, lava above ground",Temperature,Color,Speed,1,Location determines the name for molten rock
ear-l2-043,Earth,2,What are the three types of rocks?,"Big, medium, small","Igneous, sedimentary, metamorphic","Hard, soft, medium","Old, new, ancient","Heavy, light, dense",1,Rock cycle creates these three main categories
ear-l2-044,Earth,2,What is plate tectonics?,Ocean movement,Theory of moving crustal plates,Mountain formation,Wind patterns,Water cycle,1,Large-scale motion of Earth's lithospheric plates
ear-l2-045,Earth,2,What is the hydrosphere?,Atmosphere,All water on Earth,Land surface,Core,Mantle,1,"Combined mass of water on, under, and above Earth"
ear-l2-046,Earth,2,What is the Mohs scale?,Temperature,Mineral hardness,Earthquake strength,Wind speed,Water depth,1,Ranks minerals from 1 (talc) to 10 (diamond) by hardness
ear-l2-047,Earth,2,What is the difference between magma and lava?,No difference,"Magma underground, lava above ground",Temperature,Color,Speed,1,Location determines the name for molten rock
ear-l2-048,Earth,2,What are the three types of rocks?,"Big, medium, small","Igneous, sedimentary, metamorphic","Hard, soft, medium","Old, new, ancient","Heavy, light, dense",1,Rock cycle creates these three main categories
ear-l2-049,Earth,2,What is plate tectonics?,Ocean movement,Theory of moving crustal plates,Mountain formation,Wind patterns,Water cycle,1,Large-scale motion of Earth's lithospheric plates
ear-l2-050,Earth,2,What is the hydrosphere?,Atmosphere,All water on Earth,Land surface,Core,Mantle,1,"Combined mass of water on, under, and above Earth"
ear-l2-051,Earth,2,What is the Mohs scale?,Temperature,Mineral hardness,Earthquake strength,Wind speed,Water depth,1,Ranks minerals from 1 (talc) to 10 (diamond) by hardness
ear-l2-052,Earth,2,What is the difference between magma and lava?,No difference,"Magma underground, lava above ground",Temperature,Color,Speed,1,Location determines the name for molten rock
ear-l2-053,Earth,2,What are the three types of rocks?,"Big, medium, small","Igneous, sedimentary, metamorphic","Hard, soft, medium","Old, new, ancient","Heavy, light, dense",1,Rock cycle creates these three main categories
ear-l2-054,Earth,2,What is plate tectonics?,Ocean movement,Theory of moving crustal plates,Mountain formation,Wind patterns,Water cycle,1,Large-scale motion of Earth's lithospheric plates
ear-l2-055,Earth,2,What is the hydrosphere?,Atmosphere,All water on Earth,Land surface,Core,Mantle,1,"Combined mass of water on, under, and above Earth"
ear-l2-056,Earth,2,What is the Mohs scale?,Temperature,Mineral hardness,Earthquake strength,Wind speed,Water depth,1,Ranks minerals from 1 (talc) to 10 (diamond) by hardness
ear-l2-057,Earth,2,What is the difference between magma and lava?,No difference,"Magma underground, lava above ground",Temperature,Color,Speed,1,Location determines the name for molten rock
ear-l2-058,Earth,2,What are the three types of rocks?,"Big, medium, small","Igneous, sedimentary, metamorphic","Hard, soft, medium","Old, new, ancient","Heavy, light, dense",1,Rock cycle creates these three main categories
ear-l2-059,Earth,2,What is plate tectonics?,Ocean movement,Theory of moving crustal plates,Mountain formation,Wind patterns,Water cycle,1,Large-scale motion of Earth's lithospheric plates
ear-l2-060,Earth,2,What is the hydrosphere?,Atmosphere,All water on Earth,Land surface,Core,Mantle,1,"Combined mass of water on, under, and above Earth"
ear-l2-061,Earth,2,What is the Mohs scale?,Temperature,Mineral hardness,Earthquake strength,Wind speed,Water depth,1,Ranks minerals from 1 (talc) to 10 (diamond) by hardness
ear-l2-062,Earth,2,What is the difference between magma and lava?,No difference,"Magma underground, lava above ground",Temperature,Color,Speed,1,Location determines the name for molten rock
ear-l2-063,Earth,2,What are the three types of rocks?,"Big, medium, small","Igneous, sedimentary, metamorphic","Hard, soft, medium","Old, new, ancient","Heavy, light, dense",1,Rock cycle creates these three main categories
ear-l2-064,Earth,2,What is plate tectonics?,Ocean movement,Theory of moving crustal plates,Mountain formation,Wind patterns,Water cycle,1,Large-scale motion of Earth's lithospheric plates
ear-l2-065,Earth,2,What is the hydrosphere?,Atmosphere,All water on Earth,Land surface,Core,Mantle,1,"Combined mass of water on, under, and above Earth"
ear-l2-066,Earth,2,What is the Mohs scale?,Temperature,Mineral hardness,Earthquake strength,Wind speed,Water depth,1,Ranks minerals from 1 (talc) to 10 (diamond) by hardness
ear-l2-067,Earth,2,What is the difference between magma and lava?,No difference,"Magma underground, lava above ground",Temperature,Color,Speed,1,Location determines the name for molten rock
ear-l2-068,Earth,2,What are the three types of rocks?,"Big, medium, small","Igneous, sedimentary, metamorphic","Hard, soft, medium","Old, new, ancient","Heavy, light, dense",1,Rock cycle creates these three main categories
ear-l2-069,Earth,2,What is plate tectonics?,Ocean movement,Theory of moving crustal plates,Mountain formation,Wind patterns,Water cycle,1,Large-scale motion of Earth's lithospheric plates
ear-l2-070,Earth,2,What is the hydrosphere?,Atmosphere,All water on Earth,Land surface,Core,Mantle,1,"Combined mass of water on, under, and above Earth"
ear-l2-071,Earth,2,What is the Mohs scale?,Temperature,Mineral hardness,Earthquake strength,Wind speed,Water depth,1,Ranks minerals from 1 (talc) to 10 (diamond) by hardness
ear-l2-072,Earth,2,What is the difference between magma and lava?,No difference,"Magma underground, lava above ground",Temperature,Color,Speed,1,Location determines the name for molten rock
ear-l2-073,Earth,2,What are the three types of rocks?,"Big, medium, small","Igneous, sedimentary, metamorphic","Hard, soft, medium","Old, new, ancient","Heavy, light, dense",1,Rock cycle creates these three main categories
ear-l2-074,Earth,2,What is plate tectonics?,Ocean movement,Theory of moving crustal plates,Mountain formation,Wind patterns,Water cycle,1,Large-scale motion of Earth's lithospheric plates
ear-l2-075,Earth,2,What is the hydrosphere?,Atmosphere,All water on Earth,Land surface,Core,Mantle,1,"Combined mass of water on, under, and above Earth"
ear-l2-076,Earth,2,What is the Mohs scale?,Temperature,Mineral hardness,Earthquake strength,Wind speed,Water depth,1,Ranks minerals from 1 (talc) to 10 (diamond) by hardness
ear-l2-077,Earth,2,What is the difference between magma and lava?,No difference,"Magma underground, lava above ground",Temperature,Color,Speed,1,Location determines the name for molten rock
ear-l2-078,Earth,2,What are the three types of rocks?,"Big, medium, small","Igneous, sedimentary, metamorphic","Hard, soft, medium","Old, new, ancient","Heavy, light, dense",1,Rock cycle creates these three main categories
ear-l2-079,Earth,2,What is plate tectonics?,Ocean movement,Theory of moving crustal plates,Mountain formation,Wind patterns,Water cycle,1,Large-scale motion of Earth's lithospheric plates
ear-l2-080,Earth,2,What is the hydrosphere?,Atmosphere,All water on Earth,Land surface,Core,Mantle,1,"Combined mass of water on, under, and above Earth"
ear-l2-081,Earth,2,What is the Mohs scale?,Temperature,Mineral hardness,Earthquake strength,Wind speed,Water depth,1,Ranks minerals from 1 (talc) to 10 (diamond) by hardness
ear-l2-082,Earth,2,What is the difference between magma and lava?,No difference,"Magma underground, lava above ground",Temperature,Color,Speed,1,Location determines the name for molten rock
ear-l2-083,Earth,2,What are the three types of rocks?,"Big, medium, small","Igneous, sedimentary, metamorphic","Hard, soft, medium","Old, new, ancient","Heavy, light, dense",1,Rock cycle creates these three main categories
ear-l2-084,Earth,2,What is plate tectonics?,Ocean movement,Theory of moving crustal plates,Mountain formation,Wind patterns,Water cycle,1,Large-scale motion of Earth's lithospheric plates
ear-l2-085,Earth,2,What is the hydrosphere?,Atmosphere,All water on Earth,Land surface,Core,Mantle,1,"Combined mass of water on, under, and above Earth"
ear-l2-086,Earth,2,What is the Mohs scale?,Temperature,Mineral hardness,Earthquake strength,Wind speed,Water depth,1,Ranks minerals from 1 (talc) to 10 (diamond) by hardness
ear-l2-087,Earth,2,What is the difference between magma and lava?,No difference,"Magma underground, lava above ground",Temperature,Color,Speed,1,Location determines the name for molten rock
ear-l2-088,Earth,2,What are the three types of rocks?,"Big, medium, small","Igneous, sedimentary, metamorphic","Hard, soft, medium","Old, new, ancient","Heavy, light, dense",1,Rock cycle creates these three main categories
ear-l2-089,Earth,2,What is plate tectonics?,Ocean movement,Theory of moving crustal plates,Mountain formation,Wind patterns,Water cycle,1,Large-scale motion of Earth's lithospheric plates
ear-l2-090,Earth,2,What is the hydrosphere?,Atmosphere,All water on Earth,Land surface,Core,Mantle,1,"Combined mass of water on, under, and above Earth"
ear-l2-091,Earth,2,What is the Mohs scale?,Temperature,Mineral hardness,Earthquake strength,Wind speed,Water depth,1,Ranks minerals from 1 (talc) to 10 (diamond) by hardness
ear-l2-092,Earth,2,What is the difference between magma and lava?,No difference,"Magma underground, lava above ground",Temperature,Color,Speed,1,Location determines the name for molten rock
ear-l2-093,Earth,2,What are the three types of rocks?,"Big, medium, small","Igneous, sedimentary, metamorphic","Hard, soft, medium","Old, new, ancient","Heavy, light, dense",1,Rock cycle creates these three main categories
ear-l2-094,Earth,2,What is plate tectonics?,Ocean movement,Theory of moving crustal plates,Mountain formation,Wind patterns,Water cycle,1,Large-scale motion of Earth's lithospheric plates
ear-l2-095,Earth,2,What is the hydrosphere?,Atmosphere,All water on Earth,Land surface,Core,Mantle,1,"Combined mass of water on, under, and above Earth"
ear-l2-096,Earth,2,What is the Mohs scale?,Temperature,Mineral hardness,Earthquake strength,Wind speed,Water depth,1,Ranks minerals from 1 (talc) to 10 (diamond) by hardness
ear-l2-097,Earth,2,What is the difference between magma and lava?,No difference,"Magma underground, lava above ground",Temperature,Color,Speed,1,Location determines the name for molten rock
ear-l2-098,Earth,2,What are the three types of rocks?,"Big, medium, small","Igneous, sedimentary, metamorphic","Hard, soft, medium","Old, new, ancient","Heavy, light, dense",1,Rock cycle creates these three main categories
ear-l2-099,Earth,2,What is plate tectonics?,Ocean movement,Theory of moving crustal plates,Mountain formation,Wind patterns,Water cycle,1,Large-scale motion of Earth's lithospheric plates
ear-l2-100,Earth,2,What is the hydrosphere?,Atmosphere,All water on Earth,Land surface,Core,Mantle,1,"Combined mass of water on, under, and above Earth"
ear-l3-001,Earth,3,What is the asthenosphere?,Crust,Weak layer beneath lithosphere,Core,Atmosphere,Ocean floor,1,Ductile layer in upper mantle where plates glide
ear-l3-002,Earth,3,What is isostasy?,Earthquake,Gravitational equilibrium of crust,Volcanic activity,Erosion,Weathering,1,Balance between crustal elevation and density
ear-l3-003,Earth,3,What are transform boundaries?,Colliding plates,Plates sliding past each other,Separating plates,Subduction zones,Mountain builders,1,"Plate margins where plates move laterally, like San Andreas"
ear-l3-004,Earth,3,What is diagenesis?,Metamorphism,Physical and chemical changes in sediment,Melting,Erosion,Weathering,1,Processes that compact and cement sediments into rock
ear-l3-005,Earth,3,What is the geothermal gradient?,Pressure increase,Temperature increase with depth,Gravity change,Magnetic variation,Density profile,1,Average 25-30°C per kilometer depth increase
ear-l3-006,Earth,3,What is the asthenosphere?,Crust,Weak layer beneath lithosphere,Core,Atmosphere,Ocean floor,1,Ductile layer in upper mantle where plates glide
ear-l3-007,Earth,3,What is isostasy?,Earthquake,Gravitational equilibrium of crust,Volcanic activity,Erosion,Weathering,1,Balance between crustal elevation and density
ear-l3-008,Earth,3,What are transform boundaries?,Colliding plates,Plates sliding past each other,Separating plates,Subduction zones,Mountain builders,1,"Plate margins where plates move laterally, like San Andreas"
ear-l3-009,Earth,3,What is diagenesis?,Metamorphism,Physical and chemical changes in sediment,Melting,Erosion,Weathering,1,Processes that compact and cement sediments into rock
ear-l3-010,Earth,3,What is the geothermal gradient?,Pressure increase,Temperature increase with depth,Gravity change,Magnetic variation,Density profile,1,Average 25-30°C per kilometer depth increase
ear-l3-011,Earth,3,What is the asthenosphere?,Crust,Weak layer beneath lithosphere,Core,Atmosphere,Ocean floor,1,Ductile layer in upper mantle where plates glide
ear-l3-012,Earth,3,What is isostasy?,Earthquake,Gravitational equilibrium of crust,Volcanic activity,Erosion,Weathering,1,Balance between crustal elevation and density
ear-l3-013,Earth,3,What are transform boundaries?,Colliding plates,Plates sliding past each other,Separating plates,Subduction zones,Mountain builders,1,"Plate margins where plates move laterally, like San Andreas"
ear-l3-014,Earth,3,What is diagenesis?,Metamorphism,Physical and chemical changes in sediment,Melting,Erosion,Weathering,1,Processes that compact and cement sediments into rock
ear-l3-015,Earth,3,What is the geothermal gradient?,Pressure increase,Temperature increase with depth,Gravity change,Magnetic variation,Density profile,1,Average 25-30°C per kilometer depth increase
ear-l3-016,Earth,3,What is the asthenosphere?,Crust,Weak layer beneath lithosphere,Core,Atmosphere,Ocean floor,1,Ductile layer in upper mantle where plates glide
ear-l3-017,Earth,3,What is isostasy?,Earthquake,Gravitational equilibrium of crust,Volcanic activity,Erosion,Weathering,1,Balance between crustal elevation and density
ear-l3-018,Earth,3,What are transform boundaries?,Colliding plates,Plates sliding past each other,Separating plates,Subduction zones,Mountain builders,1,"Plate margins where plates move laterally, like San Andreas"
ear-l3-019,Earth,3,What is diagenesis?,Metamorphism,Physical and chemical changes in sediment,Melting,Erosion,Weathering,1,Processes that compact and cement sediments into rock
ear-l3-020,Earth,3,What is the geothermal gradient?,Pressure increase,Temperature increase with depth,Gravity change,Magnetic variation,Density profile,1,Average 25-30°C per kilometer depth increase
ear-l3-021,Earth,3,What is the asthenosphere?,Crust,Weak layer beneath lithosphere,Core,Atmosphere,Ocean floor,1,Ductile layer in upper mantle where plates glide
ear-l3-022,Earth,3,What is isostasy?,Earthquake,Gravitational equilibrium of crust,Volcanic activity,Erosion,Weathering,1,Balance between crustal elevation and density
ear-l3-023,Earth,3,What are transform boundaries?,Colliding plates,Plates sliding past each other,Separating plates,Subduction zones,Mountain builders,1,"Plate margins where plates move laterally, like San Andreas"
ear-l3-024,Earth,3,What is diagenesis?,Metamorphism,Physical and chemical changes in sediment,Melting,Erosion,Weathering,1,Processes that compact and cement sediments into rock
ear-l3-025,Earth,3,What is the geothermal gradient?,Pressure increase,Temperature increase with depth,Gravity change,Magnetic variation,Density profile,1,Average 25-30°C per kilometer depth increase
ear-l3-026,Earth,3,What is the asthenosphere?,Crust,Weak layer beneath lithosphere,Core,Atmosphere,Ocean floor,1,Ductile layer in upper mantle where plates glide
ear-l3-027,Earth,3,What is isostasy?,Earthquake,Gravitational equilibrium of crust,Volcanic activity,Erosion,Weathering,1,Balance between crustal elevation and density
ear-l3-028,Earth,3,What are transform boundaries?,Colliding plates,Plates sliding past each other,Separating plates,Subduction zones,Mountain builders,1,"Plate margins where plates move laterally, like San Andreas"
ear-l3-029,Earth,3,What is diagenesis?,Metamorphism,Physical and chemical changes in sediment,Melting,Erosion,Weathering,1,Processes that compact and cement sediments into rock
ear-l3-030,Earth,3,What is the geothermal gradient?,Pressure increase,Temperature increase with depth,Gravity change,Magnetic variation,Density profile,1,Average 25-30°C per kilometer depth increase
ear-l3-031,Earth,3,What is the asthenosphere?,Crust,Weak layer beneath lithosphere,Core,Atmosphere,Ocean floor,1,Ductile layer in upper mantle where plates glide
ear-l3-032,Earth,3,What is isostasy?,Earthquake,Gravitational equilibrium of crust,Volcanic activity,Erosion,Weathering,1,Balance between crustal elevation and density
ear-l3-033,Earth,3,What are transform boundaries?,Colliding plates,Plates sliding past each other,Separating plates,Subduction zones,Mountain builders,1,"Plate margins where plates move laterally, like San Andreas"
ear-l3-034,Earth,3,What is diagenesis?,Metamorphism,Physical and chemical changes in sediment,Melting,Erosion,Weathering,1,Processes that compact and cement sediments into rock
ear-l3-035,Earth,3,What is the geothermal gradient?,Pressure increase,Temperature increase with depth,Gravity change,Magnetic variation,Density profile,1,Average 25-30°C per kilometer depth increase
ear-l3-036,Earth,3,What is the asthenosphere?,Crust,Weak layer beneath lithosphere,Core,Atmosphere,Ocean floor,1,Ductile layer in upper mantle where plates glide
ear-l3-037,Earth,3,What is isostasy?,Earthquake,Gravitational equilibrium of crust,Volcanic activity,Erosion,Weathering,1,Balance between crustal elevation and density
ear-l3-038,Earth,3,What are transform boundaries?,Colliding plates,Plates sliding past each other,Separating plates,Subduction zones,Mountain builders,1,"Plate margins where plates move laterally, like San Andreas"
ear-l3-039,Earth,3,What is diagenesis?,Metamorphism,Physical and chemical changes in sediment,Melting,Erosion,Weathering,1,Processes that compact and cement sediments into rock
ear-l3-040,Earth,3,What is the geothermal gradient?,Pressure increase,Temperature increase with depth,Gravity change,Magnetic variation,Density profile,1,Average 25-30°C per kilometer depth increase
ear-l3-041,Earth,3,What is the asthenosphere?,Crust,Weak layer beneath lithosphere,Core,Atmosphere,Ocean floor,1,Ductile layer in upper mantle where plates glide
ear-l3-042,Earth,3,What is isostasy?,Earthquake,Gravitational equilibrium of crust,Volcanic activity,Erosion,Weathering,1,Balance between crustal elevation and density
ear-l3-043,Earth,3,What are transform boundaries?,Colliding plates,Plates sliding past each other,Separating plates,Subduction zones,Mountain builders,1,"Plate margins where plates move laterally, like San Andreas"
ear-l3-044,Earth,3,What is diagenesis?,Metamorphism,Physical and chemical changes in sediment,Melting,Erosion,Weathering,1,Processes that compact and cement sediments into rock
ear-l3-045,Earth,3,What is the geothermal gradient?,Pressure increase,Temperature increase with depth,Gravity change,Magnetic variation,Density profile,1,Average 25-30°C per kilometer depth increase
ear-l3-046,Earth,3,What is the asthenosphere?,Crust,Weak layer beneath lithosphere,Core,Atmosphere,Ocean floor,1,Ductile layer in upper mantle where plates glide
ear-l3-047,Earth,3,What is isostasy?,Earthquake,Gravitational equilibrium of crust,Volcanic activity,Erosion,Weathering,1,Balance between crustal elevation and density
ear-l3-048,Earth,3,What are transform boundaries?,Colliding plates,Plates sliding past each other,Separating plates,Subduction zones,Mountain builders,1,"Plate margins where plates move laterally, like San Andreas"
ear-l3-049,Earth,3,What is diagenesis?,Metamorphism,Physical and chemical changes in sediment,Melting,Erosion,Weathering,1,Processes that compact and cement sediments into rock
ear-l3-050,Earth,3,What is the geothermal gradient?,Pressure increase,Temperature increase with depth,Gravity change,Magnetic variation,Density profile,1,Average 25-30°C per kilometer depth increase
ear-l3-051,Earth,3,What is the asthenosphere?,Crust,Weak layer beneath lithosphere,Core,Atmosphere,Ocean floor,1,Ductile layer in upper mantle where plates glide
ear-l3-052,Earth,3,What is isostasy?,Earthquake,Gravitational equilibrium of crust,Volcanic activity,Erosion,Weathering,1,Balance between crustal elevation and density
ear-l3-053,Earth,3,What are transform boundaries?,Colliding plates,Plates sliding past each other,Separating plates,Subduction zones,Mountain builders,1,"Plate margins where plates move laterally, like San Andreas"
ear-l3-054,Earth,3,What is diagenesis?,Metamorphism,Physical and chemical changes in sediment,Melting,Erosion,Weathering,1,Processes that compact and cement sediments into rock
ear-l3-055,Earth,3,What is the geothermal gradient?,Pressure increase,Temperature increase with depth,Gravity change,Magnetic variation,Density profile,1,Average 25-30°C per kilometer depth increase
ear-l3-056,Earth,3,What is the asthenosphere?,Crust,Weak layer beneath lithosphere,Core,Atmosphere,Ocean floor,1,Ductile layer in upper mantle where plates glide
ear-l3-057,Earth,3,What is isostasy?,Earthquake,Gravitational equilibrium of crust,Volcanic activity,Erosion,Weathering,1,Balance between crustal elevation and density
ear-l3-058,Earth,3,What are transform boundaries?,Colliding plates,Plates sliding past each other,Separating plates,Subduction zones,Mountain builders,1,"Plate margins where plates move laterally, like San Andreas"
ear-l3-059,Earth,3,What is diagenesis?,Metamorphism,Physical and chemical changes in sediment,Melting,Erosion,Weathering,1,Processes that compact and cement sediments into rock
ear-l3-060,Earth,3,What is the geothermal gradient?,Pressure increase,Temperature increase with depth,Gravity change,Magnetic variation,Density profile,1,Average 25-30°C per kilometer depth increase
ear-l3-061,Earth,3,What is the asthenosphere?,Crust,Weak layer beneath lithosphere,Core,Atmosphere,Ocean floor,1,Ductile layer in upper mantle where plates glide
ear-l3-062,Earth,3,What is isostasy?,Earthquake,Gravitational equilibrium of crust,Volcanic activity,Erosion,Weathering,1,Balance between crustal elevation and density
ear-l3-063,Earth,3,What are transform boundaries?,Colliding plates,Plates sliding past each other,Separating plates,Subduction zones,Mountain builders,1,"Plate margins where plates move laterally, like San Andreas"
ear-l3-064,Earth,3,What is diagenesis?,Metamorphism,Physical and chemical changes in sediment,Melting,Erosion,Weathering,1,Processes that compact and cement sediments into rock
ear-l3-065,Earth,3,What is the geothermal gradient?,Pressure increase,Temperature increase with depth,Gravity change,Magnetic variation,Density profile,1,Average 25-30°C per kilometer depth increase
ear-l3-066,Earth,3,What is the asthenosphere?,Crust,Weak layer beneath lithosphere,Core,Atmosphere,Ocean floor,1,Ductile layer in upper mantle where plates glide
ear-l3-067,Earth,3,What is isostasy?,Earthquake,Gravitational equilibrium of crust,Volcanic activity,Erosion,Weathering,1,Balance between crustal elevation and density
ear-l3-068,Earth,3,What are transform boundaries?,Colliding plates,Plates sliding past each other,Separating plates,Subduction zones,Mountain builders,1,"Plate margins where plates move laterally, like San Andreas"
ear-l3-069,Earth,3,What is diagenesis?,Metamorphism,Physical and chemical changes in sediment,Melting,Erosion,Weathering,1,Processes that compact and cement sediments into rock
ear-l3-070,Earth,3,What is the geothermal gradient?,Pressure increase,Temperature increase with depth,Gravity change,Magnetic variation,Density profile,1,Average 25-30°C per kilometer depth increase
ear-l3-071,Earth,3,What is the asthenosphere?,Crust,Weak layer beneath lithosphere,Core,Atmosphere,Ocean floor,1,Ductile layer in upper mantle where plates glide
ear-l3-072,Earth,3,What is isostasy?,Earthquake,Gravitational equilibrium of crust,Volcanic activity,Erosion,Weathering,1,Balance between crustal elevation and density
ear-l3-073,Earth,3,What are transform boundaries?,Colliding plates,Plates sliding past each other,Separating plates,Subduction zones,Mountain builders,1,"Plate margins where plates move laterally, like San Andreas"
ear-l3-074,Earth,3,What is diagenesis?,Metamorphism,Physical and chemical changes in sediment,Melting,Erosion,Weathering,1,Processes that compact and cement sediments into rock
ear-l3-075,Earth,3,What is the geothermal gradient?,Pressure increase,Temperature increase with depth,Gravity change,Magnetic variation,Density profile,1,Average 25-30°C per kilometer depth increase
ear-l3-076,Earth,3,What is the asthenosphere?,Crust,Weak layer beneath lithosphere,Core,Atmosphere,Ocean floor,1,Ductile layer in upper mantle where plates glide
ear-l3-077,Earth,3,What is isostasy?,Earthquake,Gravitational equilibrium of crust,Volcanic activity,Erosion,Weathering,1,Balance between crustal elevation and density
ear-l3-078,Earth,3,What are transform boundaries?,Colliding plates,Plates sliding past each other,Separating plates,Subduction zones,Mountain builders,1,"Plate margins where plates move laterally, like San Andreas"
ear-l3-079,Earth,3,What is diagenesis?,Metamorphism,Physical and chemical changes in sediment,Melting,Erosion,Weathering,1,Processes that compact and cement sediments into rock
ear-l3-080,Earth,3,What is the geothermal gradient?,Pressure increase,Temperature increase with depth,Gravity change,Magnetic variation,Density profile,1,Average 25-30°C per kilometer depth increase
ear-l3-081,Earth,3,What is the asthenosphere?,Crust,Weak layer beneath lithosphere,Core,Atmosphere,Ocean floor,1,Ductile layer in upper mantle where plates glide
ear-l3-082,Earth,3,What is isostasy?,Earthquake,Gravitational equilibrium of crust,Volcanic activity,Erosion,Weathering,1,Balance between crustal elevation and density
ear-l3-083,Earth,3,What are transform boundaries?,Colliding plates,Plates sliding past each other,Separating plates,Subduction zones,Mountain builders,1,"Plate margins where plates move laterally, like San Andreas"
ear-l3-084,Earth,3,What is diagenesis?,Metamorphism,Physical and chemical changes in sediment,Melting,Erosion,Weathering,1,Processes that compact and cement sediments into rock
ear-l3-085,Earth,3,What is the geothermal gradient?,Pressure increase,Temperature increase with depth,Gravity change,Magnetic variation,Density profile,1,Average 25-30°C per kilometer depth increase
ear-l3-086,Earth,3,What is the asthenosphere?,Crust,Weak layer beneath lithosphere,Core,Atmosphere,Ocean floor,1,Ductile layer in upper mantle where plates glide
ear-l3-087,Earth,3,What is isostasy?,Earthquake,Gravitational equilibrium of crust,Volcanic activity,Erosion,Weathering,1,Balance between crustal elevation and density
ear-l3-088,Earth,3,What are transform boundaries?,Colliding plates,Plates sliding past each other,Separating plates,Subduction zones,Mountain builders,1,"Plate margins where plates move laterally, like San Andreas"
ear-l3-089,Earth,3,What is diagenesis?,Metamorphism,Physical and chemical changes in sediment,Melting,Erosion,Weathering,1,Processes that compact and cement sediments into rock
ear-l3-090,Earth,3,What is the geothermal gradient?,Pressure increase,Temperature increase with depth,Gravity change,Magnetic variation,Density profile,1,Average 25-30°C per kilometer depth increase
ear-l3-091,Earth,3,What is the asthenosphere?,Crust,Weak layer beneath lithosphere,Core,Atmosphere,Ocean floor,1,Ductile layer in upper mantle where plates glide
ear-l3-092,Earth,3,What is isostasy?,Earthquake,Gravitational equilibrium of crust,Volcanic activity,Erosion,Weathering,1,Balance between crustal elevation and density
ear-l3-093,Earth,3,What are transform boundaries?,Colliding plates,Plates sliding past each other,Separating plates,Subduction zones,Mountain builders,1,"Plate margins where plates move laterally, like San Andreas"
ear-l3-094,Earth,3,What is diagenesis?,Metamorphism,Physical and chemical changes in sediment,Melting,Erosion,Weathering,1,Processes that compact and cement sediments into rock
ear-l3-095,Earth,3,What is the geothermal gradient?,Pressure increase,Temperature increase with depth,Gravity change,Magnetic variation,Density profile,1,Average 25-30°C per kilometer depth increase
ear-l3-096,Earth,3,What is the asthenosphere?,Crust,Weak layer beneath lithosphere,Core,Atmosphere,Ocean floor,1,Ductile layer in upper mantle where plates glide
ear-l3-097,Earth,3,What is isostasy?,Earthquake,Gravitational equilibrium of crust,Volcanic activity,Erosion,Weathering,1,Balance between crustal elevation and density
ear-l3-098,Earth,3,What are transform boundaries?,Colliding plates,Plates sliding past each other,Separating plates,Subduction zones,Mountain builders,1,"Plate margins where plates move laterally, like San Andreas"
ear-l3-099,Earth,3,What is diagenesis?,Metamorphism,Physical and chemical changes in sediment,Melting,Erosion,Weathering,1,Processes that compact and cement sediments into rock
ear-l3-100,Earth,3,What is the geothermal gradient?,Pressure increase,Temperature increase with depth,Gravity change,Magnetic variation,Density profile,1,Average 25-30°C per kilometer depth increase
ear-l4-001,Earth,4,What is the Gutenberg discontinuity?,Crust-mantle,Mantle-core boundary,Inner-outer core,Lithosphere-asthenosphere,Atmosphere boundary,1,Seismic discontinuity at ~2900 km depth
ear-l4-002,Earth,4,What is eclogite?,Sedimentary rock,High-pressure metamorphic rock,Igneous rock,Surface rock,Weathered rock,1,Dense metamorphic rock from subducted basalt
ear-l4-003,Earth,4,What is the Clapeyron slope?,Surface gradient,Phase boundary slope in P-T space,Geothermal gradient,Pressure gradient,Compositional gradient,1,Slope of phase transition boundary in pressure-temperature diagram
ear-l4-004,Earth,4,What is the post-perovskite phase transition?,Surface process,High-pressure mantle phase change,Crustal metamorphism,Core crystallization,Weathering stage,1,Phase transition in lower mantle under extreme pressure
ear-l4-005,Earth,4,What is the Prandtl number?,Density ratio,Momentum to thermal diffusivity ratio,Pressure measure,Temperature scale,Velocity ratio,1,Dimensionless number relating viscous to thermal diffusion
ear-l4-006,Earth,4,What is the Gutenberg discontinuity?,Crust-mantle,Mantle-core boundary,Inner-outer core,Lithosphere-asthenosphere,Atmosphere boundary,1,Seismic discontinuity at ~2900 km depth
ear-l4-007,Earth,4,What is eclogite?,Sedimentary rock,High-pressure metamorphic rock,Igneous rock,Surface rock,Weathered rock,1,Dense metamorphic rock from subducted basalt
ear-l4-008,Earth,4,What is the Clapeyron slope?,Surface gradient,Phase boundary slope in P-T space,Geothermal gradient,Pressure gradient,Compositional gradient,1,Slope of phase transition boundary in pressure-temperature diagram
ear-l4-009,Earth,4,What is the post-perovskite phase transition?,Surface process,High-pressure mantle phase change,Crustal metamorphism,Core crystallization,Weathering stage,1,Phase transition in lower mantle under extreme pressure
ear-l4-010,Earth,4,What is the Prandtl number?,Density ratio,Momentum to thermal diffusivity ratio,Pressure measure,Temperature scale,Velocity ratio,1,Dimensionless number relating viscous to thermal diffusion
ear-l4-011,Earth,4,What is the Gutenberg discontinuity?,Crust-mantle,Mantle-core boundary,Inner-outer core,Lithosphere-asthenosphere,Atmosphere boundary,1,Seismic discontinuity at ~2900 km depth
ear-l4-012,Earth,4,What is eclogite?,Sedimentary rock,High-pressure metamorphic rock,Igneous rock,Surface rock,Weathered rock,1,Dense metamorphic rock from subducted basalt
ear-l4-013,Earth,4,What is the Clapeyron slope?,Surface gradient,Phase boundary slope in P-T space,Geothermal gradient,Pressure gradient,Compositional gradient,1,Slope of phase transition boundary in pressure-temperature diagram
ear-l4-014,Earth,4,What is the post-perovskite phase transition?,Surface process,High-pressure mantle phase change,Crustal metamorphism,Core crystallization,Weathering stage,1,Phase transition in lower mantle under extreme pressure
ear-l4-015,Earth,4,What is the Prandtl number?,Density ratio,Momentum to thermal diffusivity ratio,Pressure measure,Temperature scale,Velocity ratio,1,Dimensionless number relating viscous to thermal diffusion
ear-l4-016,Earth,4,What is the Gutenberg discontinuity?,Crust-mantle,Mantle-core boundary,Inner-outer core,Lithosphere-asthenosphere,Atmosphere boundary,1,Seismic discontinuity at ~2900 km depth
ear-l4-017,Earth,4,What is eclogite?,Sedimentary rock,High-pressure metamorphic rock,Igneous rock,Surface rock,Weathered rock,1,Dense metamorphic rock from subducted basalt
ear-l4-018,Earth,4,What is the Clapeyron slope?,Surface gradient,Phase boundary slope in P-T space,Geothermal gradient,Pressure gradient,Compositional gradient,1,Slope of phase transition boundary in pressure-temperature diagram
ear-l4-019,Earth,4,What is the post-perovskite phase transition?,Surface process,High-pressure mantle phase change,Crustal metamorphism,Core crystallization,Weathering stage,1,Phase transition in lower mantle under extreme pressure
ear-l4-020,Earth,4,What is the Prandtl number?,Density ratio,Momentum to thermal diffusivity ratio,Pressure measure,Temperature scale,Velocity ratio,1,Dimensionless number relating viscous to thermal diffusion
ear-l4-021,Earth,4,What is the Gutenberg discontinuity?,Crust-mantle,Mantle-core boundary,Inner-outer core,Lithosphere-asthenosphere,Atmosphere boundary,1,Seismic discontinuity at ~2900 km depth
ear-l4-022,Earth,4,What is eclogite?,Sedimentary rock,High-pressure metamorphic rock,Igneous rock,Surface rock,Weathered rock,1,Dense metamorphic rock from subducted basalt
ear-l4-023,Earth,4,What is the Clapeyron slope?,Surface gradient,Phase boundary slope in P-T space,Geothermal gradient,Pressure gradient,Compositional gradient,1,Slope of phase transition boundary in pressure-temperature diagram
ear-l4-024,Earth,4,What is the post-perovskite phase transition?,Surface process,High-pressure mantle phase change,Crustal metamorphism,Core crystallization,Weathering stage,1,Phase transition in lower mantle under extreme pressure
ear-l4-025,Earth,4,What is the Prandtl number?,Density ratio,Momentum to thermal diffusivity ratio,Pressure measure,Temperature scale,Velocity ratio,1,Dimensionless number relating viscous to thermal diffusion
ear-l4-026,Earth,4,What is the Gutenberg discontinuity?,Crust-mantle,Mantle-core boundary,Inner-outer core,Lithosphere-asthenosphere,Atmosphere boundary,1,Seismic discontinuity at ~2900 km depth
ear-l4-027,Earth,4,What is eclogite?,Sedimentary rock,High-pressure metamorphic rock,Igneous rock,Surface rock,Weathered rock,1,Dense metamorphic rock from subducted basalt
ear-l4-028,Earth,4,What is the Clapeyron slope?,Surface gradient,Phase boundary slope in P-T space,Geothermal gradient,Pressure gradient,Compositional gradient,1,Slope of phase transition boundary in pressure-temperature diagram
ear-l4-029,Earth,4,What is the post-perovskite phase transition?,Surface process,High-pressure mantle phase change,Crustal metamorphism,Core crystallization,Weathering stage,1,Phase transition in lower mantle under extreme pressure
ear-l4-030,Earth,4,What is the Prandtl number?,Density ratio,Momentum to thermal diffusivity ratio,Pressure measure,Temperature scale,Velocity ratio,1,Dimensionless number relating viscous to thermal diffusion
ear-l4-031,Earth,4,What is the Gutenberg discontinuity?,Crust-mantle,Mantle-core boundary,Inner-outer core,Lithosphere-asthenosphere,Atmosphere boundary,1,Seismic discontinuity at ~2900 km depth
ear-l4-032,Earth,4,What is eclogite?,Sedimentary rock,High-pressure metamorphic rock,Igneous rock,Surface rock,Weathered rock,1,Dense metamorphic rock from subducted basalt
ear-l4-033,Earth,4,What is the Clapeyron slope?,Surface gradient,Phase boundary slope in P-T space,Geothermal gradient,Pressure gradient,Compositional gradient,1,Slope of phase transition boundary in pressure-temperature diagram
ear-l4-034,Earth,4,What is the post-perovskite phase transition?,Surface process,High-pressure mantle phase change,Crustal metamorphism,Core crystallization,Weathering stage,1,Phase transition in lower mantle under extreme pressure
ear-l4-035,Earth,4,What is the Prandtl number?,Density ratio,Momentum to thermal diffusivity ratio,Pressure measure,Temperature scale,Velocity ratio,1,Dimensionless number relating viscous to thermal diffusion
ear-l4-036,Earth,4,What is the Gutenberg discontinuity?,Crust-mantle,Mantle-core boundary,Inner-outer core,Lithosphere-asthenosphere,Atmosphere boundary,1,Seismic discontinuity at ~2900 km depth
ear-l4-037,Earth,4,What is eclogite?,Sedimentary rock,High-pressure metamorphic rock,Igneous rock,Surface rock,Weathered rock,1,Dense metamorphic rock from subducted basalt
ear-l4-038,Earth,4,What is the Clapeyron slope?,Surface gradient,Phase boundary slope in P-T space,Geothermal gradient,Pressure gradient,Compositional gradient,1,Slope of phase transition boundary in pressure-temperature diagram
ear-l4-039,Earth,4,What is the post-perovskite phase transition?,Surface process,High-pressure mantle phase change,Crustal metamorphism,Core crystallization,Weathering stage,1,Phase transition in lower mantle under extreme pressure
ear-l4-040,Earth,4,What is the Prandtl number?,Density ratio,Momentum to thermal diffusivity ratio,Pressure measure,Temperature scale,Velocity ratio,1,Dimensionless number relating viscous to thermal diffusion
ear-l4-041,Earth,4,What is the Gutenberg discontinuity?,Crust-mantle,Mantle-core boundary,Inner-outer core,Lithosphere-asthenosphere,Atmosphere boundary,1,Seismic discontinuity at ~2900 km depth
ear-l4-042,Earth,4,What is eclogite?,Sedimentary rock,High-pressure metamorphic rock,Igneous rock,Surface rock,Weathered rock,1,Dense metamorphic rock from subducted basalt
ear-l4-043,Earth,4,What is the Clapeyron slope?,Surface gradient,Phase boundary slope in P-T space,Geothermal gradient,Pressure gradient,Compositional gradient,1,Slope of phase transition boundary in pressure-temperature diagram
ear-l4-044,Earth,4,What is the post-perovskite phase transition?,Surface process,High-pressure mantle phase change,Crustal metamorphism,Core crystallization,Weathering stage,1,Phase transition in lower mantle under extreme pressure
ear-l4-045,Earth,4,What is the Prandtl number?,Density ratio,Momentum to thermal diffusivity ratio,Pressure measure,Temperature scale,Velocity ratio,1,Dimensionless number relating viscous to thermal diffusion
ear-l4-046,Earth,4,What is the Gutenberg discontinuity?,Crust-mantle,Mantle-core boundary,Inner-outer core,Lithosphere-asthenosphere,Atmosphere boundary,1,Seismic discontinuity at ~2900 km depth
ear-l4-047,Earth,4,What is eclogite?,Sedimentary rock,High-pressure metamorphic rock,Igneous rock,Surface rock,Weathered rock,1,Dense metamorphic rock from subducted basalt
ear-l4-048,Earth,4,What is the Clapeyron slope?,Surface gradient,Phase boundary slope in P-T space,Geothermal gradient,Pressure gradient,Compositional gradient,1,Slope of phase transition boundary in pressure-temperature diagram
ear-l4-049,Earth,4,What is the post-perovskite phase transition?,Surface process,High-pressure mantle phase change,Crustal metamorphism,Core crystallization,Weathering stage,1,Phase transition in lower mantle under extreme pressure
ear-l4-050,Earth,4,What is the Prandtl number?,Density ratio,Momentum to thermal diffusivity ratio,Pressure measure,Temperature scale,Velocity ratio,1,Dimensionless number relating viscous to thermal diffusion
ear-l4-051,Earth,4,What is the Gutenberg discontinuity?,Crust-mantle,Mantle-core boundary,Inner-outer core,Lithosphere-asthenosphere,Atmosphere boundary,1,Seismic discontinuity at ~2900 km depth
ear-l4-052,Earth,4,What is eclogite?,Sedimentary rock,High-pressure metamorphic rock,Igneous rock,Surface rock,Weathered rock,1,Dense metamorphic rock from subducted basalt
ear-l4-053,Earth,4,What is the Clapeyron slope?,Surface gradient,Phase boundary slope in P-T space,Geothermal gradient,Pressure gradient,Compositional gradient,1,Slope of phase transition boundary in pressure-temperature diagram
ear-l4-054,Earth,4,What is the post-perovskite phase transition?,Surface process,High-pressure mantle phase change,Crustal metamorphism,Core crystallization,Weathering stage,1,Phase transition in lower mantle under extreme pressure
ear-l4-055,Earth,4,What is the Prandtl number?,Density ratio,Momentum to thermal diffusivity ratio,Pressure measure,Temperature scale,Velocity ratio,1,Dimensionless number relating viscous to thermal diffusion
ear-l4-056,Earth,4,What is the Gutenberg discontinuity?,Crust-mantle,Mantle-core boundary,Inner-outer core,Lithosphere-asthenosphere,Atmosphere boundary,1,Seismic discontinuity at ~2900 km depth
ear-l4-057,Earth,4,What is eclogite?,Sedimentary rock,High-pressure metamorphic rock,Igneous rock,Surface rock,Weathered rock,1,Dense metamorphic rock from subducted basalt
ear-l4-058,Earth,4,What is the Clapeyron slope?,Surface gradient,Phase boundary slope in P-T space,Geothermal gradient,Pressure gradient,Compositional gradient,1,Slope of phase transition boundary in pressure-temperature diagram
ear-l4-059,Earth,4,What is the post-perovskite phase transition?,Surface process,High-pressure mantle phase change,Crustal metamorphism,Core crystallization,Weathering stage,1,Phase transition in lower mantle under extreme pressure
ear-l4-060,Earth,4,What is the Prandtl number?,Density ratio,Momentum to thermal diffusivity ratio,Pressure measure,Temperature scale,Velocity ratio,1,Dimensionless number relating viscous to thermal diffusion
ear-l4-061,Earth,4,What is the Gutenberg discontinuity?,Crust-mantle,Mantle-core boundary,Inner-outer core,Lithosphere-asthenosphere,Atmosphere boundary,1,Seismic discontinuity at ~2900 km depth
ear-l4-062,Earth,4,What is eclogite?,Sedimentary rock,High-pressure metamorphic rock,Igneous rock,Surface rock,Weathered rock,1,Dense metamorphic rock from subducted basalt
ear-l4-063,Earth,4,What is the Clapeyron slope?,Surface gradient,Phase boundary slope in P-T space,Geothermal gradient,Pressure gradient,Compositional gradient,1,Slope of phase transition boundary in pressure-temperature diagram
ear-l4-064,Earth,4,What is the post-perovskite phase transition?,Surface process,High-pressure mantle phase change,Crustal metamorphism,Core crystallization,Weathering stage,1,Phase transition in lower mantle under extreme pressure
ear-l4-065,Earth,4,What is the Prandtl number?,Density ratio,Momentum to thermal diffusivity ratio,Pressure measure,Temperature scale,Velocity ratio,1,Dimensionless number relating viscous to thermal diffusion
ear-l4-066,Earth,4,What is the Gutenberg discontinuity?,Crust-mantle,Mantle-core boundary,Inner-outer core,Lithosphere-asthenosphere,Atmosphere boundary,1,Seismic discontinuity at ~2900 km depth
ear-l4-067,Earth,4,What is eclogite?,Sedimentary rock,High-pressure metamorphic rock,Igneous rock,Surface rock,Weathered rock,1,Dense metamorphic rock from subducted basalt
ear-l4-068,Earth,4,What is the Clapeyron slope?,Surface gradient,Phase boundary slope in P-T space,Geothermal gradient,Pressure gradient,Compositional gradient,1,Slope of phase transition boundary in pressure-temperature diagram
ear-l4-069,Earth,4,What is the post-perovskite phase transition?,Surface process,High-pressure mantle phase change,Crustal metamorphism,Core crystallization,Weathering stage,1,Phase transition in lower mantle under extreme pressure
ear-l4-070,Earth,4,What is the Prandtl number?,Density ratio,Momentum to thermal diffusivity ratio,Pressure measure,Temperature scale,Velocity ratio,1,Dimensionless number relating viscous to thermal diffusion
ear-l4-071,Earth,4,What is the Gutenberg discontinuity?,Crust-mantle,Mantle-core boundary,Inner-outer core,Lithosphere-asthenosphere,Atmosphere boundary,1,Seismic discontinuity at ~2900 km depth
ear-l4-072,Earth,4,What is eclogite?,Sedimentary rock,High-pressure metamorphic rock,Igneous rock,Surface rock,Weathered rock,1,Dense metamorphic rock from subducted basalt
ear-l4-073,Earth,4,What is the Clapeyron slope?,Surface gradient,Phase boundary slope in P-T space,Geothermal gradient,Pressure gradient,Compositional gradient,1,Slope of phase transition boundary in pressure-temperature diagram
ear-l4-074,Earth,4,What is the post-perovskite phase transition?,Surface process,High-pressure mantle phase change,Crustal metamorphism,Core crystallization,Weathering stage,1,Phase transition in lower mantle under extreme pressure
ear-l4-075,Earth,4,What is the Prandtl number?,Density ratio,Momentum to thermal diffusivity ratio,Pressure measure,Temperature scale,Velocity ratio,1,Dimensionless number relating viscous to thermal diffusion
ear-l4-076,Earth,4,What is the Gutenberg discontinuity?,Crust-mantle,Mantle-core boundary,Inner-outer core,Lithosphere-asthenosphere,Atmosphere boundary,1,Seismic discontinuity at ~2900 km depth
ear-l4-077,Earth,4,What is eclogite?,Sedimentary rock,High-pressure metamorphic rock,Igneous rock,Surface rock,Weathered rock,1,Dense metamorphic rock from subducted basalt
ear-l4-078,Earth,4,What is the Clapeyron slope?,Surface gradient,Phase boundary slope in P-T space,Geothermal gradient,Pressure gradient,Compositional gradient,1,Slope of phase transition boundary in pressure-temperature diagram
ear-l4-079,Earth,4,What is the post-perovskite phase transition?,Surface process,High-pressure mantle phase change,Crustal metamorphism,Core crystallization,Weathering stage,1,Phase transition in lower mantle under extreme pressure
ear-l4-080,Earth,4,What is the Prandtl number?,Density ratio,Momentum to thermal diffusivity ratio,Pressure measure,Temperature scale,Velocity ratio,1,Dimensionless number relating viscous to thermal diffusion
ear-l4-081,Earth,4,What is the Gutenberg discontinuity?,Crust-mantle,Mantle-core boundary,Inner-outer core,Lithosphere-asthenosphere,Atmosphere boundary,1,Seismic discontinuity at ~2900 km depth
ear-l4-082,Earth,4,What is eclogite?,Sedimentary rock,High-pressure metamorphic rock,Igneous rock,Surface rock,Weathered rock,1,Dense metamorphic rock from subducted basalt
ear-l4-083,Earth,4,What is the Clapeyron slope?,Surface gradient,Phase boundary slope in P-T space,Geothermal gradient,Pressure gradient,Compositional gradient,1,Slope of phase transition boundary in pressure-temperature diagram
ear-l4-084,Earth,4,What is the post-perovskite phase transition?,Surface process,High-pressure mantle phase change,Crustal metamorphism,Core crystallization,Weathering stage,1,Phase transition in lower mantle under extreme pressure
ear-l4-085,Earth,4,What is the Prandtl number?,Density ratio,Momentum to thermal diffusivity ratio,Pressure measure,Temperature scale,Velocity ratio,1,Dimensionless number relating viscous to thermal diffusion
ear-l4-086,Earth,4,What is the Gutenberg discontinuity?,Crust-mantle,Mantle-core boundary,Inner-outer core,Lithosphere-asthenosphere,Atmosphere boundary,1,Seismic discontinuity at ~2900 km depth
ear-l4-087,Earth,4,What is eclogite?,Sedimentary rock,High-pressure metamorphic rock,Igneous rock,Surface rock,Weathered rock,1,Dense metamorphic rock from subducted basalt
ear-l4-088,Earth,4,What is the Clapeyron slope?,Surface gradient,Phase boundary slope in P-T space,Geothermal gradient,Pressure gradient,Compositional gradient,1,Slope of phase transition boundary in pressure-temperature diagram
ear-l4-089,Earth,4,What is the post-perovskite phase transition?,Surface process,High-pressure mantle phase change,Crustal metamorphism,Core crystallization,Weathering stage,1,Phase transition in lower mantle under extreme pressure
ear-l4-090,Earth,4,What is the Prandtl number?,Density ratio,Momentum to thermal diffusivity ratio,Pressure measure,Temperature scale,Velocity ratio,1,Dimensionless number relating viscous to thermal diffusion
ear-l4-091,Earth,4,What is the Gutenberg discontinuity?,Crust-mantle,Mantle-core boundary,Inner-outer core,Lithosphere-asthenosphere,Atmosphere boundary,1,Seismic discontinuity at ~2900 km depth
ear-l4-092,Earth,4,What is eclogite?,Sedimentary rock,High-pressure metamorphic rock,Igneous rock,Surface rock,Weathered rock,1,Dense metamorphic rock from subducted basalt
ear-l4-093,Earth,4,What is the Clapeyron slope?,Surface gradient,Phase boundary slope in P-T space,Geothermal gradient,Pressure gradient,Compositional gradient,1,Slope of phase transition boundary in pressure-temperature diagram
ear-l4-094,Earth,4,What is the post-perovskite phase transition?,Surface process,High-pressure mantle phase change,Crustal metamorphism,Core crystallization,Weathering stage,1,Phase transition in lower mantle under extreme pressure
ear-l4-095,Earth,4,What is the Prandtl number?,Density ratio,Momentum to thermal diffusivity ratio,Pressure measure,Temperature scale,Velocity ratio,1,Dimensionless number relating viscous to thermal diffusion
ear-l4-096,Earth,4,What is the Gutenberg discontinuity?,Crust-mantle,Mantle-core boundary,Inner-outer core,Lithosphere-asthenosphere,Atmosphere boundary,1,Seismic discontinuity at ~2900 km depth
ear-l4-097,Earth,4,What is eclogite?,Sedimentary rock,High-pressure metamorphic rock,Igneous rock,Surface rock,Weathered rock,1,Dense metamorphic rock from subducted basalt
ear-l4-098,Earth,4,What is the Clapeyron slope?,Surface gradient,Phase boundary slope in P-T space,Geothermal gradient,Pressure gradient,Compositional gradient,1,Slope of phase transition boundary in pressure-temperature diagram
ear-l4-099,Earth,4,What is the post-perovskite phase transition?,Surface process,High-pressure mantle phase change,Crustal metamorphism,Core crystallization,Weathering stage,1,Phase transition in lower mantle under extreme pressure
ear-l4-100,Earth,4,What is the Prandtl number?,Density ratio,Momentum to thermal diffusivity ratio,Pressure measure,Temperature scale,Velocity ratio,1,Dimensionless number relating viscous to thermal diffusion
ear-l5-001,Earth,5,What is the dynamo theory?,Plate tectonics,Generation of planetary magnetic fields,Mantle convection,Core crystallization,Atmospheric circulation,1,Explains magnetic field generation by convecting metallic fluids
ear-l5-002,Earth,5,What is the PREM model?,Plate motion,Preliminary Reference Earth Model,Mantle structure,Core composition,Crustal thickness,1,1D seismic reference model of Earth's interior
ear-l5-003,Earth,5,What is the ultra-low velocity zone (ULVZ)?,Fast region,Thin layer with extremely low velocities at CMB,High velocity,Normal mantle,Crustal feature,1,Patches of very low seismic velocities at core-mantle boundary
ear-l5-004,Earth,5,What is the Chandler wobble?,Orbital variation,Polar motion with 14-month period,Axial tilt change,Rotation rate change,Magnetic variation,1,Free nutation of Earth's rotation axis
ear-l5-005,Earth,5,What is the mantle plume vs edge-driven convection debate?,Surface process,Origin of hotspot volcanism,Plate motion,Crust formation,Erosion mechanism,1,Competing hypotheses for origin of volcanic hotspots
ear-l5-006,Earth,5,What is the dynamo theory?,Plate tectonics,Generation of planetary magnetic fields,Mantle convection,Core crystallization,Atmospheric circulation,1,Explains magnetic field generation by convecting metallic fluids
ear-l5-007,Earth,5,What is the PREM model?,Plate motion,Preliminary Reference Earth Model,Mantle structure,Core composition,Crustal thickness,1,1D seismic reference model of Earth's interior
ear-l5-008,Earth,5,What is the ultra-low velocity zone (ULVZ)?,Fast region,Thin layer with extremely low velocities at CMB,High velocity,Normal mantle,Crustal feature,1,Patches of very low seismic velocities at core-mantle boundary
ear-l5-009,Earth,5,What is the Chandler wobble?,Orbital variation,Polar motion with 14-month period,Axial tilt change,Rotation rate change,Magnetic variation,1,Free nutation of Earth's rotation axis
ear-l5-010,Earth,5,What is the mantle plume vs edge-driven convection debate?,Surface process,Origin of hotspot volcanism,Plate motion,Crust formation,Erosion mechanism,1,Competing hypotheses for origin of volcanic hotspots
ear-l5-011,Earth,5,What is the dynamo theory?,Plate tectonics,Generation of planetary magnetic fields,Mantle convection,Core crystallization,Atmospheric circulation,1,Explains magnetic field generation by convecting metallic fluids
ear-l5-012,Earth,5,What is the PREM model?,Plate motion,Preliminary Reference Earth Model,Mantle structure,Core composition,Crustal thickness,1,1D seismic reference model of Earth's interior
ear-l5-013,Earth,5,What is the ultra-low velocity zone (ULVZ)?,Fast region,Thin layer with extremely low velocities at CMB,High velocity,Normal mantle,Crustal feature,1,Patches of very low seismic velocities at core-mantle boundary
ear-l5-014,Earth,5,What is the Chandler wobble?,Orbital variation,Polar motion with 14-month period,Axial tilt change,Rotation rate change,Magnetic variation,1,Free nutation of Earth's rotation axis
ear-l5-015,Earth,5,What is the mantle plume vs edge-driven convection debate?,Surface process,Origin of hotspot volcanism,Plate motion,Crust formation,Erosion mechanism,1,Competing hypotheses for origin of volcanic hotspots
ear-l5-016,Earth,5,What is the dynamo theory?,Plate tectonics,Generation of planetary magnetic fields,Mantle convection,Core crystallization,Atmospheric circulation,1,Explains magnetic field generation by convecting metallic fluids
ear-l5-017,Earth,5,What is the PREM model?,Plate motion,Preliminary Reference Earth Model,Mantle structure,Core composition,Crustal thickness,1,1D seismic reference model of Earth's interior
ear-l5-018,Earth,5,What is the ultra-low velocity zone (ULVZ)?,Fast region,Thin layer with extremely low velocities at CMB,High velocity,Normal mantle,Crustal feature,1,Patches of very low seismic velocities at core-mantle boundary
ear-l5-019,Earth,5,What is the Chandler wobble?,Orbital variation,Polar motion with 14-month period,Axial tilt change,Rotation rate change,Magnetic variation,1,Free nutation of Earth's rotation axis
ear-l5-020,Earth,5,What is the mantle plume vs edge-driven convection debate?,Surface process,Origin of hotspot volcanism,Plate motion,Crust formation,Erosion mechanism,1,Competing hypotheses for origin of volcanic hotspots
ear-l5-021,Earth,5,What is the dynamo theory?,Plate tectonics,Generation of planetary magnetic fields,Mantle convection,Core crystallization,Atmospheric circulation,1,Explains magnetic field generation by convecting metallic fluids
ear-l5-022,Earth,5,What is the PREM model?,Plate motion,Preliminary Reference Earth Model,Mantle structure,Core composition,Crustal thickness,1,1D seismic reference model of Earth's interior
ear-l5-023,Earth,5,What is the ultra-low velocity zone (ULVZ)?,Fast region,Thin layer with extremely low velocities at CMB,High velocity,Normal mantle,Crustal feature,1,Patches of very low seismic velocities at core-mantle boundary
ear-l5-024,Earth,5,What is the Chandler wobble?,Orbital variation,Polar motion with 14-month period,Axial tilt change,Rotation rate change,Magnetic variation,1,Free nutation of Earth's rotation axis
ear-l5-025,Earth,5,What is the mantle plume vs edge-driven convection debate?,Surface process,Origin of hotspot volcanism,Plate motion,Crust formation,Erosion mechanism,1,Competing hypotheses for origin of volcanic hotspots
ear-l5-026,Earth,5,What is the dynamo theory?,Plate tectonics,Generation of planetary magnetic fields,Mantle convection,Core crystallization,Atmospheric circulation,1,Explains magnetic field generation by convecting metallic fluids
ear-l5-027,Earth,5,What is the PREM model?,Plate motion,Preliminary Reference Earth Model,Mantle structure,Core composition,Crustal thickness,1,1D seismic reference model of Earth's interior
ear-l5-028,Earth,5,What is the ultra-low velocity zone (ULVZ)?,Fast region,Thin layer with extremely low velocities at CMB,High velocity,Normal mantle,Crustal feature,1,Patches of very low seismic velocities at core-mantle boundary
ear-l5-029,Earth,5,What is the Chandler wobble?,Orbital variation,Polar motion with 14-month period,Axial tilt change,Rotation rate change,Magnetic variation,1,Free nutation of Earth's rotation axis
ear-l5-030,Earth,5,What is the mantle plume vs edge-driven convection debate?,Surface process,Origin of hotspot volcanism,Plate motion,Crust formation,Erosion mechanism,1,Competing hypotheses for origin of volcanic hotspots
ear-l5-031,Earth,5,What is the dynamo theory?,Plate tectonics,Generation of planetary magnetic fields,Mantle convection,Core crystallization,Atmospheric circulation,1,Explains magnetic field generation by convecting metallic fluids
ear-l5-032,Earth,5,What is the PREM model?,Plate motion,Preliminary Reference Earth Model,Mantle structure,Core composition,Crustal thickness,1,1D seismic reference model of Earth's interior
ear-l5-033,Earth,5,What is the ultra-low velocity zone (ULVZ)?,Fast region,Thin layer with extremely low velocities at CMB,High velocity,Normal mantle,Crustal feature,1,Patches of very low seismic velocities at core-mantle boundary
ear-l5-034,Earth,5,What is the Chandler wobble?,Orbital variation,Polar motion with 14-month period,Axial tilt change,Rotation rate change,Magnetic variation,1,Free nutation of Earth's rotation axis
ear-l5-035,Earth,5,What is the mantle plume vs edge-driven convection debate?,Surface process,Origin of hotspot volcanism,Plate motion,Crust formation,Erosion mechanism,1,Competing hypotheses for origin of volcanic hotspots
ear-l5-036,Earth,5,What is the dynamo theory?,Plate tectonics,Generation of planetary magnetic fields,Mantle convection,Core crystallization,Atmospheric circulation,1,Explains magnetic field generation by convecting metallic fluids
ear-l5-037,Earth,5,What is the PREM model?,Plate motion,Preliminary Reference Earth Model,Mantle structure,Core composition,Crustal thickness,1,1D seismic reference model of Earth's interior
ear-l5-038,Earth,5,What is the ultra-low velocity zone (ULVZ)?,Fast region,Thin layer with extremely low velocities at CMB,High velocity,Normal mantle,Crustal feature,1,Patches of very low seismic velocities at core-mantle boundary
ear-l5-039,Earth,5,What is the Chandler wobble?,Orbital variation,Polar motion with 14-month period,Axial tilt change,Rotation rate change,Magnetic variation,1,Free nutation of Earth's rotation axis
ear-l5-040,Earth,5,What is the mantle plume vs edge-driven convection debate?,Surface process,Origin of hotspot volcanism,Plate motion,Crust formation,Erosion mechanism,1,Competing hypotheses for origin of volcanic hotspots
ear-l5-041,Earth,5,What is the dynamo theory?,Plate tectonics,Generation of planetary magnetic fields,Mantle convection,Core crystallization,Atmospheric circulation,1,Explains magnetic field generation by convecting metallic fluids
ear-l5-042,Earth,5,What is the PREM model?,Plate motion,Preliminary Reference Earth Model,Mantle structure,Core composition,Crustal thickness,1,1D seismic reference model of Earth's interior
ear-l5-043,Earth,5,What is the ultra-low velocity zone (ULVZ)?,Fast region,Thin layer with extremely low velocities at CMB,High velocity,Normal mantle,Crustal feature,1,Patches of very low seismic velocities at core-mantle boundary
ear-l5-044,Earth,5,What is the Chandler wobble?,Orbital variation,Polar motion with 14-month period,Axial tilt change,Rotation rate change,Magnetic variation,1,Free nutation of Earth's rotation axis
ear-l5-045,Earth,5,What is the mantle plume vs edge-driven convection debate?,Surface process,Origin of hotspot volcanism,Plate motion,Crust formation,Erosion mechanism,1,Competing hypotheses for origin of volcanic hotspots
ear-l5-046,Earth,5,What is the dynamo theory?,Plate tectonics,Generation of planetary magnetic fields,Mantle convection,Core crystallization,Atmospheric circulation,1,Explains magnetic field generation by convecting metallic fluids
ear-l5-047,Earth,5,What is the PREM model?,Plate motion,Preliminary Reference Earth Model,Mantle structure,Core composition,Crustal thickness,1,1D seismic reference model of Earth's interior
ear-l5-048,Earth,5,What is the ultra-low velocity zone (ULVZ)?,Fast region,Thin layer with extremely low velocities at CMB,High velocity,Normal mantle,Crustal feature,1,Patches of very low seismic velocities at core-mantle boundary
ear-l5-049,Earth,5,What is the Chandler wobble?,Orbital variation,Polar motion with 14-month period,Axial tilt change,Rotation rate change,Magnetic variation,1,Free nutation of Earth's rotation axis
ear-l5-050,Earth,5,What is the mantle plume vs edge-driven convection debate?,Surface process,Origin of hotspot volcanism,Plate motion,Crust formation,Erosion mechanism,1,Competing hypotheses for origin of volcanic hotspots
ear-l5-051,Earth,5,What is the dynamo theory?,Plate tectonics,Generation of planetary magnetic fields,Mantle convection,Core crystallization,Atmospheric circulation,1,Explains magnetic field generation by convecting metallic fluids
ear-l5-052,Earth,5,What is the PREM model?,Plate motion,Preliminary Reference Earth Model,Mantle structure,Core composition,Crustal thickness,1,1D seismic reference model of Earth's interior
ear-l5-053,Earth,5,What is the ultra-low velocity zone (ULVZ)?,Fast region,Thin layer with extremely low velocities at CMB,High velocity,Normal mantle,Crustal feature,1,Patches of very low seismic velocities at core-mantle boundary
ear-l5-054,Earth,5,What is the Chandler wobble?,Orbital variation,Polar motion with 14-month period,Axial tilt change,Rotation rate change,Magnetic variation,1,Free nutation of Earth's rotation axis
ear-l5-055,Earth,5,What is the mantle plume vs edge-driven convection debate?,Surface process,Origin of hotspot volcanism,Plate motion,Crust formation,Erosion mechanism,1,Competing hypotheses for origin of volcanic hotspots
ear-l5-056,Earth,5,What is the dynamo theory?,Plate tectonics,Generation of planetary magnetic fields,Mantle convection,Core crystallization,Atmospheric circulation,1,Explains magnetic field generation by convecting metallic fluids
ear-l5-057,Earth,5,What is the PREM model?,Plate motion,Preliminary Reference Earth Model,Mantle structure,Core composition,Crustal thickness,1,1D seismic reference model of Earth's interior
ear-l5-058,Earth,5,What is the ultra-low velocity zone (ULVZ)?,Fast region,Thin layer with extremely low velocities at CMB,High velocity,Normal mantle,Crustal feature,1,Patches of very low seismic velocities at core-mantle boundary
ear-l5-059,Earth,5,What is the Chandler wobble?,Orbital variation,Polar motion with 14-month period,Axial tilt change,Rotation rate change,Magnetic variation,1,Free nutation of Earth's rotation axis
ear-l5-060,Earth,5,What is the mantle plume vs edge-driven convection debate?,Surface process,Origin of hotspot volcanism,Plate motion,Crust formation,Erosion mechanism,1,Competing hypotheses for origin of volcanic hotspots
ear-l5-061,Earth,5,What is the dynamo theory?,Plate tectonics,Generation of planetary magnetic fields,Mantle convection,Core crystallization,Atmospheric circulation,1,Explains magnetic field generation by convecting metallic fluids
ear-l5-062,Earth,5,What is the PREM model?,Plate motion,Preliminary Reference Earth Model,Mantle structure,Core composition,Crustal thickness,1,1D seismic reference model of Earth's interior
ear-l5-063,Earth,5,What is the ultra-low velocity zone (ULVZ)?,Fast region,Thin layer with extremely low velocities at CMB,High velocity,Normal mantle,Crustal feature,1,Patches of very low seismic velocities at core-mantle boundary
ear-l5-064,Earth,5,What is the Chandler wobble?,Orbital variation,Polar motion with 14-month period,Axial tilt change,Rotation rate change,Magnetic variation,1,Free nutation of Earth's rotation axis
ear-l5-065,Earth,5,What is the mantle plume vs edge-driven convection debate?,Surface process,Origin of hotspot volcanism,Plate motion,Crust formation,Erosion mechanism,1,Competing hypotheses for origin of volcanic hotspots
ear-l5-066,Earth,5,What is the dynamo theory?,Plate tectonics,Generation of planetary magnetic fields,Mantle convection,Core crystallization,Atmospheric circulation,1,Explains magnetic field generation by convecting metallic fluids
ear-l5-067,Earth,5,What is the PREM model?,Plate motion,Preliminary Reference Earth Model,Mantle structure,Core composition,Crustal thickness,1,1D seismic reference model of Earth's interior
ear-l5-068,Earth,5,What is the ultra-low velocity zone (ULVZ)?,Fast region,Thin layer with extremely low velocities at CMB,High velocity,Normal mantle,Crustal feature,1,Patches of very low seismic velocities at core-mantle boundary
ear-l5-069,Earth,5,What is the Chandler wobble?,Orbital variation,Polar motion with 14-month period,Axial tilt change,Rotation rate change,Magnetic variation,1,Free nutation of Earth's rotation axis
ear-l5-070,Earth,5,What is the mantle plume vs edge-driven convection debate?,Surface process,Origin of hotspot volcanism,Plate motion,Crust formation,Erosion mechanism,1,Competing hypotheses for origin of volcanic hotspots
ear-l5-071,Earth,5,What is the dynamo theory?,Plate tectonics,Generation of planetary magnetic fields,Mantle convection,Core crystallization,Atmospheric circulation,1,Explains magnetic field generation by convecting metallic fluids
ear-l5-072,Earth,5,What is the PREM model?,Plate motion,Preliminary Reference Earth Model,Mantle structure,Core composition,Crustal thickness,1,1D seismic reference model of Earth's interior
ear-l5-073,Earth,5,What is the ultra-low velocity zone (ULVZ)?,Fast region,Thin layer with extremely low velocities at CMB,High velocity,Normal mantle,Crustal feature,1,Patches of very low seismic velocities at core-mantle boundary
ear-l5-074,Earth,5,What is the Chandler wobble?,Orbital variation,Polar motion with 14-month period,Axial tilt change,Rotation rate change,Magnetic variation,1,Free nutation of Earth's rotation axis
ear-l5-075,Earth,5,What is the mantle plume vs edge-driven convection debate?,Surface process,Origin of hotspot volcanism,Plate motion,Crust formation,Erosion mechanism,1,Competing hypotheses for origin of volcanic hotspots
ear-l5-076,Earth,5,What is the dynamo theory?,Plate tectonics,Generation of planetary magnetic fields,Mantle convection,Core crystallization,Atmospheric circulation,1,Explains magnetic field generation by convecting metallic fluids
ear-l5-077,Earth,5,What is the PREM model?,Plate motion,Preliminary Reference Earth Model,Mantle structure,Core composition,Crustal thickness,1,1D seismic reference model of Earth's interior
ear-l5-078,Earth,5,What is the ultra-low velocity zone (ULVZ)?,Fast region,Thin layer with extremely low velocities at CMB,High velocity,Normal mantle,Crustal feature,1,Patches of very low seismic velocities at core-mantle boundary
ear-l5-079,Earth,5,What is the Chandler wobble?,Orbital variation,Polar motion with 14-month period,Axial tilt change,Rotation rate change,Magnetic variation,1,Free nutation of Earth's rotation axis
ear-l5-080,Earth,5,What is the mantle plume vs edge-driven convection debate?,Surface process,Origin of hotspot volcanism,Plate motion,Crust formation,Erosion mechanism,1,Competing hypotheses for origin of volcanic hotspots
ear-l5-081,Earth,5,What is the dynamo theory?,Plate tectonics,Generation of planetary magnetic fields,Mantle convection,Core crystallization,Atmospheric circulation,1,Explains magnetic field generation by convecting metallic fluids
ear-l5-082,Earth,5,What is the PREM model?,Plate motion,Preliminary Reference Earth Model,Mantle structure,Core composition,Crustal thickness,1,1D seismic reference model of Earth's interior
ear-l5-083,Earth,5,What is the ultra-low velocity zone (ULVZ)?,Fast region,Thin layer with extremely low velocities at CMB,High velocity,Normal mantle,Crustal feature,1,Patches of very low seismic velocities at core-mantle boundary
ear-l5-084,Earth,5,What is the Chandler wobble?,Orbital variation,Polar motion with 14-month period,Axial tilt change,Rotation rate change,Magnetic variation,1,Free nutation of Earth's rotation axis
ear-l5-085,Earth,5,What is the mantle plume vs edge-driven convection debate?,Surface process,Origin of hotspot volcanism,Plate motion,Crust formation,Erosion mechanism,1,Competing hypotheses for origin of volcanic hotspots
ear-l5-086,Earth,5,What is the dynamo theory?,Plate tectonics,Generation of planetary magnetic fields,Mantle convection,Core crystallization,Atmospheric circulation,1,Explains magnetic field generation by convecting metallic fluids
ear-l5-087,Earth,5,What is the PREM model?,Plate motion,Preliminary Reference Earth Model,Mantle structure,Core composition,Crustal thickness,1,1D seismic reference model of Earth's interior
ear-l5-088,Earth,5,What is the ultra-low velocity zone (ULVZ)?,Fast region,Thin layer with extremely low velocities at CMB,High velocity,Normal mantle,Crustal feature,1,Patches of very low seismic velocities at core-mantle boundary
ear-l5-089,Earth,5,What is the Chandler wobble?,Orbital variation,Polar motion with 14-month period,Axial tilt change,Rotation rate change,Magnetic variation,1,Free nutation of Earth's rotation axis
ear-l5-090,Earth,5,What is the mantle plume vs edge-driven convection debate?,Surface process,Origin of hotspot volcanism,Plate motion,Crust formation,Erosion mechanism,1,Competing hypotheses for origin of volcanic hotspots
ear-l5-091,Earth,5,What is the dynamo theory?,Plate tectonics,Generation of planetary magnetic fields,Mantle convection,Core crystallization,Atmospheric circulation,1,Explains magnetic field generation by convecting metallic fluids
ear-l5-092,Earth,5,What is the PREM model?,Plate motion,Preliminary Reference Earth Model,Mantle structure,Core composition,Crustal thickness,1,1D seismic reference model of Earth's interior
ear-l5-093,Earth,5,What is the ultra-low velocity zone (ULVZ)?,Fast region,Thin layer with extremely low velocities at CMB,High velocity,Normal mantle,Crustal feature,1,Patches of very low seismic velocities at core-mantle boundary
ear-l5-094,Earth,5,What is the Chandler wobble?,Orbital variation,Polar motion with 14-month period,Axial tilt change,Rotation rate change,Magnetic variation,1,Free nutation of Earth's rotation axis
ear-l5-095,Earth,5,What is the mantle plume vs edge-driven convection debate?,Surface process,Origin of hotspot volcanism,Plate motion,Crust formation,Erosion mechanism,1,Competing hypotheses for origin of volcanic hotspots
ear-l5-096,Earth,5,What is the dynamo theory?,Plate tectonics,Generation of planetary magnetic fields,Mantle convection,Core crystallization,Atmospheric circulation,1,Explains magnetic field generation by convecting metallic fluids
ear-l5-097,Earth,5,What is the PREM model?,Plate motion,Preliminary Reference Earth Model,Mantle structure,Core composition,Crustal thickness,1,1D seismic reference model of Earth's interior
ear-l5-098,Earth,5,What is the ultra-low velocity zone (ULVZ)?,Fast region,Thin layer with extremely low velocities at CMB,High velocity,Normal mantle,Crustal feature,1,Patches of very low seismic velocities at core-mantle boundary
ear-l5-099,Earth,5,What is the Chandler wobble?,Orbital variation,Polar motion with 14-month period,Axial tilt change,Rotation rate change,Magnetic variation,1,Free nutation of Earth's rotation axis
ear-l5-100,Earth,5,What is the mantle plume vs edge-driven convection debate?,Surface process,Origin of hotspot volcanism,Plate motion,Crust formation,Erosion mechanism,1,Competing hypotheses for origin of volcanic hotspots
