id,category,level,text,answer1,answer2,answer3,answer4,answer5,correctAnswerIndex,hint
bio-l1-001,Biology,1,What is the basic unit of all living organisms?,Atom,Molecule,Cell,Tissue,Organ,2,Think about the smallest living structure that can perform all life functions
bio-l1-002,Biology,1,Which organ is responsible for pumping blood throughout the body?,Liver,Heart,Kidney,Lungs,Brain,1,"This muscular organ beats about 100,000 times per day"
bio-l1-003,Biology,1,What process do plants use to make food from sunlight?,Respiration,Photosynthesis,Digestion,Fermentation,Oxidation,1,This process requires chlorophyll and produces oxygen as a byproduct
bio-l1-004,Biology,1,How many bones does an adult human skeleton typically have?,186,206,226,246,266,1,Babies are born with more bones that fuse together as they grow
bio-l1-005,Biology,1,What is DNA?,A type of protein,Genetic material,An enzyme,A hormone,A vitamin,1,This double helix molecule contains the instructions for building and maintaining organisms
bio-l1-006,Biology,1,Which blood type is the universal donor?,A positive,B positive,AB positive,O negative,AB negative,3,"This blood type lacks A, B, and Rh antigens, making it safe for all recipients"
bio-l1-007,Biology,1,What is the largest organ in the human body?,Heart,Brain,Liver,Skin,Lungs,3,This organ covers your entire body and protects you from the environment
bio-l1-008,Biology,1,What do red blood cells transport?,Oxygen,Carbon dioxide,Nutrients,Hormones,Waste,0,"These cells contain hemoglobin, which binds to this gas in the lungs"
bio-l1-009,Biology,1,What is the green pigment in plants called?,Hemoglobin,Melanin,Chlorophyll,Carotene,Keratin,2,This pigment is essential for photosynthesis and gives plants their color
bio-l1-010,Biology,1,How many chambers does the human heart have?,Two,Three,Four,Five,Six,2,Think of two upper chambers (atria) and two lower chambers (ventricles)
bio-l1-011,Biology,1,What is the function of white blood cells?,Carry oxygen,Fight infections,Clot blood,Digest food,Store energy,1,These cells are the body's primary defense against pathogens
bio-l1-012,Biology,1,Which vitamin is produced when skin is exposed to sunlight?,Vitamin A,Vitamin B12,Vitamin C,Vitamin D,Vitamin E,3,This vitamin is crucial for bone health and calcium absorption
bio-l1-013,Biology,1,What is the powerhouse of the cell?,Nucleus,Mitochondria,Ribosome,Golgi apparatus,Lysosome,1,"This organelle produces ATP, the cell's energy currency"
bio-l1-014,Biology,1,What percentage of the human body is water?,About 30%,About 45%,About 60%,About 75%,About 90%,2,"This percentage varies with age, but averages around this value for adults"
bio-l1-015,Biology,1,What is the largest artery in the human body?,Pulmonary artery,Carotid artery,Aorta,Femoral artery,Brachial artery,2,This artery carries oxygenated blood directly from the left ventricle
bio-l1-016,Biology,1,How many pairs of chromosomes do humans have?,20,21,22,23,24,3,"Each parent contributes one chromosome to each pair, totaling 46 chromosomes"
bio-l1-017,Biology,1,What is the colored part of the eye?,Pupil,Retina,Iris,Cornea,Lens,2,This structure controls the size of the pupil and determines eye color
bio-l1-018,Biology,1,Which gas do plants absorb from the atmosphere?,Oxygen,Nitrogen,Carbon dioxide,Helium,Hydrogen,2,Plants use this gas during photosynthesis to produce glucose
bio-l1-019,Biology,1,What is the smallest bone in the human body?,Stapes,Malleus,Incus,Phalanx,Vertebra,0,This tiny bone is located in the middle ear and is part of the hearing mechanism
bio-l1-020,Biology,1,Which organ produces insulin?,Liver,Pancreas,Kidney,Spleen,Thyroid,1,This gland regulates blood sugar by producing insulin and glucagon
bio-l1-021,Biology,1,What is the basic unit of all living organisms?,Atom,Molecule,Cell,Tissue,Organ,2,Think about the smallest living structure that can perform all life functions
bio-l1-022,Biology,1,Which organ is responsible for pumping blood throughout the body?,Liver,Heart,Kidney,Lungs,Brain,1,"This muscular organ beats about 100,000 times per day"
bio-l1-023,Biology,1,What process do plants use to make food from sunlight?,Respiration,Photosynthesis,Digestion,Fermentation,Oxidation,1,This process requires chlorophyll and produces oxygen as a byproduct
bio-l1-024,Biology,1,How many bones does an adult human skeleton typically have?,186,206,226,246,266,1,Babies are born with more bones that fuse together as they grow
bio-l1-025,Biology,1,What is DNA?,A type of protein,Genetic material,An enzyme,A hormone,A vitamin,1,This double helix molecule contains the instructions for building and maintaining organisms
bio-l1-026,Biology,1,Which blood type is the universal donor?,A positive,B positive,AB positive,O negative,AB negative,3,"This blood type lacks A, B, and Rh antigens, making it safe for all recipients"
bio-l1-027,Biology,1,What is the largest organ in the human body?,Heart,Brain,Liver,Skin,Lungs,3,This organ covers your entire body and protects you from the environment
bio-l1-028,Biology,1,What do red blood cells transport?,Oxygen,Carbon dioxide,Nutrients,Hormones,Waste,0,"These cells contain hemoglobin, which binds to this gas in the lungs"
bio-l1-029,Biology,1,What is the green pigment in plants called?,Hemoglobin,Melanin,Chlorophyll,Carotene,Keratin,2,This pigment is essential for photosynthesis and gives plants their color
bio-l1-030,Biology,1,How many chambers does the human heart have?,Two,Three,Four,Five,Six,2,Think of two upper chambers (atria) and two lower chambers (ventricles)
bio-l1-031,Biology,1,What is the function of white blood cells?,Carry oxygen,Fight infections,Clot blood,Digest food,Store energy,1,These cells are the body's primary defense against pathogens
bio-l1-032,Biology,1,Which vitamin is produced when skin is exposed to sunlight?,Vitamin A,Vitamin B12,Vitamin C,Vitamin D,Vitamin E,3,This vitamin is crucial for bone health and calcium absorption
bio-l1-033,Biology,1,What is the powerhouse of the cell?,Nucleus,Mitochondria,Ribosome,Golgi apparatus,Lysosome,1,"This organelle produces ATP, the cell's energy currency"
bio-l1-034,Biology,1,What percentage of the human body is water?,About 30%,About 45%,About 60%,About 75%,About 90%,2,"This percentage varies with age, but averages around this value for adults"
bio-l1-035,Biology,1,What is the largest artery in the human body?,Pulmonary artery,Carotid artery,Aorta,Femoral artery,Brachial artery,2,This artery carries oxygenated blood directly from the left ventricle
bio-l1-036,Biology,1,How many pairs of chromosomes do humans have?,20,21,22,23,24,3,"Each parent contributes one chromosome to each pair, totaling 46 chromosomes"
bio-l1-037,Biology,1,What is the colored part of the eye?,Pupil,Retina,Iris,Cornea,Lens,2,This structure controls the size of the pupil and determines eye color
bio-l1-038,Biology,1,Which gas do plants absorb from the atmosphere?,Oxygen,Nitrogen,Carbon dioxide,Helium,Hydrogen,2,Plants use this gas during photosynthesis to produce glucose
bio-l1-039,Biology,1,What is the smallest bone in the human body?,Stapes,Malleus,Incus,Phalanx,Vertebra,0,This tiny bone is located in the middle ear and is part of the hearing mechanism
bio-l1-040,Biology,1,Which organ produces insulin?,Liver,Pancreas,Kidney,Spleen,Thyroid,1,This gland regulates blood sugar by producing insulin and glucagon
bio-l1-041,Biology,1,What is the basic unit of all living organisms?,Atom,Molecule,Cell,Tissue,Organ,2,Think about the smallest living structure that can perform all life functions
bio-l1-042,Biology,1,Which organ is responsible for pumping blood throughout the body?,Liver,Heart,Kidney,Lungs,Brain,1,"This muscular organ beats about 100,000 times per day"
bio-l1-043,Biology,1,What process do plants use to make food from sunlight?,Respiration,Photosynthesis,Digestion,Fermentation,Oxidation,1,This process requires chlorophyll and produces oxygen as a byproduct
bio-l1-044,Biology,1,How many bones does an adult human skeleton typically have?,186,206,226,246,266,1,Babies are born with more bones that fuse together as they grow
bio-l1-045,Biology,1,What is DNA?,A type of protein,Genetic material,An enzyme,A hormone,A vitamin,1,This double helix molecule contains the instructions for building and maintaining organisms
bio-l1-046,Biology,1,Which blood type is the universal donor?,A positive,B positive,AB positive,O negative,AB negative,3,"This blood type lacks A, B, and Rh antigens, making it safe for all recipients"
bio-l1-047,Biology,1,What is the largest organ in the human body?,Heart,Brain,Liver,Skin,Lungs,3,This organ covers your entire body and protects you from the environment
bio-l1-048,Biology,1,What do red blood cells transport?,Oxygen,Carbon dioxide,Nutrients,Hormones,Waste,0,"These cells contain hemoglobin, which binds to this gas in the lungs"
bio-l1-049,Biology,1,What is the green pigment in plants called?,Hemoglobin,Melanin,Chlorophyll,Carotene,Keratin,2,This pigment is essential for photosynthesis and gives plants their color
bio-l1-050,Biology,1,How many chambers does the human heart have?,Two,Three,Four,Five,Six,2,Think of two upper chambers (atria) and two lower chambers (ventricles)
bio-l1-051,Biology,1,What is the function of white blood cells?,Carry oxygen,Fight infections,Clot blood,Digest food,Store energy,1,These cells are the body's primary defense against pathogens
bio-l1-052,Biology,1,Which vitamin is produced when skin is exposed to sunlight?,Vitamin A,Vitamin B12,Vitamin C,Vitamin D,Vitamin E,3,This vitamin is crucial for bone health and calcium absorption
bio-l1-053,Biology,1,What is the powerhouse of the cell?,Nucleus,Mitochondria,Ribosome,Golgi apparatus,Lysosome,1,"This organelle produces ATP, the cell's energy currency"
bio-l1-054,Biology,1,What percentage of the human body is water?,About 30%,About 45%,About 60%,About 75%,About 90%,2,"This percentage varies with age, but averages around this value for adults"
bio-l1-055,Biology,1,What is the largest artery in the human body?,Pulmonary artery,Carotid artery,Aorta,Femoral artery,Brachial artery,2,This artery carries oxygenated blood directly from the left ventricle
bio-l1-056,Biology,1,How many pairs of chromosomes do humans have?,20,21,22,23,24,3,"Each parent contributes one chromosome to each pair, totaling 46 chromosomes"
bio-l1-057,Biology,1,What is the colored part of the eye?,Pupil,Retina,Iris,Cornea,Lens,2,This structure controls the size of the pupil and determines eye color
bio-l1-058,Biology,1,Which gas do plants absorb from the atmosphere?,Oxygen,Nitrogen,Carbon dioxide,Helium,Hydrogen,2,Plants use this gas during photosynthesis to produce glucose
bio-l1-059,Biology,1,What is the smallest bone in the human body?,Stapes,Malleus,Incus,Phalanx,Vertebra,0,This tiny bone is located in the middle ear and is part of the hearing mechanism
bio-l1-060,Biology,1,Which organ produces insulin?,Liver,Pancreas,Kidney,Spleen,Thyroid,1,This gland regulates blood sugar by producing insulin and glucagon
bio-l1-061,Biology,1,What is the basic unit of all living organisms?,Atom,Molecule,Cell,Tissue,Organ,2,Think about the smallest living structure that can perform all life functions
bio-l1-062,Biology,1,Which organ is responsible for pumping blood throughout the body?,Liver,Heart,Kidney,Lungs,Brain,1,"This muscular organ beats about 100,000 times per day"
bio-l1-063,Biology,1,What process do plants use to make food from sunlight?,Respiration,Photosynthesis,Digestion,Fermentation,Oxidation,1,This process requires chlorophyll and produces oxygen as a byproduct
bio-l1-064,Biology,1,How many bones does an adult human skeleton typically have?,186,206,226,246,266,1,Babies are born with more bones that fuse together as they grow
bio-l1-065,Biology,1,What is DNA?,A type of protein,Genetic material,An enzyme,A hormone,A vitamin,1,This double helix molecule contains the instructions for building and maintaining organisms
bio-l1-066,Biology,1,Which blood type is the universal donor?,A positive,B positive,AB positive,O negative,AB negative,3,"This blood type lacks A, B, and Rh antigens, making it safe for all recipients"
bio-l1-067,Biology,1,What is the largest organ in the human body?,Heart,Brain,Liver,Skin,Lungs,3,This organ covers your entire body and protects you from the environment
bio-l1-068,Biology,1,What do red blood cells transport?,Oxygen,Carbon dioxide,Nutrients,Hormones,Waste,0,"These cells contain hemoglobin, which binds to this gas in the lungs"
bio-l1-069,Biology,1,What is the green pigment in plants called?,Hemoglobin,Melanin,Chlorophyll,Carotene,Keratin,2,This pigment is essential for photosynthesis and gives plants their color
bio-l1-070,Biology,1,How many chambers does the human heart have?,Two,Three,Four,Five,Six,2,Think of two upper chambers (atria) and two lower chambers (ventricles)
bio-l1-071,Biology,1,What is the function of white blood cells?,Carry oxygen,Fight infections,Clot blood,Digest food,Store energy,1,These cells are the body's primary defense against pathogens
bio-l1-072,Biology,1,Which vitamin is produced when skin is exposed to sunlight?,Vitamin A,Vitamin B12,Vitamin C,Vitamin D,Vitamin E,3,This vitamin is crucial for bone health and calcium absorption
bio-l1-073,Biology,1,What is the powerhouse of the cell?,Nucleus,Mitochondria,Ribosome,Golgi apparatus,Lysosome,1,"This organelle produces ATP, the cell's energy currency"
bio-l1-074,Biology,1,What percentage of the human body is water?,About 30%,About 45%,About 60%,About 75%,About 90%,2,"This percentage varies with age, but averages around this value for adults"
bio-l1-075,Biology,1,What is the largest artery in the human body?,Pulmonary artery,Carotid artery,Aorta,Femoral artery,Brachial artery,2,This artery carries oxygenated blood directly from the left ventricle
bio-l1-076,Biology,1,How many pairs of chromosomes do humans have?,20,21,22,23,24,3,"Each parent contributes one chromosome to each pair, totaling 46 chromosomes"
bio-l1-077,Biology,1,What is the colored part of the eye?,Pupil,Retina,Iris,Cornea,Lens,2,This structure controls the size of the pupil and determines eye color
bio-l1-078,Biology,1,Which gas do plants absorb from the atmosphere?,Oxygen,Nitrogen,Carbon dioxide,Helium,Hydrogen,2,Plants use this gas during photosynthesis to produce glucose
bio-l1-079,Biology,1,What is the smallest bone in the human body?,Stapes,Malleus,Incus,Phalanx,Vertebra,0,This tiny bone is located in the middle ear and is part of the hearing mechanism
bio-l1-080,Biology,1,Which organ produces insulin?,Liver,Pancreas,Kidney,Spleen,Thyroid,1,This gland regulates blood sugar by producing insulin and glucagon
bio-l1-081,Biology,1,What is the basic unit of all living organisms?,Atom,Molecule,Cell,Tissue,Organ,2,Think about the smallest living structure that can perform all life functions
bio-l1-082,Biology,1,Which organ is responsible for pumping blood throughout the body?,Liver,Heart,Kidney,Lungs,Brain,1,"This muscular organ beats about 100,000 times per day"
bio-l1-083,Biology,1,What process do plants use to make food from sunlight?,Respiration,Photosynthesis,Digestion,Fermentation,Oxidation,1,This process requires chlorophyll and produces oxygen as a byproduct
bio-l1-084,Biology,1,How many bones does an adult human skeleton typically have?,186,206,226,246,266,1,Babies are born with more bones that fuse together as they grow
bio-l1-085,Biology,1,What is DNA?,A type of protein,Genetic material,An enzyme,A hormone,A vitamin,1,This double helix molecule contains the instructions for building and maintaining organisms
bio-l1-086,Biology,1,Which blood type is the universal donor?,A positive,B positive,AB positive,O negative,AB negative,3,"This blood type lacks A, B, and Rh antigens, making it safe for all recipients"
bio-l1-087,Biology,1,What is the largest organ in the human body?,Heart,Brain,Liver,Skin,Lungs,3,This organ covers your entire body and protects you from the environment
bio-l1-088,Biology,1,What do red blood cells transport?,Oxygen,Carbon dioxide,Nutrients,Hormones,Waste,0,"These cells contain hemoglobin, which binds to this gas in the lungs"
bio-l1-089,Biology,1,What is the green pigment in plants called?,Hemoglobin,Melanin,Chlorophyll,Carotene,Keratin,2,This pigment is essential for photosynthesis and gives plants their color
bio-l1-090,Biology,1,How many chambers does the human heart have?,Two,Three,Four,Five,Six,2,Think of two upper chambers (atria) and two lower chambers (ventricles)
bio-l1-091,Biology,1,What is the function of white blood cells?,Carry oxygen,Fight infections,Clot blood,Digest food,Store energy,1,These cells are the body's primary defense against pathogens
bio-l1-092,Biology,1,Which vitamin is produced when skin is exposed to sunlight?,Vitamin A,Vitamin B12,Vitamin C,Vitamin D,Vitamin E,3,This vitamin is crucial for bone health and calcium absorption
bio-l1-093,Biology,1,What is the powerhouse of the cell?,Nucleus,Mitochondria,Ribosome,Golgi apparatus,Lysosome,1,"This organelle produces ATP, the cell's energy currency"
bio-l1-094,Biology,1,What percentage of the human body is water?,About 30%,About 45%,About 60%,About 75%,About 90%,2,"This percentage varies with age, but averages around this value for adults"
bio-l1-095,Biology,1,What is the largest artery in the human body?,Pulmonary artery,Carotid artery,Aorta,Femoral artery,Brachial artery,2,This artery carries oxygenated blood directly from the left ventricle
bio-l1-096,Biology,1,How many pairs of chromosomes do humans have?,20,21,22,23,24,3,"Each parent contributes one chromosome to each pair, totaling 46 chromosomes"
bio-l1-097,Biology,1,What is the colored part of the eye?,Pupil,Retina,Iris,Cornea,Lens,2,This structure controls the size of the pupil and determines eye color
bio-l1-098,Biology,1,Which gas do plants absorb from the atmosphere?,Oxygen,Nitrogen,Carbon dioxide,Helium,Hydrogen,2,Plants use this gas during photosynthesis to produce glucose
bio-l1-099,Biology,1,What is the smallest bone in the human body?,Stapes,Malleus,Incus,Phalanx,Vertebra,0,This tiny bone is located in the middle ear and is part of the hearing mechanism
bio-l1-100,Biology,1,Which organ produces insulin?,Liver,Pancreas,Kidney,Spleen,Thyroid,1,This gland regulates blood sugar by producing insulin and glucagon
bio-l2-001,Biology,2,What is homeostasis?,Cell division,Maintaining stable internal conditions,Protein synthesis,Energy production,DNA replication,1,"This process keeps body temperature, pH, and other factors within narrow ranges"
bio-l2-002,Biology,2,Which type of blood vessel carries blood away from the heart?,Veins,Arteries,Capillaries,Venules,Lymph vessels,1,"These vessels have thick, elastic walls to withstand high pressure"
bio-l2-003,Biology,2,What is the function of ribosomes?,DNA storage,Protein synthesis,Energy production,Waste removal,Lipid synthesis,1,These organelles translate mRNA into polypeptide chains
bio-l2-004,Biology,2,What is osmosis?,Movement of water across a membrane,Active transport of ions,Protein synthesis,Cell division,Energy production,0,This passive process moves water from high to low concentration
bio-l2-005,Biology,2,Which enzyme begins the digestion of starch?,Pepsin,Trypsin,Amylase,Lipase,Protease,2,This enzyme is found in saliva and begins breaking down carbohydrates
bio-l2-006,Biology,2,What is the process of cell division that produces gametes?,Mitosis,Meiosis,Binary fission,Budding,Fragmentation,1,This process creates sex cells with half the chromosome number
bio-l2-007,Biology,2,What is the main function of the lymphatic system?,Circulate blood,Fight infections,Produce hormones,Digest food,Control movement,1,This system drains fluid from tissues and contains immune cells
bio-l2-008,Biology,2,Which organelle is responsible for photosynthesis?,Mitochondria,Chloroplast,Nucleus,Ribosome,Golgi body,1,This double-membrane organelle contains thylakoids and chlorophyll
bio-l2-009,Biology,2,What is the difference between arteries and veins?,Color,Size,Direction of blood flow,Number,Location,2,Consider which vessels carry blood toward or away from the heart
bio-l2-010,Biology,2,What is an enzyme?,A vitamin,A biological catalyst,A hormone,A carbohydrate,A mineral,1,These proteins speed up chemical reactions without being consumed
bio-l2-011,Biology,2,What is the purpose of the circulatory system?,Break down food,Transport materials,Filter waste,Produce energy,Store nutrients,1,"This system delivers oxygen, nutrients, and hormones throughout the body"
bio-l2-012,Biology,2,What is the basic unit of the nervous system?,Neuron,Muscle fiber,Blood cell,Bone cell,Epithelial cell,0,This specialized cell transmits electrical signals using axons and dendrites
bio-l2-013,Biology,2,What is ATP?,A protein,An energy molecule,A vitamin,A hormone,An enzyme,1,Adenosine triphosphate stores energy in its phosphate bonds
bio-l2-014,Biology,2,Which blood component is responsible for clotting?,Red blood cells,White blood cells,Platelets,Plasma,Antibodies,2,These cell fragments aggregate at injury sites to stop bleeding
bio-l2-015,Biology,2,What is the function of the large intestine?,Digest proteins,Absorb water,Produce bile,Store food,Filter blood,1,This organ reabsorbs water and forms feces from undigested material
bio-l2-016,Biology,2,What type of organism can make its own food?,Heterotroph,Autotroph,Decomposer,Parasite,Scavenger,1,These organisms use photosynthesis or chemosynthesis to produce nutrients
bio-l2-017,Biology,2,What is the diaphragm?,A bone,A muscle,A valve,A membrane,A nerve,1,This dome-shaped muscle contracts to expand the lungs during breathing
bio-l2-018,Biology,2,What is the pH of normal blood?,Highly acidic (pH 3),Slightly acidic (pH 6),Neutral (pH 7),Slightly basic (pH 7.4),Highly basic (pH 10),3,Blood pH is tightly regulated between 7.35 and 7.45
bio-l2-019,Biology,2,What is the role of hemoglobin?,Fight infection,Clot blood,Carry oxygen,Digest food,Produce energy,2,This iron-containing protein in red blood cells binds oxygen reversibly
bio-l2-020,Biology,2,What is the synapse?,Part of a bone,Junction between neurons,Type of muscle,Blood vessel,Organ system,1,Neurotransmitters cross this gap to transmit signals between nerve cells
bio-l2-021,Biology,2,What is homeostasis?,Cell division,Maintaining stable internal conditions,Protein synthesis,Energy production,DNA replication,1,"This process keeps body temperature, pH, and other factors within narrow ranges"
bio-l2-022,Biology,2,Which type of blood vessel carries blood away from the heart?,Veins,Arteries,Capillaries,Venules,Lymph vessels,1,"These vessels have thick, elastic walls to withstand high pressure"
bio-l2-023,Biology,2,What is the function of ribosomes?,DNA storage,Protein synthesis,Energy production,Waste removal,Lipid synthesis,1,These organelles translate mRNA into polypeptide chains
bio-l2-024,Biology,2,What is osmosis?,Movement of water across a membrane,Active transport of ions,Protein synthesis,Cell division,Energy production,0,This passive process moves water from high to low concentration
bio-l2-025,Biology,2,Which enzyme begins the digestion of starch?,Pepsin,Trypsin,Amylase,Lipase,Protease,2,This enzyme is found in saliva and begins breaking down carbohydrates
bio-l2-026,Biology,2,What is the process of cell division that produces gametes?,Mitosis,Meiosis,Binary fission,Budding,Fragmentation,1,This process creates sex cells with half the chromosome number
bio-l2-027,Biology,2,What is the main function of the lymphatic system?,Circulate blood,Fight infections,Produce hormones,Digest food,Control movement,1,This system drains fluid from tissues and contains immune cells
bio-l2-028,Biology,2,Which organelle is responsible for photosynthesis?,Mitochondria,Chloroplast,Nucleus,Ribosome,Golgi body,1,This double-membrane organelle contains thylakoids and chlorophyll
bio-l2-029,Biology,2,What is the difference between arteries and veins?,Color,Size,Direction of blood flow,Number,Location,2,Consider which vessels carry blood toward or away from the heart
bio-l2-030,Biology,2,What is an enzyme?,A vitamin,A biological catalyst,A hormone,A carbohydrate,A mineral,1,These proteins speed up chemical reactions without being consumed
bio-l2-031,Biology,2,What is the purpose of the circulatory system?,Break down food,Transport materials,Filter waste,Produce energy,Store nutrients,1,"This system delivers oxygen, nutrients, and hormones throughout the body"
bio-l2-032,Biology,2,What is the basic unit of the nervous system?,Neuron,Muscle fiber,Blood cell,Bone cell,Epithelial cell,0,This specialized cell transmits electrical signals using axons and dendrites
bio-l2-033,Biology,2,What is ATP?,A protein,An energy molecule,A vitamin,A hormone,An enzyme,1,Adenosine triphosphate stores energy in its phosphate bonds
bio-l2-034,Biology,2,Which blood component is responsible for clotting?,Red blood cells,White blood cells,Platelets,Plasma,Antibodies,2,These cell fragments aggregate at injury sites to stop bleeding
bio-l2-035,Biology,2,What is the function of the large intestine?,Digest proteins,Absorb water,Produce bile,Store food,Filter blood,1,This organ reabsorbs water and forms feces from undigested material
bio-l2-036,Biology,2,What type of organism can make its own food?,Heterotroph,Autotroph,Decomposer,Parasite,Scavenger,1,These organisms use photosynthesis or chemosynthesis to produce nutrients
bio-l2-037,Biology,2,What is the diaphragm?,A bone,A muscle,A valve,A membrane,A nerve,1,This dome-shaped muscle contracts to expand the lungs during breathing
bio-l2-038,Biology,2,What is the pH of normal blood?,Highly acidic (pH 3),Slightly acidic (pH 6),Neutral (pH 7),Slightly basic (pH 7.4),Highly basic (pH 10),3,Blood pH is tightly regulated between 7.35 and 7.45
bio-l2-039,Biology,2,What is the role of hemoglobin?,Fight infection,Clot blood,Carry oxygen,Digest food,Produce energy,2,This iron-containing protein in red blood cells binds oxygen reversibly
bio-l2-040,Biology,2,What is the synapse?,Part of a bone,Junction between neurons,Type of muscle,Blood vessel,Organ system,1,Neurotransmitters cross this gap to transmit signals between nerve cells
bio-l2-041,Biology,2,What is homeostasis?,Cell division,Maintaining stable internal conditions,Protein synthesis,Energy production,DNA replication,1,"This process keeps body temperature, pH, and other factors within narrow ranges"
bio-l2-042,Biology,2,Which type of blood vessel carries blood away from the heart?,Veins,Arteries,Capillaries,Venules,Lymph vessels,1,"These vessels have thick, elastic walls to withstand high pressure"
bio-l2-043,Biology,2,What is the function of ribosomes?,DNA storage,Protein synthesis,Energy production,Waste removal,Lipid synthesis,1,These organelles translate mRNA into polypeptide chains
bio-l2-044,Biology,2,What is osmosis?,Movement of water across a membrane,Active transport of ions,Protein synthesis,Cell division,Energy production,0,This passive process moves water from high to low concentration
bio-l2-045,Biology,2,Which enzyme begins the digestion of starch?,Pepsin,Trypsin,Amylase,Lipase,Protease,2,This enzyme is found in saliva and begins breaking down carbohydrates
bio-l2-046,Biology,2,What is the process of cell division that produces gametes?,Mitosis,Meiosis,Binary fission,Budding,Fragmentation,1,This process creates sex cells with half the chromosome number
bio-l2-047,Biology,2,What is the main function of the lymphatic system?,Circulate blood,Fight infections,Produce hormones,Digest food,Control movement,1,This system drains fluid from tissues and contains immune cells
bio-l2-048,Biology,2,Which organelle is responsible for photosynthesis?,Mitochondria,Chloroplast,Nucleus,Ribosome,Golgi body,1,This double-membrane organelle contains thylakoids and chlorophyll
bio-l2-049,Biology,2,What is the difference between arteries and veins?,Color,Size,Direction of blood flow,Number,Location,2,Consider which vessels carry blood toward or away from the heart
bio-l2-050,Biology,2,What is an enzyme?,A vitamin,A biological catalyst,A hormone,A carbohydrate,A mineral,1,These proteins speed up chemical reactions without being consumed
bio-l2-051,Biology,2,What is the purpose of the circulatory system?,Break down food,Transport materials,Filter waste,Produce energy,Store nutrients,1,"This system delivers oxygen, nutrients, and hormones throughout the body"
bio-l2-052,Biology,2,What is the basic unit of the nervous system?,Neuron,Muscle fiber,Blood cell,Bone cell,Epithelial cell,0,This specialized cell transmits electrical signals using axons and dendrites
bio-l2-053,Biology,2,What is ATP?,A protein,An energy molecule,A vitamin,A hormone,An enzyme,1,Adenosine triphosphate stores energy in its phosphate bonds
bio-l2-054,Biology,2,Which blood component is responsible for clotting?,Red blood cells,White blood cells,Platelets,Plasma,Antibodies,2,These cell fragments aggregate at injury sites to stop bleeding
bio-l2-055,Biology,2,What is the function of the large intestine?,Digest proteins,Absorb water,Produce bile,Store food,Filter blood,1,This organ reabsorbs water and forms feces from undigested material
bio-l2-056,Biology,2,What type of organism can make its own food?,Heterotroph,Autotroph,Decomposer,Parasite,Scavenger,1,These organisms use photosynthesis or chemosynthesis to produce nutrients
bio-l2-057,Biology,2,What is the diaphragm?,A bone,A muscle,A valve,A membrane,A nerve,1,This dome-shaped muscle contracts to expand the lungs during breathing
bio-l2-058,Biology,2,What is the pH of normal blood?,Highly acidic (pH 3),Slightly acidic (pH 6),Neutral (pH 7),Slightly basic (pH 7.4),Highly basic (pH 10),3,Blood pH is tightly regulated between 7.35 and 7.45
bio-l2-059,Biology,2,What is the role of hemoglobin?,Fight infection,Clot blood,Carry oxygen,Digest food,Produce energy,2,This iron-containing protein in red blood cells binds oxygen reversibly
bio-l2-060,Biology,2,What is the synapse?,Part of a bone,Junction between neurons,Type of muscle,Blood vessel,Organ system,1,Neurotransmitters cross this gap to transmit signals between nerve cells
bio-l2-061,Biology,2,What is homeostasis?,Cell division,Maintaining stable internal conditions,Protein synthesis,Energy production,DNA replication,1,"This process keeps body temperature, pH, and other factors within narrow ranges"
bio-l2-062,Biology,2,Which type of blood vessel carries blood away from the heart?,Veins,Arteries,Capillaries,Venules,Lymph vessels,1,"These vessels have thick, elastic walls to withstand high pressure"
bio-l2-063,Biology,2,What is the function of ribosomes?,DNA storage,Protein synthesis,Energy production,Waste removal,Lipid synthesis,1,These organelles translate mRNA into polypeptide chains
bio-l2-064,Biology,2,What is osmosis?,Movement of water across a membrane,Active transport of ions,Protein synthesis,Cell division,Energy production,0,This passive process moves water from high to low concentration
bio-l2-065,Biology,2,Which enzyme begins the digestion of starch?,Pepsin,Trypsin,Amylase,Lipase,Protease,2,This enzyme is found in saliva and begins breaking down carbohydrates
bio-l2-066,Biology,2,What is the process of cell division that produces gametes?,Mitosis,Meiosis,Binary fission,Budding,Fragmentation,1,This process creates sex cells with half the chromosome number
bio-l2-067,Biology,2,What is the main function of the lymphatic system?,Circulate blood,Fight infections,Produce hormones,Digest food,Control movement,1,This system drains fluid from tissues and contains immune cells
bio-l2-068,Biology,2,Which organelle is responsible for photosynthesis?,Mitochondria,Chloroplast,Nucleus,Ribosome,Golgi body,1,This double-membrane organelle contains thylakoids and chlorophyll
bio-l2-069,Biology,2,What is the difference between arteries and veins?,Color,Size,Direction of blood flow,Number,Location,2,Consider which vessels carry blood toward or away from the heart
bio-l2-070,Biology,2,What is an enzyme?,A vitamin,A biological catalyst,A hormone,A carbohydrate,A mineral,1,These proteins speed up chemical reactions without being consumed
bio-l2-071,Biology,2,What is the purpose of the circulatory system?,Break down food,Transport materials,Filter waste,Produce energy,Store nutrients,1,"This system delivers oxygen, nutrients, and hormones throughout the body"
bio-l2-072,Biology,2,What is the basic unit of the nervous system?,Neuron,Muscle fiber,Blood cell,Bone cell,Epithelial cell,0,This specialized cell transmits electrical signals using axons and dendrites
bio-l2-073,Biology,2,What is ATP?,A protein,An energy molecule,A vitamin,A hormone,An enzyme,1,Adenosine triphosphate stores energy in its phosphate bonds
bio-l2-074,Biology,2,Which blood component is responsible for clotting?,Red blood cells,White blood cells,Platelets,Plasma,Antibodies,2,These cell fragments aggregate at injury sites to stop bleeding
bio-l2-075,Biology,2,What is the function of the large intestine?,Digest proteins,Absorb water,Produce bile,Store food,Filter blood,1,This organ reabsorbs water and forms feces from undigested material
bio-l2-076,Biology,2,What type of organism can make its own food?,Heterotroph,Autotroph,Decomposer,Parasite,Scavenger,1,These organisms use photosynthesis or chemosynthesis to produce nutrients
bio-l2-077,Biology,2,What is the diaphragm?,A bone,A muscle,A valve,A membrane,A nerve,1,This dome-shaped muscle contracts to expand the lungs during breathing
bio-l2-078,Biology,2,What is the pH of normal blood?,Highly acidic (pH 3),Slightly acidic (pH 6),Neutral (pH 7),Slightly basic (pH 7.4),Highly basic (pH 10),3,Blood pH is tightly regulated between 7.35 and 7.45
bio-l2-079,Biology,2,What is the role of hemoglobin?,Fight infection,Clot blood,Carry oxygen,Digest food,Produce energy,2,This iron-containing protein in red blood cells binds oxygen reversibly
bio-l2-080,Biology,2,What is the synapse?,Part of a bone,Junction between neurons,Type of muscle,Blood vessel,Organ system,1,Neurotransmitters cross this gap to transmit signals between nerve cells
bio-l2-081,Biology,2,What is homeostasis?,Cell division,Maintaining stable internal conditions,Protein synthesis,Energy production,DNA replication,1,"This process keeps body temperature, pH, and other factors within narrow ranges"
bio-l2-082,Biology,2,Which type of blood vessel carries blood away from the heart?,Veins,Arteries,Capillaries,Venules,Lymph vessels,1,"These vessels have thick, elastic walls to withstand high pressure"
bio-l2-083,Biology,2,What is the function of ribosomes?,DNA storage,Protein synthesis,Energy production,Waste removal,Lipid synthesis,1,These organelles translate mRNA into polypeptide chains
bio-l2-084,Biology,2,What is osmosis?,Movement of water across a membrane,Active transport of ions,Protein synthesis,Cell division,Energy production,0,This passive process moves water from high to low concentration
bio-l2-085,Biology,2,Which enzyme begins the digestion of starch?,Pepsin,Trypsin,Amylase,Lipase,Protease,2,This enzyme is found in saliva and begins breaking down carbohydrates
bio-l2-086,Biology,2,What is the process of cell division that produces gametes?,Mitosis,Meiosis,Binary fission,Budding,Fragmentation,1,This process creates sex cells with half the chromosome number
bio-l2-087,Biology,2,What is the main function of the lymphatic system?,Circulate blood,Fight infections,Produce hormones,Digest food,Control movement,1,This system drains fluid from tissues and contains immune cells
bio-l2-088,Biology,2,Which organelle is responsible for photosynthesis?,Mitochondria,Chloroplast,Nucleus,Ribosome,Golgi body,1,This double-membrane organelle contains thylakoids and chlorophyll
bio-l2-089,Biology,2,What is the difference between arteries and veins?,Color,Size,Direction of blood flow,Number,Location,2,Consider which vessels carry blood toward or away from the heart
bio-l2-090,Biology,2,What is an enzyme?,A vitamin,A biological catalyst,A hormone,A carbohydrate,A mineral,1,These proteins speed up chemical reactions without being consumed
bio-l2-091,Biology,2,What is the purpose of the circulatory system?,Break down food,Transport materials,Filter waste,Produce energy,Store nutrients,1,"This system delivers oxygen, nutrients, and hormones throughout the body"
bio-l2-092,Biology,2,What is the basic unit of the nervous system?,Neuron,Muscle fiber,Blood cell,Bone cell,Epithelial cell,0,This specialized cell transmits electrical signals using axons and dendrites
bio-l2-093,Biology,2,What is ATP?,A protein,An energy molecule,A vitamin,A hormone,An enzyme,1,Adenosine triphosphate stores energy in its phosphate bonds
bio-l2-094,Biology,2,Which blood component is responsible for clotting?,Red blood cells,White blood cells,Platelets,Plasma,Antibodies,2,These cell fragments aggregate at injury sites to stop bleeding
bio-l2-095,Biology,2,What is the function of the large intestine?,Digest proteins,Absorb water,Produce bile,Store food,Filter blood,1,This organ reabsorbs water and forms feces from undigested material
bio-l2-096,Biology,2,What type of organism can make its own food?,Heterotroph,Autotroph,Decomposer,Parasite,Scavenger,1,These organisms use photosynthesis or chemosynthesis to produce nutrients
bio-l2-097,Biology,2,What is the diaphragm?,A bone,A muscle,A valve,A membrane,A nerve,1,This dome-shaped muscle contracts to expand the lungs during breathing
bio-l2-098,Biology,2,What is the pH of normal blood?,Highly acidic (pH 3),Slightly acidic (pH 6),Neutral (pH 7),Slightly basic (pH 7.4),Highly basic (pH 10),3,Blood pH is tightly regulated between 7.35 and 7.45
bio-l2-099,Biology,2,What is the role of hemoglobin?,Fight infection,Clot blood,Carry oxygen,Digest food,Produce energy,2,This iron-containing protein in red blood cells binds oxygen reversibly
bio-l2-100,Biology,2,What is the synapse?,Part of a bone,Junction between neurons,Type of muscle,Blood vessel,Organ system,1,Neurotransmitters cross this gap to transmit signals between nerve cells
bio-l3-001,Biology,3,What is the Krebs cycle?,Part of photosynthesis,Part of cellular respiration,Type of cell division,Protein synthesis pathway,DNA replication process,1,This cycle in the mitochondrial matrix produces NADH and FADH2
bio-l3-002,Biology,3,What is apoptosis?,Uncontrolled cell growth,Programmed cell death,Cell division,Protein folding,Energy production,1,This controlled process eliminates damaged cells without inflammation
bio-l3-003,Biology,3,What is the function of the Golgi apparatus?,Energy production,Protein modification and packaging,DNA replication,Lipid synthesis,Waste removal,1,This organelle modifies proteins and sorts them into vesicles
bio-l3-004,Biology,3,What is the difference between DNA and RNA?,Sugar component,All of the above,Number of strands,Nitrogenous bases,Function,1,DNA has deoxyribose and thymine; RNA has ribose and uracil
bio-l3-005,Biology,3,What is facilitated diffusion?,Active transport,Passive transport with proteins,Energy-requiring process,Cell division,Protein synthesis,1,This process uses channel or carrier proteins but requires no ATP
bio-l3-006,Biology,3,What are phospholipids?,Proteins,Main component of cell membranes,Carbohydrates,Nucleic acids,Enzymes,1,These amphipathic molecules form bilayers with hydrophobic tails inside
bio-l3-007,Biology,3,What is the endoplasmic reticulum?,Energy producer,Network of membranes,Genetic material,Waste processor,Control center,1,This organelle has rough (with ribosomes) and smooth (without) regions
bio-l3-008,Biology,3,What is the role of tRNA?,Store genetic information,Transfer amino acids,Produce energy,Regulate genes,Form cell structure,1,This adapter molecule matches anticodons to codons during translation
bio-l3-009,Biology,3,What is glycolysis?,Breakdown of glucose,Protein synthesis,DNA replication,Cell division,Fat metabolism,0,This anaerobic pathway splits glucose into two pyruvate molecules
bio-l3-010,Biology,3,What is the sodium-potassium pump?,Passive transport,Active transport mechanism,Energy producer,Protein channel,Hormone receptor,1,This ATPase moves 3 Na+ out and 2 K+ in against concentration gradients
bio-l3-011,Biology,3,What are lysosomes?,Energy producers,Digestive organelles,Protein makers,DNA storage,Cell membrane,1,These acidic vesicles contain hydrolytic enzymes for breaking down materials
bio-l3-012,Biology,3,What is a mutation?,Normal cell division,Change in DNA sequence,Protein synthesis,Energy production,Cell growth,1,"These alterations can be caused by errors, radiation, or chemicals"
bio-l3-013,Biology,3,What is the difference between aerobic and anaerobic respiration?,Oxygen requirement,Energy produced,End products,All of the above,Location in cell,3,Aerobic uses oxygen and produces more ATP; anaerobic produces lactate or ethanol
bio-l3-014,Biology,3,What is a plasmid?,Cell organelle,Small circular DNA,Type of protein,Cell membrane,Energy molecule,1,These extrachromosomal elements in bacteria often carry antibiotic resistance
bio-l3-015,Biology,3,What is the function of the smooth ER?,Protein synthesis,Lipid synthesis,DNA replication,Energy production,Waste disposal,1,This organelle makes lipids and detoxifies drugs and poisons
bio-l3-016,Biology,3,What is chemiosmosis?,ATP synthesis process,Cell division,Protein folding,DNA replication,Active transport,0,This process uses a proton gradient across the inner mitochondrial membrane
bio-l3-017,Biology,3,What is a chromosome?,Packaged DNA,Type of protein,Cell organelle,Energy molecule,Enzyme,0,DNA and histones condense into these visible structures during mitosis
bio-l3-018,Biology,3,What is translation in biology?,DNA to RNA,RNA to protein,Protein folding,Cell division,Energy production,1,Ribosomes decode mRNA sequences into polypeptide chains
bio-l3-019,Biology,3,What is transcription?,DNA to RNA,RNA to protein,DNA replication,Cell division,Protein modification,0,RNA polymerase creates an RNA copy of a DNA template strand
bio-l3-020,Biology,3,What is the function of peroxisomes?,Energy production,Break down fatty acids,Protein synthesis,DNA storage,Cell division,1,These organelles oxidize fatty acids and detoxify hydrogen peroxide
bio-l3-021,Biology,3,What is the Krebs cycle?,Part of photosynthesis,Part of cellular respiration,Type of cell division,Protein synthesis pathway,DNA replication process,1,This cycle in the mitochondrial matrix produces NADH and FADH2
bio-l3-022,Biology,3,What is apoptosis?,Uncontrolled cell growth,Programmed cell death,Cell division,Protein folding,Energy production,1,This controlled process eliminates damaged cells without inflammation
bio-l3-023,Biology,3,What is the function of the Golgi apparatus?,Energy production,Protein modification and packaging,DNA replication,Lipid synthesis,Waste removal,1,This organelle modifies proteins and sorts them into vesicles
bio-l3-024,Biology,3,What is the difference between DNA and RNA?,Sugar component,All of the above,Number of strands,Nitrogenous bases,Function,1,DNA has deoxyribose and thymine; RNA has ribose and uracil
bio-l3-025,Biology,3,What is facilitated diffusion?,Active transport,Passive transport with proteins,Energy-requiring process,Cell division,Protein synthesis,1,This process uses channel or carrier proteins but requires no ATP
bio-l3-026,Biology,3,What are phospholipids?,Proteins,Main component of cell membranes,Carbohydrates,Nucleic acids,Enzymes,1,These amphipathic molecules form bilayers with hydrophobic tails inside
bio-l3-027,Biology,3,What is the endoplasmic reticulum?,Energy producer,Network of membranes,Genetic material,Waste processor,Control center,1,This organelle has rough (with ribosomes) and smooth (without) regions
bio-l3-028,Biology,3,What is the role of tRNA?,Store genetic information,Transfer amino acids,Produce energy,Regulate genes,Form cell structure,1,This adapter molecule matches anticodons to codons during translation
bio-l3-029,Biology,3,What is glycolysis?,Breakdown of glucose,Protein synthesis,DNA replication,Cell division,Fat metabolism,0,This anaerobic pathway splits glucose into two pyruvate molecules
bio-l3-030,Biology,3,What is the sodium-potassium pump?,Passive transport,Active transport mechanism,Energy producer,Protein channel,Hormone receptor,1,This ATPase moves 3 Na+ out and 2 K+ in against concentration gradients
bio-l3-031,Biology,3,What are lysosomes?,Energy producers,Digestive organelles,Protein makers,DNA storage,Cell membrane,1,These acidic vesicles contain hydrolytic enzymes for breaking down materials
bio-l3-032,Biology,3,What is a mutation?,Normal cell division,Change in DNA sequence,Protein synthesis,Energy production,Cell growth,1,"These alterations can be caused by errors, radiation, or chemicals"
bio-l3-033,Biology,3,What is the difference between aerobic and anaerobic respiration?,Oxygen requirement,Energy produced,End products,All of the above,Location in cell,3,Aerobic uses oxygen and produces more ATP; anaerobic produces lactate or ethanol
bio-l3-034,Biology,3,What is a plasmid?,Cell organelle,Small circular DNA,Type of protein,Cell membrane,Energy molecule,1,These extrachromosomal elements in bacteria often carry antibiotic resistance
bio-l3-035,Biology,3,What is the function of the smooth ER?,Protein synthesis,Lipid synthesis,DNA replication,Energy production,Waste disposal,1,This organelle makes lipids and detoxifies drugs and poisons
bio-l3-036,Biology,3,What is chemiosmosis?,ATP synthesis process,Cell division,Protein folding,DNA replication,Active transport,0,This process uses a proton gradient across the inner mitochondrial membrane
bio-l3-037,Biology,3,What is a chromosome?,Packaged DNA,Type of protein,Cell organelle,Energy molecule,Enzyme,0,DNA and histones condense into these visible structures during mitosis
bio-l3-038,Biology,3,What is translation in biology?,DNA to RNA,RNA to protein,Protein folding,Cell division,Energy production,1,Ribosomes decode mRNA sequences into polypeptide chains
bio-l3-039,Biology,3,What is transcription?,DNA to RNA,RNA to protein,DNA replication,Cell division,Protein modification,0,RNA polymerase creates an RNA copy of a DNA template strand
bio-l3-040,Biology,3,What is the function of peroxisomes?,Energy production,Break down fatty acids,Protein synthesis,DNA storage,Cell division,1,These organelles oxidize fatty acids and detoxify hydrogen peroxide
bio-l3-041,Biology,3,What is the Krebs cycle?,Part of photosynthesis,Part of cellular respiration,Type of cell division,Protein synthesis pathway,DNA replication process,1,This cycle in the mitochondrial matrix produces NADH and FADH2
bio-l3-042,Biology,3,What is apoptosis?,Uncontrolled cell growth,Programmed cell death,Cell division,Protein folding,Energy production,1,This controlled process eliminates damaged cells without inflammation
bio-l3-043,Biology,3,What is the function of the Golgi apparatus?,Energy production,Protein modification and packaging,DNA replication,Lipid synthesis,Waste removal,1,This organelle modifies proteins and sorts them into vesicles
bio-l3-044,Biology,3,What is the difference between DNA and RNA?,Sugar component,All of the above,Number of strands,Nitrogenous bases,Function,1,DNA has deoxyribose and thymine; RNA has ribose and uracil
bio-l3-045,Biology,3,What is facilitated diffusion?,Active transport,Passive transport with proteins,Energy-requiring process,Cell division,Protein synthesis,1,This process uses channel or carrier proteins but requires no ATP
bio-l3-046,Biology,3,What are phospholipids?,Proteins,Main component of cell membranes,Carbohydrates,Nucleic acids,Enzymes,1,These amphipathic molecules form bilayers with hydrophobic tails inside
bio-l3-047,Biology,3,What is the endoplasmic reticulum?,Energy producer,Network of membranes,Genetic material,Waste processor,Control center,1,This organelle has rough (with ribosomes) and smooth (without) regions
bio-l3-048,Biology,3,What is the role of tRNA?,Store genetic information,Transfer amino acids,Produce energy,Regulate genes,Form cell structure,1,This adapter molecule matches anticodons to codons during translation
bio-l3-049,Biology,3,What is glycolysis?,Breakdown of glucose,Protein synthesis,DNA replication,Cell division,Fat metabolism,0,This anaerobic pathway splits glucose into two pyruvate molecules
bio-l3-050,Biology,3,What is the sodium-potassium pump?,Passive transport,Active transport mechanism,Energy producer,Protein channel,Hormone receptor,1,This ATPase moves 3 Na+ out and 2 K+ in against concentration gradients
bio-l3-051,Biology,3,What are lysosomes?,Energy producers,Digestive organelles,Protein makers,DNA storage,Cell membrane,1,These acidic vesicles contain hydrolytic enzymes for breaking down materials
bio-l3-052,Biology,3,What is a mutation?,Normal cell division,Change in DNA sequence,Protein synthesis,Energy production,Cell growth,1,"These alterations can be caused by errors, radiation, or chemicals"
bio-l3-053,Biology,3,What is the difference between aerobic and anaerobic respiration?,Oxygen requirement,Energy produced,End products,All of the above,Location in cell,3,Aerobic uses oxygen and produces more ATP; anaerobic produces lactate or ethanol
bio-l3-054,Biology,3,What is a plasmid?,Cell organelle,Small circular DNA,Type of protein,Cell membrane,Energy molecule,1,These extrachromosomal elements in bacteria often carry antibiotic resistance
bio-l3-055,Biology,3,What is the function of the smooth ER?,Protein synthesis,Lipid synthesis,DNA replication,Energy production,Waste disposal,1,This organelle makes lipids and detoxifies drugs and poisons
bio-l3-056,Biology,3,What is chemiosmosis?,ATP synthesis process,Cell division,Protein folding,DNA replication,Active transport,0,This process uses a proton gradient across the inner mitochondrial membrane
bio-l3-057,Biology,3,What is a chromosome?,Packaged DNA,Type of protein,Cell organelle,Energy molecule,Enzyme,0,DNA and histones condense into these visible structures during mitosis
bio-l3-058,Biology,3,What is translation in biology?,DNA to RNA,RNA to protein,Protein folding,Cell division,Energy production,1,Ribosomes decode mRNA sequences into polypeptide chains
bio-l3-059,Biology,3,What is transcription?,DNA to RNA,RNA to protein,DNA replication,Cell division,Protein modification,0,RNA polymerase creates an RNA copy of a DNA template strand
bio-l3-060,Biology,3,What is the function of peroxisomes?,Energy production,Break down fatty acids,Protein synthesis,DNA storage,Cell division,1,These organelles oxidize fatty acids and detoxify hydrogen peroxide
bio-l3-061,Biology,3,What is the Krebs cycle?,Part of photosynthesis,Part of cellular respiration,Type of cell division,Protein synthesis pathway,DNA replication process,1,This cycle in the mitochondrial matrix produces NADH and FADH2
bio-l3-062,Biology,3,What is apoptosis?,Uncontrolled cell growth,Programmed cell death,Cell division,Protein folding,Energy production,1,This controlled process eliminates damaged cells without inflammation
bio-l3-063,Biology,3,What is the function of the Golgi apparatus?,Energy production,Protein modification and packaging,DNA replication,Lipid synthesis,Waste removal,1,This organelle modifies proteins and sorts them into vesicles
bio-l3-064,Biology,3,What is the difference between DNA and RNA?,Sugar component,All of the above,Number of strands,Nitrogenous bases,Function,1,DNA has deoxyribose and thymine; RNA has ribose and uracil
bio-l3-065,Biology,3,What is facilitated diffusion?,Active transport,Passive transport with proteins,Energy-requiring process,Cell division,Protein synthesis,1,This process uses channel or carrier proteins but requires no ATP
bio-l3-066,Biology,3,What are phospholipids?,Proteins,Main component of cell membranes,Carbohydrates,Nucleic acids,Enzymes,1,These amphipathic molecules form bilayers with hydrophobic tails inside
bio-l3-067,Biology,3,What is the endoplasmic reticulum?,Energy producer,Network of membranes,Genetic material,Waste processor,Control center,1,This organelle has rough (with ribosomes) and smooth (without) regions
bio-l3-068,Biology,3,What is the role of tRNA?,Store genetic information,Transfer amino acids,Produce energy,Regulate genes,Form cell structure,1,This adapter molecule matches anticodons to codons during translation
bio-l3-069,Biology,3,What is glycolysis?,Breakdown of glucose,Protein synthesis,DNA replication,Cell division,Fat metabolism,0,This anaerobic pathway splits glucose into two pyruvate molecules
bio-l3-070,Biology,3,What is the sodium-potassium pump?,Passive transport,Active transport mechanism,Energy producer,Protein channel,Hormone receptor,1,This ATPase moves 3 Na+ out and 2 K+ in against concentration gradients
bio-l3-071,Biology,3,What are lysosomes?,Energy producers,Digestive organelles,Protein makers,DNA storage,Cell membrane,1,These acidic vesicles contain hydrolytic enzymes for breaking down materials
bio-l3-072,Biology,3,What is a mutation?,Normal cell division,Change in DNA sequence,Protein synthesis,Energy production,Cell growth,1,"These alterations can be caused by errors, radiation, or chemicals"
bio-l3-073,Biology,3,What is the difference between aerobic and anaerobic respiration?,Oxygen requirement,Energy produced,End products,All of the above,Location in cell,3,Aerobic uses oxygen and produces more ATP; anaerobic produces lactate or ethanol
bio-l3-074,Biology,3,What is a plasmid?,Cell organelle,Small circular DNA,Type of protein,Cell membrane,Energy molecule,1,These extrachromosomal elements in bacteria often carry antibiotic resistance
bio-l3-075,Biology,3,What is the function of the smooth ER?,Protein synthesis,Lipid synthesis,DNA replication,Energy production,Waste disposal,1,This organelle makes lipids and detoxifies drugs and poisons
bio-l3-076,Biology,3,What is chemiosmosis?,ATP synthesis process,Cell division,Protein folding,DNA replication,Active transport,0,This process uses a proton gradient across the inner mitochondrial membrane
bio-l3-077,Biology,3,What is a chromosome?,Packaged DNA,Type of protein,Cell organelle,Energy molecule,Enzyme,0,DNA and histones condense into these visible structures during mitosis
bio-l3-078,Biology,3,What is translation in biology?,DNA to RNA,RNA to protein,Protein folding,Cell division,Energy production,1,Ribosomes decode mRNA sequences into polypeptide chains
bio-l3-079,Biology,3,What is transcription?,DNA to RNA,RNA to protein,DNA replication,Cell division,Protein modification,0,RNA polymerase creates an RNA copy of a DNA template strand
bio-l3-080,Biology,3,What is the function of peroxisomes?,Energy production,Break down fatty acids,Protein synthesis,DNA storage,Cell division,1,These organelles oxidize fatty acids and detoxify hydrogen peroxide
bio-l3-081,Biology,3,What is the Krebs cycle?,Part of photosynthesis,Part of cellular respiration,Type of cell division,Protein synthesis pathway,DNA replication process,1,This cycle in the mitochondrial matrix produces NADH and FADH2
bio-l3-082,Biology,3,What is apoptosis?,Uncontrolled cell growth,Programmed cell death,Cell division,Protein folding,Energy production,1,This controlled process eliminates damaged cells without inflammation
bio-l3-083,Biology,3,What is the function of the Golgi apparatus?,Energy production,Protein modification and packaging,DNA replication,Lipid synthesis,Waste removal,1,This organelle modifies proteins and sorts them into vesicles
bio-l3-084,Biology,3,What is the difference between DNA and RNA?,Sugar component,All of the above,Number of strands,Nitrogenous bases,Function,1,DNA has deoxyribose and thymine; RNA has ribose and uracil
bio-l3-085,Biology,3,What is facilitated diffusion?,Active transport,Passive transport with proteins,Energy-requiring process,Cell division,Protein synthesis,1,This process uses channel or carrier proteins but requires no ATP
bio-l3-086,Biology,3,What are phospholipids?,Proteins,Main component of cell membranes,Carbohydrates,Nucleic acids,Enzymes,1,These amphipathic molecules form bilayers with hydrophobic tails inside
bio-l3-087,Biology,3,What is the endoplasmic reticulum?,Energy producer,Network of membranes,Genetic material,Waste processor,Control center,1,This organelle has rough (with ribosomes) and smooth (without) regions
bio-l3-088,Biology,3,What is the role of tRNA?,Store genetic information,Transfer amino acids,Produce energy,Regulate genes,Form cell structure,1,This adapter molecule matches anticodons to codons during translation
bio-l3-089,Biology,3,What is glycolysis?,Breakdown of glucose,Protein synthesis,DNA replication,Cell division,Fat metabolism,0,This anaerobic pathway splits glucose into two pyruvate molecules
bio-l3-090,Biology,3,What is the sodium-potassium pump?,Passive transport,Active transport mechanism,Energy producer,Protein channel,Hormone receptor,1,This ATPase moves 3 Na+ out and 2 K+ in against concentration gradients
bio-l3-091,Biology,3,What are lysosomes?,Energy producers,Digestive organelles,Protein makers,DNA storage,Cell membrane,1,These acidic vesicles contain hydrolytic enzymes for breaking down materials
bio-l3-092,Biology,3,What is a mutation?,Normal cell division,Change in DNA sequence,Protein synthesis,Energy production,Cell growth,1,"These alterations can be caused by errors, radiation, or chemicals"
bio-l3-093,Biology,3,What is the difference between aerobic and anaerobic respiration?,Oxygen requirement,Energy produced,End products,All of the above,Location in cell,3,Aerobic uses oxygen and produces more ATP; anaerobic produces lactate or ethanol
bio-l3-094,Biology,3,What is a plasmid?,Cell organelle,Small circular DNA,Type of protein,Cell membrane,Energy molecule,1,These extrachromosomal elements in bacteria often carry antibiotic resistance
bio-l3-095,Biology,3,What is the function of the smooth ER?,Protein synthesis,Lipid synthesis,DNA replication,Energy production,Waste disposal,1,This organelle makes lipids and detoxifies drugs and poisons
bio-l3-096,Biology,3,What is chemiosmosis?,ATP synthesis process,Cell division,Protein folding,DNA replication,Active transport,0,This process uses a proton gradient across the inner mitochondrial membrane
bio-l3-097,Biology,3,What is a chromosome?,Packaged DNA,Type of protein,Cell organelle,Energy molecule,Enzyme,0,DNA and histones condense into these visible structures during mitosis
bio-l3-098,Biology,3,What is translation in biology?,DNA to RNA,RNA to protein,Protein folding,Cell division,Energy production,1,Ribosomes decode mRNA sequences into polypeptide chains
bio-l3-099,Biology,3,What is transcription?,DNA to RNA,RNA to protein,DNA replication,Cell division,Protein modification,0,RNA polymerase creates an RNA copy of a DNA template strand
bio-l3-100,Biology,3,What is the function of peroxisomes?,Energy production,Break down fatty acids,Protein synthesis,DNA storage,Cell division,1,These organelles oxidize fatty acids and detoxify hydrogen peroxide
bio-l4-001,Biology,4,What is the wobble hypothesis?,DNA structure,Codon-anticodon pairing,Protein folding,Cell membrane fluidity,Enzyme kinetics,1,This explains why multiple codons can code for the same amino acid
bio-l4-002,Biology,4,What is RNA splicing?,Removing introns,DNA replication,Protein synthesis,Cell division,Energy production,0,The spliceosome removes non-coding sequences from pre-mRNA
bio-l4-003,Biology,4,What causes sickle cell anemia?,Viral infection,Point mutation in hemoglobin,Chromosomal deletion,Protein deficiency,Immune disorder,1,A single nucleotide substitution changes glutamic acid to valine
bio-l4-004,Biology,4,What is the function of telomerase?,DNA repair,Extend chromosome ends,Protein synthesis,Energy production,Cell division,1,This enzyme adds TTAGGG repeats to prevent chromosome shortening
bio-l4-005,Biology,4,What is epistasis?,Gene mutation,Gene interaction,Protein synthesis,DNA damage,Cell death,1,This occurs when one gene masks the expression of another gene
bio-l4-006,Biology,4,What is the TATA box?,Promoter sequence,Terminator sequence,Enhancer,Silencer,Operator,0,This AT-rich sequence helps position RNA polymerase II for transcription
bio-l4-007,Biology,4,What is oxidative phosphorylation?,ATP synthesis in mitochondria,Glycolysis,Photosynthesis,Protein synthesis,DNA replication,0,The electron transport chain pumps protons to drive ATP synthase
bio-l4-008,Biology,4,What is the lac operon?,Protein complex,Gene regulation system,Enzyme,Chromosome,Cell organelle,1,This bacterial system regulates lactose metabolism genes coordinately
bio-l4-009,Biology,4,What is alternative splicing?,DNA repair,Producing multiple proteins from one gene,Cell division,Energy production,Protein degradation,1,Different exon combinations create protein diversity from single genes
bio-l4-010,Biology,4,What is the endosymbiotic theory?,Cell division theory,Origin of organelles,DNA replication,Protein synthesis,Evolution by natural selection,1,This theory explains mitochondria and chloroplasts as former bacteria
bio-l4-011,Biology,4,What is RNA interference (RNAi)?,DNA replication,Gene silencing,Protein synthesis,Cell division,Energy production,1,Small RNAs bind to mRNA to block translation or trigger degradation
bio-l4-012,Biology,4,What is a nucleosome?,DNA-protein complex,RNA molecule,Cell organelle,Enzyme,Energy molecule,0,147 base pairs of DNA wrap around an octamer of histone proteins
bio-l4-013,Biology,4,What is the polymerase chain reaction (PCR)?,DNA amplification,Protein synthesis,Cell division,Energy production,Gene silencing,0,This technique uses thermal cycling to exponentially amplify DNA sequences
bio-l4-014,Biology,4,What is a frameshift mutation?,Point mutation,Insertion or deletion,Silent mutation,Chromosomal aberration,Gene duplication,1,Adding or removing nucleotides shifts the reading frame downstream
bio-l4-015,Biology,4,What is the difference between exons and introns?,Exons are expressed,Introns are regulatory,Exons are larger,Introns code for proteins,No difference,0,Exons are spliced together in mature mRNA; introns are removed
bio-l4-016,Biology,4,What is DNA methylation?,DNA repair,Epigenetic modification,DNA replication,Transcription,Translation,1,Adding methyl groups to cytosine residues can silence gene expression
bio-l4-017,Biology,4,What is the signal recognition particle (SRP)?,Directs proteins to ER,Replicates DNA,Produces energy,Degrades proteins,Regulates genes,0,This ribonucleoprotein recognizes signal sequences on nascent proteins
bio-l4-018,Biology,4,What is the proofreading function of DNA polymerase?,Repairs mutations,Removes incorrect nucleotides,Adds nucleotides,Unwinds DNA,Seals breaks,1,3' to 5' exonuclease activity increases replication fidelity
bio-l4-019,Biology,4,What is a codon?,Three nucleotides coding for amino acid,Protein structure,Cell organelle,Enzyme,Energy molecule,0,These triplet sequences in mRNA specify which amino acid to add
bio-l4-020,Biology,4,What is the difference between leading and lagging strand?,Direction of synthesis,Location,Enzymes used,Speed,Function,0,Leading is continuous 5' to 3'; lagging is discontinuous Okazaki fragments
bio-l4-021,Biology,4,What is the wobble hypothesis?,DNA structure,Codon-anticodon pairing,Protein folding,Cell membrane fluidity,Enzyme kinetics,1,This explains why multiple codons can code for the same amino acid
bio-l4-022,Biology,4,What is RNA splicing?,Removing introns,DNA replication,Protein synthesis,Cell division,Energy production,0,The spliceosome removes non-coding sequences from pre-mRNA
bio-l4-023,Biology,4,What causes sickle cell anemia?,Viral infection,Point mutation in hemoglobin,Chromosomal deletion,Protein deficiency,Immune disorder,1,A single nucleotide substitution changes glutamic acid to valine
bio-l4-024,Biology,4,What is the function of telomerase?,DNA repair,Extend chromosome ends,Protein synthesis,Energy production,Cell division,1,This enzyme adds TTAGGG repeats to prevent chromosome shortening
bio-l4-025,Biology,4,What is epistasis?,Gene mutation,Gene interaction,Protein synthesis,DNA damage,Cell death,1,This occurs when one gene masks the expression of another gene
bio-l4-026,Biology,4,What is the TATA box?,Promoter sequence,Terminator sequence,Enhancer,Silencer,Operator,0,This AT-rich sequence helps position RNA polymerase II for transcription
bio-l4-027,Biology,4,What is oxidative phosphorylation?,ATP synthesis in mitochondria,Glycolysis,Photosynthesis,Protein synthesis,DNA replication,0,The electron transport chain pumps protons to drive ATP synthase
bio-l4-028,Biology,4,What is the lac operon?,Protein complex,Gene regulation system,Enzyme,Chromosome,Cell organelle,1,This bacterial system regulates lactose metabolism genes coordinately
bio-l4-029,Biology,4,What is alternative splicing?,DNA repair,Producing multiple proteins from one gene,Cell division,Energy production,Protein degradation,1,Different exon combinations create protein diversity from single genes
bio-l4-030,Biology,4,What is the endosymbiotic theory?,Cell division theory,Origin of organelles,DNA replication,Protein synthesis,Evolution by natural selection,1,This theory explains mitochondria and chloroplasts as former bacteria
bio-l4-031,Biology,4,What is RNA interference (RNAi)?,DNA replication,Gene silencing,Protein synthesis,Cell division,Energy production,1,Small RNAs bind to mRNA to block translation or trigger degradation
bio-l4-032,Biology,4,What is a nucleosome?,DNA-protein complex,RNA molecule,Cell organelle,Enzyme,Energy molecule,0,147 base pairs of DNA wrap around an octamer of histone proteins
bio-l4-033,Biology,4,What is the polymerase chain reaction (PCR)?,DNA amplification,Protein synthesis,Cell division,Energy production,Gene silencing,0,This technique uses thermal cycling to exponentially amplify DNA sequences
bio-l4-034,Biology,4,What is a frameshift mutation?,Point mutation,Insertion or deletion,Silent mutation,Chromosomal aberration,Gene duplication,1,Adding or removing nucleotides shifts the reading frame downstream
bio-l4-035,Biology,4,What is the difference between exons and introns?,Exons are expressed,Introns are regulatory,Exons are larger,Introns code for proteins,No difference,0,Exons are spliced together in mature mRNA; introns are removed
bio-l4-036,Biology,4,What is DNA methylation?,DNA repair,Epigenetic modification,DNA replication,Transcription,Translation,1,Adding methyl groups to cytosine residues can silence gene expression
bio-l4-037,Biology,4,What is the signal recognition particle (SRP)?,Directs proteins to ER,Replicates DNA,Produces energy,Degrades proteins,Regulates genes,0,This ribonucleoprotein recognizes signal sequences on nascent proteins
bio-l4-038,Biology,4,What is the proofreading function of DNA polymerase?,Repairs mutations,Removes incorrect nucleotides,Adds nucleotides,Unwinds DNA,Seals breaks,1,3' to 5' exonuclease activity increases replication fidelity
bio-l4-039,Biology,4,What is a codon?,Three nucleotides coding for amino acid,Protein structure,Cell organelle,Enzyme,Energy molecule,0,These triplet sequences in mRNA specify which amino acid to add
bio-l4-040,Biology,4,What is the difference between leading and lagging strand?,Direction of synthesis,Location,Enzymes used,Speed,Function,0,Leading is continuous 5' to 3'; lagging is discontinuous Okazaki fragments
bio-l4-041,Biology,4,What is the wobble hypothesis?,DNA structure,Codon-anticodon pairing,Protein folding,Cell membrane fluidity,Enzyme kinetics,1,This explains why multiple codons can code for the same amino acid
bio-l4-042,Biology,4,What is RNA splicing?,Removing introns,DNA replication,Protein synthesis,Cell division,Energy production,0,The spliceosome removes non-coding sequences from pre-mRNA
bio-l4-043,Biology,4,What causes sickle cell anemia?,Viral infection,Point mutation in hemoglobin,Chromosomal deletion,Protein deficiency,Immune disorder,1,A single nucleotide substitution changes glutamic acid to valine
bio-l4-044,Biology,4,What is the function of telomerase?,DNA repair,Extend chromosome ends,Protein synthesis,Energy production,Cell division,1,This enzyme adds TTAGGG repeats to prevent chromosome shortening
bio-l4-045,Biology,4,What is epistasis?,Gene mutation,Gene interaction,Protein synthesis,DNA damage,Cell death,1,This occurs when one gene masks the expression of another gene
bio-l4-046,Biology,4,What is the TATA box?,Promoter sequence,Terminator sequence,Enhancer,Silencer,Operator,0,This AT-rich sequence helps position RNA polymerase II for transcription
bio-l4-047,Biology,4,What is oxidative phosphorylation?,ATP synthesis in mitochondria,Glycolysis,Photosynthesis,Protein synthesis,DNA replication,0,The electron transport chain pumps protons to drive ATP synthase
bio-l4-048,Biology,4,What is the lac operon?,Protein complex,Gene regulation system,Enzyme,Chromosome,Cell organelle,1,This bacterial system regulates lactose metabolism genes coordinately
bio-l4-049,Biology,4,What is alternative splicing?,DNA repair,Producing multiple proteins from one gene,Cell division,Energy production,Protein degradation,1,Different exon combinations create protein diversity from single genes
bio-l4-050,Biology,4,What is the endosymbiotic theory?,Cell division theory,Origin of organelles,DNA replication,Protein synthesis,Evolution by natural selection,1,This theory explains mitochondria and chloroplasts as former bacteria
bio-l4-051,Biology,4,What is RNA interference (RNAi)?,DNA replication,Gene silencing,Protein synthesis,Cell division,Energy production,1,Small RNAs bind to mRNA to block translation or trigger degradation
bio-l4-052,Biology,4,What is a nucleosome?,DNA-protein complex,RNA molecule,Cell organelle,Enzyme,Energy molecule,0,147 base pairs of DNA wrap around an octamer of histone proteins
bio-l4-053,Biology,4,What is the polymerase chain reaction (PCR)?,DNA amplification,Protein synthesis,Cell division,Energy production,Gene silencing,0,This technique uses thermal cycling to exponentially amplify DNA sequences
bio-l4-054,Biology,4,What is a frameshift mutation?,Point mutation,Insertion or deletion,Silent mutation,Chromosomal aberration,Gene duplication,1,Adding or removing nucleotides shifts the reading frame downstream
bio-l4-055,Biology,4,What is the difference between exons and introns?,Exons are expressed,Introns are regulatory,Exons are larger,Introns code for proteins,No difference,0,Exons are spliced together in mature mRNA; introns are removed
bio-l4-056,Biology,4,What is DNA methylation?,DNA repair,Epigenetic modification,DNA replication,Transcription,Translation,1,Adding methyl groups to cytosine residues can silence gene expression
bio-l4-057,Biology,4,What is the signal recognition particle (SRP)?,Directs proteins to ER,Replicates DNA,Produces energy,Degrades proteins,Regulates genes,0,This ribonucleoprotein recognizes signal sequences on nascent proteins
bio-l4-058,Biology,4,What is the proofreading function of DNA polymerase?,Repairs mutations,Removes incorrect nucleotides,Adds nucleotides,Unwinds DNA,Seals breaks,1,3' to 5' exonuclease activity increases replication fidelity
bio-l4-059,Biology,4,What is a codon?,Three nucleotides coding for amino acid,Protein structure,Cell organelle,Enzyme,Energy molecule,0,These triplet sequences in mRNA specify which amino acid to add
bio-l4-060,Biology,4,What is the difference between leading and lagging strand?,Direction of synthesis,Location,Enzymes used,Speed,Function,0,Leading is continuous 5' to 3'; lagging is discontinuous Okazaki fragments
bio-l4-061,Biology,4,What is the wobble hypothesis?,DNA structure,Codon-anticodon pairing,Protein folding,Cell membrane fluidity,Enzyme kinetics,1,This explains why multiple codons can code for the same amino acid
bio-l4-062,Biology,4,What is RNA splicing?,Removing introns,DNA replication,Protein synthesis,Cell division,Energy production,0,The spliceosome removes non-coding sequences from pre-mRNA
bio-l4-063,Biology,4,What causes sickle cell anemia?,Viral infection,Point mutation in hemoglobin,Chromosomal deletion,Protein deficiency,Immune disorder,1,A single nucleotide substitution changes glutamic acid to valine
bio-l4-064,Biology,4,What is the function of telomerase?,DNA repair,Extend chromosome ends,Protein synthesis,Energy production,Cell division,1,This enzyme adds TTAGGG repeats to prevent chromosome shortening
bio-l4-065,Biology,4,What is epistasis?,Gene mutation,Gene interaction,Protein synthesis,DNA damage,Cell death,1,This occurs when one gene masks the expression of another gene
bio-l4-066,Biology,4,What is the TATA box?,Promoter sequence,Terminator sequence,Enhancer,Silencer,Operator,0,This AT-rich sequence helps position RNA polymerase II for transcription
bio-l4-067,Biology,4,What is oxidative phosphorylation?,ATP synthesis in mitochondria,Glycolysis,Photosynthesis,Protein synthesis,DNA replication,0,The electron transport chain pumps protons to drive ATP synthase
bio-l4-068,Biology,4,What is the lac operon?,Protein complex,Gene regulation system,Enzyme,Chromosome,Cell organelle,1,This bacterial system regulates lactose metabolism genes coordinately
bio-l4-069,Biology,4,What is alternative splicing?,DNA repair,Producing multiple proteins from one gene,Cell division,Energy production,Protein degradation,1,Different exon combinations create protein diversity from single genes
bio-l4-070,Biology,4,What is the endosymbiotic theory?,Cell division theory,Origin of organelles,DNA replication,Protein synthesis,Evolution by natural selection,1,This theory explains mitochondria and chloroplasts as former bacteria
bio-l4-071,Biology,4,What is RNA interference (RNAi)?,DNA replication,Gene silencing,Protein synthesis,Cell division,Energy production,1,Small RNAs bind to mRNA to block translation or trigger degradation
bio-l4-072,Biology,4,What is a nucleosome?,DNA-protein complex,RNA molecule,Cell organelle,Enzyme,Energy molecule,0,147 base pairs of DNA wrap around an octamer of histone proteins
bio-l4-073,Biology,4,What is the polymerase chain reaction (PCR)?,DNA amplification,Protein synthesis,Cell division,Energy production,Gene silencing,0,This technique uses thermal cycling to exponentially amplify DNA sequences
bio-l4-074,Biology,4,What is a frameshift mutation?,Point mutation,Insertion or deletion,Silent mutation,Chromosomal aberration,Gene duplication,1,Adding or removing nucleotides shifts the reading frame downstream
bio-l4-075,Biology,4,What is the difference between exons and introns?,Exons are expressed,Introns are regulatory,Exons are larger,Introns code for proteins,No difference,0,Exons are spliced together in mature mRNA; introns are removed
bio-l4-076,Biology,4,What is DNA methylation?,DNA repair,Epigenetic modification,DNA replication,Transcription,Translation,1,Adding methyl groups to cytosine residues can silence gene expression
bio-l4-077,Biology,4,What is the signal recognition particle (SRP)?,Directs proteins to ER,Replicates DNA,Produces energy,Degrades proteins,Regulates genes,0,This ribonucleoprotein recognizes signal sequences on nascent proteins
bio-l4-078,Biology,4,What is the proofreading function of DNA polymerase?,Repairs mutations,Removes incorrect nucleotides,Adds nucleotides,Unwinds DNA,Seals breaks,1,3' to 5' exonuclease activity increases replication fidelity
bio-l4-079,Biology,4,What is a codon?,Three nucleotides coding for amino acid,Protein structure,Cell organelle,Enzyme,Energy molecule,0,These triplet sequences in mRNA specify which amino acid to add
bio-l4-080,Biology,4,What is the difference between leading and lagging strand?,Direction of synthesis,Location,Enzymes used,Speed,Function,0,Leading is continuous 5' to 3'; lagging is discontinuous Okazaki fragments
bio-l4-081,Biology,4,What is the wobble hypothesis?,DNA structure,Codon-anticodon pairing,Protein folding,Cell membrane fluidity,Enzyme kinetics,1,This explains why multiple codons can code for the same amino acid
bio-l4-082,Biology,4,What is RNA splicing?,Removing introns,DNA replication,Protein synthesis,Cell division,Energy production,0,The spliceosome removes non-coding sequences from pre-mRNA
bio-l4-083,Biology,4,What causes sickle cell anemia?,Viral infection,Point mutation in hemoglobin,Chromosomal deletion,Protein deficiency,Immune disorder,1,A single nucleotide substitution changes glutamic acid to valine
bio-l4-084,Biology,4,What is the function of telomerase?,DNA repair,Extend chromosome ends,Protein synthesis,Energy production,Cell division,1,This enzyme adds TTAGGG repeats to prevent chromosome shortening
bio-l4-085,Biology,4,What is epistasis?,Gene mutation,Gene interaction,Protein synthesis,DNA damage,Cell death,1,This occurs when one gene masks the expression of another gene
bio-l4-086,Biology,4,What is the TATA box?,Promoter sequence,Terminator sequence,Enhancer,Silencer,Operator,0,This AT-rich sequence helps position RNA polymerase II for transcription
bio-l4-087,Biology,4,What is oxidative phosphorylation?,ATP synthesis in mitochondria,Glycolysis,Photosynthesis,Protein synthesis,DNA replication,0,The electron transport chain pumps protons to drive ATP synthase
bio-l4-088,Biology,4,What is the lac operon?,Protein complex,Gene regulation system,Enzyme,Chromosome,Cell organelle,1,This bacterial system regulates lactose metabolism genes coordinately
bio-l4-089,Biology,4,What is alternative splicing?,DNA repair,Producing multiple proteins from one gene,Cell division,Energy production,Protein degradation,1,Different exon combinations create protein diversity from single genes
bio-l4-090,Biology,4,What is the endosymbiotic theory?,Cell division theory,Origin of organelles,DNA replication,Protein synthesis,Evolution by natural selection,1,This theory explains mitochondria and chloroplasts as former bacteria
bio-l4-091,Biology,4,What is RNA interference (RNAi)?,DNA replication,Gene silencing,Protein synthesis,Cell division,Energy production,1,Small RNAs bind to mRNA to block translation or trigger degradation
bio-l4-092,Biology,4,What is a nucleosome?,DNA-protein complex,RNA molecule,Cell organelle,Enzyme,Energy molecule,0,147 base pairs of DNA wrap around an octamer of histone proteins
bio-l4-093,Biology,4,What is the polymerase chain reaction (PCR)?,DNA amplification,Protein synthesis,Cell division,Energy production,Gene silencing,0,This technique uses thermal cycling to exponentially amplify DNA sequences
bio-l4-094,Biology,4,What is a frameshift mutation?,Point mutation,Insertion or deletion,Silent mutation,Chromosomal aberration,Gene duplication,1,Adding or removing nucleotides shifts the reading frame downstream
bio-l4-095,Biology,4,What is the difference between exons and introns?,Exons are expressed,Introns are regulatory,Exons are larger,Introns code for proteins,No difference,0,Exons are spliced together in mature mRNA; introns are removed
bio-l4-096,Biology,4,What is DNA methylation?,DNA repair,Epigenetic modification,DNA replication,Transcription,Translation,1,Adding methyl groups to cytosine residues can silence gene expression
bio-l4-097,Biology,4,What is the signal recognition particle (SRP)?,Directs proteins to ER,Replicates DNA,Produces energy,Degrades proteins,Regulates genes,0,This ribonucleoprotein recognizes signal sequences on nascent proteins
bio-l4-098,Biology,4,What is the proofreading function of DNA polymerase?,Repairs mutations,Removes incorrect nucleotides,Adds nucleotides,Unwinds DNA,Seals breaks,1,3' to 5' exonuclease activity increases replication fidelity
bio-l4-099,Biology,4,What is a codon?,Three nucleotides coding for amino acid,Protein structure,Cell organelle,Enzyme,Energy molecule,0,These triplet sequences in mRNA specify which amino acid to add
bio-l4-100,Biology,4,What is the difference between leading and lagging strand?,Direction of synthesis,Location,Enzymes used,Speed,Function,0,Leading is continuous 5' to 3'; lagging is discontinuous Okazaki fragments
bio-l5-001,Biology,5,What is CRISPR-Cas9?,Sequencing technique,Gene editing tool,Protein analysis,Cell culture method,Imaging technique,1,This system uses guide RNA to direct Cas9 nuclease to specific DNA sequences
bio-l5-002,Biology,5,What is the Warburg effect?,Enhanced glycolysis in cancer,Oxidative stress,Apoptosis,Cell cycle arrest,DNA repair,0,Cancer cells preferentially use glycolysis even with oxygen present
bio-l5-003,Biology,5,What is proteomics?,Study of all proteins,DNA sequencing,RNA analysis,Lipid profiling,Cell counting,0,"Large-scale analysis of protein expression, modification, and interactions"
bio-l5-004,Biology,5,What is epigenetic inheritance?,Mendelian genetics,Non-DNA sequence inheritance,Chromosomal abnormalities,Gene mutations,Protein inheritance,1,Heritable changes in gene expression without altering DNA sequence
bio-l5-005,Biology,5,What is the function of snRNPs?,DNA replication,Translation,RNA splicing,Protein degradation,Lipid synthesis,2,Small nuclear ribonucleoproteins form the catalytic core of the spliceosome
bio-l5-006,Biology,5,What is chromatin remodeling?,DNA methylation,Histone modification,Changing DNA accessibility,DNA repair,Transcription,2,ATP-dependent complexes reposition nucleosomes to regulate transcription
bio-l5-007,Biology,5,What is the Hayflick limit?,Cell division limit,Enzyme maximum,DNA length,Protein size,Mutation rate,0,Normal cells can divide approximately 50 times before senescence
bio-l5-008,Biology,5,What is autophagy?,Cell death,Self-digestion of cellular components,Cell division,Protein synthesis,DNA repair,1,This lysosome-mediated degradation recycles cellular components
bio-l5-009,Biology,5,What is the proteasome?,DNA complex,Protein degradation complex,RNA processor,Lipid synthesizer,Energy producer,1,This barrel-shaped complex degrades ubiquitin-tagged proteins
bio-l5-010,Biology,5,What is trans-splicing?,Joining exons from different genes,Normal splicing,DNA recombination,Protein modification,Cell division,0,Exons from separate pre-mRNA transcripts are spliced together
bio-l5-011,Biology,5,What is X-inactivation?,Chromosome deletion,Silencing one X chromosome,DNA repair,Protein synthesis,Cell division,1,Random inactivation in female mammals achieves dosage compensation
bio-l5-012,Biology,5,What is the miRNA pathway?,DNA replication,Post-transcriptional regulation,Protein synthesis,Energy production,Cell division,1,MicroRNAs bind complementary mRNA sequences to repress translation
bio-l5-013,Biology,5,What is the unfolded protein response?,Cell stress response,Normal protein folding,DNA damage response,Immune response,Hormone signaling,0,ER stress triggers this pathway to restore protein homeostasis
bio-l5-014,Biology,5,What is quorum sensing?,Bacterial communication,Viral infection,Immune response,Enzyme regulation,DNA repair,0,Bacteria use autoinducers to coordinate behavior based on population density
bio-l5-015,Biology,5,What is heterochromatin?,Active DNA,Condensed inactive DNA,RNA structure,Protein complex,Cell membrane,1,Tightly packed chromatin with methylated histones and silenced genes
bio-l5-016,Biology,5,What is the pioneer transcription factor?,First to bind condensed DNA,DNA polymerase,RNA splicing factor,Protein kinase,Energy enzyme,0,These factors can access DNA in nucleosomes and recruit remodelers
bio-l5-017,Biology,5,What is the kinetochore?,Protein complex on centromere,DNA sequence,RNA molecule,Enzyme,Membrane structure,0,This structure attaches chromosomes to spindle microtubules during mitosis
bio-l5-018,Biology,5,What is RNA editing?,Post-transcriptional modification of RNA sequence,Splicing,Capping,Polyadenylation,Degradation,0,ADAR enzymes can convert adenosine to inosine in mRNA
bio-l5-019,Biology,5,What is the SOS response?,DNA damage repair system,Immune response,Stress hormone,Protein folding,Energy crisis,0,This bacterial pathway induces error-prone DNA repair after damage
bio-l5-020,Biology,5,What is trans-splicing in trypanosomes?,Adding leader sequence to mRNAs,Normal splicing,DNA recombination,Protein modification,Translation,0,A 39-nucleotide spliced leader is added to the 5' end of all mRNAs
bio-l5-021,Biology,5,What is CRISPR-Cas9?,Sequencing technique,Gene editing tool,Protein analysis,Cell culture method,Imaging technique,1,This system uses guide RNA to direct Cas9 nuclease to specific DNA sequences
bio-l5-022,Biology,5,What is the Warburg effect?,Enhanced glycolysis in cancer,Oxidative stress,Apoptosis,Cell cycle arrest,DNA repair,0,Cancer cells preferentially use glycolysis even with oxygen present
bio-l5-023,Biology,5,What is proteomics?,Study of all proteins,DNA sequencing,RNA analysis,Lipid profiling,Cell counting,0,"Large-scale analysis of protein expression, modification, and interactions"
bio-l5-024,Biology,5,What is epigenetic inheritance?,Mendelian genetics,Non-DNA sequence inheritance,Chromosomal abnormalities,Gene mutations,Protein inheritance,1,Heritable changes in gene expression without altering DNA sequence
bio-l5-025,Biology,5,What is the function of snRNPs?,DNA replication,Translation,RNA splicing,Protein degradation,Lipid synthesis,2,Small nuclear ribonucleoproteins form the catalytic core of the spliceosome
bio-l5-026,Biology,5,What is chromatin remodeling?,DNA methylation,Histone modification,Changing DNA accessibility,DNA repair,Transcription,2,ATP-dependent complexes reposition nucleosomes to regulate transcription
bio-l5-027,Biology,5,What is the Hayflick limit?,Cell division limit,Enzyme maximum,DNA length,Protein size,Mutation rate,0,Normal cells can divide approximately 50 times before senescence
bio-l5-028,Biology,5,What is autophagy?,Cell death,Self-digestion of cellular components,Cell division,Protein synthesis,DNA repair,1,This lysosome-mediated degradation recycles cellular components
bio-l5-029,Biology,5,What is the proteasome?,DNA complex,Protein degradation complex,RNA processor,Lipid synthesizer,Energy producer,1,This barrel-shaped complex degrades ubiquitin-tagged proteins
bio-l5-030,Biology,5,What is trans-splicing?,Joining exons from different genes,Normal splicing,DNA recombination,Protein modification,Cell division,0,Exons from separate pre-mRNA transcripts are spliced together
bio-l5-031,Biology,5,What is X-inactivation?,Chromosome deletion,Silencing one X chromosome,DNA repair,Protein synthesis,Cell division,1,Random inactivation in female mammals achieves dosage compensation
bio-l5-032,Biology,5,What is the miRNA pathway?,DNA replication,Post-transcriptional regulation,Protein synthesis,Energy production,Cell division,1,MicroRNAs bind complementary mRNA sequences to repress translation
bio-l5-033,Biology,5,What is the unfolded protein response?,Cell stress response,Normal protein folding,DNA damage response,Immune response,Hormone signaling,0,ER stress triggers this pathway to restore protein homeostasis
bio-l5-034,Biology,5,What is quorum sensing?,Bacterial communication,Viral infection,Immune response,Enzyme regulation,DNA repair,0,Bacteria use autoinducers to coordinate behavior based on population density
bio-l5-035,Biology,5,What is heterochromatin?,Active DNA,Condensed inactive DNA,RNA structure,Protein complex,Cell membrane,1,Tightly packed chromatin with methylated histones and silenced genes
bio-l5-036,Biology,5,What is the pioneer transcription factor?,First to bind condensed DNA,DNA polymerase,RNA splicing factor,Protein kinase,Energy enzyme,0,These factors can access DNA in nucleosomes and recruit remodelers
bio-l5-037,Biology,5,What is the kinetochore?,Protein complex on centromere,DNA sequence,RNA molecule,Enzyme,Membrane structure,0,This structure attaches chromosomes to spindle microtubules during mitosis
bio-l5-038,Biology,5,What is RNA editing?,Post-transcriptional modification of RNA sequence,Splicing,Capping,Polyadenylation,Degradation,0,ADAR enzymes can convert adenosine to inosine in mRNA
bio-l5-039,Biology,5,What is the SOS response?,DNA damage repair system,Immune response,Stress hormone,Protein folding,Energy crisis,0,This bacterial pathway induces error-prone DNA repair after damage
bio-l5-040,Biology,5,What is trans-splicing in trypanosomes?,Adding leader sequence to mRNAs,Normal splicing,DNA recombination,Protein modification,Translation,0,A 39-nucleotide spliced leader is added to the 5' end of all mRNAs
bio-l5-041,Biology,5,What is CRISPR-Cas9?,Sequencing technique,Gene editing tool,Protein analysis,Cell culture method,Imaging technique,1,This system uses guide RNA to direct Cas9 nuclease to specific DNA sequences
bio-l5-042,Biology,5,What is the Warburg effect?,Enhanced glycolysis in cancer,Oxidative stress,Apoptosis,Cell cycle arrest,DNA repair,0,Cancer cells preferentially use glycolysis even with oxygen present
bio-l5-043,Biology,5,What is proteomics?,Study of all proteins,DNA sequencing,RNA analysis,Lipid profiling,Cell counting,0,"Large-scale analysis of protein expression, modification, and interactions"
bio-l5-044,Biology,5,What is epigenetic inheritance?,Mendelian genetics,Non-DNA sequence inheritance,Chromosomal abnormalities,Gene mutations,Protein inheritance,1,Heritable changes in gene expression without altering DNA sequence
bio-l5-045,Biology,5,What is the function of snRNPs?,DNA replication,Translation,RNA splicing,Protein degradation,Lipid synthesis,2,Small nuclear ribonucleoproteins form the catalytic core of the spliceosome
bio-l5-046,Biology,5,What is chromatin remodeling?,DNA methylation,Histone modification,Changing DNA accessibility,DNA repair,Transcription,2,ATP-dependent complexes reposition nucleosomes to regulate transcription
bio-l5-047,Biology,5,What is the Hayflick limit?,Cell division limit,Enzyme maximum,DNA length,Protein size,Mutation rate,0,Normal cells can divide approximately 50 times before senescence
bio-l5-048,Biology,5,What is autophagy?,Cell death,Self-digestion of cellular components,Cell division,Protein synthesis,DNA repair,1,This lysosome-mediated degradation recycles cellular components
bio-l5-049,Biology,5,What is the proteasome?,DNA complex,Protein degradation complex,RNA processor,Lipid synthesizer,Energy producer,1,This barrel-shaped complex degrades ubiquitin-tagged proteins
bio-l5-050,Biology,5,What is trans-splicing?,Joining exons from different genes,Normal splicing,DNA recombination,Protein modification,Cell division,0,Exons from separate pre-mRNA transcripts are spliced together
bio-l5-051,Biology,5,What is X-inactivation?,Chromosome deletion,Silencing one X chromosome,DNA repair,Protein synthesis,Cell division,1,Random inactivation in female mammals achieves dosage compensation
bio-l5-052,Biology,5,What is the miRNA pathway?,DNA replication,Post-transcriptional regulation,Protein synthesis,Energy production,Cell division,1,MicroRNAs bind complementary mRNA sequences to repress translation
bio-l5-053,Biology,5,What is the unfolded protein response?,Cell stress response,Normal protein folding,DNA damage response,Immune response,Hormone signaling,0,ER stress triggers this pathway to restore protein homeostasis
bio-l5-054,Biology,5,What is quorum sensing?,Bacterial communication,Viral infection,Immune response,Enzyme regulation,DNA repair,0,Bacteria use autoinducers to coordinate behavior based on population density
bio-l5-055,Biology,5,What is heterochromatin?,Active DNA,Condensed inactive DNA,RNA structure,Protein complex,Cell membrane,1,Tightly packed chromatin with methylated histones and silenced genes
bio-l5-056,Biology,5,What is the pioneer transcription factor?,First to bind condensed DNA,DNA polymerase,RNA splicing factor,Protein kinase,Energy enzyme,0,These factors can access DNA in nucleosomes and recruit remodelers
bio-l5-057,Biology,5,What is the kinetochore?,Protein complex on centromere,DNA sequence,RNA molecule,Enzyme,Membrane structure,0,This structure attaches chromosomes to spindle microtubules during mitosis
bio-l5-058,Biology,5,What is RNA editing?,Post-transcriptional modification of RNA sequence,Splicing,Capping,Polyadenylation,Degradation,0,ADAR enzymes can convert adenosine to inosine in mRNA
bio-l5-059,Biology,5,What is the SOS response?,DNA damage repair system,Immune response,Stress hormone,Protein folding,Energy crisis,0,This bacterial pathway induces error-prone DNA repair after damage
bio-l5-060,Biology,5,What is trans-splicing in trypanosomes?,Adding leader sequence to mRNAs,Normal splicing,DNA recombination,Protein modification,Translation,0,A 39-nucleotide spliced leader is added to the 5' end of all mRNAs
bio-l5-061,Biology,5,What is CRISPR-Cas9?,Sequencing technique,Gene editing tool,Protein analysis,Cell culture method,Imaging technique,1,This system uses guide RNA to direct Cas9 nuclease to specific DNA sequences
bio-l5-062,Biology,5,What is the Warburg effect?,Enhanced glycolysis in cancer,Oxidative stress,Apoptosis,Cell cycle arrest,DNA repair,0,Cancer cells preferentially use glycolysis even with oxygen present
bio-l5-063,Biology,5,What is proteomics?,Study of all proteins,DNA sequencing,RNA analysis,Lipid profiling,Cell counting,0,"Large-scale analysis of protein expression, modification, and interactions"
bio-l5-064,Biology,5,What is epigenetic inheritance?,Mendelian genetics,Non-DNA sequence inheritance,Chromosomal abnormalities,Gene mutations,Protein inheritance,1,Heritable changes in gene expression without altering DNA sequence
bio-l5-065,Biology,5,What is the function of snRNPs?,DNA replication,Translation,RNA splicing,Protein degradation,Lipid synthesis,2,Small nuclear ribonucleoproteins form the catalytic core of the spliceosome
bio-l5-066,Biology,5,What is chromatin remodeling?,DNA methylation,Histone modification,Changing DNA accessibility,DNA repair,Transcription,2,ATP-dependent complexes reposition nucleosomes to regulate transcription
bio-l5-067,Biology,5,What is the Hayflick limit?,Cell division limit,Enzyme maximum,DNA length,Protein size,Mutation rate,0,Normal cells can divide approximately 50 times before senescence
bio-l5-068,Biology,5,What is autophagy?,Cell death,Self-digestion of cellular components,Cell division,Protein synthesis,DNA repair,1,This lysosome-mediated degradation recycles cellular components
bio-l5-069,Biology,5,What is the proteasome?,DNA complex,Protein degradation complex,RNA processor,Lipid synthesizer,Energy producer,1,This barrel-shaped complex degrades ubiquitin-tagged proteins
bio-l5-070,Biology,5,What is trans-splicing?,Joining exons from different genes,Normal splicing,DNA recombination,Protein modification,Cell division,0,Exons from separate pre-mRNA transcripts are spliced together
bio-l5-071,Biology,5,What is X-inactivation?,Chromosome deletion,Silencing one X chromosome,DNA repair,Protein synthesis,Cell division,1,Random inactivation in female mammals achieves dosage compensation
bio-l5-072,Biology,5,What is the miRNA pathway?,DNA replication,Post-transcriptional regulation,Protein synthesis,Energy production,Cell division,1,MicroRNAs bind complementary mRNA sequences to repress translation
bio-l5-073,Biology,5,What is the unfolded protein response?,Cell stress response,Normal protein folding,DNA damage response,Immune response,Hormone signaling,0,ER stress triggers this pathway to restore protein homeostasis
bio-l5-074,Biology,5,What is quorum sensing?,Bacterial communication,Viral infection,Immune response,Enzyme regulation,DNA repair,0,Bacteria use autoinducers to coordinate behavior based on population density
bio-l5-075,Biology,5,What is heterochromatin?,Active DNA,Condensed inactive DNA,RNA structure,Protein complex,Cell membrane,1,Tightly packed chromatin with methylated histones and silenced genes
bio-l5-076,Biology,5,What is the pioneer transcription factor?,First to bind condensed DNA,DNA polymerase,RNA splicing factor,Protein kinase,Energy enzyme,0,These factors can access DNA in nucleosomes and recruit remodelers
bio-l5-077,Biology,5,What is the kinetochore?,Protein complex on centromere,DNA sequence,RNA molecule,Enzyme,Membrane structure,0,This structure attaches chromosomes to spindle microtubules during mitosis
bio-l5-078,Biology,5,What is RNA editing?,Post-transcriptional modification of RNA sequence,Splicing,Capping,Polyadenylation,Degradation,0,ADAR enzymes can convert adenosine to inosine in mRNA
bio-l5-079,Biology,5,What is the SOS response?,DNA damage repair system,Immune response,Stress hormone,Protein folding,Energy crisis,0,This bacterial pathway induces error-prone DNA repair after damage
bio-l5-080,Biology,5,What is trans-splicing in trypanosomes?,Adding leader sequence to mRNAs,Normal splicing,DNA recombination,Protein modification,Translation,0,A 39-nucleotide spliced leader is added to the 5' end of all mRNAs
bio-l5-081,Biology,5,What is CRISPR-Cas9?,Sequencing technique,Gene editing tool,Protein analysis,Cell culture method,Imaging technique,1,This system uses guide RNA to direct Cas9 nuclease to specific DNA sequences
bio-l5-082,Biology,5,What is the Warburg effect?,Enhanced glycolysis in cancer,Oxidative stress,Apoptosis,Cell cycle arrest,DNA repair,0,Cancer cells preferentially use glycolysis even with oxygen present
bio-l5-083,Biology,5,What is proteomics?,Study of all proteins,DNA sequencing,RNA analysis,Lipid profiling,Cell counting,0,"Large-scale analysis of protein expression, modification, and interactions"
bio-l5-084,Biology,5,What is epigenetic inheritance?,Mendelian genetics,Non-DNA sequence inheritance,Chromosomal abnormalities,Gene mutations,Protein inheritance,1,Heritable changes in gene expression without altering DNA sequence
bio-l5-085,Biology,5,What is the function of snRNPs?,DNA replication,Translation,RNA splicing,Protein degradation,Lipid synthesis,2,Small nuclear ribonucleoproteins form the catalytic core of the spliceosome
bio-l5-086,Biology,5,What is chromatin remodeling?,DNA methylation,Histone modification,Changing DNA accessibility,DNA repair,Transcription,2,ATP-dependent complexes reposition nucleosomes to regulate transcription
bio-l5-087,Biology,5,What is the Hayflick limit?,Cell division limit,Enzyme maximum,DNA length,Protein size,Mutation rate,0,Normal cells can divide approximately 50 times before senescence
bio-l5-088,Biology,5,What is autophagy?,Cell death,Self-digestion of cellular components,Cell division,Protein synthesis,DNA repair,1,This lysosome-mediated degradation recycles cellular components
bio-l5-089,Biology,5,What is the proteasome?,DNA complex,Protein degradation complex,RNA processor,Lipid synthesizer,Energy producer,1,This barrel-shaped complex degrades ubiquitin-tagged proteins
bio-l5-090,Biology,5,What is trans-splicing?,Joining exons from different genes,Normal splicing,DNA recombination,Protein modification,Cell division,0,Exons from separate pre-mRNA transcripts are spliced together
bio-l5-091,Biology,5,What is X-inactivation?,Chromosome deletion,Silencing one X chromosome,DNA repair,Protein synthesis,Cell division,1,Random inactivation in female mammals achieves dosage compensation
bio-l5-092,Biology,5,What is the miRNA pathway?,DNA replication,Post-transcriptional regulation,Protein synthesis,Energy production,Cell division,1,MicroRNAs bind complementary mRNA sequences to repress translation
bio-l5-093,Biology,5,What is the unfolded protein response?,Cell stress response,Normal protein folding,DNA damage response,Immune response,Hormone signaling,0,ER stress triggers this pathway to restore protein homeostasis
bio-l5-094,Biology,5,What is quorum sensing?,Bacterial communication,Viral infection,Immune response,Enzyme regulation,DNA repair,0,Bacteria use autoinducers to coordinate behavior based on population density
bio-l5-095,Biology,5,What is heterochromatin?,Active DNA,Condensed inactive DNA,RNA structure,Protein complex,Cell membrane,1,Tightly packed chromatin with methylated histones and silenced genes
bio-l5-096,Biology,5,What is the pioneer transcription factor?,First to bind condensed DNA,DNA polymerase,RNA splicing factor,Protein kinase,Energy enzyme,0,These factors can access DNA in nucleosomes and recruit remodelers
bio-l5-097,Biology,5,What is the kinetochore?,Protein complex on centromere,DNA sequence,RNA molecule,Enzyme,Membrane structure,0,This structure attaches chromosomes to spindle microtubules during mitosis
bio-l5-098,Biology,5,What is RNA editing?,Post-transcriptional modification of RNA sequence,Splicing,Capping,Polyadenylation,Degradation,0,ADAR enzymes can convert adenosine to inosine in mRNA
bio-l5-099,Biology,5,What is the SOS response?,DNA damage repair system,Immune response,Stress hormone,Protein folding,Energy crisis,0,This bacterial pathway induces error-prone DNA repair after damage
bio-l5-100,Biology,5,What is trans-splicing in trypanosomes?,Adding leader sequence to mRNAs,Normal splicing,DNA recombination,Protein modification,Translation,0,A 39-nucleotide spliced leader is added to the 5' end of all mRNAs
geo-l1-001,Geography,1,What is the largest ocean on Earth?,Atlantic,Indian,Arctic,Pacific,Southern,3,This ocean covers more area than all land on Earth combined
geo-l1-002,Geography,1,How many continents are there?,Five,Six,Seven,Eight,Nine,2,"Count Africa, Antarctica, Asia, Europe, North America, South America, and Australia"
geo-l1-003,Geography,1,What is the capital of France?,London,Berlin,Paris,Madrid,Rome,2,This city is known as the 'City of Light' and home to the Eiffel Tower
geo-l1-004,Geography,1,Which is the longest river in the world?,Amazon,Nile,Yangtze,Mississippi,Congo,1,"This African river flows northward for over 6,650 km"
geo-l1-005,Geography,1,What is the largest country by area?,Canada,China,USA,Russia,Brazil,3,This country spans 11 time zones across two continents
geo-l1-006,Geography,1,Which desert is the largest hot desert?,Gobi,Sahara,Arabian,Kalahari,Mojave,1,This North African desert is almost as large as the United States
geo-l1-007,Geography,1,What is the smallest continent?,Europe,Antarctica,Australia,South America,Africa,2,This continent is also a single country
geo-l1-008,Geography,1,Which mountain range is the longest?,Himalayas,Rockies,Alps,Andes,Urals,3,"This South American range stretches over 7,000 km along the Pacific coast"
geo-l1-009,Geography,1,What is the capital of Japan?,Beijing,Seoul,Tokyo,Bangkok,Manila,2,This megacity was formerly known as Edo
geo-l1-010,Geography,1,Which ocean is the smallest?,Pacific,Atlantic,Indian,Arctic,Southern,3,This ocean surrounds the North Pole and is mostly frozen
geo-l1-011,Geography,1,What is the largest island in the world?,Madagascar,Greenland,New Guinea,Borneo,Iceland,1,This autonomous territory of Denmark is mostly covered in ice
geo-l1-012,Geography,1,Which sea is the saltiest?,Mediterranean,Red Sea,Dead Sea,Black Sea,Caspian Sea,2,This landlocked salt lake is so salty you can easily float in it
geo-l1-013,Geography,1,What is the capital of Australia?,Sydney,Melbourne,Canberra,Perth,Brisbane,2,This planned city is located between Sydney and Melbourne
geo-l1-014,Geography,1,Which waterfall is the highest?,Niagara,Victoria,Angel Falls,Iguazu,Yosemite,2,This Venezuelan waterfall drops 979 meters from a tepui
geo-l1-015,Geography,1,What is the equator?,North Pole,Imaginary line at 0° latitude,South Pole,Prime meridian,Tropic line,1,This line divides Earth into Northern and Southern hemispheres
geo-l1-016,Geography,1,Which country has the most people?,India,China,USA,Indonesia,Brazil,0,"As of 2023, this country surpassed China in population"
geo-l1-017,Geography,1,What is a peninsula?,An island,Land surrounded by water on three sides,A mountain,A valley,A plain,1,Florida and Italy are examples of this landform
geo-l1-018,Geography,1,Which lake is the largest by area?,Lake Superior,Caspian Sea,Lake Victoria,Lake Michigan,Great Bear Lake,1,"Despite its name, this is actually a landlocked salt lake"
geo-l1-019,Geography,1,What is the capital of Egypt?,Alexandria,Cairo,Giza,Luxor,Aswan,1,This city is near the ancient pyramids and sits on the Nile
geo-l1-020,Geography,1,Which continent is the coldest?,Europe,North America,Asia,Antarctica,Arctic,3,This continent has no permanent human residents and is covered in ice
geo-l1-021,Geography,1,What is the largest ocean on Earth?,Atlantic,Indian,Arctic,Pacific,Southern,3,This ocean covers more area than all land on Earth combined
geo-l1-022,Geography,1,How many continents are there?,Five,Six,Seven,Eight,Nine,2,"Count Africa, Antarctica, Asia, Europe, North America, South America, and Australia"
geo-l1-023,Geography,1,What is the capital of France?,London,Berlin,Paris,Madrid,Rome,2,This city is known as the 'City of Light' and home to the Eiffel Tower
geo-l1-024,Geography,1,Which is the longest river in the world?,Amazon,Nile,Yangtze,Mississippi,Congo,1,"This African river flows northward for over 6,650 km"
geo-l1-025,Geography,1,What is the largest country by area?,Canada,China,USA,Russia,Brazil,3,This country spans 11 time zones across two continents
geo-l1-026,Geography,1,Which desert is the largest hot desert?,Gobi,Sahara,Arabian,Kalahari,Mojave,1,This North African desert is almost as large as the United States
geo-l1-027,Geography,1,What is the smallest continent?,Europe,Antarctica,Australia,South America,Africa,2,This continent is also a single country
geo-l1-028,Geography,1,Which mountain range is the longest?,Himalayas,Rockies,Alps,Andes,Urals,3,"This South American range stretches over 7,000 km along the Pacific coast"
geo-l1-029,Geography,1,What is the capital of Japan?,Beijing,Seoul,Tokyo,Bangkok,Manila,2,This megacity was formerly known as Edo
geo-l1-030,Geography,1,Which ocean is the smallest?,Pacific,Atlantic,Indian,Arctic,Southern,3,This ocean surrounds the North Pole and is mostly frozen
geo-l1-031,Geography,1,What is the largest island in the world?,Madagascar,Greenland,New Guinea,Borneo,Iceland,1,This autonomous territory of Denmark is mostly covered in ice
geo-l1-032,Geography,1,Which sea is the saltiest?,Mediterranean,Red Sea,Dead Sea,Black Sea,Caspian Sea,2,This landlocked salt lake is so salty you can easily float in it
geo-l1-033,Geography,1,What is the capital of Australia?,Sydney,Melbourne,Canberra,Perth,Brisbane,2,This planned city is located between Sydney and Melbourne
geo-l1-034,Geography,1,Which waterfall is the highest?,Niagara,Victoria,Angel Falls,Iguazu,Yosemite,2,This Venezuelan waterfall drops 979 meters from a tepui
geo-l1-035,Geography,1,What is the equator?,North Pole,Imaginary line at 0° latitude,South Pole,Prime meridian,Tropic line,1,This line divides Earth into Northern and Southern hemispheres
geo-l1-036,Geography,1,Which country has the most people?,India,China,USA,Indonesia,Brazil,0,"As of 2023, this country surpassed China in population"
geo-l1-037,Geography,1,What is a peninsula?,An island,Land surrounded by water on three sides,A mountain,A valley,A plain,1,Florida and Italy are examples of this landform
geo-l1-038,Geography,1,Which lake is the largest by area?,Lake Superior,Caspian Sea,Lake Victoria,Lake Michigan,Great Bear Lake,1,"Despite its name, this is actually a landlocked salt lake"
geo-l1-039,Geography,1,What is the capital of Egypt?,Alexandria,Cairo,Giza,Luxor,Aswan,1,This city is near the ancient pyramids and sits on the Nile
geo-l1-040,Geography,1,Which continent is the coldest?,Europe,North America,Asia,Antarctica,Arctic,3,This continent has no permanent human residents and is covered in ice
geo-l1-041,Geography,1,What is the largest ocean on Earth?,Atlantic,Indian,Arctic,Pacific,Southern,3,This ocean covers more area than all land on Earth combined
geo-l1-042,Geography,1,How many continents are there?,Five,Six,Seven,Eight,Nine,2,"Count Africa, Antarctica, Asia, Europe, North America, South America, and Australia"
geo-l1-043,Geography,1,What is the capital of France?,London,Berlin,Paris,Madrid,Rome,2,This city is known as the 'City of Light' and home to the Eiffel Tower
geo-l1-044,Geography,1,Which is the longest river in the world?,Amazon,Nile,Yangtze,Mississippi,Congo,1,"This African river flows northward for over 6,650 km"
geo-l1-045,Geography,1,What is the largest country by area?,Canada,China,USA,Russia,Brazil,3,This country spans 11 time zones across two continents
geo-l1-046,Geography,1,Which desert is the largest hot desert?,Gobi,Sahara,Arabian,Kalahari,Mojave,1,This North African desert is almost as large as the United States
geo-l1-047,Geography,1,What is the smallest continent?,Europe,Antarctica,Australia,South America,Africa,2,This continent is also a single country
geo-l1-048,Geography,1,Which mountain range is the longest?,Himalayas,Rockies,Alps,Andes,Urals,3,"This South American range stretches over 7,000 km along the Pacific coast"
geo-l1-049,Geography,1,What is the capital of Japan?,Beijing,Seoul,Tokyo,Bangkok,Manila,2,This megacity was formerly known as Edo
geo-l1-050,Geography,1,Which ocean is the smallest?,Pacific,Atlantic,Indian,Arctic,Southern,3,This ocean surrounds the North Pole and is mostly frozen
geo-l1-051,Geography,1,What is the largest island in the world?,Madagascar,Greenland,New Guinea,Borneo,Iceland,1,This autonomous territory of Denmark is mostly covered in ice
geo-l1-052,Geography,1,Which sea is the saltiest?,Mediterranean,Red Sea,Dead Sea,Black Sea,Caspian Sea,2,This landlocked salt lake is so salty you can easily float in it
geo-l1-053,Geography,1,What is the capital of Australia?,Sydney,Melbourne,Canberra,Perth,Brisbane,2,This planned city is located between Sydney and Melbourne
geo-l1-054,Geography,1,Which waterfall is the highest?,Niagara,Victoria,Angel Falls,Iguazu,Yosemite,2,This Venezuelan waterfall drops 979 meters from a tepui
geo-l1-055,Geography,1,What is the equator?,North Pole,Imaginary line at 0° latitude,South Pole,Prime meridian,Tropic line,1,This line divides Earth into Northern and Southern hemispheres
geo-l1-056,Geography,1,Which country has the most people?,India,China,USA,Indonesia,Brazil,0,"As of 2023, this country surpassed China in population"
geo-l1-057,Geography,1,What is a peninsula?,An island,Land surrounded by water on three sides,A mountain,A valley,A plain,1,Florida and Italy are examples of this landform
geo-l1-058,Geography,1,Which lake is the largest by area?,Lake Superior,Caspian Sea,Lake Victoria,Lake Michigan,Great Bear Lake,1,"Despite its name, this is actually a landlocked salt lake"
geo-l1-059,Geography,1,What is the capital of Egypt?,Alexandria,Cairo,Giza,Luxor,Aswan,1,This city is near the ancient pyramids and sits on the Nile
geo-l1-060,Geography,1,Which continent is the coldest?,Europe,North America,Asia,Antarctica,Arctic,3,This continent has no permanent human residents and is covered in ice
geo-l1-061,Geography,1,What is the largest ocean on Earth?,Atlantic,Indian,Arctic,Pacific,Southern,3,This ocean covers more area than all land on Earth combined
geo-l1-062,Geography,1,How many continents are there?,Five,Six,Seven,Eight,Nine,2,"Count Africa, Antarctica, Asia, Europe, North America, South America, and Australia"
geo-l1-063,Geography,1,What is the capital of France?,London,Berlin,Paris,Madrid,Rome,2,This city is known as the 'City of Light' and home to the Eiffel Tower
geo-l1-064,Geography,1,Which is the longest river in the world?,Amazon,Nile,Yangtze,Mississippi,Congo,1,"This African river flows northward for over 6,650 km"
geo-l1-065,Geography,1,What is the largest country by area?,Canada,China,USA,Russia,Brazil,3,This country spans 11 time zones across two continents
geo-l1-066,Geography,1,Which desert is the largest hot desert?,Gobi,Sahara,Arabian,Kalahari,Mojave,1,This North African desert is almost as large as the United States
geo-l1-067,Geography,1,What is the smallest continent?,Europe,Antarctica,Australia,South America,Africa,2,This continent is also a single country
geo-l1-068,Geography,1,Which mountain range is the longest?,Himalayas,Rockies,Alps,Andes,Urals,3,"This South American range stretches over 7,000 km along the Pacific coast"
geo-l1-069,Geography,1,What is the capital of Japan?,Beijing,Seoul,Tokyo,Bangkok,Manila,2,This megacity was formerly known as Edo
geo-l1-070,Geography,1,Which ocean is the smallest?,Pacific,Atlantic,Indian,Arctic,Southern,3,This ocean surrounds the North Pole and is mostly frozen
geo-l1-071,Geography,1,What is the largest island in the world?,Madagascar,Greenland,New Guinea,Borneo,Iceland,1,This autonomous territory of Denmark is mostly covered in ice
geo-l1-072,Geography,1,Which sea is the saltiest?,Mediterranean,Red Sea,Dead Sea,Black Sea,Caspian Sea,2,This landlocked salt lake is so salty you can easily float in it
geo-l1-073,Geography,1,What is the capital of Australia?,Sydney,Melbourne,Canberra,Perth,Brisbane,2,This planned city is located between Sydney and Melbourne
geo-l1-074,Geography,1,Which waterfall is the highest?,Niagara,Victoria,Angel Falls,Iguazu,Yosemite,2,This Venezuelan waterfall drops 979 meters from a tepui
geo-l1-075,Geography,1,What is the equator?,North Pole,Imaginary line at 0° latitude,South Pole,Prime meridian,Tropic line,1,This line divides Earth into Northern and Southern hemispheres
geo-l1-076,Geography,1,Which country has the most people?,India,China,USA,Indonesia,Brazil,0,"As of 2023, this country surpassed China in population"
geo-l1-077,Geography,1,What is a peninsula?,An island,Land surrounded by water on three sides,A mountain,A valley,A plain,1,Florida and Italy are examples of this landform
geo-l1-078,Geography,1,Which lake is the largest by area?,Lake Superior,Caspian Sea,Lake Victoria,Lake Michigan,Great Bear Lake,1,"Despite its name, this is actually a landlocked salt lake"
geo-l1-079,Geography,1,What is the capital of Egypt?,Alexandria,Cairo,Giza,Luxor,Aswan,1,This city is near the ancient pyramids and sits on the Nile
geo-l1-080,Geography,1,Which continent is the coldest?,Europe,North America,Asia,Antarctica,Arctic,3,This continent has no permanent human residents and is covered in ice
geo-l1-081,Geography,1,What is the largest ocean on Earth?,Atlantic,Indian,Arctic,Pacific,Southern,3,This ocean covers more area than all land on Earth combined
geo-l1-082,Geography,1,How many continents are there?,Five,Six,Seven,Eight,Nine,2,"Count Africa, Antarctica, Asia, Europe, North America, South America, and Australia"
geo-l1-083,Geography,1,What is the capital of France?,London,Berlin,Paris,Madrid,Rome,2,This city is known as the 'City of Light' and home to the Eiffel Tower
geo-l1-084,Geography,1,Which is the longest river in the world?,Amazon,Nile,Yangtze,Mississippi,Congo,1,"This African river flows northward for over 6,650 km"
geo-l1-085,Geography,1,What is the largest country by area?,Canada,China,USA,Russia,Brazil,3,This country spans 11 time zones across two continents
geo-l1-086,Geography,1,Which desert is the largest hot desert?,Gobi,Sahara,Arabian,Kalahari,Mojave,1,This North African desert is almost as large as the United States
geo-l1-087,Geography,1,What is the smallest continent?,Europe,Antarctica,Australia,South America,Africa,2,This continent is also a single country
geo-l1-088,Geography,1,Which mountain range is the longest?,Himalayas,Rockies,Alps,Andes,Urals,3,"This South American range stretches over 7,000 km along the Pacific coast"
geo-l1-089,Geography,1,What is the capital of Japan?,Beijing,Seoul,Tokyo,Bangkok,Manila,2,This megacity was formerly known as Edo
geo-l1-090,Geography,1,Which ocean is the smallest?,Pacific,Atlantic,Indian,Arctic,Southern,3,This ocean surrounds the North Pole and is mostly frozen
geo-l1-091,Geography,1,What is the largest island in the world?,Madagascar,Greenland,New Guinea,Borneo,Iceland,1,This autonomous territory of Denmark is mostly covered in ice
geo-l1-092,Geography,1,Which sea is the saltiest?,Mediterranean,Red Sea,Dead Sea,Black Sea,Caspian Sea,2,This landlocked salt lake is so salty you can easily float in it
geo-l1-093,Geography,1,What is the capital of Australia?,Sydney,Melbourne,Canberra,Perth,Brisbane,2,This planned city is located between Sydney and Melbourne
geo-l1-094,Geography,1,Which waterfall is the highest?,Niagara,Victoria,Angel Falls,Iguazu,Yosemite,2,This Venezuelan waterfall drops 979 meters from a tepui
geo-l1-095,Geography,1,What is the equator?,North Pole,Imaginary line at 0° latitude,South Pole,Prime meridian,Tropic line,1,This line divides Earth into Northern and Southern hemispheres
geo-l1-096,Geography,1,Which country has the most people?,India,China,USA,Indonesia,Brazil,0,"As of 2023, this country surpassed China in population"
geo-l1-097,Geography,1,What is a peninsula?,An island,Land surrounded by water on three sides,A mountain,A valley,A plain,1,Florida and Italy are examples of this landform
geo-l1-098,Geography,1,Which lake is the largest by area?,Lake Superior,Caspian Sea,Lake Victoria,Lake Michigan,Great Bear Lake,1,"Despite its name, this is actually a landlocked salt lake"
geo-l1-099,Geography,1,What is the capital of Egypt?,Alexandria,Cairo,Giza,Luxor,Aswan,1,This city is near the ancient pyramids and sits on the Nile
geo-l1-100,Geography,1,Which continent is the coldest?,Europe,North America,Asia,Antarctica,Arctic,3,This continent has no permanent human residents and is covered in ice
geo-l2-001,Geography,2,What is a tectonic plate?,Ocean current,Large piece of Earth's crust,Type of rock,Mountain range,Weather system,1,These massive slabs move slowly and cause earthquakes where they meet
geo-l2-002,Geography,2,Which strait separates Europe and Africa?,Bering Strait,Strait of Gibraltar,Bosporus,Malacca Strait,Dover Strait,1,This narrow passage connects the Atlantic Ocean to the Mediterranean Sea
geo-l2-003,Geography,2,What is the Ring of Fire?,Desert region,Volcanic zone,Ocean current,Mountain range,Climate zone,1,This horseshoe-shaped zone around the Pacific has frequent earthquakes and volcanoes
geo-l2-004,Geography,2,Which river flows through the Grand Canyon?,Mississippi,Colorado,Rio Grande,Snake,Columbia,1,This river carved the canyon over millions of years
geo-l2-005,Geography,2,What is the Great Barrier Reef?,Mountain range,Desert,Coral reef system,Ice shelf,River delta,2,This largest reef system can be seen from space off Australia's coast
geo-l2-006,Geography,2,Which city is located on two continents?,Cairo,Dubai,Istanbul,Moscow,Jerusalem,2,This Turkish city straddles Europe and Asia across the Bosporus
geo-l2-007,Geography,2,What causes tides?,Wind,Earth's rotation,Moon's gravity,Ocean currents,Water temperature,2,The gravitational pull of this celestial body creates high and low tides
geo-l2-008,Geography,2,Which country has the most time zones?,Russia,USA,France,China,Canada,2,"Including overseas territories, this country spans 12 time zones"
geo-l2-009,Geography,2,What is a fjord?,Volcanic crater,Deep glacial valley filled with sea,Coral island,Sand dune,Underground cave,1,Norway is famous for these steep-sided inlets carved by glaciers
geo-l2-010,Geography,2,Which line marks the boundary between day and night?,Equator,Prime Meridian,Terminator,Tropic of Cancer,Arctic Circle,2,This moving line separates the illuminated and dark portions of Earth
geo-l2-011,Geography,2,What is the Gobi Desert known for?,Hot temperature,Cold desert conditions,Tropical climate,Heavy rainfall,Dense forests,1,This Asian desert experiences both extreme heat and freezing winters
geo-l2-012,Geography,2,Which canal connects the Mediterranean and Red Sea?,Panama Canal,Suez Canal,Kiel Canal,Corinth Canal,Erie Canal,1,This Egyptian canal saves ships from sailing around Africa
geo-l2-013,Geography,2,What is the doldrums?,Ocean current,Trade wind zone,Equatorial low-pressure belt,Polar region,Desert climate,2,This calm zone near the equator trapped sailing ships with no wind
geo-l2-014,Geography,2,Which sea has no coastline?,Red Sea,Sargasso Sea,Baltic Sea,Coral Sea,Arabian Sea,1,This sea in the Atlantic is bounded by ocean currents instead of land
geo-l2-015,Geography,2,What is a watershed?,Deep ocean,Land area draining to one point,Mountain peak,Coral reef,Ice field,1,This is the land area where all water drains to the same river or lake
geo-l2-016,Geography,2,Which current warms Western Europe?,California Current,Gulf Stream,Kuroshio Current,Humboldt Current,Benguela Current,1,This warm Atlantic current makes Europe's climate milder than its latitude suggests
geo-l2-017,Geography,2,What is the taiga?,Tropical rainforest,Boreal forest,Grassland,Tundra,Desert,1,This vast coniferous forest biome spans northern Russia and Canada
geo-l2-018,Geography,2,Which sea is actually a lake?,Red Sea,Black Sea,Caspian Sea,Dead Sea,Baltic Sea,2,The world's largest enclosed inland body of water has no connection to oceans
geo-l2-019,Geography,2,What is orographic precipitation?,Coastal rain,Mountain-induced precipitation,Desert rainfall,Ocean evaporation,Polar snow,1,Air forced up mountains cools and drops moisture on windward slopes
geo-l2-020,Geography,2,Which archipelago is the most isolated?,Philippines,Indonesia,Maldives,Hawaii,Caribbean,3,"This island chain is over 2,000 km from the nearest continent"
geo-l2-021,Geography,2,What is a tectonic plate?,Ocean current,Large piece of Earth's crust,Type of rock,Mountain range,Weather system,1,These massive slabs move slowly and cause earthquakes where they meet
geo-l2-022,Geography,2,Which strait separates Europe and Africa?,Bering Strait,Strait of Gibraltar,Bosporus,Malacca Strait,Dover Strait,1,This narrow passage connects the Atlantic Ocean to the Mediterranean Sea
geo-l2-023,Geography,2,What is the Ring of Fire?,Desert region,Volcanic zone,Ocean current,Mountain range,Climate zone,1,This horseshoe-shaped zone around the Pacific has frequent earthquakes and volcanoes
geo-l2-024,Geography,2,Which river flows through the Grand Canyon?,Mississippi,Colorado,Rio Grande,Snake,Columbia,1,This river carved the canyon over millions of years
geo-l2-025,Geography,2,What is the Great Barrier Reef?,Mountain range,Desert,Coral reef system,Ice shelf,River delta,2,This largest reef system can be seen from space off Australia's coast
geo-l2-026,Geography,2,Which city is located on two continents?,Cairo,Dubai,Istanbul,Moscow,Jerusalem,2,This Turkish city straddles Europe and Asia across the Bosporus
geo-l2-027,Geography,2,What causes tides?,Wind,Earth's rotation,Moon's gravity,Ocean currents,Water temperature,2,The gravitational pull of this celestial body creates high and low tides
geo-l2-028,Geography,2,Which country has the most time zones?,Russia,USA,France,China,Canada,2,"Including overseas territories, this country spans 12 time zones"
geo-l2-029,Geography,2,What is a fjord?,Volcanic crater,Deep glacial valley filled with sea,Coral island,Sand dune,Underground cave,1,Norway is famous for these steep-sided inlets carved by glaciers
geo-l2-030,Geography,2,Which line marks the boundary between day and night?,Equator,Prime Meridian,Terminator,Tropic of Cancer,Arctic Circle,2,This moving line separates the illuminated and dark portions of Earth
geo-l2-031,Geography,2,What is the Gobi Desert known for?,Hot temperature,Cold desert conditions,Tropical climate,Heavy rainfall,Dense forests,1,This Asian desert experiences both extreme heat and freezing winters
geo-l2-032,Geography,2,Which canal connects the Mediterranean and Red Sea?,Panama Canal,Suez Canal,Kiel Canal,Corinth Canal,Erie Canal,1,This Egyptian canal saves ships from sailing around Africa
geo-l2-033,Geography,2,What is the doldrums?,Ocean current,Trade wind zone,Equatorial low-pressure belt,Polar region,Desert climate,2,This calm zone near the equator trapped sailing ships with no wind
geo-l2-034,Geography,2,Which sea has no coastline?,Red Sea,Sargasso Sea,Baltic Sea,Coral Sea,Arabian Sea,1,This sea in the Atlantic is bounded by ocean currents instead of land
geo-l2-035,Geography,2,What is a watershed?,Deep ocean,Land area draining to one point,Mountain peak,Coral reef,Ice field,1,This is the land area where all water drains to the same river or lake
geo-l2-036,Geography,2,Which current warms Western Europe?,California Current,Gulf Stream,Kuroshio Current,Humboldt Current,Benguela Current,1,This warm Atlantic current makes Europe's climate milder than its latitude suggests
geo-l2-037,Geography,2,What is the taiga?,Tropical rainforest,Boreal forest,Grassland,Tundra,Desert,1,This vast coniferous forest biome spans northern Russia and Canada
geo-l2-038,Geography,2,Which sea is actually a lake?,Red Sea,Black Sea,Caspian Sea,Dead Sea,Baltic Sea,2,The world's largest enclosed inland body of water has no connection to oceans
geo-l2-039,Geography,2,What is orographic precipitation?,Coastal rain,Mountain-induced precipitation,Desert rainfall,Ocean evaporation,Polar snow,1,Air forced up mountains cools and drops moisture on windward slopes
geo-l2-040,Geography,2,Which archipelago is the most isolated?,Philippines,Indonesia,Maldives,Hawaii,Caribbean,3,"This island chain is over 2,000 km from the nearest continent"
geo-l2-041,Geography,2,What is a tectonic plate?,Ocean current,Large piece of Earth's crust,Type of rock,Mountain range,Weather system,1,These massive slabs move slowly and cause earthquakes where they meet
geo-l2-042,Geography,2,Which strait separates Europe and Africa?,Bering Strait,Strait of Gibraltar,Bosporus,Malacca Strait,Dover Strait,1,This narrow passage connects the Atlantic Ocean to the Mediterranean Sea
geo-l2-043,Geography,2,What is the Ring of Fire?,Desert region,Volcanic zone,Ocean current,Mountain range,Climate zone,1,This horseshoe-shaped zone around the Pacific has frequent earthquakes and volcanoes
geo-l2-044,Geography,2,Which river flows through the Grand Canyon?,Mississippi,Colorado,Rio Grande,Snake,Columbia,1,This river carved the canyon over millions of years
geo-l2-045,Geography,2,What is the Great Barrier Reef?,Mountain range,Desert,Coral reef system,Ice shelf,River delta,2,This largest reef system can be seen from space off Australia's coast
geo-l2-046,Geography,2,Which city is located on two continents?,Cairo,Dubai,Istanbul,Moscow,Jerusalem,2,This Turkish city straddles Europe and Asia across the Bosporus
geo-l2-047,Geography,2,What causes tides?,Wind,Earth's rotation,Moon's gravity,Ocean currents,Water temperature,2,The gravitational pull of this celestial body creates high and low tides
geo-l2-048,Geography,2,Which country has the most time zones?,Russia,USA,France,China,Canada,2,"Including overseas territories, this country spans 12 time zones"
geo-l2-049,Geography,2,What is a fjord?,Volcanic crater,Deep glacial valley filled with sea,Coral island,Sand dune,Underground cave,1,Norway is famous for these steep-sided inlets carved by glaciers
geo-l2-050,Geography,2,Which line marks the boundary between day and night?,Equator,Prime Meridian,Terminator,Tropic of Cancer,Arctic Circle,2,This moving line separates the illuminated and dark portions of Earth
geo-l2-051,Geography,2,What is the Gobi Desert known for?,Hot temperature,Cold desert conditions,Tropical climate,Heavy rainfall,Dense forests,1,This Asian desert experiences both extreme heat and freezing winters
geo-l2-052,Geography,2,Which canal connects the Mediterranean and Red Sea?,Panama Canal,Suez Canal,Kiel Canal,Corinth Canal,Erie Canal,1,This Egyptian canal saves ships from sailing around Africa
geo-l2-053,Geography,2,What is the doldrums?,Ocean current,Trade wind zone,Equatorial low-pressure belt,Polar region,Desert climate,2,This calm zone near the equator trapped sailing ships with no wind
geo-l2-054,Geography,2,Which sea has no coastline?,Red Sea,Sargasso Sea,Baltic Sea,Coral Sea,Arabian Sea,1,This sea in the Atlantic is bounded by ocean currents instead of land
geo-l2-055,Geography,2,What is a watershed?,Deep ocean,Land area draining to one point,Mountain peak,Coral reef,Ice field,1,This is the land area where all water drains to the same river or lake
geo-l2-056,Geography,2,Which current warms Western Europe?,California Current,Gulf Stream,Kuroshio Current,Humboldt Current,Benguela Current,1,This warm Atlantic current makes Europe's climate milder than its latitude suggests
geo-l2-057,Geography,2,What is the taiga?,Tropical rainforest,Boreal forest,Grassland,Tundra,Desert,1,This vast coniferous forest biome spans northern Russia and Canada
geo-l2-058,Geography,2,Which sea is actually a lake?,Red Sea,Black Sea,Caspian Sea,Dead Sea,Baltic Sea,2,The world's largest enclosed inland body of water has no connection to oceans
geo-l2-059,Geography,2,What is orographic precipitation?,Coastal rain,Mountain-induced precipitation,Desert rainfall,Ocean evaporation,Polar snow,1,Air forced up mountains cools and drops moisture on windward slopes
geo-l2-060,Geography,2,Which archipelago is the most isolated?,Philippines,Indonesia,Maldives,Hawaii,Caribbean,3,"This island chain is over 2,000 km from the nearest continent"
geo-l2-061,Geography,2,What is a tectonic plate?,Ocean current,Large piece of Earth's crust,Type of rock,Mountain range,Weather system,1,These massive slabs move slowly and cause earthquakes where they meet
geo-l2-062,Geography,2,Which strait separates Europe and Africa?,Bering Strait,Strait of Gibraltar,Bosporus,Malacca Strait,Dover Strait,1,This narrow passage connects the Atlantic Ocean to the Mediterranean Sea
geo-l2-063,Geography,2,What is the Ring of Fire?,Desert region,Volcanic zone,Ocean current,Mountain range,Climate zone,1,This horseshoe-shaped zone around the Pacific has frequent earthquakes and volcanoes
geo-l2-064,Geography,2,Which river flows through the Grand Canyon?,Mississippi,Colorado,Rio Grande,Snake,Columbia,1,This river carved the canyon over millions of years
geo-l2-065,Geography,2,What is the Great Barrier Reef?,Mountain range,Desert,Coral reef system,Ice shelf,River delta,2,This largest reef system can be seen from space off Australia's coast
geo-l2-066,Geography,2,Which city is located on two continents?,Cairo,Dubai,Istanbul,Moscow,Jerusalem,2,This Turkish city straddles Europe and Asia across the Bosporus
geo-l2-067,Geography,2,What causes tides?,Wind,Earth's rotation,Moon's gravity,Ocean currents,Water temperature,2,The gravitational pull of this celestial body creates high and low tides
geo-l2-068,Geography,2,Which country has the most time zones?,Russia,USA,France,China,Canada,2,"Including overseas territories, this country spans 12 time zones"
geo-l2-069,Geography,2,What is a fjord?,Volcanic crater,Deep glacial valley filled with sea,Coral island,Sand dune,Underground cave,1,Norway is famous for these steep-sided inlets carved by glaciers
geo-l2-070,Geography,2,Which line marks the boundary between day and night?,Equator,Prime Meridian,Terminator,Tropic of Cancer,Arctic Circle,2,This moving line separates the illuminated and dark portions of Earth
geo-l2-071,Geography,2,What is the Gobi Desert known for?,Hot temperature,Cold desert conditions,Tropical climate,Heavy rainfall,Dense forests,1,This Asian desert experiences both extreme heat and freezing winters
geo-l2-072,Geography,2,Which canal connects the Mediterranean and Red Sea?,Panama Canal,Suez Canal,Kiel Canal,Corinth Canal,Erie Canal,1,This Egyptian canal saves ships from sailing around Africa
geo-l2-073,Geography,2,What is the doldrums?,Ocean current,Trade wind zone,Equatorial low-pressure belt,Polar region,Desert climate,2,This calm zone near the equator trapped sailing ships with no wind
geo-l2-074,Geography,2,Which sea has no coastline?,Red Sea,Sargasso Sea,Baltic Sea,Coral Sea,Arabian Sea,1,This sea in the Atlantic is bounded by ocean currents instead of land
geo-l2-075,Geography,2,What is a watershed?,Deep ocean,Land area draining to one point,Mountain peak,Coral reef,Ice field,1,This is the land area where all water drains to the same river or lake
geo-l2-076,Geography,2,Which current warms Western Europe?,California Current,Gulf Stream,Kuroshio Current,Humboldt Current,Benguela Current,1,This warm Atlantic current makes Europe's climate milder than its latitude suggests
geo-l2-077,Geography,2,What is the taiga?,Tropical rainforest,Boreal forest,Grassland,Tundra,Desert,1,This vast coniferous forest biome spans northern Russia and Canada
geo-l2-078,Geography,2,Which sea is actually a lake?,Red Sea,Black Sea,Caspian Sea,Dead Sea,Baltic Sea,2,The world's largest enclosed inland body of water has no connection to oceans
geo-l2-079,Geography,2,What is orographic precipitation?,Coastal rain,Mountain-induced precipitation,Desert rainfall,Ocean evaporation,Polar snow,1,Air forced up mountains cools and drops moisture on windward slopes
geo-l2-080,Geography,2,Which archipelago is the most isolated?,Philippines,Indonesia,Maldives,Hawaii,Caribbean,3,"This island chain is over 2,000 km from the nearest continent"
geo-l2-081,Geography,2,What is a tectonic plate?,Ocean current,Large piece of Earth's crust,Type of rock,Mountain range,Weather system,1,These massive slabs move slowly and cause earthquakes where they meet
geo-l2-082,Geography,2,Which strait separates Europe and Africa?,Bering Strait,Strait of Gibraltar,Bosporus,Malacca Strait,Dover Strait,1,This narrow passage connects the Atlantic Ocean to the Mediterranean Sea
geo-l2-083,Geography,2,What is the Ring of Fire?,Desert region,Volcanic zone,Ocean current,Mountain range,Climate zone,1,This horseshoe-shaped zone around the Pacific has frequent earthquakes and volcanoes
geo-l2-084,Geography,2,Which river flows through the Grand Canyon?,Mississippi,Colorado,Rio Grande,Snake,Columbia,1,This river carved the canyon over millions of years
geo-l2-085,Geography,2,What is the Great Barrier Reef?,Mountain range,Desert,Coral reef system,Ice shelf,River delta,2,This largest reef system can be seen from space off Australia's coast
geo-l2-086,Geography,2,Which city is located on two continents?,Cairo,Dubai,Istanbul,Moscow,Jerusalem,2,This Turkish city straddles Europe and Asia across the Bosporus
geo-l2-087,Geography,2,What causes tides?,Wind,Earth's rotation,Moon's gravity,Ocean currents,Water temperature,2,The gravitational pull of this celestial body creates high and low tides
geo-l2-088,Geography,2,Which country has the most time zones?,Russia,USA,France,China,Canada,2,"Including overseas territories, this country spans 12 time zones"
geo-l2-089,Geography,2,What is a fjord?,Volcanic crater,Deep glacial valley filled with sea,Coral island,Sand dune,Underground cave,1,Norway is famous for these steep-sided inlets carved by glaciers
geo-l2-090,Geography,2,Which line marks the boundary between day and night?,Equator,Prime Meridian,Terminator,Tropic of Cancer,Arctic Circle,2,This moving line separates the illuminated and dark portions of Earth
geo-l2-091,Geography,2,What is the Gobi Desert known for?,Hot temperature,Cold desert conditions,Tropical climate,Heavy rainfall,Dense forests,1,This Asian desert experiences both extreme heat and freezing winters
geo-l2-092,Geography,2,Which canal connects the Mediterranean and Red Sea?,Panama Canal,Suez Canal,Kiel Canal,Corinth Canal,Erie Canal,1,This Egyptian canal saves ships from sailing around Africa
geo-l2-093,Geography,2,What is the doldrums?,Ocean current,Trade wind zone,Equatorial low-pressure belt,Polar region,Desert climate,2,This calm zone near the equator trapped sailing ships with no wind
geo-l2-094,Geography,2,Which sea has no coastline?,Red Sea,Sargasso Sea,Baltic Sea,Coral Sea,Arabian Sea,1,This sea in the Atlantic is bounded by ocean currents instead of land
geo-l2-095,Geography,2,What is a watershed?,Deep ocean,Land area draining to one point,Mountain peak,Coral reef,Ice field,1,This is the land area where all water drains to the same river or lake
geo-l2-096,Geography,2,Which current warms Western Europe?,California Current,Gulf Stream,Kuroshio Current,Humboldt Current,Benguela Current,1,This warm Atlantic current makes Europe's climate milder than its latitude suggests
geo-l2-097,Geography,2,What is the taiga?,Tropical rainforest,Boreal forest,Grassland,Tundra,Desert,1,This vast coniferous forest biome spans northern Russia and Canada
geo-l2-098,Geography,2,Which sea is actually a lake?,Red Sea,Black Sea,Caspian Sea,Dead Sea,Baltic Sea,2,The world's largest enclosed inland body of water has no connection to oceans
geo-l2-099,Geography,2,What is orographic precipitation?,Coastal rain,Mountain-induced precipitation,Desert rainfall,Ocean evaporation,Polar snow,1,Air forced up mountains cools and drops moisture on windward slopes
geo-l2-100,Geography,2,Which archipelago is the most isolated?,Philippines,Indonesia,Maldives,Hawaii,Caribbean,3,"This island chain is over 2,000 km from the nearest continent"
geo-l3-001,Geography,3,What is the Moho discontinuity?,Ocean current,Boundary between crust and mantle,Atmospheric layer,Climate zone,Tectonic fault,1,Seismic waves change velocity at this boundary 5-70 km below surface
geo-l3-002,Geography,3,Which biome has permafrost?,Tropical rainforest,Savanna,Tundra,Temperate forest,Desert,2,This treeless biome has permanently frozen subsoil despite summer thawing
geo-l3-003,Geography,3,What is the Coriolis effect?,Ocean warming,Deflection of moving objects due to Earth's rotation,Tectonic movement,Atmospheric pressure,Gravitational pull,1,This effect causes hurricanes to spin counterclockwise in the Northern Hemisphere
geo-l3-004,Geography,3,Which geological era are we in?,Paleozoic,Mesozoic,Cenozoic,Precambrian,Jurassic,2,This era began 66 million years ago after the dinosaur extinction
geo-l3-005,Geography,3,What is a subduction zone?,Mountain formation,One plate sliding under another,Rift valley,Mid-ocean ridge,Transform boundary,1,"The Pacific Plate subducts under Japan, causing deep earthquakes"
geo-l3-006,Geography,3,Which climate classification system is most used?,Thornthwaite,Köppen,Bergeron,Trewartha,Holdridge,1,This system uses temperature and precipitation to define climate types
geo-l3-007,Geography,3,What is the Antarctic Circumpolar Current?,Warm current,Strongest ocean current,Shallow current,Seasonal flow,River system,1,This current flows eastward around Antarctica unobstructed by land
geo-l3-008,Geography,3,Which mineral is most abundant in Earth's crust?,Iron,Quartz,Feldspar,Mica,Calcite,2,This group of minerals makes up about 60% of Earth's crust
geo-l3-009,Geography,3,What is isostasy?,Ocean circulation,Gravitational equilibrium of crust,Atmospheric pressure,Climate pattern,Rock formation,1,Less dense continental crust 'floats' higher than denser oceanic crust
geo-l3-010,Geography,3,Which boundary produces the deepest earthquakes?,Divergent,Transform,Convergent,Passive margin,Hot spot,2,Subduction zones can generate earthquakes over 700 km deep
geo-l3-011,Geography,3,What is the thermohaline circulation?,Surface current,Deep ocean circulation driven by temperature and salinity,Tidal current,Wind-driven flow,River current,1,This global conveyor belt takes 1000 years to complete one cycle
geo-l3-012,Geography,3,Which rock type forms from cooling magma?,Sedimentary,Metamorphic,Igneous,Organic,Chemical,2,Granite and basalt are examples of intrusive and extrusive types
geo-l3-013,Geography,3,What is the Intertropical Convergence Zone?,Ocean current,Belt of low pressure near equator,Mountain range,Desert region,Ice boundary,1,"Trade winds from both hemispheres converge here, causing heavy rainfall"
geo-l3-014,Geography,3,Which process creates metamorphic rocks?,Erosion,Cementation,Heat and pressure,Cooling,Weathering,2,Existing rocks are transformed without melting under these conditions
geo-l3-015,Geography,3,What is a hot spot?,Desert region,Stationary mantle plume,Tropical zone,Volcanic arc,Geothermal area,1,Hawaii formed as the Pacific Plate moved over a stationary magma source
geo-l3-016,Geography,3,Which gas is most abundant in Earth's atmosphere?,Oxygen,Carbon dioxide,Nitrogen,Argon,Hydrogen,2,This inert gas makes up about 78% of the atmosphere
geo-l3-017,Geography,3,What is the Gutenberg discontinuity?,Crust-mantle boundary,Mantle-outer core boundary,Outer-inner core boundary,Atmospheric layer,Ocean thermocline,1,"This boundary at 2,900 km depth is where S-waves cannot propagate"
geo-l3-018,Geography,3,Which projection preserves shape?,Mercator,Equal-area,Conformal,Azimuthal,Cylindrical,2,This projection type maintains angles and shapes of small areas
geo-l3-019,Geography,3,What is albedo?,Rock type,Reflectivity of a surface,Ocean current,Wind pattern,Soil composition,1,Ice and snow have high values while forests and oceans have low values
geo-l3-020,Geography,3,Which layer of atmosphere contains the ozone layer?,Troposphere,Stratosphere,Mesosphere,Thermosphere,Exosphere,1,This layer extends from about 10-50 km altitude and absorbs UV radiation
geo-l3-021,Geography,3,What is the Moho discontinuity?,Ocean current,Boundary between crust and mantle,Atmospheric layer,Climate zone,Tectonic fault,1,Seismic waves change velocity at this boundary 5-70 km below surface
geo-l3-022,Geography,3,Which biome has permafrost?,Tropical rainforest,Savanna,Tundra,Temperate forest,Desert,2,This treeless biome has permanently frozen subsoil despite summer thawing
geo-l3-023,Geography,3,What is the Coriolis effect?,Ocean warming,Deflection of moving objects due to Earth's rotation,Tectonic movement,Atmospheric pressure,Gravitational pull,1,This effect causes hurricanes to spin counterclockwise in the Northern Hemisphere
geo-l3-024,Geography,3,Which geological era are we in?,Paleozoic,Mesozoic,Cenozoic,Precambrian,Jurassic,2,This era began 66 million years ago after the dinosaur extinction
geo-l3-025,Geography,3,What is a subduction zone?,Mountain formation,One plate sliding under another,Rift valley,Mid-ocean ridge,Transform boundary,1,"The Pacific Plate subducts under Japan, causing deep earthquakes"
geo-l3-026,Geography,3,Which climate classification system is most used?,Thornthwaite,Köppen,Bergeron,Trewartha,Holdridge,1,This system uses temperature and precipitation to define climate types
geo-l3-027,Geography,3,What is the Antarctic Circumpolar Current?,Warm current,Strongest ocean current,Shallow current,Seasonal flow,River system,1,This current flows eastward around Antarctica unobstructed by land
geo-l3-028,Geography,3,Which mineral is most abundant in Earth's crust?,Iron,Quartz,Feldspar,Mica,Calcite,2,This group of minerals makes up about 60% of Earth's crust
geo-l3-029,Geography,3,What is isostasy?,Ocean circulation,Gravitational equilibrium of crust,Atmospheric pressure,Climate pattern,Rock formation,1,Less dense continental crust 'floats' higher than denser oceanic crust
geo-l3-030,Geography,3,Which boundary produces the deepest earthquakes?,Divergent,Transform,Convergent,Passive margin,Hot spot,2,Subduction zones can generate earthquakes over 700 km deep
geo-l3-031,Geography,3,What is the thermohaline circulation?,Surface current,Deep ocean circulation driven by temperature and salinity,Tidal current,Wind-driven flow,River current,1,This global conveyor belt takes 1000 years to complete one cycle
geo-l3-032,Geography,3,Which rock type forms from cooling magma?,Sedimentary,Metamorphic,Igneous,Organic,Chemical,2,Granite and basalt are examples of intrusive and extrusive types
geo-l3-033,Geography,3,What is the Intertropical Convergence Zone?,Ocean current,Belt of low pressure near equator,Mountain range,Desert region,Ice boundary,1,"Trade winds from both hemispheres converge here, causing heavy rainfall"
geo-l3-034,Geography,3,Which process creates metamorphic rocks?,Erosion,Cementation,Heat and pressure,Cooling,Weathering,2,Existing rocks are transformed without melting under these conditions
geo-l3-035,Geography,3,What is a hot spot?,Desert region,Stationary mantle plume,Tropical zone,Volcanic arc,Geothermal area,1,Hawaii formed as the Pacific Plate moved over a stationary magma source
geo-l3-036,Geography,3,Which gas is most abundant in Earth's atmosphere?,Oxygen,Carbon dioxide,Nitrogen,Argon,Hydrogen,2,This inert gas makes up about 78% of the atmosphere
geo-l3-037,Geography,3,What is the Gutenberg discontinuity?,Crust-mantle boundary,Mantle-outer core boundary,Outer-inner core boundary,Atmospheric layer,Ocean thermocline,1,"This boundary at 2,900 km depth is where S-waves cannot propagate"
geo-l3-038,Geography,3,Which projection preserves shape?,Mercator,Equal-area,Conformal,Azimuthal,Cylindrical,2,This projection type maintains angles and shapes of small areas
geo-l3-039,Geography,3,What is albedo?,Rock type,Reflectivity of a surface,Ocean current,Wind pattern,Soil composition,1,Ice and snow have high values while forests and oceans have low values
geo-l3-040,Geography,3,Which layer of atmosphere contains the ozone layer?,Troposphere,Stratosphere,Mesosphere,Thermosphere,Exosphere,1,This layer extends from about 10-50 km altitude and absorbs UV radiation
geo-l3-041,Geography,3,What is the Moho discontinuity?,Ocean current,Boundary between crust and mantle,Atmospheric layer,Climate zone,Tectonic fault,1,Seismic waves change velocity at this boundary 5-70 km below surface
geo-l3-042,Geography,3,Which biome has permafrost?,Tropical rainforest,Savanna,Tundra,Temperate forest,Desert,2,This treeless biome has permanently frozen subsoil despite summer thawing
geo-l3-043,Geography,3,What is the Coriolis effect?,Ocean warming,Deflection of moving objects due to Earth's rotation,Tectonic movement,Atmospheric pressure,Gravitational pull,1,This effect causes hurricanes to spin counterclockwise in the Northern Hemisphere
geo-l3-044,Geography,3,Which geological era are we in?,Paleozoic,Mesozoic,Cenozoic,Precambrian,Jurassic,2,This era began 66 million years ago after the dinosaur extinction
geo-l3-045,Geography,3,What is a subduction zone?,Mountain formation,One plate sliding under another,Rift valley,Mid-ocean ridge,Transform boundary,1,"The Pacific Plate subducts under Japan, causing deep earthquakes"
geo-l3-046,Geography,3,Which climate classification system is most used?,Thornthwaite,Köppen,Bergeron,Trewartha,Holdridge,1,This system uses temperature and precipitation to define climate types
geo-l3-047,Geography,3,What is the Antarctic Circumpolar Current?,Warm current,Strongest ocean current,Shallow current,Seasonal flow,River system,1,This current flows eastward around Antarctica unobstructed by land
geo-l3-048,Geography,3,Which mineral is most abundant in Earth's crust?,Iron,Quartz,Feldspar,Mica,Calcite,2,This group of minerals makes up about 60% of Earth's crust
geo-l3-049,Geography,3,What is isostasy?,Ocean circulation,Gravitational equilibrium of crust,Atmospheric pressure,Climate pattern,Rock formation,1,Less dense continental crust 'floats' higher than denser oceanic crust
geo-l3-050,Geography,3,Which boundary produces the deepest earthquakes?,Divergent,Transform,Convergent,Passive margin,Hot spot,2,Subduction zones can generate earthquakes over 700 km deep
geo-l3-051,Geography,3,What is the thermohaline circulation?,Surface current,Deep ocean circulation driven by temperature and salinity,Tidal current,Wind-driven flow,River current,1,This global conveyor belt takes 1000 years to complete one cycle
geo-l3-052,Geography,3,Which rock type forms from cooling magma?,Sedimentary,Metamorphic,Igneous,Organic,Chemical,2,Granite and basalt are examples of intrusive and extrusive types
geo-l3-053,Geography,3,What is the Intertropical Convergence Zone?,Ocean current,Belt of low pressure near equator,Mountain range,Desert region,Ice boundary,1,"Trade winds from both hemispheres converge here, causing heavy rainfall"
geo-l3-054,Geography,3,Which process creates metamorphic rocks?,Erosion,Cementation,Heat and pressure,Cooling,Weathering,2,Existing rocks are transformed without melting under these conditions
geo-l3-055,Geography,3,What is a hot spot?,Desert region,Stationary mantle plume,Tropical zone,Volcanic arc,Geothermal area,1,Hawaii formed as the Pacific Plate moved over a stationary magma source
geo-l3-056,Geography,3,Which gas is most abundant in Earth's atmosphere?,Oxygen,Carbon dioxide,Nitrogen,Argon,Hydrogen,2,This inert gas makes up about 78% of the atmosphere
geo-l3-057,Geography,3,What is the Gutenberg discontinuity?,Crust-mantle boundary,Mantle-outer core boundary,Outer-inner core boundary,Atmospheric layer,Ocean thermocline,1,"This boundary at 2,900 km depth is where S-waves cannot propagate"
geo-l3-058,Geography,3,Which projection preserves shape?,Mercator,Equal-area,Conformal,Azimuthal,Cylindrical,2,This projection type maintains angles and shapes of small areas
geo-l3-059,Geography,3,What is albedo?,Rock type,Reflectivity of a surface,Ocean current,Wind pattern,Soil composition,1,Ice and snow have high values while forests and oceans have low values
geo-l3-060,Geography,3,Which layer of atmosphere contains the ozone layer?,Troposphere,Stratosphere,Mesosphere,Thermosphere,Exosphere,1,This layer extends from about 10-50 km altitude and absorbs UV radiation
geo-l3-061,Geography,3,What is the Moho discontinuity?,Ocean current,Boundary between crust and mantle,Atmospheric layer,Climate zone,Tectonic fault,1,Seismic waves change velocity at this boundary 5-70 km below surface
geo-l3-062,Geography,3,Which biome has permafrost?,Tropical rainforest,Savanna,Tundra,Temperate forest,Desert,2,This treeless biome has permanently frozen subsoil despite summer thawing
geo-l3-063,Geography,3,What is the Coriolis effect?,Ocean warming,Deflection of moving objects due to Earth's rotation,Tectonic movement,Atmospheric pressure,Gravitational pull,1,This effect causes hurricanes to spin counterclockwise in the Northern Hemisphere
geo-l3-064,Geography,3,Which geological era are we in?,Paleozoic,Mesozoic,Cenozoic,Precambrian,Jurassic,2,This era began 66 million years ago after the dinosaur extinction
geo-l3-065,Geography,3,What is a subduction zone?,Mountain formation,One plate sliding under another,Rift valley,Mid-ocean ridge,Transform boundary,1,"The Pacific Plate subducts under Japan, causing deep earthquakes"
geo-l3-066,Geography,3,Which climate classification system is most used?,Thornthwaite,Köppen,Bergeron,Trewartha,Holdridge,1,This system uses temperature and precipitation to define climate types
geo-l3-067,Geography,3,What is the Antarctic Circumpolar Current?,Warm current,Strongest ocean current,Shallow current,Seasonal flow,River system,1,This current flows eastward around Antarctica unobstructed by land
geo-l3-068,Geography,3,Which mineral is most abundant in Earth's crust?,Iron,Quartz,Feldspar,Mica,Calcite,2,This group of minerals makes up about 60% of Earth's crust
geo-l3-069,Geography,3,What is isostasy?,Ocean circulation,Gravitational equilibrium of crust,Atmospheric pressure,Climate pattern,Rock formation,1,Less dense continental crust 'floats' higher than denser oceanic crust
geo-l3-070,Geography,3,Which boundary produces the deepest earthquakes?,Divergent,Transform,Convergent,Passive margin,Hot spot,2,Subduction zones can generate earthquakes over 700 km deep
geo-l3-071,Geography,3,What is the thermohaline circulation?,Surface current,Deep ocean circulation driven by temperature and salinity,Tidal current,Wind-driven flow,River current,1,This global conveyor belt takes 1000 years to complete one cycle
geo-l3-072,Geography,3,Which rock type forms from cooling magma?,Sedimentary,Metamorphic,Igneous,Organic,Chemical,2,Granite and basalt are examples of intrusive and extrusive types
geo-l3-073,Geography,3,What is the Intertropical Convergence Zone?,Ocean current,Belt of low pressure near equator,Mountain range,Desert region,Ice boundary,1,"Trade winds from both hemispheres converge here, causing heavy rainfall"
geo-l3-074,Geography,3,Which process creates metamorphic rocks?,Erosion,Cementation,Heat and pressure,Cooling,Weathering,2,Existing rocks are transformed without melting under these conditions
geo-l3-075,Geography,3,What is a hot spot?,Desert region,Stationary mantle plume,Tropical zone,Volcanic arc,Geothermal area,1,Hawaii formed as the Pacific Plate moved over a stationary magma source
geo-l3-076,Geography,3,Which gas is most abundant in Earth's atmosphere?,Oxygen,Carbon dioxide,Nitrogen,Argon,Hydrogen,2,This inert gas makes up about 78% of the atmosphere
geo-l3-077,Geography,3,What is the Gutenberg discontinuity?,Crust-mantle boundary,Mantle-outer core boundary,Outer-inner core boundary,Atmospheric layer,Ocean thermocline,1,"This boundary at 2,900 km depth is where S-waves cannot propagate"
geo-l3-078,Geography,3,Which projection preserves shape?,Mercator,Equal-area,Conformal,Azimuthal,Cylindrical,2,This projection type maintains angles and shapes of small areas
geo-l3-079,Geography,3,What is albedo?,Rock type,Reflectivity of a surface,Ocean current,Wind pattern,Soil composition,1,Ice and snow have high values while forests and oceans have low values
geo-l3-080,Geography,3,Which layer of atmosphere contains the ozone layer?,Troposphere,Stratosphere,Mesosphere,Thermosphere,Exosphere,1,This layer extends from about 10-50 km altitude and absorbs UV radiation
geo-l3-081,Geography,3,What is the Moho discontinuity?,Ocean current,Boundary between crust and mantle,Atmospheric layer,Climate zone,Tectonic fault,1,Seismic waves change velocity at this boundary 5-70 km below surface
geo-l3-082,Geography,3,Which biome has permafrost?,Tropical rainforest,Savanna,Tundra,Temperate forest,Desert,2,This treeless biome has permanently frozen subsoil despite summer thawing
geo-l3-083,Geography,3,What is the Coriolis effect?,Ocean warming,Deflection of moving objects due to Earth's rotation,Tectonic movement,Atmospheric pressure,Gravitational pull,1,This effect causes hurricanes to spin counterclockwise in the Northern Hemisphere
geo-l3-084,Geography,3,Which geological era are we in?,Paleozoic,Mesozoic,Cenozoic,Precambrian,Jurassic,2,This era began 66 million years ago after the dinosaur extinction
geo-l3-085,Geography,3,What is a subduction zone?,Mountain formation,One plate sliding under another,Rift valley,Mid-ocean ridge,Transform boundary,1,"The Pacific Plate subducts under Japan, causing deep earthquakes"
geo-l3-086,Geography,3,Which climate classification system is most used?,Thornthwaite,Köppen,Bergeron,Trewartha,Holdridge,1,This system uses temperature and precipitation to define climate types
geo-l3-087,Geography,3,What is the Antarctic Circumpolar Current?,Warm current,Strongest ocean current,Shallow current,Seasonal flow,River system,1,This current flows eastward around Antarctica unobstructed by land
geo-l3-088,Geography,3,Which mineral is most abundant in Earth's crust?,Iron,Quartz,Feldspar,Mica,Calcite,2,This group of minerals makes up about 60% of Earth's crust
geo-l3-089,Geography,3,What is isostasy?,Ocean circulation,Gravitational equilibrium of crust,Atmospheric pressure,Climate pattern,Rock formation,1,Less dense continental crust 'floats' higher than denser oceanic crust
geo-l3-090,Geography,3,Which boundary produces the deepest earthquakes?,Divergent,Transform,Convergent,Passive margin,Hot spot,2,Subduction zones can generate earthquakes over 700 km deep
geo-l3-091,Geography,3,What is the thermohaline circulation?,Surface current,Deep ocean circulation driven by temperature and salinity,Tidal current,Wind-driven flow,River current,1,This global conveyor belt takes 1000 years to complete one cycle
geo-l3-092,Geography,3,Which rock type forms from cooling magma?,Sedimentary,Metamorphic,Igneous,Organic,Chemical,2,Granite and basalt are examples of intrusive and extrusive types
geo-l3-093,Geography,3,What is the Intertropical Convergence Zone?,Ocean current,Belt of low pressure near equator,Mountain range,Desert region,Ice boundary,1,"Trade winds from both hemispheres converge here, causing heavy rainfall"
geo-l3-094,Geography,3,Which process creates metamorphic rocks?,Erosion,Cementation,Heat and pressure,Cooling,Weathering,2,Existing rocks are transformed without melting under these conditions
geo-l3-095,Geography,3,What is a hot spot?,Desert region,Stationary mantle plume,Tropical zone,Volcanic arc,Geothermal area,1,Hawaii formed as the Pacific Plate moved over a stationary magma source
geo-l3-096,Geography,3,Which gas is most abundant in Earth's atmosphere?,Oxygen,Carbon dioxide,Nitrogen,Argon,Hydrogen,2,This inert gas makes up about 78% of the atmosphere
geo-l3-097,Geography,3,What is the Gutenberg discontinuity?,Crust-mantle boundary,Mantle-outer core boundary,Outer-inner core boundary,Atmospheric layer,Ocean thermocline,1,"This boundary at 2,900 km depth is where S-waves cannot propagate"
geo-l3-098,Geography,3,Which projection preserves shape?,Mercator,Equal-area,Conformal,Azimuthal,Cylindrical,2,This projection type maintains angles and shapes of small areas
geo-l3-099,Geography,3,What is albedo?,Rock type,Reflectivity of a surface,Ocean current,Wind pattern,Soil composition,1,Ice and snow have high values while forests and oceans have low values
geo-l3-100,Geography,3,Which layer of atmosphere contains the ozone layer?,Troposphere,Stratosphere,Mesosphere,Thermosphere,Exosphere,1,This layer extends from about 10-50 km altitude and absorbs UV radiation
geo-l4-001,Geography,4,What is the Bergeron process?,Ocean formation,Ice crystal precipitation mechanism,Rock weathering,Plate tectonics,Wind erosion,1,Ice crystals grow at the expense of supercooled water droplets in mixed clouds
geo-l4-002,Geography,4,Which soil order is most fertile?,Oxisols,Aridisols,Mollisols,Spodosols,Ultisols,2,These grassland soils with thick A horizons form the world's breadbaskets
geo-l4-003,Geography,4,What is the geostrophic wind?,Surface wind,Theoretical wind from pressure gradient and Coriolis,Mountain breeze,Trade wind,Monsoon,1,This theoretical wind flows parallel to isobars in balanced horizontal flow
geo-l4-004,Geography,4,Which ocean basin is expanding?,Pacific,Atlantic,Indian,Arctic,Southern,1,"The Mid-Atlantic Ridge creates new oceanic crust, widening this basin"
geo-l4-005,Geography,4,What is diagenesis?,Magma formation,Lithification of sediments,Plate movement,Weathering,Volcanic activity,1,Physical and chemical changes transform sediment into sedimentary rock
geo-l4-006,Geography,4,Which coordinate system uses false easting?,Geographic,UTM,Latitude-longitude,Polar,Celestial,1,"Universal Transverse Mercator adds 500,000m to avoid negative coordinates"
geo-l4-007,Geography,4,What is the Ekman spiral?,Ocean current rotating with depth,Atmospheric circulation,River meandering,Ice movement,Tectonic rotation,0,Wind-driven currents rotate clockwise with depth in Northern Hemisphere
geo-l4-008,Geography,4,Which sedimentary structure indicates current direction?,Fossils,Cross-bedding,Concretions,Stylolites,Vesicles,1,These inclined layers within beds show ancient water or wind flow
geo-l4-009,Geography,4,What is the concept of time-space compression?,Relativity,Reduced travel time shrinking perceived distance,Geological time,Map projection,Atmospheric layer,1,Technology makes distant places feel closer and more accessible
geo-l4-010,Geography,4,Which climate feedback is positive?,Increased vegetation,Ice-albedo feedback,Ocean absorption,Cloud formation,Weathering,1,"Melting ice exposes darker surfaces, absorbing more heat and causing more melting"
geo-l4-011,Geography,4,What is the Hjulström curve?,Ocean depth,Relationship between velocity and sediment transport,Atmospheric pressure,Population growth,River discharge,1,"This diagram shows erosion, transport, and deposition zones for different grain sizes"
geo-l4-012,Geography,4,Which map projection is used for polar regions?,Mercator,Robinson,Stereographic,Mollweide,Sinusoidal,2,This azimuthal projection is conformal and shows true direction from center
geo-l4-013,Geography,4,What is advection?,Vertical air movement,Horizontal transfer of properties,Precipitation,Evaporation,Radiation,1,"This horizontal movement transfers heat, moisture, or momentum in fluids"
geo-l4-014,Geography,4,Which stratigraphic principle states oldest on bottom?,Uniformitarianism,Superposition,Cross-cutting,Lateral continuity,Faunal succession,1,Nicolas Steno's law forms the basis of relative dating in geology
geo-l4-015,Geography,4,What is the concept of geographical scale?,Map ratio,Level of geographical analysis,Mountain height,Time period,Temperature range,1,"Local, regional, and global represent different levels of spatial analysis"
geo-l4-016,Geography,4,Which atmospheric circulation cell is at mid-latitudes?,Hadley,Ferrel,Polar,Walker,Monsoon,1,This indirect cell between 30-60 degrees is driven by adjacent cells
geo-l4-017,Geography,4,What is the hydraulic radius?,Pipe diameter,Cross-sectional area divided by wetted perimeter,Water pressure,Flow velocity,River width,1,This measure of channel efficiency affects stream velocity and discharge
geo-l4-018,Geography,4,Which remote sensing band detects vegetation health?,Visible,Near-infrared,Thermal,Microwave,Ultraviolet,1,Healthy vegetation reflects strongly in this band due to cellular structure
geo-l4-019,Geography,4,What is the critical rationalism approach?,Data collection,Falsification of hypotheses,Field observation,Correlation analysis,Sampling method,1,Karl Popper's philosophy emphasizes testing and potentially disproving theories
geo-l4-020,Geography,4,Which soil horizon is the zone of eluviation?,O horizon,A horizon,E horizon,B horizon,C horizon,2,This light-colored horizon has minerals leached out by downward water
geo-l4-021,Geography,4,What is the Bergeron process?,Ocean formation,Ice crystal precipitation mechanism,Rock weathering,Plate tectonics,Wind erosion,1,Ice crystals grow at the expense of supercooled water droplets in mixed clouds
geo-l4-022,Geography,4,Which soil order is most fertile?,Oxisols,Aridisols,Mollisols,Spodosols,Ultisols,2,These grassland soils with thick A horizons form the world's breadbaskets
geo-l4-023,Geography,4,What is the geostrophic wind?,Surface wind,Theoretical wind from pressure gradient and Coriolis,Mountain breeze,Trade wind,Monsoon,1,This theoretical wind flows parallel to isobars in balanced horizontal flow
geo-l4-024,Geography,4,Which ocean basin is expanding?,Pacific,Atlantic,Indian,Arctic,Southern,1,"The Mid-Atlantic Ridge creates new oceanic crust, widening this basin"
geo-l4-025,Geography,4,What is diagenesis?,Magma formation,Lithification of sediments,Plate movement,Weathering,Volcanic activity,1,Physical and chemical changes transform sediment into sedimentary rock
geo-l4-026,Geography,4,Which coordinate system uses false easting?,Geographic,UTM,Latitude-longitude,Polar,Celestial,1,"Universal Transverse Mercator adds 500,000m to avoid negative coordinates"
geo-l4-027,Geography,4,What is the Ekman spiral?,Ocean current rotating with depth,Atmospheric circulation,River meandering,Ice movement,Tectonic rotation,0,Wind-driven currents rotate clockwise with depth in Northern Hemisphere
geo-l4-028,Geography,4,Which sedimentary structure indicates current direction?,Fossils,Cross-bedding,Concretions,Stylolites,Vesicles,1,These inclined layers within beds show ancient water or wind flow
geo-l4-029,Geography,4,What is the concept of time-space compression?,Relativity,Reduced travel time shrinking perceived distance,Geological time,Map projection,Atmospheric layer,1,Technology makes distant places feel closer and more accessible
geo-l4-030,Geography,4,Which climate feedback is positive?,Increased vegetation,Ice-albedo feedback,Ocean absorption,Cloud formation,Weathering,1,"Melting ice exposes darker surfaces, absorbing more heat and causing more melting"
geo-l4-031,Geography,4,What is the Hjulström curve?,Ocean depth,Relationship between velocity and sediment transport,Atmospheric pressure,Population growth,River discharge,1,"This diagram shows erosion, transport, and deposition zones for different grain sizes"
geo-l4-032,Geography,4,Which map projection is used for polar regions?,Mercator,Robinson,Stereographic,Mollweide,Sinusoidal,2,This azimuthal projection is conformal and shows true direction from center
geo-l4-033,Geography,4,What is advection?,Vertical air movement,Horizontal transfer of properties,Precipitation,Evaporation,Radiation,1,"This horizontal movement transfers heat, moisture, or momentum in fluids"
geo-l4-034,Geography,4,Which stratigraphic principle states oldest on bottom?,Uniformitarianism,Superposition,Cross-cutting,Lateral continuity,Faunal succession,1,Nicolas Steno's law forms the basis of relative dating in geology
geo-l4-035,Geography,4,What is the concept of geographical scale?,Map ratio,Level of geographical analysis,Mountain height,Time period,Temperature range,1,"Local, regional, and global represent different levels of spatial analysis"
geo-l4-036,Geography,4,Which atmospheric circulation cell is at mid-latitudes?,Hadley,Ferrel,Polar,Walker,Monsoon,1,This indirect cell between 30-60 degrees is driven by adjacent cells
geo-l4-037,Geography,4,What is the hydraulic radius?,Pipe diameter,Cross-sectional area divided by wetted perimeter,Water pressure,Flow velocity,River width,1,This measure of channel efficiency affects stream velocity and discharge
geo-l4-038,Geography,4,Which remote sensing band detects vegetation health?,Visible,Near-infrared,Thermal,Microwave,Ultraviolet,1,Healthy vegetation reflects strongly in this band due to cellular structure
geo-l4-039,Geography,4,What is the critical rationalism approach?,Data collection,Falsification of hypotheses,Field observation,Correlation analysis,Sampling method,1,Karl Popper's philosophy emphasizes testing and potentially disproving theories
geo-l4-040,Geography,4,Which soil horizon is the zone of eluviation?,O horizon,A horizon,E horizon,B horizon,C horizon,2,This light-colored horizon has minerals leached out by downward water
geo-l4-041,Geography,4,What is the Bergeron process?,Ocean formation,Ice crystal precipitation mechanism,Rock weathering,Plate tectonics,Wind erosion,1,Ice crystals grow at the expense of supercooled water droplets in mixed clouds
geo-l4-042,Geography,4,Which soil order is most fertile?,Oxisols,Aridisols,Mollisols,Spodosols,Ultisols,2,These grassland soils with thick A horizons form the world's breadbaskets
geo-l4-043,Geography,4,What is the geostrophic wind?,Surface wind,Theoretical wind from pressure gradient and Coriolis,Mountain breeze,Trade wind,Monsoon,1,This theoretical wind flows parallel to isobars in balanced horizontal flow
geo-l4-044,Geography,4,Which ocean basin is expanding?,Pacific,Atlantic,Indian,Arctic,Southern,1,"The Mid-Atlantic Ridge creates new oceanic crust, widening this basin"
geo-l4-045,Geography,4,What is diagenesis?,Magma formation,Lithification of sediments,Plate movement,Weathering,Volcanic activity,1,Physical and chemical changes transform sediment into sedimentary rock
geo-l4-046,Geography,4,Which coordinate system uses false easting?,Geographic,UTM,Latitude-longitude,Polar,Celestial,1,"Universal Transverse Mercator adds 500,000m to avoid negative coordinates"
geo-l4-047,Geography,4,What is the Ekman spiral?,Ocean current rotating with depth,Atmospheric circulation,River meandering,Ice movement,Tectonic rotation,0,Wind-driven currents rotate clockwise with depth in Northern Hemisphere
geo-l4-048,Geography,4,Which sedimentary structure indicates current direction?,Fossils,Cross-bedding,Concretions,Stylolites,Vesicles,1,These inclined layers within beds show ancient water or wind flow
geo-l4-049,Geography,4,What is the concept of time-space compression?,Relativity,Reduced travel time shrinking perceived distance,Geological time,Map projection,Atmospheric layer,1,Technology makes distant places feel closer and more accessible
geo-l4-050,Geography,4,Which climate feedback is positive?,Increased vegetation,Ice-albedo feedback,Ocean absorption,Cloud formation,Weathering,1,"Melting ice exposes darker surfaces, absorbing more heat and causing more melting"
geo-l4-051,Geography,4,What is the Hjulström curve?,Ocean depth,Relationship between velocity and sediment transport,Atmospheric pressure,Population growth,River discharge,1,"This diagram shows erosion, transport, and deposition zones for different grain sizes"
geo-l4-052,Geography,4,Which map projection is used for polar regions?,Mercator,Robinson,Stereographic,Mollweide,Sinusoidal,2,This azimuthal projection is conformal and shows true direction from center
geo-l4-053,Geography,4,What is advection?,Vertical air movement,Horizontal transfer of properties,Precipitation,Evaporation,Radiation,1,"This horizontal movement transfers heat, moisture, or momentum in fluids"
geo-l4-054,Geography,4,Which stratigraphic principle states oldest on bottom?,Uniformitarianism,Superposition,Cross-cutting,Lateral continuity,Faunal succession,1,Nicolas Steno's law forms the basis of relative dating in geology
geo-l4-055,Geography,4,What is the concept of geographical scale?,Map ratio,Level of geographical analysis,Mountain height,Time period,Temperature range,1,"Local, regional, and global represent different levels of spatial analysis"
geo-l4-056,Geography,4,Which atmospheric circulation cell is at mid-latitudes?,Hadley,Ferrel,Polar,Walker,Monsoon,1,This indirect cell between 30-60 degrees is driven by adjacent cells
geo-l4-057,Geography,4,What is the hydraulic radius?,Pipe diameter,Cross-sectional area divided by wetted perimeter,Water pressure,Flow velocity,River width,1,This measure of channel efficiency affects stream velocity and discharge
geo-l4-058,Geography,4,Which remote sensing band detects vegetation health?,Visible,Near-infrared,Thermal,Microwave,Ultraviolet,1,Healthy vegetation reflects strongly in this band due to cellular structure
geo-l4-059,Geography,4,What is the critical rationalism approach?,Data collection,Falsification of hypotheses,Field observation,Correlation analysis,Sampling method,1,Karl Popper's philosophy emphasizes testing and potentially disproving theories
geo-l4-060,Geography,4,Which soil horizon is the zone of eluviation?,O horizon,A horizon,E horizon,B horizon,C horizon,2,This light-colored horizon has minerals leached out by downward water
geo-l4-061,Geography,4,What is the Bergeron process?,Ocean formation,Ice crystal precipitation mechanism,Rock weathering,Plate tectonics,Wind erosion,1,Ice crystals grow at the expense of supercooled water droplets in mixed clouds
geo-l4-062,Geography,4,Which soil order is most fertile?,Oxisols,Aridisols,Mollisols,Spodosols,Ultisols,2,These grassland soils with thick A horizons form the world's breadbaskets
geo-l4-063,Geography,4,What is the geostrophic wind?,Surface wind,Theoretical wind from pressure gradient and Coriolis,Mountain breeze,Trade wind,Monsoon,1,This theoretical wind flows parallel to isobars in balanced horizontal flow
geo-l4-064,Geography,4,Which ocean basin is expanding?,Pacific,Atlantic,Indian,Arctic,Southern,1,"The Mid-Atlantic Ridge creates new oceanic crust, widening this basin"
geo-l4-065,Geography,4,What is diagenesis?,Magma formation,Lithification of sediments,Plate movement,Weathering,Volcanic activity,1,Physical and chemical changes transform sediment into sedimentary rock
geo-l4-066,Geography,4,Which coordinate system uses false easting?,Geographic,UTM,Latitude-longitude,Polar,Celestial,1,"Universal Transverse Mercator adds 500,000m to avoid negative coordinates"
geo-l4-067,Geography,4,What is the Ekman spiral?,Ocean current rotating with depth,Atmospheric circulation,River meandering,Ice movement,Tectonic rotation,0,Wind-driven currents rotate clockwise with depth in Northern Hemisphere
geo-l4-068,Geography,4,Which sedimentary structure indicates current direction?,Fossils,Cross-bedding,Concretions,Stylolites,Vesicles,1,These inclined layers within beds show ancient water or wind flow
geo-l4-069,Geography,4,What is the concept of time-space compression?,Relativity,Reduced travel time shrinking perceived distance,Geological time,Map projection,Atmospheric layer,1,Technology makes distant places feel closer and more accessible
geo-l4-070,Geography,4,Which climate feedback is positive?,Increased vegetation,Ice-albedo feedback,Ocean absorption,Cloud formation,Weathering,1,"Melting ice exposes darker surfaces, absorbing more heat and causing more melting"
geo-l4-071,Geography,4,What is the Hjulström curve?,Ocean depth,Relationship between velocity and sediment transport,Atmospheric pressure,Population growth,River discharge,1,"This diagram shows erosion, transport, and deposition zones for different grain sizes"
geo-l4-072,Geography,4,Which map projection is used for polar regions?,Mercator,Robinson,Stereographic,Mollweide,Sinusoidal,2,This azimuthal projection is conformal and shows true direction from center
geo-l4-073,Geography,4,What is advection?,Vertical air movement,Horizontal transfer of properties,Precipitation,Evaporation,Radiation,1,"This horizontal movement transfers heat, moisture, or momentum in fluids"
geo-l4-074,Geography,4,Which stratigraphic principle states oldest on bottom?,Uniformitarianism,Superposition,Cross-cutting,Lateral continuity,Faunal succession,1,Nicolas Steno's law forms the basis of relative dating in geology
geo-l4-075,Geography,4,What is the concept of geographical scale?,Map ratio,Level of geographical analysis,Mountain height,Time period,Temperature range,1,"Local, regional, and global represent different levels of spatial analysis"
geo-l4-076,Geography,4,Which atmospheric circulation cell is at mid-latitudes?,Hadley,Ferrel,Polar,Walker,Monsoon,1,This indirect cell between 30-60 degrees is driven by adjacent cells
geo-l4-077,Geography,4,What is the hydraulic radius?,Pipe diameter,Cross-sectional area divided by wetted perimeter,Water pressure,Flow velocity,River width,1,This measure of channel efficiency affects stream velocity and discharge
geo-l4-078,Geography,4,Which remote sensing band detects vegetation health?,Visible,Near-infrared,Thermal,Microwave,Ultraviolet,1,Healthy vegetation reflects strongly in this band due to cellular structure
geo-l4-079,Geography,4,What is the critical rationalism approach?,Data collection,Falsification of hypotheses,Field observation,Correlation analysis,Sampling method,1,Karl Popper's philosophy emphasizes testing and potentially disproving theories
geo-l4-080,Geography,4,Which soil horizon is the zone of eluviation?,O horizon,A horizon,E horizon,B horizon,C horizon,2,This light-colored horizon has minerals leached out by downward water
geo-l4-081,Geography,4,What is the Bergeron process?,Ocean formation,Ice crystal precipitation mechanism,Rock weathering,Plate tectonics,Wind erosion,1,Ice crystals grow at the expense of supercooled water droplets in mixed clouds
geo-l4-082,Geography,4,Which soil order is most fertile?,Oxisols,Aridisols,Mollisols,Spodosols,Ultisols,2,These grassland soils with thick A horizons form the world's breadbaskets
geo-l4-083,Geography,4,What is the geostrophic wind?,Surface wind,Theoretical wind from pressure gradient and Coriolis,Mountain breeze,Trade wind,Monsoon,1,This theoretical wind flows parallel to isobars in balanced horizontal flow
geo-l4-084,Geography,4,Which ocean basin is expanding?,Pacific,Atlantic,Indian,Arctic,Southern,1,"The Mid-Atlantic Ridge creates new oceanic crust, widening this basin"
geo-l4-085,Geography,4,What is diagenesis?,Magma formation,Lithification of sediments,Plate movement,Weathering,Volcanic activity,1,Physical and chemical changes transform sediment into sedimentary rock
geo-l4-086,Geography,4,Which coordinate system uses false easting?,Geographic,UTM,Latitude-longitude,Polar,Celestial,1,"Universal Transverse Mercator adds 500,000m to avoid negative coordinates"
geo-l4-087,Geography,4,What is the Ekman spiral?,Ocean current rotating with depth,Atmospheric circulation,River meandering,Ice movement,Tectonic rotation,0,Wind-driven currents rotate clockwise with depth in Northern Hemisphere
geo-l4-088,Geography,4,Which sedimentary structure indicates current direction?,Fossils,Cross-bedding,Concretions,Stylolites,Vesicles,1,These inclined layers within beds show ancient water or wind flow
geo-l4-089,Geography,4,What is the concept of time-space compression?,Relativity,Reduced travel time shrinking perceived distance,Geological time,Map projection,Atmospheric layer,1,Technology makes distant places feel closer and more accessible
geo-l4-090,Geography,4,Which climate feedback is positive?,Increased vegetation,Ice-albedo feedback,Ocean absorption,Cloud formation,Weathering,1,"Melting ice exposes darker surfaces, absorbing more heat and causing more melting"
geo-l4-091,Geography,4,What is the Hjulström curve?,Ocean depth,Relationship between velocity and sediment transport,Atmospheric pressure,Population growth,River discharge,1,"This diagram shows erosion, transport, and deposition zones for different grain sizes"
geo-l4-092,Geography,4,Which map projection is used for polar regions?,Mercator,Robinson,Stereographic,Mollweide,Sinusoidal,2,This azimuthal projection is conformal and shows true direction from center
geo-l4-093,Geography,4,What is advection?,Vertical air movement,Horizontal transfer of properties,Precipitation,Evaporation,Radiation,1,"This horizontal movement transfers heat, moisture, or momentum in fluids"
geo-l4-094,Geography,4,Which stratigraphic principle states oldest on bottom?,Uniformitarianism,Superposition,Cross-cutting,Lateral continuity,Faunal succession,1,Nicolas Steno's law forms the basis of relative dating in geology
geo-l4-095,Geography,4,What is the concept of geographical scale?,Map ratio,Level of geographical analysis,Mountain height,Time period,Temperature range,1,"Local, regional, and global represent different levels of spatial analysis"
geo-l4-096,Geography,4,Which atmospheric circulation cell is at mid-latitudes?,Hadley,Ferrel,Polar,Walker,Monsoon,1,This indirect cell between 30-60 degrees is driven by adjacent cells
geo-l4-097,Geography,4,What is the hydraulic radius?,Pipe diameter,Cross-sectional area divided by wetted perimeter,Water pressure,Flow velocity,River width,1,This measure of channel efficiency affects stream velocity and discharge
geo-l4-098,Geography,4,Which remote sensing band detects vegetation health?,Visible,Near-infrared,Thermal,Microwave,Ultraviolet,1,Healthy vegetation reflects strongly in this band due to cellular structure
geo-l4-099,Geography,4,What is the critical rationalism approach?,Data collection,Falsification of hypotheses,Field observation,Correlation analysis,Sampling method,1,Karl Popper's philosophy emphasizes testing and potentially disproving theories
geo-l4-100,Geography,4,Which soil horizon is the zone of eluviation?,O horizon,A horizon,E horizon,B horizon,C horizon,2,This light-colored horizon has minerals leached out by downward water
geo-l5-001,Geography,5,What is the relational approach to place?,Fixed location,Social and cultural construction,Absolute coordinates,Physical description,Economic value,1,This postmodern view sees places as created through human relationships and meanings
geo-l5-002,Geography,5,Which process dominates in paraglacial environments?,Wind erosion,Rapid mass wasting and sediment reworking,Chemical weathering,Glacial advance,Vegetation growth,1,Recently deglaciated areas experience intense geomorphic adjustment
geo-l5-003,Geography,5,What is the concept of non-representational theory?,Map accuracy,Focus on practices and embodiment over meaning,Statistical analysis,Remote sensing,Cartography,1,"This theory emphasizes performances, affects, and more-than-human geographies"
geo-l5-004,Geography,5,Which dating method uses cosmogenic nuclides?,Carbon-14,Beryllium-10 exposure dating,Potassium-argon,Uranium-thorium,Thermoluminescence,1,"Cosmic rays produce isotopes in surface rocks, dating landform exposure"
geo-l5-005,Geography,5,What is the gravity model in geography?,Tectonic force,Spatial interaction based on size and distance,Planetary orbit,Ocean tides,Isostatic adjustment,1,Migration and trade between places follow this inverse square relationship
geo-l5-006,Geography,5,Which concept describes uneven geographical development?,Equilibrium,Spatial fix,Homogeneity,Isotropic surface,Distance decay,1,David Harvey's concept of capital moving to resolve crises through space
geo-l5-007,Geography,5,What is autocorrelation in spatial analysis?,Time series,Nearby values are more similar,Map projection,Sampling error,Regression,1,Tobler's first law: near things are more related than distant things
geo-l5-008,Geography,5,Which weathering produces tafoni?,Freeze-thaw,Salt weathering in arid environments,Biological,Carbonation,Oxidation,1,These honeycomb weathering features form in sandstone and granite
geo-l5-009,Geography,5,What is the postcolonial critique of development?,Economic growth,Western-centric discourse imposing values,Technology transfer,Aid programs,Industrialization,1,This critique examines how 'development' perpetuates colonial power relations
geo-l5-010,Geography,5,Which geomorphic concept is dynamic equilibrium?,Static landscape,Fluctuating around average condition,Continuous degradation,Perfect balance,Cyclic erosion,1,Landforms adjust to changing conditions while maintaining overall form
geo-l5-011,Geography,5,What is the modifiable areal unit problem?,Measurement error,Results vary with spatial aggregation,Sampling bias,Map generalization,Coordinate systems,1,Different zone configurations produce different statistical results from same data
geo-l5-012,Geography,5,Which atmospheric wave causes blocking patterns?,Gravity waves,Rossby waves,Kelvin waves,Mountain waves,Sound waves,1,These planetary-scale waves in the jet stream can create persistent weather
geo-l5-013,Geography,5,What is Actor-Network Theory in geography?,Communication,Humans and non-humans as equal actants,Social media,Transportation,Political networks,1,Bruno Latour's framework treating objects and humans symmetrically in networks
geo-l5-014,Geography,5,Which sedimentary basin type forms at divergent margins?,Foreland,Rift basin,Strike-slip,Passive margin,Forearc,1,The East African Rift System is a modern example of this basin type
geo-l5-015,Geography,5,What is the difference principle in spatial justice?,Equal distribution,Inequalities must benefit the least advantaged,Market efficiency,Utilitarian maximum,Libertarian rights,1,John Rawls' concept applied to geographical distribution of resources
geo-l5-016,Geography,5,Which paleoclimate proxy uses oxygen isotopes?,Tree rings,Ice cores and foraminifera,Pollen,Varves,Coral growth,1,18O/16O ratios in ice and shells indicate past temperature and ice volume
geo-l5-017,Geography,5,What is feminist political ecology?,Women in politics,"Gender, power, and environment intersections",Eco-feminism,Development theory,Conservation,1,This approach examines how gender shapes environmental access and knowledge
geo-l5-018,Geography,5,Which karst feature forms from underground collapse?,Stalactite,Stalagmite,Doline,Flowstone,Rimstone,2,"Also called sinkholes, these depressions form when carbonate rock dissolves"
geo-l5-019,Geography,5,What is the Anthropocene thesis?,Human evolution,Humans as geological force defining new epoch,Ancient history,Climate cycles,Biodiversity,1,This proposed epoch marks human activity as dominant influence on Earth systems
geo-l5-020,Geography,5,Which concept describes bounded rationality in migration?,Perfect information,Satisficing within knowledge constraints,Irrational behavior,Push-pull factors,Gravity model,1,Herbert Simon's concept: decisions made with limited information and cognitive ability
geo-l5-021,Geography,5,What is the relational approach to place?,Fixed location,Social and cultural construction,Absolute coordinates,Physical description,Economic value,1,This postmodern view sees places as created through human relationships and meanings
geo-l5-022,Geography,5,Which process dominates in paraglacial environments?,Wind erosion,Rapid mass wasting and sediment reworking,Chemical weathering,Glacial advance,Vegetation growth,1,Recently deglaciated areas experience intense geomorphic adjustment
geo-l5-023,Geography,5,What is the concept of non-representational theory?,Map accuracy,Focus on practices and embodiment over meaning,Statistical analysis,Remote sensing,Cartography,1,"This theory emphasizes performances, affects, and more-than-human geographies"
geo-l5-024,Geography,5,Which dating method uses cosmogenic nuclides?,Carbon-14,Beryllium-10 exposure dating,Potassium-argon,Uranium-thorium,Thermoluminescence,1,"Cosmic rays produce isotopes in surface rocks, dating landform exposure"
geo-l5-025,Geography,5,What is the gravity model in geography?,Tectonic force,Spatial interaction based on size and distance,Planetary orbit,Ocean tides,Isostatic adjustment,1,Migration and trade between places follow this inverse square relationship
geo-l5-026,Geography,5,Which concept describes uneven geographical development?,Equilibrium,Spatial fix,Homogeneity,Isotropic surface,Distance decay,1,David Harvey's concept of capital moving to resolve crises through space
geo-l5-027,Geography,5,What is autocorrelation in spatial analysis?,Time series,Nearby values are more similar,Map projection,Sampling error,Regression,1,Tobler's first law: near things are more related than distant things
geo-l5-028,Geography,5,Which weathering produces tafoni?,Freeze-thaw,Salt weathering in arid environments,Biological,Carbonation,Oxidation,1,These honeycomb weathering features form in sandstone and granite
geo-l5-029,Geography,5,What is the postcolonial critique of development?,Economic growth,Western-centric discourse imposing values,Technology transfer,Aid programs,Industrialization,1,This critique examines how 'development' perpetuates colonial power relations
geo-l5-030,Geography,5,Which geomorphic concept is dynamic equilibrium?,Static landscape,Fluctuating around average condition,Continuous degradation,Perfect balance,Cyclic erosion,1,Landforms adjust to changing conditions while maintaining overall form
geo-l5-031,Geography,5,What is the modifiable areal unit problem?,Measurement error,Results vary with spatial aggregation,Sampling bias,Map generalization,Coordinate systems,1,Different zone configurations produce different statistical results from same data
geo-l5-032,Geography,5,Which atmospheric wave causes blocking patterns?,Gravity waves,Rossby waves,Kelvin waves,Mountain waves,Sound waves,1,These planetary-scale waves in the jet stream can create persistent weather
geo-l5-033,Geography,5,What is Actor-Network Theory in geography?,Communication,Humans and non-humans as equal actants,Social media,Transportation,Political networks,1,Bruno Latour's framework treating objects and humans symmetrically in networks
geo-l5-034,Geography,5,Which sedimentary basin type forms at divergent margins?,Foreland,Rift basin,Strike-slip,Passive margin,Forearc,1,The East African Rift System is a modern example of this basin type
geo-l5-035,Geography,5,What is the difference principle in spatial justice?,Equal distribution,Inequalities must benefit the least advantaged,Market efficiency,Utilitarian maximum,Libertarian rights,1,John Rawls' concept applied to geographical distribution of resources
geo-l5-036,Geography,5,Which paleoclimate proxy uses oxygen isotopes?,Tree rings,Ice cores and foraminifera,Pollen,Varves,Coral growth,1,18O/16O ratios in ice and shells indicate past temperature and ice volume
geo-l5-037,Geography,5,What is feminist political ecology?,Women in politics,"Gender, power, and environment intersections",Eco-feminism,Development theory,Conservation,1,This approach examines how gender shapes environmental access and knowledge
geo-l5-038,Geography,5,Which karst feature forms from underground collapse?,Stalactite,Stalagmite,Doline,Flowstone,Rimstone,2,"Also called sinkholes, these depressions form when carbonate rock dissolves"
geo-l5-039,Geography,5,What is the Anthropocene thesis?,Human evolution,Humans as geological force defining new epoch,Ancient history,Climate cycles,Biodiversity,1,This proposed epoch marks human activity as dominant influence on Earth systems
geo-l5-040,Geography,5,Which concept describes bounded rationality in migration?,Perfect information,Satisficing within knowledge constraints,Irrational behavior,Push-pull factors,Gravity model,1,Herbert Simon's concept: decisions made with limited information and cognitive ability
geo-l5-041,Geography,5,What is the relational approach to place?,Fixed location,Social and cultural construction,Absolute coordinates,Physical description,Economic value,1,This postmodern view sees places as created through human relationships and meanings
geo-l5-042,Geography,5,Which process dominates in paraglacial environments?,Wind erosion,Rapid mass wasting and sediment reworking,Chemical weathering,Glacial advance,Vegetation growth,1,Recently deglaciated areas experience intense geomorphic adjustment
geo-l5-043,Geography,5,What is the concept of non-representational theory?,Map accuracy,Focus on practices and embodiment over meaning,Statistical analysis,Remote sensing,Cartography,1,"This theory emphasizes performances, affects, and more-than-human geographies"
geo-l5-044,Geography,5,Which dating method uses cosmogenic nuclides?,Carbon-14,Beryllium-10 exposure dating,Potassium-argon,Uranium-thorium,Thermoluminescence,1,"Cosmic rays produce isotopes in surface rocks, dating landform exposure"
geo-l5-045,Geography,5,What is the gravity model in geography?,Tectonic force,Spatial interaction based on size and distance,Planetary orbit,Ocean tides,Isostatic adjustment,1,Migration and trade between places follow this inverse square relationship
geo-l5-046,Geography,5,Which concept describes uneven geographical development?,Equilibrium,Spatial fix,Homogeneity,Isotropic surface,Distance decay,1,David Harvey's concept of capital moving to resolve crises through space
geo-l5-047,Geography,5,What is autocorrelation in spatial analysis?,Time series,Nearby values are more similar,Map projection,Sampling error,Regression,1,Tobler's first law: near things are more related than distant things
geo-l5-048,Geography,5,Which weathering produces tafoni?,Freeze-thaw,Salt weathering in arid environments,Biological,Carbonation,Oxidation,1,These honeycomb weathering features form in sandstone and granite
geo-l5-049,Geography,5,What is the postcolonial critique of development?,Economic growth,Western-centric discourse imposing values,Technology transfer,Aid programs,Industrialization,1,This critique examines how 'development' perpetuates colonial power relations
geo-l5-050,Geography,5,Which geomorphic concept is dynamic equilibrium?,Static landscape,Fluctuating around average condition,Continuous degradation,Perfect balance,Cyclic erosion,1,Landforms adjust to changing conditions while maintaining overall form
geo-l5-051,Geography,5,What is the modifiable areal unit problem?,Measurement error,Results vary with spatial aggregation,Sampling bias,Map generalization,Coordinate systems,1,Different zone configurations produce different statistical results from same data
geo-l5-052,Geography,5,Which atmospheric wave causes blocking patterns?,Gravity waves,Rossby waves,Kelvin waves,Mountain waves,Sound waves,1,These planetary-scale waves in the jet stream can create persistent weather
geo-l5-053,Geography,5,What is Actor-Network Theory in geography?,Communication,Humans and non-humans as equal actants,Social media,Transportation,Political networks,1,Bruno Latour's framework treating objects and humans symmetrically in networks
geo-l5-054,Geography,5,Which sedimentary basin type forms at divergent margins?,Foreland,Rift basin,Strike-slip,Passive margin,Forearc,1,The East African Rift System is a modern example of this basin type
geo-l5-055,Geography,5,What is the difference principle in spatial justice?,Equal distribution,Inequalities must benefit the least advantaged,Market efficiency,Utilitarian maximum,Libertarian rights,1,John Rawls' concept applied to geographical distribution of resources
geo-l5-056,Geography,5,Which paleoclimate proxy uses oxygen isotopes?,Tree rings,Ice cores and foraminifera,Pollen,Varves,Coral growth,1,18O/16O ratios in ice and shells indicate past temperature and ice volume
geo-l5-057,Geography,5,What is feminist political ecology?,Women in politics,"Gender, power, and environment intersections",Eco-feminism,Development theory,Conservation,1,This approach examines how gender shapes environmental access and knowledge
geo-l5-058,Geography,5,Which karst feature forms from underground collapse?,Stalactite,Stalagmite,Doline,Flowstone,Rimstone,2,"Also called sinkholes, these depressions form when carbonate rock dissolves"
geo-l5-059,Geography,5,What is the Anthropocene thesis?,Human evolution,Humans as geological force defining new epoch,Ancient history,Climate cycles,Biodiversity,1,This proposed epoch marks human activity as dominant influence on Earth systems
geo-l5-060,Geography,5,Which concept describes bounded rationality in migration?,Perfect information,Satisficing within knowledge constraints,Irrational behavior,Push-pull factors,Gravity model,1,Herbert Simon's concept: decisions made with limited information and cognitive ability
geo-l5-061,Geography,5,What is the relational approach to place?,Fixed location,Social and cultural construction,Absolute coordinates,Physical description,Economic value,1,This postmodern view sees places as created through human relationships and meanings
geo-l5-062,Geography,5,Which process dominates in paraglacial environments?,Wind erosion,Rapid mass wasting and sediment reworking,Chemical weathering,Glacial advance,Vegetation growth,1,Recently deglaciated areas experience intense geomorphic adjustment
geo-l5-063,Geography,5,What is the concept of non-representational theory?,Map accuracy,Focus on practices and embodiment over meaning,Statistical analysis,Remote sensing,Cartography,1,"This theory emphasizes performances, affects, and more-than-human geographies"
geo-l5-064,Geography,5,Which dating method uses cosmogenic nuclides?,Carbon-14,Beryllium-10 exposure dating,Potassium-argon,Uranium-thorium,Thermoluminescence,1,"Cosmic rays produce isotopes in surface rocks, dating landform exposure"
geo-l5-065,Geography,5,What is the gravity model in geography?,Tectonic force,Spatial interaction based on size and distance,Planetary orbit,Ocean tides,Isostatic adjustment,1,Migration and trade between places follow this inverse square relationship
geo-l5-066,Geography,5,Which concept describes uneven geographical development?,Equilibrium,Spatial fix,Homogeneity,Isotropic surface,Distance decay,1,David Harvey's concept of capital moving to resolve crises through space
geo-l5-067,Geography,5,What is autocorrelation in spatial analysis?,Time series,Nearby values are more similar,Map projection,Sampling error,Regression,1,Tobler's first law: near things are more related than distant things
geo-l5-068,Geography,5,Which weathering produces tafoni?,Freeze-thaw,Salt weathering in arid environments,Biological,Carbonation,Oxidation,1,These honeycomb weathering features form in sandstone and granite
geo-l5-069,Geography,5,What is the postcolonial critique of development?,Economic growth,Western-centric discourse imposing values,Technology transfer,Aid programs,Industrialization,1,This critique examines how 'development' perpetuates colonial power relations
geo-l5-070,Geography,5,Which geomorphic concept is dynamic equilibrium?,Static landscape,Fluctuating around average condition,Continuous degradation,Perfect balance,Cyclic erosion,1,Landforms adjust to changing conditions while maintaining overall form
geo-l5-071,Geography,5,What is the modifiable areal unit problem?,Measurement error,Results vary with spatial aggregation,Sampling bias,Map generalization,Coordinate systems,1,Different zone configurations produce different statistical results from same data
geo-l5-072,Geography,5,Which atmospheric wave causes blocking patterns?,Gravity waves,Rossby waves,Kelvin waves,Mountain waves,Sound waves,1,These planetary-scale waves in the jet stream can create persistent weather
geo-l5-073,Geography,5,What is Actor-Network Theory in geography?,Communication,Humans and non-humans as equal actants,Social media,Transportation,Political networks,1,Bruno Latour's framework treating objects and humans symmetrically in networks
geo-l5-074,Geography,5,Which sedimentary basin type forms at divergent margins?,Foreland,Rift basin,Strike-slip,Passive margin,Forearc,1,The East African Rift System is a modern example of this basin type
geo-l5-075,Geography,5,What is the difference principle in spatial justice?,Equal distribution,Inequalities must benefit the least advantaged,Market efficiency,Utilitarian maximum,Libertarian rights,1,John Rawls' concept applied to geographical distribution of resources
geo-l5-076,Geography,5,Which paleoclimate proxy uses oxygen isotopes?,Tree rings,Ice cores and foraminifera,Pollen,Varves,Coral growth,1,18O/16O ratios in ice and shells indicate past temperature and ice volume
geo-l5-077,Geography,5,What is feminist political ecology?,Women in politics,"Gender, power, and environment intersections",Eco-feminism,Development theory,Conservation,1,This approach examines how gender shapes environmental access and knowledge
geo-l5-078,Geography,5,Which karst feature forms from underground collapse?,Stalactite,Stalagmite,Doline,Flowstone,Rimstone,2,"Also called sinkholes, these depressions form when carbonate rock dissolves"
geo-l5-079,Geography,5,What is the Anthropocene thesis?,Human evolution,Humans as geological force defining new epoch,Ancient history,Climate cycles,Biodiversity,1,This proposed epoch marks human activity as dominant influence on Earth systems
geo-l5-080,Geography,5,Which concept describes bounded rationality in migration?,Perfect information,Satisficing within knowledge constraints,Irrational behavior,Push-pull factors,Gravity model,1,Herbert Simon's concept: decisions made with limited information and cognitive ability
geo-l5-081,Geography,5,What is the relational approach to place?,Fixed location,Social and cultural construction,Absolute coordinates,Physical description,Economic value,1,This postmodern view sees places as created through human relationships and meanings
geo-l5-082,Geography,5,Which process dominates in paraglacial environments?,Wind erosion,Rapid mass wasting and sediment reworking,Chemical weathering,Glacial advance,Vegetation growth,1,Recently deglaciated areas experience intense geomorphic adjustment
geo-l5-083,Geography,5,What is the concept of non-representational theory?,Map accuracy,Focus on practices and embodiment over meaning,Statistical analysis,Remote sensing,Cartography,1,"This theory emphasizes performances, affects, and more-than-human geographies"
geo-l5-084,Geography,5,Which dating method uses cosmogenic nuclides?,Carbon-14,Beryllium-10 exposure dating,Potassium-argon,Uranium-thorium,Thermoluminescence,1,"Cosmic rays produce isotopes in surface rocks, dating landform exposure"
geo-l5-085,Geography,5,What is the gravity model in geography?,Tectonic force,Spatial interaction based on size and distance,Planetary orbit,Ocean tides,Isostatic adjustment,1,Migration and trade between places follow this inverse square relationship
geo-l5-086,Geography,5,Which concept describes uneven geographical development?,Equilibrium,Spatial fix,Homogeneity,Isotropic surface,Distance decay,1,David Harvey's concept of capital moving to resolve crises through space
geo-l5-087,Geography,5,What is autocorrelation in spatial analysis?,Time series,Nearby values are more similar,Map projection,Sampling error,Regression,1,Tobler's first law: near things are more related than distant things
geo-l5-088,Geography,5,Which weathering produces tafoni?,Freeze-thaw,Salt weathering in arid environments,Biological,Carbonation,Oxidation,1,These honeycomb weathering features form in sandstone and granite
geo-l5-089,Geography,5,What is the postcolonial critique of development?,Economic growth,Western-centric discourse imposing values,Technology transfer,Aid programs,Industrialization,1,This critique examines how 'development' perpetuates colonial power relations
geo-l5-090,Geography,5,Which geomorphic concept is dynamic equilibrium?,Static landscape,Fluctuating around average condition,Continuous degradation,Perfect balance,Cyclic erosion,1,Landforms adjust to changing conditions while maintaining overall form
geo-l5-091,Geography,5,What is the modifiable areal unit problem?,Measurement error,Results vary with spatial aggregation,Sampling bias,Map generalization,Coordinate systems,1,Different zone configurations produce different statistical results from same data
geo-l5-092,Geography,5,Which atmospheric wave causes blocking patterns?,Gravity waves,Rossby waves,Kelvin waves,Mountain waves,Sound waves,1,These planetary-scale waves in the jet stream can create persistent weather
geo-l5-093,Geography,5,What is Actor-Network Theory in geography?,Communication,Humans and non-humans as equal actants,Social media,Transportation,Political networks,1,Bruno Latour's framework treating objects and humans symmetrically in networks
geo-l5-094,Geography,5,Which sedimentary basin type forms at divergent margins?,Foreland,Rift basin,Strike-slip,Passive margin,Forearc,1,The East African Rift System is a modern example of this basin type
geo-l5-095,Geography,5,What is the difference principle in spatial justice?,Equal distribution,Inequalities must benefit the least advantaged,Market efficiency,Utilitarian maximum,Libertarian rights,1,John Rawls' concept applied to geographical distribution of resources
geo-l5-096,Geography,5,Which paleoclimate proxy uses oxygen isotopes?,Tree rings,Ice cores and foraminifera,Pollen,Varves,Coral growth,1,18O/16O ratios in ice and shells indicate past temperature and ice volume
geo-l5-097,Geography,5,What is feminist political ecology?,Women in politics,"Gender, power, and environment intersections",Eco-feminism,Development theory,Conservation,1,This approach examines how gender shapes environmental access and knowledge
geo-l5-098,Geography,5,Which karst feature forms from underground collapse?,Stalactite,Stalagmite,Doline,Flowstone,Rimstone,2,"Also called sinkholes, these depressions form when carbonate rock dissolves"
geo-l5-099,Geography,5,What is the Anthropocene thesis?,Human evolution,Humans as geological force defining new epoch,Ancient history,Climate cycles,Biodiversity,1,This proposed epoch marks human activity as dominant influence on Earth systems
geo-l5-100,Geography,5,Which concept describes bounded rationality in migration?,Perfect information,Satisficing within knowledge constraints,Irrational behavior,Push-pull factors,Gravity model,1,Herbert Simon's concept: decisions made with limited information and cognitive ability
mat-l1-001,Math,1,What is 7 + 8?,13,14,15,16,17,2,Add the single digits together to get a number in the teens
mat-l1-002,Math,1,What is 12 - 5?,6,7,8,9,10,1,Subtract 5 from 12 by counting backwards
mat-l1-003,Math,1,What is 6 × 3?,15,16,17,18,19,3,Multiply means adding 6 three times
mat-l1-004,Math,1,What is 20 ÷ 4?,4,5,6,7,8,1,How many groups of 4 can you make from 20?
mat-l1-005,Math,1,What is 50% of 100?,25,40,50,75,100,2,50% means half of the number
mat-l1-006,Math,1,What is the perimeter of a square with side 5?,10,15,20,25,30,3,Add all four sides of the square
mat-l1-007,Math,1,What is 3/4 as a decimal?,0.25,0.5,0.75,1.0,1.25,2,Divide 3 by 4 to convert fraction to decimal
mat-l1-008,Math,1,"What is the next number: 2, 4, 6, 8, ...?",9,10,11,12,14,1,The pattern adds 2 each time
mat-l1-009,Math,1,What is the area of a rectangle 5 × 3?,8,12,15,16,18,2,Multiply length times width
mat-l1-010,Math,1,How many degrees in a right angle?,45,60,90,180,360,2,A right angle is a quarter of a full rotation
mat-l1-011,Math,1,What is 100 - 37?,53,63,67,73,83,1,Subtract 37 from 100 carefully
mat-l1-012,Math,1,What is 1/2 + 1/4?,1/6,2/6,3/4,1/3,2/3,2,"Find common denominator 4, then add fractions"
mat-l1-013,Math,1,What is the value of 2³?,4,6,8,9,16,2,2³ means 2 × 2 × 2
mat-l1-014,Math,1,What is 15% of 200?,20,25,30,35,40,2,Calculate 15 per hundred of 200
mat-l1-015,Math,1,How many sides does a hexagon have?,4,5,6,7,8,2,The prefix 'hex' means six
mat-l1-016,Math,1,"What is the median of 3, 7, 5, 9, 1?",3,5,7,9,5.5,1,Arrange in order and find the middle number
mat-l1-017,Math,1,What is 0.5 × 10?,0.5,5,50,0.05,500,1,Move the decimal point one place right
mat-l1-018,Math,1,What is the sum of angles in a triangle?,90°,180°,270°,360°,540°,1,All three angles always add to this value
mat-l1-019,Math,1,What is 25 × 4?,80,90,100,110,120,2,"Think of 25 as a quarter, so 4 quarters make..."
mat-l1-020,Math,1,What is √16?,2,3,4,5,8,2,What number multiplied by itself equals 16?
mat-l1-021,Math,1,What is 7 + 8?,13,14,15,16,17,2,Add the single digits together to get a number in the teens
mat-l1-022,Math,1,What is 12 - 5?,6,7,8,9,10,1,Subtract 5 from 12 by counting backwards
mat-l1-023,Math,1,What is 6 × 3?,15,16,17,18,19,3,Multiply means adding 6 three times
mat-l1-024,Math,1,What is 20 ÷ 4?,4,5,6,7,8,1,How many groups of 4 can you make from 20?
mat-l1-025,Math,1,What is 50% of 100?,25,40,50,75,100,2,50% means half of the number
mat-l1-026,Math,1,What is the perimeter of a square with side 5?,10,15,20,25,30,3,Add all four sides of the square
mat-l1-027,Math,1,What is 3/4 as a decimal?,0.25,0.5,0.75,1.0,1.25,2,Divide 3 by 4 to convert fraction to decimal
mat-l1-028,Math,1,"What is the next number: 2, 4, 6, 8, ...?",9,10,11,12,14,1,The pattern adds 2 each time
mat-l1-029,Math,1,What is the area of a rectangle 5 × 3?,8,12,15,16,18,2,Multiply length times width
mat-l1-030,Math,1,How many degrees in a right angle?,45,60,90,180,360,2,A right angle is a quarter of a full rotation
mat-l1-031,Math,1,What is 100 - 37?,53,63,67,73,83,1,Subtract 37 from 100 carefully
mat-l1-032,Math,1,What is 1/2 + 1/4?,1/6,2/6,3/4,1/3,2/3,2,"Find common denominator 4, then add fractions"
mat-l1-033,Math,1,What is the value of 2³?,4,6,8,9,16,2,2³ means 2 × 2 × 2
mat-l1-034,Math,1,What is 15% of 200?,20,25,30,35,40,2,Calculate 15 per hundred of 200
mat-l1-035,Math,1,How many sides does a hexagon have?,4,5,6,7,8,2,The prefix 'hex' means six
mat-l1-036,Math,1,"What is the median of 3, 7, 5, 9, 1?",3,5,7,9,5.5,1,Arrange in order and find the middle number
mat-l1-037,Math,1,What is 0.5 × 10?,0.5,5,50,0.05,500,1,Move the decimal point one place right
mat-l1-038,Math,1,What is the sum of angles in a triangle?,90°,180°,270°,360°,540°,1,All three angles always add to this value
mat-l1-039,Math,1,What is 25 × 4?,80,90,100,110,120,2,"Think of 25 as a quarter, so 4 quarters make..."
mat-l1-040,Math,1,What is √16?,2,3,4,5,8,2,What number multiplied by itself equals 16?
mat-l1-041,Math,1,What is 7 + 8?,13,14,15,16,17,2,Add the single digits together to get a number in the teens
mat-l1-042,Math,1,What is 12 - 5?,6,7,8,9,10,1,Subtract 5 from 12 by counting backwards
mat-l1-043,Math,1,What is 6 × 3?,15,16,17,18,19,3,Multiply means adding 6 three times
mat-l1-044,Math,1,What is 20 ÷ 4?,4,5,6,7,8,1,How many groups of 4 can you make from 20?
mat-l1-045,Math,1,What is 50% of 100?,25,40,50,75,100,2,50% means half of the number
mat-l1-046,Math,1,What is the perimeter of a square with side 5?,10,15,20,25,30,3,Add all four sides of the square
mat-l1-047,Math,1,What is 3/4 as a decimal?,0.25,0.5,0.75,1.0,1.25,2,Divide 3 by 4 to convert fraction to decimal
mat-l1-048,Math,1,"What is the next number: 2, 4, 6, 8, ...?",9,10,11,12,14,1,The pattern adds 2 each time
mat-l1-049,Math,1,What is the area of a rectangle 5 × 3?,8,12,15,16,18,2,Multiply length times width
mat-l1-050,Math,1,How many degrees in a right angle?,45,60,90,180,360,2,A right angle is a quarter of a full rotation
mat-l1-051,Math,1,What is 100 - 37?,53,63,67,73,83,1,Subtract 37 from 100 carefully
mat-l1-052,Math,1,What is 1/2 + 1/4?,1/6,2/6,3/4,1/3,2/3,2,"Find common denominator 4, then add fractions"
mat-l1-053,Math,1,What is the value of 2³?,4,6,8,9,16,2,2³ means 2 × 2 × 2
mat-l1-054,Math,1,What is 15% of 200?,20,25,30,35,40,2,Calculate 15 per hundred of 200
mat-l1-055,Math,1,How many sides does a hexagon have?,4,5,6,7,8,2,The prefix 'hex' means six
mat-l1-056,Math,1,"What is the median of 3, 7, 5, 9, 1?",3,5,7,9,5.5,1,Arrange in order and find the middle number
mat-l1-057,Math,1,What is 0.5 × 10?,0.5,5,50,0.05,500,1,Move the decimal point one place right
mat-l1-058,Math,1,What is the sum of angles in a triangle?,90°,180°,270°,360°,540°,1,All three angles always add to this value
mat-l1-059,Math,1,What is 25 × 4?,80,90,100,110,120,2,"Think of 25 as a quarter, so 4 quarters make..."
mat-l1-060,Math,1,What is √16?,2,3,4,5,8,2,What number multiplied by itself equals 16?
mat-l1-061,Math,1,What is 7 + 8?,13,14,15,16,17,2,Add the single digits together to get a number in the teens
mat-l1-062,Math,1,What is 12 - 5?,6,7,8,9,10,1,Subtract 5 from 12 by counting backwards
mat-l1-063,Math,1,What is 6 × 3?,15,16,17,18,19,3,Multiply means adding 6 three times
mat-l1-064,Math,1,What is 20 ÷ 4?,4,5,6,7,8,1,How many groups of 4 can you make from 20?
mat-l1-065,Math,1,What is 50% of 100?,25,40,50,75,100,2,50% means half of the number
mat-l1-066,Math,1,What is the perimeter of a square with side 5?,10,15,20,25,30,3,Add all four sides of the square
mat-l1-067,Math,1,What is 3/4 as a decimal?,0.25,0.5,0.75,1.0,1.25,2,Divide 3 by 4 to convert fraction to decimal
mat-l1-068,Math,1,"What is the next number: 2, 4, 6, 8, ...?",9,10,11,12,14,1,The pattern adds 2 each time
mat-l1-069,Math,1,What is the area of a rectangle 5 × 3?,8,12,15,16,18,2,Multiply length times width
mat-l1-070,Math,1,How many degrees in a right angle?,45,60,90,180,360,2,A right angle is a quarter of a full rotation
mat-l1-071,Math,1,What is 100 - 37?,53,63,67,73,83,1,Subtract 37 from 100 carefully
mat-l1-072,Math,1,What is 1/2 + 1/4?,1/6,2/6,3/4,1/3,2/3,2,"Find common denominator 4, then add fractions"
mat-l1-073,Math,1,What is the value of 2³?,4,6,8,9,16,2,2³ means 2 × 2 × 2
mat-l1-074,Math,1,What is 15% of 200?,20,25,30,35,40,2,Calculate 15 per hundred of 200
mat-l1-075,Math,1,How many sides does a hexagon have?,4,5,6,7,8,2,The prefix 'hex' means six
mat-l1-076,Math,1,"What is the median of 3, 7, 5, 9, 1?",3,5,7,9,5.5,1,Arrange in order and find the middle number
mat-l1-077,Math,1,What is 0.5 × 10?,0.5,5,50,0.05,500,1,Move the decimal point one place right
mat-l1-078,Math,1,What is the sum of angles in a triangle?,90°,180°,270°,360°,540°,1,All three angles always add to this value
mat-l1-079,Math,1,What is 25 × 4?,80,90,100,110,120,2,"Think of 25 as a quarter, so 4 quarters make..."
mat-l1-080,Math,1,What is √16?,2,3,4,5,8,2,What number multiplied by itself equals 16?
mat-l1-081,Math,1,What is 7 + 8?,13,14,15,16,17,2,Add the single digits together to get a number in the teens
mat-l1-082,Math,1,What is 12 - 5?,6,7,8,9,10,1,Subtract 5 from 12 by counting backwards
mat-l1-083,Math,1,What is 6 × 3?,15,16,17,18,19,3,Multiply means adding 6 three times
mat-l1-084,Math,1,What is 20 ÷ 4?,4,5,6,7,8,1,How many groups of 4 can you make from 20?
mat-l1-085,Math,1,What is 50% of 100?,25,40,50,75,100,2,50% means half of the number
mat-l1-086,Math,1,What is the perimeter of a square with side 5?,10,15,20,25,30,3,Add all four sides of the square
mat-l1-087,Math,1,What is 3/4 as a decimal?,0.25,0.5,0.75,1.0,1.25,2,Divide 3 by 4 to convert fraction to decimal
mat-l1-088,Math,1,"What is the next number: 2, 4, 6, 8, ...?",9,10,11,12,14,1,The pattern adds 2 each time
mat-l1-089,Math,1,What is the area of a rectangle 5 × 3?,8,12,15,16,18,2,Multiply length times width
mat-l1-090,Math,1,How many degrees in a right angle?,45,60,90,180,360,2,A right angle is a quarter of a full rotation
mat-l1-091,Math,1,What is 100 - 37?,53,63,67,73,83,1,Subtract 37 from 100 carefully
mat-l1-092,Math,1,What is 1/2 + 1/4?,1/6,2/6,3/4,1/3,2/3,2,"Find common denominator 4, then add fractions"
mat-l1-093,Math,1,What is the value of 2³?,4,6,8,9,16,2,2³ means 2 × 2 × 2
mat-l1-094,Math,1,What is 15% of 200?,20,25,30,35,40,2,Calculate 15 per hundred of 200
mat-l1-095,Math,1,How many sides does a hexagon have?,4,5,6,7,8,2,The prefix 'hex' means six
mat-l1-096,Math,1,"What is the median of 3, 7, 5, 9, 1?",3,5,7,9,5.5,1,Arrange in order and find the middle number
mat-l1-097,Math,1,What is 0.5 × 10?,0.5,5,50,0.05,500,1,Move the decimal point one place right
mat-l1-098,Math,1,What is the sum of angles in a triangle?,90°,180°,270°,360°,540°,1,All three angles always add to this value
mat-l1-099,Math,1,What is 25 × 4?,80,90,100,110,120,2,"Think of 25 as a quarter, so 4 quarters make..."
mat-l1-100,Math,1,What is √16?,2,3,4,5,8,2,What number multiplied by itself equals 16?
mat-l2-001,Math,2,"What is the slope of a line through (0,0) and (2,4)?",1,2,3,4,1/2,1,Rise over run: change in y divided by change in x
mat-l2-002,Math,2,What is the formula for the area of a circle?,2πr,πr²,πd,2πr²,4πr,1,Pi times the radius squared
mat-l2-003,Math,2,Solve for x: 2x + 5 = 13,3,4,5,6,7,1,"Subtract 5 from both sides, then divide by 2"
mat-l2-004,Math,2,What is the prime factorization of 24?,2 × 12,3 × 8,2³ × 3,4 × 6,2² × 6,2,Break 24 down into its prime number factors
mat-l2-005,Math,2,What is sin(30°)?,0,0.5,0.707,0.866,1,1,This basic trigonometric value is 1/2
mat-l2-006,Math,2,What is the greatest common factor of 12 and 18?,2,3,6,9,12,2,The largest number that divides both evenly
mat-l2-007,Math,2,What is (x + 3)(x - 2) expanded?,x² + x - 6,x² - x - 6,x² + 5x - 6,x² - 5x + 6,x² + x + 6,0,"Use FOIL: First, Outer, Inner, Last"
mat-l2-008,Math,2,What is the Pythagorean theorem?,a + b = c,a² + b² = c²,a × b = c,a/b = c,2a + 2b = c,1,"For right triangles, relates the sides to the hypotenuse"
mat-l2-009,Math,2,What is 25% of 80?,15,18,20,22,25,2,Find one quarter of 80
mat-l2-010,Math,2,What is the volume of a cube with side 3?,9,18,27,36,81,2,Multiply length × width × height (all are 3)
mat-l2-011,Math,2,Solve: x² = 25,x = 5,x = ±5,x = 25,x = 12.5,x = 5²,1,Remember both positive and negative roots
mat-l2-012,Math,2,What is log₁₀(100)?,1,2,10,100,1000,1,10 to what power equals 100?
mat-l2-013,Math,2,"What is the mean of 4, 8, 12, 16?",8,10,12,14,16,1,Add all numbers and divide by how many there are
mat-l2-014,Math,2,What is 3! (factorial)?,3,6,9,12,27,1,3 × 2 × 1
mat-l2-015,Math,2,"What is the distance between (0,0) and (3,4)?",3,4,5,7,25,2,Use the Pythagorean theorem: √(3² + 4²)
mat-l2-016,Math,2,What is the quadratic formula for ax² + bx + c = 0?,x = -b/2a,x = (-b ± √(b² - 4ac))/2a,x = b²/4ac,x = -c/b,x = √b,1,The standard formula for solving quadratic equations
mat-l2-017,Math,2,What is 2⁻³?,1/6,1/8,1/9,-6,-8,1,Negative exponent means 1 divided by 2³
mat-l2-018,Math,2,What is the circumference of a circle with radius 5?,5π,10π,25π,15π,20π,1,Use formula 2πr
mat-l2-019,Math,2,"What is the mode of 2, 3, 3, 5, 7, 3, 9?",2,3,5,7,9,1,The number that appears most frequently
mat-l2-020,Math,2,What is 40% of 150?,50,55,60,65,70,2,Calculate 40 per hundred of 150
mat-l2-021,Math,2,"What is the slope of a line through (0,0) and (2,4)?",1,2,3,4,1/2,1,Rise over run: change in y divided by change in x
mat-l2-022,Math,2,What is the formula for the area of a circle?,2πr,πr²,πd,2πr²,4πr,1,Pi times the radius squared
mat-l2-023,Math,2,Solve for x: 2x + 5 = 13,3,4,5,6,7,1,"Subtract 5 from both sides, then divide by 2"
mat-l2-024,Math,2,What is the prime factorization of 24?,2 × 12,3 × 8,2³ × 3,4 × 6,2² × 6,2,Break 24 down into its prime number factors
mat-l2-025,Math,2,What is sin(30°)?,0,0.5,0.707,0.866,1,1,This basic trigonometric value is 1/2
mat-l2-026,Math,2,What is the greatest common factor of 12 and 18?,2,3,6,9,12,2,The largest number that divides both evenly
mat-l2-027,Math,2,What is (x + 3)(x - 2) expanded?,x² + x - 6,x² - x - 6,x² + 5x - 6,x² - 5x + 6,x² + x + 6,0,"Use FOIL: First, Outer, Inner, Last"
mat-l2-028,Math,2,What is the Pythagorean theorem?,a + b = c,a² + b² = c²,a × b = c,a/b = c,2a + 2b = c,1,"For right triangles, relates the sides to the hypotenuse"
mat-l2-029,Math,2,What is 25% of 80?,15,18,20,22,25,2,Find one quarter of 80
mat-l2-030,Math,2,What is the volume of a cube with side 3?,9,18,27,36,81,2,Multiply length × width × height (all are 3)
mat-l2-031,Math,2,Solve: x² = 25,x = 5,x = ±5,x = 25,x = 12.5,x = 5²,1,Remember both positive and negative roots
mat-l2-032,Math,2,What is log₁₀(100)?,1,2,10,100,1000,1,10 to what power equals 100?
mat-l2-033,Math,2,"What is the mean of 4, 8, 12, 16?",8,10,12,14,16,1,Add all numbers and divide by how many there are
mat-l2-034,Math,2,What is 3! (factorial)?,3,6,9,12,27,1,3 × 2 × 1
mat-l2-035,Math,2,"What is the distance between (0,0) and (3,4)?",3,4,5,7,25,2,Use the Pythagorean theorem: √(3² + 4²)
mat-l2-036,Math,2,What is the quadratic formula for ax² + bx + c = 0?,x = -b/2a,x = (-b ± √(b² - 4ac))/2a,x = b²/4ac,x = -c/b,x = √b,1,The standard formula for solving quadratic equations
mat-l2-037,Math,2,What is 2⁻³?,1/6,1/8,1/9,-6,-8,1,Negative exponent means 1 divided by 2³
mat-l2-038,Math,2,What is the circumference of a circle with radius 5?,5π,10π,25π,15π,20π,1,Use formula 2πr
mat-l2-039,Math,2,"What is the mode of 2, 3, 3, 5, 7, 3, 9?",2,3,5,7,9,1,The number that appears most frequently
mat-l2-040,Math,2,What is 40% of 150?,50,55,60,65,70,2,Calculate 40 per hundred of 150
mat-l2-041,Math,2,"What is the slope of a line through (0,0) and (2,4)?",1,2,3,4,1/2,1,Rise over run: change in y divided by change in x
mat-l2-042,Math,2,What is the formula for the area of a circle?,2πr,πr²,πd,2πr²,4πr,1,Pi times the radius squared
mat-l2-043,Math,2,Solve for x: 2x + 5 = 13,3,4,5,6,7,1,"Subtract 5 from both sides, then divide by 2"
mat-l2-044,Math,2,What is the prime factorization of 24?,2 × 12,3 × 8,2³ × 3,4 × 6,2² × 6,2,Break 24 down into its prime number factors
mat-l2-045,Math,2,What is sin(30°)?,0,0.5,0.707,0.866,1,1,This basic trigonometric value is 1/2
mat-l2-046,Math,2,What is the greatest common factor of 12 and 18?,2,3,6,9,12,2,The largest number that divides both evenly
mat-l2-047,Math,2,What is (x + 3)(x - 2) expanded?,x² + x - 6,x² - x - 6,x² + 5x - 6,x² - 5x + 6,x² + x + 6,0,"Use FOIL: First, Outer, Inner, Last"
mat-l2-048,Math,2,What is the Pythagorean theorem?,a + b = c,a² + b² = c²,a × b = c,a/b = c,2a + 2b = c,1,"For right triangles, relates the sides to the hypotenuse"
mat-l2-049,Math,2,What is 25% of 80?,15,18,20,22,25,2,Find one quarter of 80
mat-l2-050,Math,2,What is the volume of a cube with side 3?,9,18,27,36,81,2,Multiply length × width × height (all are 3)
mat-l2-051,Math,2,Solve: x² = 25,x = 5,x = ±5,x = 25,x = 12.5,x = 5²,1,Remember both positive and negative roots
mat-l2-052,Math,2,What is log₁₀(100)?,1,2,10,100,1000,1,10 to what power equals 100?
mat-l2-053,Math,2,"What is the mean of 4, 8, 12, 16?",8,10,12,14,16,1,Add all numbers and divide by how many there are
mat-l2-054,Math,2,What is 3! (factorial)?,3,6,9,12,27,1,3 × 2 × 1
mat-l2-055,Math,2,"What is the distance between (0,0) and (3,4)?",3,4,5,7,25,2,Use the Pythagorean theorem: √(3² + 4²)
mat-l2-056,Math,2,What is the quadratic formula for ax² + bx + c = 0?,x = -b/2a,x = (-b ± √(b² - 4ac))/2a,x = b²/4ac,x = -c/b,x = √b,1,The standard formula for solving quadratic equations
mat-l2-057,Math,2,What is 2⁻³?,1/6,1/8,1/9,-6,-8,1,Negative exponent means 1 divided by 2³
mat-l2-058,Math,2,What is the circumference of a circle with radius 5?,5π,10π,25π,15π,20π,1,Use formula 2πr
mat-l2-059,Math,2,"What is the mode of 2, 3, 3, 5, 7, 3, 9?",2,3,5,7,9,1,The number that appears most frequently
mat-l2-060,Math,2,What is 40% of 150?,50,55,60,65,70,2,Calculate 40 per hundred of 150
mat-l2-061,Math,2,"What is the slope of a line through (0,0) and (2,4)?",1,2,3,4,1/2,1,Rise over run: change in y divided by change in x
mat-l2-062,Math,2,What is the formula for the area of a circle?,2πr,πr²,πd,2πr²,4πr,1,Pi times the radius squared
mat-l2-063,Math,2,Solve for x: 2x + 5 = 13,3,4,5,6,7,1,"Subtract 5 from both sides, then divide by 2"
mat-l2-064,Math,2,What is the prime factorization of 24?,2 × 12,3 × 8,2³ × 3,4 × 6,2² × 6,2,Break 24 down into its prime number factors
mat-l2-065,Math,2,What is sin(30°)?,0,0.5,0.707,0.866,1,1,This basic trigonometric value is 1/2
mat-l2-066,Math,2,What is the greatest common factor of 12 and 18?,2,3,6,9,12,2,The largest number that divides both evenly
mat-l2-067,Math,2,What is (x + 3)(x - 2) expanded?,x² + x - 6,x² - x - 6,x² + 5x - 6,x² - 5x + 6,x² + x + 6,0,"Use FOIL: First, Outer, Inner, Last"
mat-l2-068,Math,2,What is the Pythagorean theorem?,a + b = c,a² + b² = c²,a × b = c,a/b = c,2a + 2b = c,1,"For right triangles, relates the sides to the hypotenuse"
mat-l2-069,Math,2,What is 25% of 80?,15,18,20,22,25,2,Find one quarter of 80
mat-l2-070,Math,2,What is the volume of a cube with side 3?,9,18,27,36,81,2,Multiply length × width × height (all are 3)
mat-l2-071,Math,2,Solve: x² = 25,x = 5,x = ±5,x = 25,x = 12.5,x = 5²,1,Remember both positive and negative roots
mat-l2-072,Math,2,What is log₁₀(100)?,1,2,10,100,1000,1,10 to what power equals 100?
mat-l2-073,Math,2,"What is the mean of 4, 8, 12, 16?",8,10,12,14,16,1,Add all numbers and divide by how many there are
mat-l2-074,Math,2,What is 3! (factorial)?,3,6,9,12,27,1,3 × 2 × 1
mat-l2-075,Math,2,"What is the distance between (0,0) and (3,4)?",3,4,5,7,25,2,Use the Pythagorean theorem: √(3² + 4²)
mat-l2-076,Math,2,What is the quadratic formula for ax² + bx + c = 0?,x = -b/2a,x = (-b ± √(b² - 4ac))/2a,x = b²/4ac,x = -c/b,x = √b,1,The standard formula for solving quadratic equations
mat-l2-077,Math,2,What is 2⁻³?,1/6,1/8,1/9,-6,-8,1,Negative exponent means 1 divided by 2³
mat-l2-078,Math,2,What is the circumference of a circle with radius 5?,5π,10π,25π,15π,20π,1,Use formula 2πr
mat-l2-079,Math,2,"What is the mode of 2, 3, 3, 5, 7, 3, 9?",2,3,5,7,9,1,The number that appears most frequently
mat-l2-080,Math,2,What is 40% of 150?,50,55,60,65,70,2,Calculate 40 per hundred of 150
mat-l2-081,Math,2,"What is the slope of a line through (0,0) and (2,4)?",1,2,3,4,1/2,1,Rise over run: change in y divided by change in x
mat-l2-082,Math,2,What is the formula for the area of a circle?,2πr,πr²,πd,2πr²,4πr,1,Pi times the radius squared
mat-l2-083,Math,2,Solve for x: 2x + 5 = 13,3,4,5,6,7,1,"Subtract 5 from both sides, then divide by 2"
mat-l2-084,Math,2,What is the prime factorization of 24?,2 × 12,3 × 8,2³ × 3,4 × 6,2² × 6,2,Break 24 down into its prime number factors
mat-l2-085,Math,2,What is sin(30°)?,0,0.5,0.707,0.866,1,1,This basic trigonometric value is 1/2
mat-l2-086,Math,2,What is the greatest common factor of 12 and 18?,2,3,6,9,12,2,The largest number that divides both evenly
mat-l2-087,Math,2,What is (x + 3)(x - 2) expanded?,x² + x - 6,x² - x - 6,x² + 5x - 6,x² - 5x + 6,x² + x + 6,0,"Use FOIL: First, Outer, Inner, Last"
mat-l2-088,Math,2,What is the Pythagorean theorem?,a + b = c,a² + b² = c²,a × b = c,a/b = c,2a + 2b = c,1,"For right triangles, relates the sides to the hypotenuse"
mat-l2-089,Math,2,What is 25% of 80?,15,18,20,22,25,2,Find one quarter of 80
mat-l2-090,Math,2,What is the volume of a cube with side 3?,9,18,27,36,81,2,Multiply length × width × height (all are 3)
mat-l2-091,Math,2,Solve: x² = 25,x = 5,x = ±5,x = 25,x = 12.5,x = 5²,1,Remember both positive and negative roots
mat-l2-092,Math,2,What is log₁₀(100)?,1,2,10,100,1000,1,10 to what power equals 100?
mat-l2-093,Math,2,"What is the mean of 4, 8, 12, 16?",8,10,12,14,16,1,Add all numbers and divide by how many there are
mat-l2-094,Math,2,What is 3! (factorial)?,3,6,9,12,27,1,3 × 2 × 1
mat-l2-095,Math,2,"What is the distance between (0,0) and (3,4)?",3,4,5,7,25,2,Use the Pythagorean theorem: √(3² + 4²)
mat-l2-096,Math,2,What is the quadratic formula for ax² + bx + c = 0?,x = -b/2a,x = (-b ± √(b² - 4ac))/2a,x = b²/4ac,x = -c/b,x = √b,1,The standard formula for solving quadratic equations
mat-l2-097,Math,2,What is 2⁻³?,1/6,1/8,1/9,-6,-8,1,Negative exponent means 1 divided by 2³
mat-l2-098,Math,2,What is the circumference of a circle with radius 5?,5π,10π,25π,15π,20π,1,Use formula 2πr
mat-l2-099,Math,2,"What is the mode of 2, 3, 3, 5, 7, 3, 9?",2,3,5,7,9,1,The number that appears most frequently
mat-l2-100,Math,2,What is 40% of 150?,50,55,60,65,70,2,Calculate 40 per hundred of 150
mat-l3-001,Math,3,What is the derivative of x²?,x,2x,x²,2,x³,1,Apply the power rule: bring down exponent and reduce by 1
mat-l3-002,Math,3,What is ∫x dx?,x,x²,x²/2 + C,2x,x³/3,2,"Increase exponent by 1, divide by new exponent, add constant"
mat-l3-003,Math,3,What is e^(ln(5))?,1,e,5,ln(5),5e,2,Natural log and e are inverse functions
mat-l3-004,Math,3,"What is the determinant of [[1,2],[3,4]]?",-2,-1,0,1,2,0,For 2×2 matrix: ad - bc = (1)(4) - (2)(3)
mat-l3-005,Math,3,What is the limit as x→0 of sin(x)/x?,0,1,∞,undefined,π,1,This is a fundamental limit in calculus
mat-l3-006,Math,3,What is i² where i is imaginary unit?,0,1,-1,i,-i,2,"By definition, i² = -1"
mat-l3-007,Math,3,What is the Taylor series center term for e^x at x=0?,0,1,e,x,1 + x,1,e^0 = 1 is the first term
mat-l3-008,Math,3,What is log₂(8)?,2,3,4,6,8,1,2 to what power equals 8?
mat-l3-009,Math,3,What is the sum of infinite series 1/2 + 1/4 + 1/8 + ...?,1/2,3/4,1,2,∞,2,"Geometric series with r = 1/2, sum = a/(1-r)"
mat-l3-010,Math,3,What is sin²(x) + cos²(x)?,0,1,2,sin(2x),tan(x),1,Pythagorean trigonometric identity
mat-l3-011,Math,3,"What is the inverse of matrix [[1,0],[0,1]]?","[[0,1],[1,0]]","[[1,0],[0,1]]","[[1,1],[1,1]]","[[0,0],[0,0]]",No inverse,1,The identity matrix is its own inverse
mat-l3-012,Math,3,What is ∫₀¹ x dx?,0,1/4,1/2,1,2,2,"Integrate x to get x²/2, evaluate from 0 to 1"
mat-l3-013,Math,3,What is the formula for permutations of n objects taken r at a time?,n!/r!,n!/(n-r)!,r!/(n-r)!,n^r,rⁿ,1,Number of ordered arrangements
mat-l3-014,Math,3,What is the derivative of ln(x)?,1,1/x,x,ln(x)/x,e^x,1,The derivative of natural logarithm
mat-l3-015,Math,3,What is the binomial expansion of (x+y)²?,x² + y²,x² + 2xy + y²,x² - 2xy + y²,2x² + 2y²,x² + xy + y²,1,Use FOIL or binomial theorem with n=2
mat-l3-016,Math,3,What is the angle in radians of 180°?,π/4,π/2,π,2π,3π/2,2,180 degrees equals π radians
mat-l3-017,Math,3,"What is the formula for combinations C(n,r)?",n!/r!,n!/(r!(n-r)!),n^r,r!/(n-r)!,(n-r)!/r!,1,Number of ways to choose r from n without order
mat-l3-018,Math,3,What is the second derivative of x³?,3x²,6x,x²,3,6,1,Take derivative twice: 3x² then 6x
mat-l3-019,Math,3,What is |−5|?,-5,0,5,±5,25,2,Absolute value is always non-negative
mat-l3-020,Math,3,"What is the matrix product [[1,2]]·[[3],[4]]?",[7],"[[3,4],[6,8]]",[[11]],[5],Undefined,2,(1)(3) + (2)(4) = 11
mat-l3-021,Math,3,What is the derivative of x²?,x,2x,x²,2,x³,1,Apply the power rule: bring down exponent and reduce by 1
mat-l3-022,Math,3,What is ∫x dx?,x,x²,x²/2 + C,2x,x³/3,2,"Increase exponent by 1, divide by new exponent, add constant"
mat-l3-023,Math,3,What is e^(ln(5))?,1,e,5,ln(5),5e,2,Natural log and e are inverse functions
mat-l3-024,Math,3,"What is the determinant of [[1,2],[3,4]]?",-2,-1,0,1,2,0,For 2×2 matrix: ad - bc = (1)(4) - (2)(3)
mat-l3-025,Math,3,What is the limit as x→0 of sin(x)/x?,0,1,∞,undefined,π,1,This is a fundamental limit in calculus
mat-l3-026,Math,3,What is i² where i is imaginary unit?,0,1,-1,i,-i,2,"By definition, i² = -1"
mat-l3-027,Math,3,What is the Taylor series center term for e^x at x=0?,0,1,e,x,1 + x,1,e^0 = 1 is the first term
mat-l3-028,Math,3,What is log₂(8)?,2,3,4,6,8,1,2 to what power equals 8?
mat-l3-029,Math,3,What is the sum of infinite series 1/2 + 1/4 + 1/8 + ...?,1/2,3/4,1,2,∞,2,"Geometric series with r = 1/2, sum = a/(1-r)"
mat-l3-030,Math,3,What is sin²(x) + cos²(x)?,0,1,2,sin(2x),tan(x),1,Pythagorean trigonometric identity
mat-l3-031,Math,3,"What is the inverse of matrix [[1,0],[0,1]]?","[[0,1],[1,0]]","[[1,0],[0,1]]","[[1,1],[1,1]]","[[0,0],[0,0]]",No inverse,1,The identity matrix is its own inverse
mat-l3-032,Math,3,What is ∫₀¹ x dx?,0,1/4,1/2,1,2,2,"Integrate x to get x²/2, evaluate from 0 to 1"
mat-l3-033,Math,3,What is the formula for permutations of n objects taken r at a time?,n!/r!,n!/(n-r)!,r!/(n-r)!,n^r,rⁿ,1,Number of ordered arrangements
mat-l3-034,Math,3,What is the derivative of ln(x)?,1,1/x,x,ln(x)/x,e^x,1,The derivative of natural logarithm
mat-l3-035,Math,3,What is the binomial expansion of (x+y)²?,x² + y²,x² + 2xy + y²,x² - 2xy + y²,2x² + 2y²,x² + xy + y²,1,Use FOIL or binomial theorem with n=2
mat-l3-036,Math,3,What is the angle in radians of 180°?,π/4,π/2,π,2π,3π/2,2,180 degrees equals π radians
mat-l3-037,Math,3,"What is the formula for combinations C(n,r)?",n!/r!,n!/(r!(n-r)!),n^r,r!/(n-r)!,(n-r)!/r!,1,Number of ways to choose r from n without order
mat-l3-038,Math,3,What is the second derivative of x³?,3x²,6x,x²,3,6,1,Take derivative twice: 3x² then 6x
mat-l3-039,Math,3,What is |−5|?,-5,0,5,±5,25,2,Absolute value is always non-negative
mat-l3-040,Math,3,"What is the matrix product [[1,2]]·[[3],[4]]?",[7],"[[3,4],[6,8]]",[[11]],[5],Undefined,2,(1)(3) + (2)(4) = 11
mat-l3-041,Math,3,What is the derivative of x²?,x,2x,x²,2,x³,1,Apply the power rule: bring down exponent and reduce by 1
mat-l3-042,Math,3,What is ∫x dx?,x,x²,x²/2 + C,2x,x³/3,2,"Increase exponent by 1, divide by new exponent, add constant"
mat-l3-043,Math,3,What is e^(ln(5))?,1,e,5,ln(5),5e,2,Natural log and e are inverse functions
mat-l3-044,Math,3,"What is the determinant of [[1,2],[3,4]]?",-2,-1,0,1,2,0,For 2×2 matrix: ad - bc = (1)(4) - (2)(3)
mat-l3-045,Math,3,What is the limit as x→0 of sin(x)/x?,0,1,∞,undefined,π,1,This is a fundamental limit in calculus
mat-l3-046,Math,3,What is i² where i is imaginary unit?,0,1,-1,i,-i,2,"By definition, i² = -1"
mat-l3-047,Math,3,What is the Taylor series center term for e^x at x=0?,0,1,e,x,1 + x,1,e^0 = 1 is the first term
mat-l3-048,Math,3,What is log₂(8)?,2,3,4,6,8,1,2 to what power equals 8?
mat-l3-049,Math,3,What is the sum of infinite series 1/2 + 1/4 + 1/8 + ...?,1/2,3/4,1,2,∞,2,"Geometric series with r = 1/2, sum = a/(1-r)"
mat-l3-050,Math,3,What is sin²(x) + cos²(x)?,0,1,2,sin(2x),tan(x),1,Pythagorean trigonometric identity
mat-l3-051,Math,3,"What is the inverse of matrix [[1,0],[0,1]]?","[[0,1],[1,0]]","[[1,0],[0,1]]","[[1,1],[1,1]]","[[0,0],[0,0]]",No inverse,1,The identity matrix is its own inverse
mat-l3-052,Math,3,What is ∫₀¹ x dx?,0,1/4,1/2,1,2,2,"Integrate x to get x²/2, evaluate from 0 to 1"
mat-l3-053,Math,3,What is the formula for permutations of n objects taken r at a time?,n!/r!,n!/(n-r)!,r!/(n-r)!,n^r,rⁿ,1,Number of ordered arrangements
mat-l3-054,Math,3,What is the derivative of ln(x)?,1,1/x,x,ln(x)/x,e^x,1,The derivative of natural logarithm
mat-l3-055,Math,3,What is the binomial expansion of (x+y)²?,x² + y²,x² + 2xy + y²,x² - 2xy + y²,2x² + 2y²,x² + xy + y²,1,Use FOIL or binomial theorem with n=2
mat-l3-056,Math,3,What is the angle in radians of 180°?,π/4,π/2,π,2π,3π/2,2,180 degrees equals π radians
mat-l3-057,Math,3,"What is the formula for combinations C(n,r)?",n!/r!,n!/(r!(n-r)!),n^r,r!/(n-r)!,(n-r)!/r!,1,Number of ways to choose r from n without order
mat-l3-058,Math,3,What is the second derivative of x³?,3x²,6x,x²,3,6,1,Take derivative twice: 3x² then 6x
mat-l3-059,Math,3,What is |−5|?,-5,0,5,±5,25,2,Absolute value is always non-negative
mat-l3-060,Math,3,"What is the matrix product [[1,2]]·[[3],[4]]?",[7],"[[3,4],[6,8]]",[[11]],[5],Undefined,2,(1)(3) + (2)(4) = 11
mat-l3-061,Math,3,What is the derivative of x²?,x,2x,x²,2,x³,1,Apply the power rule: bring down exponent and reduce by 1
mat-l3-062,Math,3,What is ∫x dx?,x,x²,x²/2 + C,2x,x³/3,2,"Increase exponent by 1, divide by new exponent, add constant"
mat-l3-063,Math,3,What is e^(ln(5))?,1,e,5,ln(5),5e,2,Natural log and e are inverse functions
mat-l3-064,Math,3,"What is the determinant of [[1,2],[3,4]]?",-2,-1,0,1,2,0,For 2×2 matrix: ad - bc = (1)(4) - (2)(3)
mat-l3-065,Math,3,What is the limit as x→0 of sin(x)/x?,0,1,∞,undefined,π,1,This is a fundamental limit in calculus
mat-l3-066,Math,3,What is i² where i is imaginary unit?,0,1,-1,i,-i,2,"By definition, i² = -1"
mat-l3-067,Math,3,What is the Taylor series center term for e^x at x=0?,0,1,e,x,1 + x,1,e^0 = 1 is the first term
mat-l3-068,Math,3,What is log₂(8)?,2,3,4,6,8,1,2 to what power equals 8?
mat-l3-069,Math,3,What is the sum of infinite series 1/2 + 1/4 + 1/8 + ...?,1/2,3/4,1,2,∞,2,"Geometric series with r = 1/2, sum = a/(1-r)"
mat-l3-070,Math,3,What is sin²(x) + cos²(x)?,0,1,2,sin(2x),tan(x),1,Pythagorean trigonometric identity
mat-l3-071,Math,3,"What is the inverse of matrix [[1,0],[0,1]]?","[[0,1],[1,0]]","[[1,0],[0,1]]","[[1,1],[1,1]]","[[0,0],[0,0]]",No inverse,1,The identity matrix is its own inverse
mat-l3-072,Math,3,What is ∫₀¹ x dx?,0,1/4,1/2,1,2,2,"Integrate x to get x²/2, evaluate from 0 to 1"
mat-l3-073,Math,3,What is the formula for permutations of n objects taken r at a time?,n!/r!,n!/(n-r)!,r!/(n-r)!,n^r,rⁿ,1,Number of ordered arrangements
mat-l3-074,Math,3,What is the derivative of ln(x)?,1,1/x,x,ln(x)/x,e^x,1,The derivative of natural logarithm
mat-l3-075,Math,3,What is the binomial expansion of (x+y)²?,x² + y²,x² + 2xy + y²,x² - 2xy + y²,2x² + 2y²,x² + xy + y²,1,Use FOIL or binomial theorem with n=2
mat-l3-076,Math,3,What is the angle in radians of 180°?,π/4,π/2,π,2π,3π/2,2,180 degrees equals π radians
mat-l3-077,Math,3,"What is the formula for combinations C(n,r)?",n!/r!,n!/(r!(n-r)!),n^r,r!/(n-r)!,(n-r)!/r!,1,Number of ways to choose r from n without order
mat-l3-078,Math,3,What is the second derivative of x³?,3x²,6x,x²,3,6,1,Take derivative twice: 3x² then 6x
mat-l3-079,Math,3,What is |−5|?,-5,0,5,±5,25,2,Absolute value is always non-negative
mat-l3-080,Math,3,"What is the matrix product [[1,2]]·[[3],[4]]?",[7],"[[3,4],[6,8]]",[[11]],[5],Undefined,2,(1)(3) + (2)(4) = 11
mat-l3-081,Math,3,What is the derivative of x²?,x,2x,x²,2,x³,1,Apply the power rule: bring down exponent and reduce by 1
mat-l3-082,Math,3,What is ∫x dx?,x,x²,x²/2 + C,2x,x³/3,2,"Increase exponent by 1, divide by new exponent, add constant"
mat-l3-083,Math,3,What is e^(ln(5))?,1,e,5,ln(5),5e,2,Natural log and e are inverse functions
mat-l3-084,Math,3,"What is the determinant of [[1,2],[3,4]]?",-2,-1,0,1,2,0,For 2×2 matrix: ad - bc = (1)(4) - (2)(3)
mat-l3-085,Math,3,What is the limit as x→0 of sin(x)/x?,0,1,∞,undefined,π,1,This is a fundamental limit in calculus
mat-l3-086,Math,3,What is i² where i is imaginary unit?,0,1,-1,i,-i,2,"By definition, i² = -1"
mat-l3-087,Math,3,What is the Taylor series center term for e^x at x=0?,0,1,e,x,1 + x,1,e^0 = 1 is the first term
mat-l3-088,Math,3,What is log₂(8)?,2,3,4,6,8,1,2 to what power equals 8?
mat-l3-089,Math,3,What is the sum of infinite series 1/2 + 1/4 + 1/8 + ...?,1/2,3/4,1,2,∞,2,"Geometric series with r = 1/2, sum = a/(1-r)"
mat-l3-090,Math,3,What is sin²(x) + cos²(x)?,0,1,2,sin(2x),tan(x),1,Pythagorean trigonometric identity
mat-l3-091,Math,3,"What is the inverse of matrix [[1,0],[0,1]]?","[[0,1],[1,0]]","[[1,0],[0,1]]","[[1,1],[1,1]]","[[0,0],[0,0]]",No inverse,1,The identity matrix is its own inverse
mat-l3-092,Math,3,What is ∫₀¹ x dx?,0,1/4,1/2,1,2,2,"Integrate x to get x²/2, evaluate from 0 to 1"
mat-l3-093,Math,3,What is the formula for permutations of n objects taken r at a time?,n!/r!,n!/(n-r)!,r!/(n-r)!,n^r,rⁿ,1,Number of ordered arrangements
mat-l3-094,Math,3,What is the derivative of ln(x)?,1,1/x,x,ln(x)/x,e^x,1,The derivative of natural logarithm
mat-l3-095,Math,3,What is the binomial expansion of (x+y)²?,x² + y²,x² + 2xy + y²,x² - 2xy + y²,2x² + 2y²,x² + xy + y²,1,Use FOIL or binomial theorem with n=2
mat-l3-096,Math,3,What is the angle in radians of 180°?,π/4,π/2,π,2π,3π/2,2,180 degrees equals π radians
mat-l3-097,Math,3,"What is the formula for combinations C(n,r)?",n!/r!,n!/(r!(n-r)!),n^r,r!/(n-r)!,(n-r)!/r!,1,Number of ways to choose r from n without order
mat-l3-098,Math,3,What is the second derivative of x³?,3x²,6x,x²,3,6,1,Take derivative twice: 3x² then 6x
mat-l3-099,Math,3,What is |−5|?,-5,0,5,±5,25,2,Absolute value is always non-negative
mat-l3-100,Math,3,"What is the matrix product [[1,2]]·[[3],[4]]?",[7],"[[3,4],[6,8]]",[[11]],[5],Undefined,2,(1)(3) + (2)(4) = 11
mat-l4-001,Math,4,What is the Laplace transform of e^(at)?,1/(s-a),1/(s+a),s/(s-a),a/s,e^a/s,0,Standard Laplace transform table entry
mat-l4-002,Math,4,What is the eigenvalue equation?,Av = λv,Av = v,A = λI,det(A) = λ,tr(A) = λ,0,Matrix A times eigenvector v equals λ times v
mat-l4-003,Math,4,What is Euler's formula?,e^(ix) = cos(x) + i·sin(x),e^(ix) = sin(x) + i·cos(x),e^x = cos(x),e^(iπ) = 1,e^i = -1,0,Fundamental relationship between exponential and trigonometric functions
mat-l4-004,Math,4,What is the Fourier transform of a Gaussian?,Exponential,Gaussian,Sinc,Delta,Rectangular,1,A Gaussian function transforms to another Gaussian
mat-l4-005,Math,4,What is Green's theorem?,Line integral equals double integral,Surface integral equals volume,Stokes theorem,Divergence theorem,Fundamental theorem,0,Relates circulation around curve to flux through region
mat-l4-006,Math,4,What is the Cauchy-Riemann equation for u + iv?,∂u/∂x = ∂v/∂y,∂u/∂x = ∂v/∂y and ∂u/∂y = -∂v/∂x,∂u/∂y = ∂v/∂x,u² + v² = 1,∇u = ∇v,1,Conditions for complex function to be analytic
mat-l4-007,Math,4,What is the solution to y' = ky?,y = e^(kx),y = Ce^(kx),y = kx,y = x^k,y = ln(kx),1,Exponential growth/decay with integration constant
mat-l4-008,Math,4,What is the Jacobian determinant used for?,Change of variables,Finding eigenvalues,Matrix inversion,Solving equations,Integration,0,Used in multiple integration with coordinate transformation
mat-l4-009,Math,4,What is a Markov matrix?,Columns sum to 1,Rows sum to 1,Determinant = 1,Symmetric,Orthogonal,0,Stochastic matrix with non-negative entries and column sums of 1
mat-l4-010,Math,4,What is the gradient ∇f?,Vector of partial derivatives,Divergence,Curl,Laplacian,Directional derivative,0,Points in direction of greatest increase of scalar field
mat-l4-011,Math,4,What is the Hessian matrix?,First derivatives,Second partial derivatives,Third derivatives,Eigenvalues,Eigenvectors,1,Matrix of second-order partial derivatives
mat-l4-012,Math,4,What is a Laurent series?,Power series,Series with negative powers,Fourier series,Taylor series,Geometric series,1,Extension of Taylor series allowing negative powers
mat-l4-013,Math,4,What is the rank-nullity theorem?,rank(A) + nullity(A) = n,rank(A) × nullity(A) = n,rank(A) = nullity(A),rank(A) - nullity(A) = 0,rank(A) = n,0,For linear transformation on n-dimensional space
mat-l4-014,Math,4,What is the residue theorem?,Contour integral formula,Limit definition,Derivative rule,Integration method,Series expansion,0,Evaluates contour integrals using residues of poles
mat-l4-015,Math,4,What is a metric space?,Set with distance function,Vector space,Normed space,Inner product space,Topological space,0,Set equipped with distance function satisfying specific axioms
mat-l4-016,Math,4,What is the Gram-Schmidt process?,Orthonormalization,Matrix diagonalization,Eigenvalue finding,Integration method,Differentiation,0,Converts set of vectors into orthonormal basis
mat-l4-017,Math,4,What is the characteristic polynomial?,det(A - λI),det(A + λI),tr(A - λI),A - λI,Aλ - I,0,Determinant of matrix minus λ times identity
mat-l4-018,Math,4,What is Stokes' theorem?,Surface integral of curl equals line integral,Volume integral equals surface integral,Line integral equals point,Green's theorem,Fundamental theorem,0,Generalizes Green's theorem to 3D
mat-l4-019,Math,4,What is a Banach space?,Complete normed vector space,Hilbert space,Metric space,Inner product space,Vector space,0,Normed vector space where Cauchy sequences converge
mat-l4-020,Math,4,What is the Wronskian?,Determinant for linear independence,Eigenvalue,Derivative,Integral,Trace,0,Determinant used to test if solutions are linearly independent
mat-l4-021,Math,4,What is the Laplace transform of e^(at)?,1/(s-a),1/(s+a),s/(s-a),a/s,e^a/s,0,Standard Laplace transform table entry
mat-l4-022,Math,4,What is the eigenvalue equation?,Av = λv,Av = v,A = λI,det(A) = λ,tr(A) = λ,0,Matrix A times eigenvector v equals λ times v
mat-l4-023,Math,4,What is Euler's formula?,e^(ix) = cos(x) + i·sin(x),e^(ix) = sin(x) + i·cos(x),e^x = cos(x),e^(iπ) = 1,e^i = -1,0,Fundamental relationship between exponential and trigonometric functions
mat-l4-024,Math,4,What is the Fourier transform of a Gaussian?,Exponential,Gaussian,Sinc,Delta,Rectangular,1,A Gaussian function transforms to another Gaussian
mat-l4-025,Math,4,What is Green's theorem?,Line integral equals double integral,Surface integral equals volume,Stokes theorem,Divergence theorem,Fundamental theorem,0,Relates circulation around curve to flux through region
mat-l4-026,Math,4,What is the Cauchy-Riemann equation for u + iv?,∂u/∂x = ∂v/∂y,∂u/∂x = ∂v/∂y and ∂u/∂y = -∂v/∂x,∂u/∂y = ∂v/∂x,u² + v² = 1,∇u = ∇v,1,Conditions for complex function to be analytic
mat-l4-027,Math,4,What is the solution to y' = ky?,y = e^(kx),y = Ce^(kx),y = kx,y = x^k,y = ln(kx),1,Exponential growth/decay with integration constant
mat-l4-028,Math,4,What is the Jacobian determinant used for?,Change of variables,Finding eigenvalues,Matrix inversion,Solving equations,Integration,0,Used in multiple integration with coordinate transformation
mat-l4-029,Math,4,What is a Markov matrix?,Columns sum to 1,Rows sum to 1,Determinant = 1,Symmetric,Orthogonal,0,Stochastic matrix with non-negative entries and column sums of 1
mat-l4-030,Math,4,What is the gradient ∇f?,Vector of partial derivatives,Divergence,Curl,Laplacian,Directional derivative,0,Points in direction of greatest increase of scalar field
mat-l4-031,Math,4,What is the Hessian matrix?,First derivatives,Second partial derivatives,Third derivatives,Eigenvalues,Eigenvectors,1,Matrix of second-order partial derivatives
mat-l4-032,Math,4,What is a Laurent series?,Power series,Series with negative powers,Fourier series,Taylor series,Geometric series,1,Extension of Taylor series allowing negative powers
mat-l4-033,Math,4,What is the rank-nullity theorem?,rank(A) + nullity(A) = n,rank(A) × nullity(A) = n,rank(A) = nullity(A),rank(A) - nullity(A) = 0,rank(A) = n,0,For linear transformation on n-dimensional space
mat-l4-034,Math,4,What is the residue theorem?,Contour integral formula,Limit definition,Derivative rule,Integration method,Series expansion,0,Evaluates contour integrals using residues of poles
mat-l4-035,Math,4,What is a metric space?,Set with distance function,Vector space,Normed space,Inner product space,Topological space,0,Set equipped with distance function satisfying specific axioms
mat-l4-036,Math,4,What is the Gram-Schmidt process?,Orthonormalization,Matrix diagonalization,Eigenvalue finding,Integration method,Differentiation,0,Converts set of vectors into orthonormal basis
mat-l4-037,Math,4,What is the characteristic polynomial?,det(A - λI),det(A + λI),tr(A - λI),A - λI,Aλ - I,0,Determinant of matrix minus λ times identity
mat-l4-038,Math,4,What is Stokes' theorem?,Surface integral of curl equals line integral,Volume integral equals surface integral,Line integral equals point,Green's theorem,Fundamental theorem,0,Generalizes Green's theorem to 3D
mat-l4-039,Math,4,What is a Banach space?,Complete normed vector space,Hilbert space,Metric space,Inner product space,Vector space,0,Normed vector space where Cauchy sequences converge
mat-l4-040,Math,4,What is the Wronskian?,Determinant for linear independence,Eigenvalue,Derivative,Integral,Trace,0,Determinant used to test if solutions are linearly independent
mat-l4-041,Math,4,What is the Laplace transform of e^(at)?,1/(s-a),1/(s+a),s/(s-a),a/s,e^a/s,0,Standard Laplace transform table entry
mat-l4-042,Math,4,What is the eigenvalue equation?,Av = λv,Av = v,A = λI,det(A) = λ,tr(A) = λ,0,Matrix A times eigenvector v equals λ times v
mat-l4-043,Math,4,What is Euler's formula?,e^(ix) = cos(x) + i·sin(x),e^(ix) = sin(x) + i·cos(x),e^x = cos(x),e^(iπ) = 1,e^i = -1,0,Fundamental relationship between exponential and trigonometric functions
mat-l4-044,Math,4,What is the Fourier transform of a Gaussian?,Exponential,Gaussian,Sinc,Delta,Rectangular,1,A Gaussian function transforms to another Gaussian
mat-l4-045,Math,4,What is Green's theorem?,Line integral equals double integral,Surface integral equals volume,Stokes theorem,Divergence theorem,Fundamental theorem,0,Relates circulation around curve to flux through region
mat-l4-046,Math,4,What is the Cauchy-Riemann equation for u + iv?,∂u/∂x = ∂v/∂y,∂u/∂x = ∂v/∂y and ∂u/∂y = -∂v/∂x,∂u/∂y = ∂v/∂x,u² + v² = 1,∇u = ∇v,1,Conditions for complex function to be analytic
mat-l4-047,Math,4,What is the solution to y' = ky?,y = e^(kx),y = Ce^(kx),y = kx,y = x^k,y = ln(kx),1,Exponential growth/decay with integration constant
mat-l4-048,Math,4,What is the Jacobian determinant used for?,Change of variables,Finding eigenvalues,Matrix inversion,Solving equations,Integration,0,Used in multiple integration with coordinate transformation
mat-l4-049,Math,4,What is a Markov matrix?,Columns sum to 1,Rows sum to 1,Determinant = 1,Symmetric,Orthogonal,0,Stochastic matrix with non-negative entries and column sums of 1
mat-l4-050,Math,4,What is the gradient ∇f?,Vector of partial derivatives,Divergence,Curl,Laplacian,Directional derivative,0,Points in direction of greatest increase of scalar field
mat-l4-051,Math,4,What is the Hessian matrix?,First derivatives,Second partial derivatives,Third derivatives,Eigenvalues,Eigenvectors,1,Matrix of second-order partial derivatives
mat-l4-052,Math,4,What is a Laurent series?,Power series,Series with negative powers,Fourier series,Taylor series,Geometric series,1,Extension of Taylor series allowing negative powers
mat-l4-053,Math,4,What is the rank-nullity theorem?,rank(A) + nullity(A) = n,rank(A) × nullity(A) = n,rank(A) = nullity(A),rank(A) - nullity(A) = 0,rank(A) = n,0,For linear transformation on n-dimensional space
mat-l4-054,Math,4,What is the residue theorem?,Contour integral formula,Limit definition,Derivative rule,Integration method,Series expansion,0,Evaluates contour integrals using residues of poles
mat-l4-055,Math,4,What is a metric space?,Set with distance function,Vector space,Normed space,Inner product space,Topological space,0,Set equipped with distance function satisfying specific axioms
mat-l4-056,Math,4,What is the Gram-Schmidt process?,Orthonormalization,Matrix diagonalization,Eigenvalue finding,Integration method,Differentiation,0,Converts set of vectors into orthonormal basis
mat-l4-057,Math,4,What is the characteristic polynomial?,det(A - λI),det(A + λI),tr(A - λI),A - λI,Aλ - I,0,Determinant of matrix minus λ times identity
mat-l4-058,Math,4,What is Stokes' theorem?,Surface integral of curl equals line integral,Volume integral equals surface integral,Line integral equals point,Green's theorem,Fundamental theorem,0,Generalizes Green's theorem to 3D
mat-l4-059,Math,4,What is a Banach space?,Complete normed vector space,Hilbert space,Metric space,Inner product space,Vector space,0,Normed vector space where Cauchy sequences converge
mat-l4-060,Math,4,What is the Wronskian?,Determinant for linear independence,Eigenvalue,Derivative,Integral,Trace,0,Determinant used to test if solutions are linearly independent
mat-l4-061,Math,4,What is the Laplace transform of e^(at)?,1/(s-a),1/(s+a),s/(s-a),a/s,e^a/s,0,Standard Laplace transform table entry
mat-l4-062,Math,4,What is the eigenvalue equation?,Av = λv,Av = v,A = λI,det(A) = λ,tr(A) = λ,0,Matrix A times eigenvector v equals λ times v
mat-l4-063,Math,4,What is Euler's formula?,e^(ix) = cos(x) + i·sin(x),e^(ix) = sin(x) + i·cos(x),e^x = cos(x),e^(iπ) = 1,e^i = -1,0,Fundamental relationship between exponential and trigonometric functions
mat-l4-064,Math,4,What is the Fourier transform of a Gaussian?,Exponential,Gaussian,Sinc,Delta,Rectangular,1,A Gaussian function transforms to another Gaussian
mat-l4-065,Math,4,What is Green's theorem?,Line integral equals double integral,Surface integral equals volume,Stokes theorem,Divergence theorem,Fundamental theorem,0,Relates circulation around curve to flux through region
mat-l4-066,Math,4,What is the Cauchy-Riemann equation for u + iv?,∂u/∂x = ∂v/∂y,∂u/∂x = ∂v/∂y and ∂u/∂y = -∂v/∂x,∂u/∂y = ∂v/∂x,u² + v² = 1,∇u = ∇v,1,Conditions for complex function to be analytic
mat-l4-067,Math,4,What is the solution to y' = ky?,y = e^(kx),y = Ce^(kx),y = kx,y = x^k,y = ln(kx),1,Exponential growth/decay with integration constant
mat-l4-068,Math,4,What is the Jacobian determinant used for?,Change of variables,Finding eigenvalues,Matrix inversion,Solving equations,Integration,0,Used in multiple integration with coordinate transformation
mat-l4-069,Math,4,What is a Markov matrix?,Columns sum to 1,Rows sum to 1,Determinant = 1,Symmetric,Orthogonal,0,Stochastic matrix with non-negative entries and column sums of 1
mat-l4-070,Math,4,What is the gradient ∇f?,Vector of partial derivatives,Divergence,Curl,Laplacian,Directional derivative,0,Points in direction of greatest increase of scalar field
mat-l4-071,Math,4,What is the Hessian matrix?,First derivatives,Second partial derivatives,Third derivatives,Eigenvalues,Eigenvectors,1,Matrix of second-order partial derivatives
mat-l4-072,Math,4,What is a Laurent series?,Power series,Series with negative powers,Fourier series,Taylor series,Geometric series,1,Extension of Taylor series allowing negative powers
mat-l4-073,Math,4,What is the rank-nullity theorem?,rank(A) + nullity(A) = n,rank(A) × nullity(A) = n,rank(A) = nullity(A),rank(A) - nullity(A) = 0,rank(A) = n,0,For linear transformation on n-dimensional space
mat-l4-074,Math,4,What is the residue theorem?,Contour integral formula,Limit definition,Derivative rule,Integration method,Series expansion,0,Evaluates contour integrals using residues of poles
mat-l4-075,Math,4,What is a metric space?,Set with distance function,Vector space,Normed space,Inner product space,Topological space,0,Set equipped with distance function satisfying specific axioms
mat-l4-076,Math,4,What is the Gram-Schmidt process?,Orthonormalization,Matrix diagonalization,Eigenvalue finding,Integration method,Differentiation,0,Converts set of vectors into orthonormal basis
mat-l4-077,Math,4,What is the characteristic polynomial?,det(A - λI),det(A + λI),tr(A - λI),A - λI,Aλ - I,0,Determinant of matrix minus λ times identity
mat-l4-078,Math,4,What is Stokes' theorem?,Surface integral of curl equals line integral,Volume integral equals surface integral,Line integral equals point,Green's theorem,Fundamental theorem,0,Generalizes Green's theorem to 3D
mat-l4-079,Math,4,What is a Banach space?,Complete normed vector space,Hilbert space,Metric space,Inner product space,Vector space,0,Normed vector space where Cauchy sequences converge
mat-l4-080,Math,4,What is the Wronskian?,Determinant for linear independence,Eigenvalue,Derivative,Integral,Trace,0,Determinant used to test if solutions are linearly independent
mat-l4-081,Math,4,What is the Laplace transform of e^(at)?,1/(s-a),1/(s+a),s/(s-a),a/s,e^a/s,0,Standard Laplace transform table entry
mat-l4-082,Math,4,What is the eigenvalue equation?,Av = λv,Av = v,A = λI,det(A) = λ,tr(A) = λ,0,Matrix A times eigenvector v equals λ times v
mat-l4-083,Math,4,What is Euler's formula?,e^(ix) = cos(x) + i·sin(x),e^(ix) = sin(x) + i·cos(x),e^x = cos(x),e^(iπ) = 1,e^i = -1,0,Fundamental relationship between exponential and trigonometric functions
mat-l4-084,Math,4,What is the Fourier transform of a Gaussian?,Exponential,Gaussian,Sinc,Delta,Rectangular,1,A Gaussian function transforms to another Gaussian
mat-l4-085,Math,4,What is Green's theorem?,Line integral equals double integral,Surface integral equals volume,Stokes theorem,Divergence theorem,Fundamental theorem,0,Relates circulation around curve to flux through region
mat-l4-086,Math,4,What is the Cauchy-Riemann equation for u + iv?,∂u/∂x = ∂v/∂y,∂u/∂x = ∂v/∂y and ∂u/∂y = -∂v/∂x,∂u/∂y = ∂v/∂x,u² + v² = 1,∇u = ∇v,1,Conditions for complex function to be analytic
mat-l4-087,Math,4,What is the solution to y' = ky?,y = e^(kx),y = Ce^(kx),y = kx,y = x^k,y = ln(kx),1,Exponential growth/decay with integration constant
mat-l4-088,Math,4,What is the Jacobian determinant used for?,Change of variables,Finding eigenvalues,Matrix inversion,Solving equations,Integration,0,Used in multiple integration with coordinate transformation
mat-l4-089,Math,4,What is a Markov matrix?,Columns sum to 1,Rows sum to 1,Determinant = 1,Symmetric,Orthogonal,0,Stochastic matrix with non-negative entries and column sums of 1
mat-l4-090,Math,4,What is the gradient ∇f?,Vector of partial derivatives,Divergence,Curl,Laplacian,Directional derivative,0,Points in direction of greatest increase of scalar field
mat-l4-091,Math,4,What is the Hessian matrix?,First derivatives,Second partial derivatives,Third derivatives,Eigenvalues,Eigenvectors,1,Matrix of second-order partial derivatives
mat-l4-092,Math,4,What is a Laurent series?,Power series,Series with negative powers,Fourier series,Taylor series,Geometric series,1,Extension of Taylor series allowing negative powers
mat-l4-093,Math,4,What is the rank-nullity theorem?,rank(A) + nullity(A) = n,rank(A) × nullity(A) = n,rank(A) = nullity(A),rank(A) - nullity(A) = 0,rank(A) = n,0,For linear transformation on n-dimensional space
mat-l4-094,Math,4,What is the residue theorem?,Contour integral formula,Limit definition,Derivative rule,Integration method,Series expansion,0,Evaluates contour integrals using residues of poles
mat-l4-095,Math,4,What is a metric space?,Set with distance function,Vector space,Normed space,Inner product space,Topological space,0,Set equipped with distance function satisfying specific axioms
mat-l4-096,Math,4,What is the Gram-Schmidt process?,Orthonormalization,Matrix diagonalization,Eigenvalue finding,Integration method,Differentiation,0,Converts set of vectors into orthonormal basis
mat-l4-097,Math,4,What is the characteristic polynomial?,det(A - λI),det(A + λI),tr(A - λI),A - λI,Aλ - I,0,Determinant of matrix minus λ times identity
mat-l4-098,Math,4,What is Stokes' theorem?,Surface integral of curl equals line integral,Volume integral equals surface integral,Line integral equals point,Green's theorem,Fundamental theorem,0,Generalizes Green's theorem to 3D
mat-l4-099,Math,4,What is a Banach space?,Complete normed vector space,Hilbert space,Metric space,Inner product space,Vector space,0,Normed vector space where Cauchy sequences converge
mat-l4-100,Math,4,What is the Wronskian?,Determinant for linear independence,Eigenvalue,Derivative,Integral,Trace,0,Determinant used to test if solutions are linearly independent
mat-l5-001,Math,5,What is the Riemann hypothesis about?,Prime numbers,Non-trivial zeros of zeta function,Fermat's last theorem,Goldbach conjecture,Twin primes,1,States all non-trivial zeros have real part 1/2
mat-l5-002,Math,5,What is a Hilbert space?,Complete inner product space,Banach space,Normed space,Metric space,Vector space,0,Inner product space that is complete under norm induced by inner product
mat-l5-003,Math,5,What is the Atiyah-Singer index theorem?,Topology and analysis connection,Number theory result,Algebra theorem,Geometry formula,Logic statement,0,Relates analytical index to topological index of elliptic operators
mat-l5-004,Math,5,What is Gödel's incompleteness theorem?,Systems can't be complete and consistent,All truths are provable,Math is consistent,Logic is complete,Arithmetic is decidable,0,Sufficiently strong systems cannot prove their own consistency
mat-l5-005,Math,5,What is the Hodge conjecture about?,Algebraic cycles,Prime distribution,Differential equations,Group theory,Number fields,0,Relates algebraic topology to algebraic geometry
mat-l5-006,Math,5,What is a p-adic number?,Extension based on prime p,Polynomial,Complex number,Rational number,Transcendental,0,Completion of rationals with respect to p-adic absolute value
mat-l5-007,Math,5,What is the Yang-Mills existence problem?,Quantum field theory gap,Prime number formula,Topology question,Algebra problem,Geometry issue,0,Proving mass gap for Yang-Mills theory
mat-l5-008,Math,5,What is a Lie algebra?,Vector space with bracket operation,Ring,Field,Group,Module,0,Vector space with Lie bracket satisfying Jacobi identity
mat-l5-009,Math,5,What is the Birch and Swinnerton-Dyer conjecture?,Elliptic curves rank,Prime gaps,Riemann zeta,Fermat curves,Modular forms,0,Relates rank of elliptic curve to behavior of L-function
mat-l5-010,Math,5,What is a sheaf in mathematics?,Tool for tracking local data,Topological space,Algebraic structure,Number system,Geometric object,0,Systematically tracks locally defined data attached to open sets
mat-l5-011,Math,5,What is the Poincaré conjecture (now theorem)?,Simply connected 3-manifold is sphere,All manifolds are spheres,Topology equals geometry,Homology determines homotopy,Fundamental group is trivial,0,Proved by Perelman using Ricci flow
mat-l5-012,Math,5,What is a scheme in algebraic geometry?,Generalization of variety,Topological space,Vector bundle,Differential manifold,Lie group,0,Built by gluing together spectra of commutative rings
mat-l5-013,Math,5,What is the Langlands program?,Connections between number theory and representation,Prime distribution,Elliptic curves,Modular forms alone,Galois theory,0,Relates Galois groups to automorphic forms
mat-l5-014,Math,5,What is a von Neumann algebra?,*-algebra of bounded operators,Group algebra,Lie algebra,Boolean algebra,Clifford algebra,0,Algebra of operators closed under weak topology
mat-l5-015,Math,5,What is the Navier-Stokes existence problem?,Smooth solutions in 3D,2D turbulence,Incompressible flow,Viscosity solutions,Boundary conditions,0,One of Millennium Problems about solution existence and smoothness
mat-l5-016,Math,5,What is a motive in mathematics?,Universal cohomology theory object,Geometric shape,Algebraic curve,Number field,Galois representation,0,Grothendieck's concept unifying cohomology theories
mat-l5-017,Math,5,What is the abc conjecture?,Relationship between a+b=c and prime factors,Prime distribution,Fermat's equation,Diophantine equations,Rational points,0,"If a+b=c, relates quality to radical of abc"
mat-l5-018,Math,5,What is a D-module?,Module over differential operators,Lie module,Ring module,Vector space,Sheaf of functions,0,Module over ring of differential operators
mat-l5-019,Math,5,What is crystalline cohomology?,p-adic cohomology theory,Sheaf cohomology,Singular cohomology,De Rham cohomology,Étale cohomology,0,Grothendieck's p-adic cohomology for varieties in characteristic p
mat-l5-020,Math,5,What is the Millenium Prize for P vs NP?,Computational complexity problem,Number theory,Topology,Analysis,Algebra,0,Whether every problem with quickly verifiable solution has quickly findable solution
mat-l5-021,Math,5,What is the Riemann hypothesis about?,Prime numbers,Non-trivial zeros of zeta function,Fermat's last theorem,Goldbach conjecture,Twin primes,1,States all non-trivial zeros have real part 1/2
mat-l5-022,Math,5,What is a Hilbert space?,Complete inner product space,Banach space,Normed space,Metric space,Vector space,0,Inner product space that is complete under norm induced by inner product
mat-l5-023,Math,5,What is the Atiyah-Singer index theorem?,Topology and analysis connection,Number theory result,Algebra theorem,Geometry formula,Logic statement,0,Relates analytical index to topological index of elliptic operators
mat-l5-024,Math,5,What is Gödel's incompleteness theorem?,Systems can't be complete and consistent,All truths are provable,Math is consistent,Logic is complete,Arithmetic is decidable,0,Sufficiently strong systems cannot prove their own consistency
mat-l5-025,Math,5,What is the Hodge conjecture about?,Algebraic cycles,Prime distribution,Differential equations,Group theory,Number fields,0,Relates algebraic topology to algebraic geometry
mat-l5-026,Math,5,What is a p-adic number?,Extension based on prime p,Polynomial,Complex number,Rational number,Transcendental,0,Completion of rationals with respect to p-adic absolute value
mat-l5-027,Math,5,What is the Yang-Mills existence problem?,Quantum field theory gap,Prime number formula,Topology question,Algebra problem,Geometry issue,0,Proving mass gap for Yang-Mills theory
mat-l5-028,Math,5,What is a Lie algebra?,Vector space with bracket operation,Ring,Field,Group,Module,0,Vector space with Lie bracket satisfying Jacobi identity
mat-l5-029,Math,5,What is the Birch and Swinnerton-Dyer conjecture?,Elliptic curves rank,Prime gaps,Riemann zeta,Fermat curves,Modular forms,0,Relates rank of elliptic curve to behavior of L-function
mat-l5-030,Math,5,What is a sheaf in mathematics?,Tool for tracking local data,Topological space,Algebraic structure,Number system,Geometric object,0,Systematically tracks locally defined data attached to open sets
mat-l5-031,Math,5,What is the Poincaré conjecture (now theorem)?,Simply connected 3-manifold is sphere,All manifolds are spheres,Topology equals geometry,Homology determines homotopy,Fundamental group is trivial,0,Proved by Perelman using Ricci flow
mat-l5-032,Math,5,What is a scheme in algebraic geometry?,Generalization of variety,Topological space,Vector bundle,Differential manifold,Lie group,0,Built by gluing together spectra of commutative rings
mat-l5-033,Math,5,What is the Langlands program?,Connections between number theory and representation,Prime distribution,Elliptic curves,Modular forms alone,Galois theory,0,Relates Galois groups to automorphic forms
mat-l5-034,Math,5,What is a von Neumann algebra?,*-algebra of bounded operators,Group algebra,Lie algebra,Boolean algebra,Clifford algebra,0,Algebra of operators closed under weak topology
mat-l5-035,Math,5,What is the Navier-Stokes existence problem?,Smooth solutions in 3D,2D turbulence,Incompressible flow,Viscosity solutions,Boundary conditions,0,One of Millennium Problems about solution existence and smoothness
mat-l5-036,Math,5,What is a motive in mathematics?,Universal cohomology theory object,Geometric shape,Algebraic curve,Number field,Galois representation,0,Grothendieck's concept unifying cohomology theories
mat-l5-037,Math,5,What is the abc conjecture?,Relationship between a+b=c and prime factors,Prime distribution,Fermat's equation,Diophantine equations,Rational points,0,"If a+b=c, relates quality to radical of abc"
mat-l5-038,Math,5,What is a D-module?,Module over differential operators,Lie module,Ring module,Vector space,Sheaf of functions,0,Module over ring of differential operators
mat-l5-039,Math,5,What is crystalline cohomology?,p-adic cohomology theory,Sheaf cohomology,Singular cohomology,De Rham cohomology,Étale cohomology,0,Grothendieck's p-adic cohomology for varieties in characteristic p
mat-l5-040,Math,5,What is the Millenium Prize for P vs NP?,Computational complexity problem,Number theory,Topology,Analysis,Algebra,0,Whether every problem with quickly verifiable solution has quickly findable solution
mat-l5-041,Math,5,What is the Riemann hypothesis about?,Prime numbers,Non-trivial zeros of zeta function,Fermat's last theorem,Goldbach conjecture,Twin primes,1,States all non-trivial zeros have real part 1/2
mat-l5-042,Math,5,What is a Hilbert space?,Complete inner product space,Banach space,Normed space,Metric space,Vector space,0,Inner product space that is complete under norm induced by inner product
mat-l5-043,Math,5,What is the Atiyah-Singer index theorem?,Topology and analysis connection,Number theory result,Algebra theorem,Geometry formula,Logic statement,0,Relates analytical index to topological index of elliptic operators
mat-l5-044,Math,5,What is Gödel's incompleteness theorem?,Systems can't be complete and consistent,All truths are provable,Math is consistent,Logic is complete,Arithmetic is decidable,0,Sufficiently strong systems cannot prove their own consistency
mat-l5-045,Math,5,What is the Hodge conjecture about?,Algebraic cycles,Prime distribution,Differential equations,Group theory,Number fields,0,Relates algebraic topology to algebraic geometry
mat-l5-046,Math,5,What is a p-adic number?,Extension based on prime p,Polynomial,Complex number,Rational number,Transcendental,0,Completion of rationals with respect to p-adic absolute value
mat-l5-047,Math,5,What is the Yang-Mills existence problem?,Quantum field theory gap,Prime number formula,Topology question,Algebra problem,Geometry issue,0,Proving mass gap for Yang-Mills theory
mat-l5-048,Math,5,What is a Lie algebra?,Vector space with bracket operation,Ring,Field,Group,Module,0,Vector space with Lie bracket satisfying Jacobi identity
mat-l5-049,Math,5,What is the Birch and Swinnerton-Dyer conjecture?,Elliptic curves rank,Prime gaps,Riemann zeta,Fermat curves,Modular forms,0,Relates rank of elliptic curve to behavior of L-function
mat-l5-050,Math,5,What is a sheaf in mathematics?,Tool for tracking local data,Topological space,Algebraic structure,Number system,Geometric object,0,Systematically tracks locally defined data attached to open sets
mat-l5-051,Math,5,What is the Poincaré conjecture (now theorem)?,Simply connected 3-manifold is sphere,All manifolds are spheres,Topology equals geometry,Homology determines homotopy,Fundamental group is trivial,0,Proved by Perelman using Ricci flow
mat-l5-052,Math,5,What is a scheme in algebraic geometry?,Generalization of variety,Topological space,Vector bundle,Differential manifold,Lie group,0,Built by gluing together spectra of commutative rings
mat-l5-053,Math,5,What is the Langlands program?,Connections between number theory and representation,Prime distribution,Elliptic curves,Modular forms alone,Galois theory,0,Relates Galois groups to automorphic forms
mat-l5-054,Math,5,What is a von Neumann algebra?,*-algebra of bounded operators,Group algebra,Lie algebra,Boolean algebra,Clifford algebra,0,Algebra of operators closed under weak topology
mat-l5-055,Math,5,What is the Navier-Stokes existence problem?,Smooth solutions in 3D,2D turbulence,Incompressible flow,Viscosity solutions,Boundary conditions,0,One of Millennium Problems about solution existence and smoothness
mat-l5-056,Math,5,What is a motive in mathematics?,Universal cohomology theory object,Geometric shape,Algebraic curve,Number field,Galois representation,0,Grothendieck's concept unifying cohomology theories
mat-l5-057,Math,5,What is the abc conjecture?,Relationship between a+b=c and prime factors,Prime distribution,Fermat's equation,Diophantine equations,Rational points,0,"If a+b=c, relates quality to radical of abc"
mat-l5-058,Math,5,What is a D-module?,Module over differential operators,Lie module,Ring module,Vector space,Sheaf of functions,0,Module over ring of differential operators
mat-l5-059,Math,5,What is crystalline cohomology?,p-adic cohomology theory,Sheaf cohomology,Singular cohomology,De Rham cohomology,Étale cohomology,0,Grothendieck's p-adic cohomology for varieties in characteristic p
mat-l5-060,Math,5,What is the Millenium Prize for P vs NP?,Computational complexity problem,Number theory,Topology,Analysis,Algebra,0,Whether every problem with quickly verifiable solution has quickly findable solution
mat-l5-061,Math,5,What is the Riemann hypothesis about?,Prime numbers,Non-trivial zeros of zeta function,Fermat's last theorem,Goldbach conjecture,Twin primes,1,States all non-trivial zeros have real part 1/2
mat-l5-062,Math,5,What is a Hilbert space?,Complete inner product space,Banach space,Normed space,Metric space,Vector space,0,Inner product space that is complete under norm induced by inner product
mat-l5-063,Math,5,What is the Atiyah-Singer index theorem?,Topology and analysis connection,Number theory result,Algebra theorem,Geometry formula,Logic statement,0,Relates analytical index to topological index of elliptic operators
mat-l5-064,Math,5,What is Gödel's incompleteness theorem?,Systems can't be complete and consistent,All truths are provable,Math is consistent,Logic is complete,Arithmetic is decidable,0,Sufficiently strong systems cannot prove their own consistency
mat-l5-065,Math,5,What is the Hodge conjecture about?,Algebraic cycles,Prime distribution,Differential equations,Group theory,Number fields,0,Relates algebraic topology to algebraic geometry
mat-l5-066,Math,5,What is a p-adic number?,Extension based on prime p,Polynomial,Complex number,Rational number,Transcendental,0,Completion of rationals with respect to p-adic absolute value
mat-l5-067,Math,5,What is the Yang-Mills existence problem?,Quantum field theory gap,Prime number formula,Topology question,Algebra problem,Geometry issue,0,Proving mass gap for Yang-Mills theory
mat-l5-068,Math,5,What is a Lie algebra?,Vector space with bracket operation,Ring,Field,Group,Module,0,Vector space with Lie bracket satisfying Jacobi identity
mat-l5-069,Math,5,What is the Birch and Swinnerton-Dyer conjecture?,Elliptic curves rank,Prime gaps,Riemann zeta,Fermat curves,Modular forms,0,Relates rank of elliptic curve to behavior of L-function
mat-l5-070,Math,5,What is a sheaf in mathematics?,Tool for tracking local data,Topological space,Algebraic structure,Number system,Geometric object,0,Systematically tracks locally defined data attached to open sets
mat-l5-071,Math,5,What is the Poincaré conjecture (now theorem)?,Simply connected 3-manifold is sphere,All manifolds are spheres,Topology equals geometry,Homology determines homotopy,Fundamental group is trivial,0,Proved by Perelman using Ricci flow
mat-l5-072,Math,5,What is a scheme in algebraic geometry?,Generalization of variety,Topological space,Vector bundle,Differential manifold,Lie group,0,Built by gluing together spectra of commutative rings
mat-l5-073,Math,5,What is the Langlands program?,Connections between number theory and representation,Prime distribution,Elliptic curves,Modular forms alone,Galois theory,0,Relates Galois groups to automorphic forms
mat-l5-074,Math,5,What is a von Neumann algebra?,*-algebra of bounded operators,Group algebra,Lie algebra,Boolean algebra,Clifford algebra,0,Algebra of operators closed under weak topology
mat-l5-075,Math,5,What is the Navier-Stokes existence problem?,Smooth solutions in 3D,2D turbulence,Incompressible flow,Viscosity solutions,Boundary conditions,0,One of Millennium Problems about solution existence and smoothness
mat-l5-076,Math,5,What is a motive in mathematics?,Universal cohomology theory object,Geometric shape,Algebraic curve,Number field,Galois representation,0,Grothendieck's concept unifying cohomology theories
mat-l5-077,Math,5,What is the abc conjecture?,Relationship between a+b=c and prime factors,Prime distribution,Fermat's equation,Diophantine equations,Rational points,0,"If a+b=c, relates quality to radical of abc"
mat-l5-078,Math,5,What is a D-module?,Module over differential operators,Lie module,Ring module,Vector space,Sheaf of functions,0,Module over ring of differential operators
mat-l5-079,Math,5,What is crystalline cohomology?,p-adic cohomology theory,Sheaf cohomology,Singular cohomology,De Rham cohomology,Étale cohomology,0,Grothendieck's p-adic cohomology for varieties in characteristic p
mat-l5-080,Math,5,What is the Millenium Prize for P vs NP?,Computational complexity problem,Number theory,Topology,Analysis,Algebra,0,Whether every problem with quickly verifiable solution has quickly findable solution
mat-l5-081,Math,5,What is the Riemann hypothesis about?,Prime numbers,Non-trivial zeros of zeta function,Fermat's last theorem,Goldbach conjecture,Twin primes,1,States all non-trivial zeros have real part 1/2
mat-l5-082,Math,5,What is a Hilbert space?,Complete inner product space,Banach space,Normed space,Metric space,Vector space,0,Inner product space that is complete under norm induced by inner product
mat-l5-083,Math,5,What is the Atiyah-Singer index theorem?,Topology and analysis connection,Number theory result,Algebra theorem,Geometry formula,Logic statement,0,Relates analytical index to topological index of elliptic operators
mat-l5-084,Math,5,What is Gödel's incompleteness theorem?,Systems can't be complete and consistent,All truths are provable,Math is consistent,Logic is complete,Arithmetic is decidable,0,Sufficiently strong systems cannot prove their own consistency
mat-l5-085,Math,5,What is the Hodge conjecture about?,Algebraic cycles,Prime distribution,Differential equations,Group theory,Number fields,0,Relates algebraic topology to algebraic geometry
mat-l5-086,Math,5,What is a p-adic number?,Extension based on prime p,Polynomial,Complex number,Rational number,Transcendental,0,Completion of rationals with respect to p-adic absolute value
mat-l5-087,Math,5,What is the Yang-Mills existence problem?,Quantum field theory gap,Prime number formula,Topology question,Algebra problem,Geometry issue,0,Proving mass gap for Yang-Mills theory
mat-l5-088,Math,5,What is a Lie algebra?,Vector space with bracket operation,Ring,Field,Group,Module,0,Vector space with Lie bracket satisfying Jacobi identity
mat-l5-089,Math,5,What is the Birch and Swinnerton-Dyer conjecture?,Elliptic curves rank,Prime gaps,Riemann zeta,Fermat curves,Modular forms,0,Relates rank of elliptic curve to behavior of L-function
mat-l5-090,Math,5,What is a sheaf in mathematics?,Tool for tracking local data,Topological space,Algebraic structure,Number system,Geometric object,0,Systematically tracks locally defined data attached to open sets
mat-l5-091,Math,5,What is the Poincaré conjecture (now theorem)?,Simply connected 3-manifold is sphere,All manifolds are spheres,Topology equals geometry,Homology determines homotopy,Fundamental group is trivial,0,Proved by Perelman using Ricci flow
mat-l5-092,Math,5,What is a scheme in algebraic geometry?,Generalization of variety,Topological space,Vector bundle,Differential manifold,Lie group,0,Built by gluing together spectra of commutative rings
mat-l5-093,Math,5,What is the Langlands program?,Connections between number theory and representation,Prime distribution,Elliptic curves,Modular forms alone,Galois theory,0,Relates Galois groups to automorphic forms
mat-l5-094,Math,5,What is a von Neumann algebra?,*-algebra of bounded operators,Group algebra,Lie algebra,Boolean algebra,Clifford algebra,0,Algebra of operators closed under weak topology
mat-l5-095,Math,5,What is the Navier-Stokes existence problem?,Smooth solutions in 3D,2D turbulence,Incompressible flow,Viscosity solutions,Boundary conditions,0,One of Millennium Problems about solution existence and smoothness
mat-l5-096,Math,5,What is a motive in mathematics?,Universal cohomology theory object,Geometric shape,Algebraic curve,Number field,Galois representation,0,Grothendieck's concept unifying cohomology theories
mat-l5-097,Math,5,What is the abc conjecture?,Relationship between a+b=c and prime factors,Prime distribution,Fermat's equation,Diophantine equations,Rational points,0,"If a+b=c, relates quality to radical of abc"
mat-l5-098,Math,5,What is a D-module?,Module over differential operators,Lie module,Ring module,Vector space,Sheaf of functions,0,Module over ring of differential operators
mat-l5-099,Math,5,What is crystalline cohomology?,p-adic cohomology theory,Sheaf cohomology,Singular cohomology,De Rham cohomology,Étale cohomology,0,Grothendieck's p-adic cohomology for varieties in characteristic p
mat-l5-100,Math,5,What is the Millenium Prize for P vs NP?,Computational complexity problem,Number theory,Topology,Analysis,Algebra,0,Whether every problem with quickly verifiable solution has quickly findable solution
sci-l1-001,Science,1,What are the three states of matter?,"Hot, cold, warm","Solid, liquid, gas","Big, medium, small","Heavy, light, medium","Fast, slow, still",1,"Think of ice, water, and steam"
sci-l1-002,Science,1,What is gravity?,A push,A force that pulls objects together,Energy,Light,Heat,1,The force that keeps you on the ground and makes things fall
sci-l1-003,Science,1,What is the center of our solar system?,Earth,Moon,Sun,Mars,Jupiter,2,This star provides light and heat to all planets
sci-l1-004,Science,1,What is friction?,Heat,Light,Force opposing motion,Gravity,Magnetism,2,This force makes it hard to slide objects across rough surfaces
sci-l1-005,Science,1,What is an atom?,A planet,Basic unit of matter,A cell,Energy,A molecule,1,The smallest unit of an element that retains its properties
sci-l1-006,Science,1,What conducts electricity best?,Wood,Plastic,Metal,Rubber,Glass,2,This material allows electrons to flow freely through it
sci-l1-007,Science,1,What is photosynthesis?,Animal breathing,Plants making food from sunlight,Water cycle,Rock formation,Cloud creation,1,Green plants use this process to convert light energy into food
sci-l1-008,Science,1,What is the boiling point of water?,0°C,50°C,100°C,150°C,200°C,2,"At this temperature, water turns to steam at sea level"
sci-l1-009,Science,1,What is magnetism?,Heat,Light,Force from magnets,Gravity,Friction,2,This invisible force attracts iron and can push or pull other magnets
sci-l1-010,Science,1,What is evaporation?,Freezing,Liquid becoming gas,Melting,Condensing,Precipitation,1,This process turns puddles into water vapor on a sunny day
sci-l1-011,Science,1,What is the speed of light?,300 m/s,"3,000 m/s","300,000 km/s","3,000,000 km/s",Infinite,2,Light travels at approximately this incredibly fast speed
sci-l1-012,Science,1,What is an element?,Mixture,Pure substance with one atom type,Compound,Solution,Alloy,1,"Gold, oxygen, and hydrogen are examples of this"
sci-l1-013,Science,1,What is reflection?,Light bending,Light bouncing off surfaces,Light absorbed,Light created,Light destroyed,1,This is why you can see yourself in a mirror
sci-l1-014,Science,1,What is condensation?,Liquid to gas,Gas to liquid,Solid to liquid,Liquid to solid,Gas to solid,1,This forms water droplets on cold glass
sci-l1-015,Science,1,What is sound?,Light waves,Vibrations traveling through matter,Heat,Electricity,Magnetism,1,These waves travel through air to reach your ears
sci-l1-016,Science,1,What is mass?,Weight,Amount of matter in object,Volume,Density,Length,1,This property stays the same whether on Earth or Moon
sci-l1-017,Science,1,What is a chemical reaction?,Mixing,Substances forming new substances,Dissolving,Melting,Evaporating,1,This process creates different substances with new properties
sci-l1-018,Science,1,What is energy?,Matter,Ability to do work,Force,Speed,Mass,1,"This can exist as heat, light, motion, or stored in various forms"
sci-l1-019,Science,1,What is refraction?,Light bouncing,Light bending when changing mediums,Light absorption,Light creation,Light reflection,1,This makes a straw look bent in water
sci-l1-020,Science,1,What is the water cycle?,Ocean currents,"Water moving through evaporation, condensation, precipitation",Tides,Waves,Erosion,1,This continuous process recycles Earth's water
sci-l1-021,Science,1,What are the three states of matter?,"Hot, cold, warm","Solid, liquid, gas","Big, medium, small","Heavy, light, medium","Fast, slow, still",1,"Think of ice, water, and steam"
sci-l1-022,Science,1,What is gravity?,A push,A force that pulls objects together,Energy,Light,Heat,1,The force that keeps you on the ground and makes things fall
sci-l1-023,Science,1,What is the center of our solar system?,Earth,Moon,Sun,Mars,Jupiter,2,This star provides light and heat to all planets
sci-l1-024,Science,1,What is friction?,Heat,Light,Force opposing motion,Gravity,Magnetism,2,This force makes it hard to slide objects across rough surfaces
sci-l1-025,Science,1,What is an atom?,A planet,Basic unit of matter,A cell,Energy,A molecule,1,The smallest unit of an element that retains its properties
sci-l1-026,Science,1,What conducts electricity best?,Wood,Plastic,Metal,Rubber,Glass,2,This material allows electrons to flow freely through it
sci-l1-027,Science,1,What is photosynthesis?,Animal breathing,Plants making food from sunlight,Water cycle,Rock formation,Cloud creation,1,Green plants use this process to convert light energy into food
sci-l1-028,Science,1,What is the boiling point of water?,0°C,50°C,100°C,150°C,200°C,2,"At this temperature, water turns to steam at sea level"
sci-l1-029,Science,1,What is magnetism?,Heat,Light,Force from magnets,Gravity,Friction,2,This invisible force attracts iron and can push or pull other magnets
sci-l1-030,Science,1,What is evaporation?,Freezing,Liquid becoming gas,Melting,Condensing,Precipitation,1,This process turns puddles into water vapor on a sunny day
sci-l1-031,Science,1,What is the speed of light?,300 m/s,"3,000 m/s","300,000 km/s","3,000,000 km/s",Infinite,2,Light travels at approximately this incredibly fast speed
sci-l1-032,Science,1,What is an element?,Mixture,Pure substance with one atom type,Compound,Solution,Alloy,1,"Gold, oxygen, and hydrogen are examples of this"
sci-l1-033,Science,1,What is reflection?,Light bending,Light bouncing off surfaces,Light absorbed,Light created,Light destroyed,1,This is why you can see yourself in a mirror
sci-l1-034,Science,1,What is condensation?,Liquid to gas,Gas to liquid,Solid to liquid,Liquid to solid,Gas to solid,1,This forms water droplets on cold glass
sci-l1-035,Science,1,What is sound?,Light waves,Vibrations traveling through matter,Heat,Electricity,Magnetism,1,These waves travel through air to reach your ears
sci-l1-036,Science,1,What is mass?,Weight,Amount of matter in object,Volume,Density,Length,1,This property stays the same whether on Earth or Moon
sci-l1-037,Science,1,What is a chemical reaction?,Mixing,Substances forming new substances,Dissolving,Melting,Evaporating,1,This process creates different substances with new properties
sci-l1-038,Science,1,What is energy?,Matter,Ability to do work,Force,Speed,Mass,1,"This can exist as heat, light, motion, or stored in various forms"
sci-l1-039,Science,1,What is refraction?,Light bouncing,Light bending when changing mediums,Light absorption,Light creation,Light reflection,1,This makes a straw look bent in water
sci-l1-040,Science,1,What is the water cycle?,Ocean currents,"Water moving through evaporation, condensation, precipitation",Tides,Waves,Erosion,1,This continuous process recycles Earth's water
sci-l1-041,Science,1,What are the three states of matter?,"Hot, cold, warm","Solid, liquid, gas","Big, medium, small","Heavy, light, medium","Fast, slow, still",1,"Think of ice, water, and steam"
sci-l1-042,Science,1,What is gravity?,A push,A force that pulls objects together,Energy,Light,Heat,1,The force that keeps you on the ground and makes things fall
sci-l1-043,Science,1,What is the center of our solar system?,Earth,Moon,Sun,Mars,Jupiter,2,This star provides light and heat to all planets
sci-l1-044,Science,1,What is friction?,Heat,Light,Force opposing motion,Gravity,Magnetism,2,This force makes it hard to slide objects across rough surfaces
sci-l1-045,Science,1,What is an atom?,A planet,Basic unit of matter,A cell,Energy,A molecule,1,The smallest unit of an element that retains its properties
sci-l1-046,Science,1,What conducts electricity best?,Wood,Plastic,Metal,Rubber,Glass,2,This material allows electrons to flow freely through it
sci-l1-047,Science,1,What is photosynthesis?,Animal breathing,Plants making food from sunlight,Water cycle,Rock formation,Cloud creation,1,Green plants use this process to convert light energy into food
sci-l1-048,Science,1,What is the boiling point of water?,0°C,50°C,100°C,150°C,200°C,2,"At this temperature, water turns to steam at sea level"
sci-l1-049,Science,1,What is magnetism?,Heat,Light,Force from magnets,Gravity,Friction,2,This invisible force attracts iron and can push or pull other magnets
sci-l1-050,Science,1,What is evaporation?,Freezing,Liquid becoming gas,Melting,Condensing,Precipitation,1,This process turns puddles into water vapor on a sunny day
sci-l1-051,Science,1,What is the speed of light?,300 m/s,"3,000 m/s","300,000 km/s","3,000,000 km/s",Infinite,2,Light travels at approximately this incredibly fast speed
sci-l1-052,Science,1,What is an element?,Mixture,Pure substance with one atom type,Compound,Solution,Alloy,1,"Gold, oxygen, and hydrogen are examples of this"
sci-l1-053,Science,1,What is reflection?,Light bending,Light bouncing off surfaces,Light absorbed,Light created,Light destroyed,1,This is why you can see yourself in a mirror
sci-l1-054,Science,1,What is condensation?,Liquid to gas,Gas to liquid,Solid to liquid,Liquid to solid,Gas to solid,1,This forms water droplets on cold glass
sci-l1-055,Science,1,What is sound?,Light waves,Vibrations traveling through matter,Heat,Electricity,Magnetism,1,These waves travel through air to reach your ears
sci-l1-056,Science,1,What is mass?,Weight,Amount of matter in object,Volume,Density,Length,1,This property stays the same whether on Earth or Moon
sci-l1-057,Science,1,What is a chemical reaction?,Mixing,Substances forming new substances,Dissolving,Melting,Evaporating,1,This process creates different substances with new properties
sci-l1-058,Science,1,What is energy?,Matter,Ability to do work,Force,Speed,Mass,1,"This can exist as heat, light, motion, or stored in various forms"
sci-l1-059,Science,1,What is refraction?,Light bouncing,Light bending when changing mediums,Light absorption,Light creation,Light reflection,1,This makes a straw look bent in water
sci-l1-060,Science,1,What is the water cycle?,Ocean currents,"Water moving through evaporation, condensation, precipitation",Tides,Waves,Erosion,1,This continuous process recycles Earth's water
sci-l1-061,Science,1,What are the three states of matter?,"Hot, cold, warm","Solid, liquid, gas","Big, medium, small","Heavy, light, medium","Fast, slow, still",1,"Think of ice, water, and steam"
sci-l1-062,Science,1,What is gravity?,A push,A force that pulls objects together,Energy,Light,Heat,1,The force that keeps you on the ground and makes things fall
sci-l1-063,Science,1,What is the center of our solar system?,Earth,Moon,Sun,Mars,Jupiter,2,This star provides light and heat to all planets
sci-l1-064,Science,1,What is friction?,Heat,Light,Force opposing motion,Gravity,Magnetism,2,This force makes it hard to slide objects across rough surfaces
sci-l1-065,Science,1,What is an atom?,A planet,Basic unit of matter,A cell,Energy,A molecule,1,The smallest unit of an element that retains its properties
sci-l1-066,Science,1,What conducts electricity best?,Wood,Plastic,Metal,Rubber,Glass,2,This material allows electrons to flow freely through it
sci-l1-067,Science,1,What is photosynthesis?,Animal breathing,Plants making food from sunlight,Water cycle,Rock formation,Cloud creation,1,Green plants use this process to convert light energy into food
sci-l1-068,Science,1,What is the boiling point of water?,0°C,50°C,100°C,150°C,200°C,2,"At this temperature, water turns to steam at sea level"
sci-l1-069,Science,1,What is magnetism?,Heat,Light,Force from magnets,Gravity,Friction,2,This invisible force attracts iron and can push or pull other magnets
sci-l1-070,Science,1,What is evaporation?,Freezing,Liquid becoming gas,Melting,Condensing,Precipitation,1,This process turns puddles into water vapor on a sunny day
sci-l1-071,Science,1,What is the speed of light?,300 m/s,"3,000 m/s","300,000 km/s","3,000,000 km/s",Infinite,2,Light travels at approximately this incredibly fast speed
sci-l1-072,Science,1,What is an element?,Mixture,Pure substance with one atom type,Compound,Solution,Alloy,1,"Gold, oxygen, and hydrogen are examples of this"
sci-l1-073,Science,1,What is reflection?,Light bending,Light bouncing off surfaces,Light absorbed,Light created,Light destroyed,1,This is why you can see yourself in a mirror
sci-l1-074,Science,1,What is condensation?,Liquid to gas,Gas to liquid,Solid to liquid,Liquid to solid,Gas to solid,1,This forms water droplets on cold glass
sci-l1-075,Science,1,What is sound?,Light waves,Vibrations traveling through matter,Heat,Electricity,Magnetism,1,These waves travel through air to reach your ears
sci-l1-076,Science,1,What is mass?,Weight,Amount of matter in object,Volume,Density,Length,1,This property stays the same whether on Earth or Moon
sci-l1-077,Science,1,What is a chemical reaction?,Mixing,Substances forming new substances,Dissolving,Melting,Evaporating,1,This process creates different substances with new properties
sci-l1-078,Science,1,What is energy?,Matter,Ability to do work,Force,Speed,Mass,1,"This can exist as heat, light, motion, or stored in various forms"
sci-l1-079,Science,1,What is refraction?,Light bouncing,Light bending when changing mediums,Light absorption,Light creation,Light reflection,1,This makes a straw look bent in water
sci-l1-080,Science,1,What is the water cycle?,Ocean currents,"Water moving through evaporation, condensation, precipitation",Tides,Waves,Erosion,1,This continuous process recycles Earth's water
sci-l1-081,Science,1,What are the three states of matter?,"Hot, cold, warm","Solid, liquid, gas","Big, medium, small","Heavy, light, medium","Fast, slow, still",1,"Think of ice, water, and steam"
sci-l1-082,Science,1,What is gravity?,A push,A force that pulls objects together,Energy,Light,Heat,1,The force that keeps you on the ground and makes things fall
sci-l1-083,Science,1,What is the center of our solar system?,Earth,Moon,Sun,Mars,Jupiter,2,This star provides light and heat to all planets
sci-l1-084,Science,1,What is friction?,Heat,Light,Force opposing motion,Gravity,Magnetism,2,This force makes it hard to slide objects across rough surfaces
sci-l1-085,Science,1,What is an atom?,A planet,Basic unit of matter,A cell,Energy,A molecule,1,The smallest unit of an element that retains its properties
sci-l1-086,Science,1,What conducts electricity best?,Wood,Plastic,Metal,Rubber,Glass,2,This material allows electrons to flow freely through it
sci-l1-087,Science,1,What is photosynthesis?,Animal breathing,Plants making food from sunlight,Water cycle,Rock formation,Cloud creation,1,Green plants use this process to convert light energy into food
sci-l1-088,Science,1,What is the boiling point of water?,0°C,50°C,100°C,150°C,200°C,2,"At this temperature, water turns to steam at sea level"
sci-l1-089,Science,1,What is magnetism?,Heat,Light,Force from magnets,Gravity,Friction,2,This invisible force attracts iron and can push or pull other magnets
sci-l1-090,Science,1,What is evaporation?,Freezing,Liquid becoming gas,Melting,Condensing,Precipitation,1,This process turns puddles into water vapor on a sunny day
sci-l1-091,Science,1,What is the speed of light?,300 m/s,"3,000 m/s","300,000 km/s","3,000,000 km/s",Infinite,2,Light travels at approximately this incredibly fast speed
sci-l1-092,Science,1,What is an element?,Mixture,Pure substance with one atom type,Compound,Solution,Alloy,1,"Gold, oxygen, and hydrogen are examples of this"
sci-l1-093,Science,1,What is reflection?,Light bending,Light bouncing off surfaces,Light absorbed,Light created,Light destroyed,1,This is why you can see yourself in a mirror
sci-l1-094,Science,1,What is condensation?,Liquid to gas,Gas to liquid,Solid to liquid,Liquid to solid,Gas to solid,1,This forms water droplets on cold glass
sci-l1-095,Science,1,What is sound?,Light waves,Vibrations traveling through matter,Heat,Electricity,Magnetism,1,These waves travel through air to reach your ears
sci-l1-096,Science,1,What is mass?,Weight,Amount of matter in object,Volume,Density,Length,1,This property stays the same whether on Earth or Moon
sci-l1-097,Science,1,What is a chemical reaction?,Mixing,Substances forming new substances,Dissolving,Melting,Evaporating,1,This process creates different substances with new properties
sci-l1-098,Science,1,What is energy?,Matter,Ability to do work,Force,Speed,Mass,1,"This can exist as heat, light, motion, or stored in various forms"
sci-l1-099,Science,1,What is refraction?,Light bouncing,Light bending when changing mediums,Light absorption,Light creation,Light reflection,1,This makes a straw look bent in water
sci-l1-100,Science,1,What is the water cycle?,Ocean currents,"Water moving through evaporation, condensation, precipitation",Tides,Waves,Erosion,1,This continuous process recycles Earth's water
sci-l2-001,Science,2,What is Newton's First Law?,F=ma,Objects in motion stay in motion,Action-reaction,Gravity formula,Energy conservation,1,Also called the law of inertia
sci-l2-002,Science,2,What is the pH scale?,Temperature,Acidity/basicity measurement,Pressure,Volume,Density,1,"Ranges from 0-14, with 7 being neutral"
sci-l2-003,Science,2,What is an acid?,pH above 7,pH below 7,pH exactly 7,pH of 14,pH of 0,1,These substances taste sour and can donate protons
sci-l2-004,Science,2,What is kinetic energy?,Stored energy,Energy of motion,Heat energy,Light energy,Chemical energy,1,A moving car has this type of energy
sci-l2-005,Science,2,What is the periodic table?,List of planets,Organization of elements,Types of rocks,Animal classifications,Cloud types,1,Dmitri Mendeleev organized chemical elements this way
sci-l2-006,Science,2,What is potential energy?,Energy of motion,Stored energy,Heat,Light,Sound,1,A book on a high shelf has this type of energy
sci-l2-007,Science,2,What is the Doppler effect?,Light bending,Frequency change due to motion,Sound absorption,Heat transfer,Magnetic field,1,This makes a siren sound different as it passes you
sci-l2-008,Science,2,What is the law of conservation of energy?,Energy is created,Energy is destroyed,Energy changes form but total stays constant,Energy increases,Energy decreases,2,"Energy cannot be created or destroyed, only transformed"
sci-l2-009,Science,2,What is an exothermic reaction?,Absorbs heat,Releases heat,No heat change,Freezes,Evaporates,1,Burning wood is an example of this type of reaction
sci-l2-010,Science,2,What is the electromagnetic spectrum?,Types of metals,Range of electromagnetic radiation,Sound frequencies,Temperature scale,Pressure ranges,1,"Includes radio waves, visible light, X-rays, and more"
sci-l2-011,Science,2,What is a compound?,Single element,Two or more elements bonded,Mixture,Solution,Pure substance,1,Water (H₂O) is an example of this
sci-l2-012,Science,2,What is density?,Mass times volume,Mass divided by volume,Weight,Size,Shape,1,This property determines if objects float or sink
sci-l2-013,Science,2,What is momentum?,Force,Mass times velocity,Acceleration,Energy,Power,1,A bowling ball rolling has more of this than a tennis ball
sci-l2-014,Science,2,What is an endothermic reaction?,Releases heat,Absorbs heat,No heat change,Creates light,Makes sound,1,Ice melting is an example of this type of reaction
sci-l2-015,Science,2,What is the difference between heat and temperature?,They're the same,"Heat is energy, temperature is measure of average kinetic energy",Heat is cold,Temperature is energy,No difference,1,Heat flows from hot to cold objects
sci-l2-016,Science,2,What is a covalent bond?,Metal bond,Electrons shared between atoms,Ionic attraction,Van der Waals force,Hydrogen bond,1,This bond forms when atoms share electron pairs
sci-l2-017,Science,2,What is buoyancy?,Sinking,Upward force on submerged objects,Friction,Gravity,Magnetism,1,Archimedes' principle explains this force that makes things float
sci-l2-018,Science,2,What is wavelength?,Wave height,Distance between wave peaks,Wave speed,Wave frequency,Wave energy,1,This is the spatial period of a periodic wave
sci-l2-019,Science,2,What is an isotope?,Different element,Same element with different neutron number,Ion,Molecule,Compound,1,Carbon-12 and Carbon-14 are examples of this
sci-l2-020,Science,2,What is static electricity?,Current flow,Imbalance of electric charges,Magnetism,Heat,Light,1,This causes your hair to stand up when rubbed with a balloon
sci-l2-021,Science,2,What is Newton's First Law?,F=ma,Objects in motion stay in motion,Action-reaction,Gravity formula,Energy conservation,1,Also called the law of inertia
sci-l2-022,Science,2,What is the pH scale?,Temperature,Acidity/basicity measurement,Pressure,Volume,Density,1,"Ranges from 0-14, with 7 being neutral"
sci-l2-023,Science,2,What is an acid?,pH above 7,pH below 7,pH exactly 7,pH of 14,pH of 0,1,These substances taste sour and can donate protons
sci-l2-024,Science,2,What is kinetic energy?,Stored energy,Energy of motion,Heat energy,Light energy,Chemical energy,1,A moving car has this type of energy
sci-l2-025,Science,2,What is the periodic table?,List of planets,Organization of elements,Types of rocks,Animal classifications,Cloud types,1,Dmitri Mendeleev organized chemical elements this way
sci-l2-026,Science,2,What is potential energy?,Energy of motion,Stored energy,Heat,Light,Sound,1,A book on a high shelf has this type of energy
sci-l2-027,Science,2,What is the Doppler effect?,Light bending,Frequency change due to motion,Sound absorption,Heat transfer,Magnetic field,1,This makes a siren sound different as it passes you
sci-l2-028,Science,2,What is the law of conservation of energy?,Energy is created,Energy is destroyed,Energy changes form but total stays constant,Energy increases,Energy decreases,2,"Energy cannot be created or destroyed, only transformed"
sci-l2-029,Science,2,What is an exothermic reaction?,Absorbs heat,Releases heat,No heat change,Freezes,Evaporates,1,Burning wood is an example of this type of reaction
sci-l2-030,Science,2,What is the electromagnetic spectrum?,Types of metals,Range of electromagnetic radiation,Sound frequencies,Temperature scale,Pressure ranges,1,"Includes radio waves, visible light, X-rays, and more"
sci-l2-031,Science,2,What is a compound?,Single element,Two or more elements bonded,Mixture,Solution,Pure substance,1,Water (H₂O) is an example of this
sci-l2-032,Science,2,What is density?,Mass times volume,Mass divided by volume,Weight,Size,Shape,1,This property determines if objects float or sink
sci-l2-033,Science,2,What is momentum?,Force,Mass times velocity,Acceleration,Energy,Power,1,A bowling ball rolling has more of this than a tennis ball
sci-l2-034,Science,2,What is an endothermic reaction?,Releases heat,Absorbs heat,No heat change,Creates light,Makes sound,1,Ice melting is an example of this type of reaction
sci-l2-035,Science,2,What is the difference between heat and temperature?,They're the same,"Heat is energy, temperature is measure of average kinetic energy",Heat is cold,Temperature is energy,No difference,1,Heat flows from hot to cold objects
sci-l2-036,Science,2,What is a covalent bond?,Metal bond,Electrons shared between atoms,Ionic attraction,Van der Waals force,Hydrogen bond,1,This bond forms when atoms share electron pairs
sci-l2-037,Science,2,What is buoyancy?,Sinking,Upward force on submerged objects,Friction,Gravity,Magnetism,1,Archimedes' principle explains this force that makes things float
sci-l2-038,Science,2,What is wavelength?,Wave height,Distance between wave peaks,Wave speed,Wave frequency,Wave energy,1,This is the spatial period of a periodic wave
sci-l2-039,Science,2,What is an isotope?,Different element,Same element with different neutron number,Ion,Molecule,Compound,1,Carbon-12 and Carbon-14 are examples of this
sci-l2-040,Science,2,What is static electricity?,Current flow,Imbalance of electric charges,Magnetism,Heat,Light,1,This causes your hair to stand up when rubbed with a balloon
sci-l2-041,Science,2,What is Newton's First Law?,F=ma,Objects in motion stay in motion,Action-reaction,Gravity formula,Energy conservation,1,Also called the law of inertia
sci-l2-042,Science,2,What is the pH scale?,Temperature,Acidity/basicity measurement,Pressure,Volume,Density,1,"Ranges from 0-14, with 7 being neutral"
sci-l2-043,Science,2,What is an acid?,pH above 7,pH below 7,pH exactly 7,pH of 14,pH of 0,1,These substances taste sour and can donate protons
sci-l2-044,Science,2,What is kinetic energy?,Stored energy,Energy of motion,Heat energy,Light energy,Chemical energy,1,A moving car has this type of energy
sci-l2-045,Science,2,What is the periodic table?,List of planets,Organization of elements,Types of rocks,Animal classifications,Cloud types,1,Dmitri Mendeleev organized chemical elements this way
sci-l2-046,Science,2,What is potential energy?,Energy of motion,Stored energy,Heat,Light,Sound,1,A book on a high shelf has this type of energy
sci-l2-047,Science,2,What is the Doppler effect?,Light bending,Frequency change due to motion,Sound absorption,Heat transfer,Magnetic field,1,This makes a siren sound different as it passes you
sci-l2-048,Science,2,What is the law of conservation of energy?,Energy is created,Energy is destroyed,Energy changes form but total stays constant,Energy increases,Energy decreases,2,"Energy cannot be created or destroyed, only transformed"
sci-l2-049,Science,2,What is an exothermic reaction?,Absorbs heat,Releases heat,No heat change,Freezes,Evaporates,1,Burning wood is an example of this type of reaction
sci-l2-050,Science,2,What is the electromagnetic spectrum?,Types of metals,Range of electromagnetic radiation,Sound frequencies,Temperature scale,Pressure ranges,1,"Includes radio waves, visible light, X-rays, and more"
sci-l2-051,Science,2,What is a compound?,Single element,Two or more elements bonded,Mixture,Solution,Pure substance,1,Water (H₂O) is an example of this
sci-l2-052,Science,2,What is density?,Mass times volume,Mass divided by volume,Weight,Size,Shape,1,This property determines if objects float or sink
sci-l2-053,Science,2,What is momentum?,Force,Mass times velocity,Acceleration,Energy,Power,1,A bowling ball rolling has more of this than a tennis ball
sci-l2-054,Science,2,What is an endothermic reaction?,Releases heat,Absorbs heat,No heat change,Creates light,Makes sound,1,Ice melting is an example of this type of reaction
sci-l2-055,Science,2,What is the difference between heat and temperature?,They're the same,"Heat is energy, temperature is measure of average kinetic energy",Heat is cold,Temperature is energy,No difference,1,Heat flows from hot to cold objects
sci-l2-056,Science,2,What is a covalent bond?,Metal bond,Electrons shared between atoms,Ionic attraction,Van der Waals force,Hydrogen bond,1,This bond forms when atoms share electron pairs
sci-l2-057,Science,2,What is buoyancy?,Sinking,Upward force on submerged objects,Friction,Gravity,Magnetism,1,Archimedes' principle explains this force that makes things float
sci-l2-058,Science,2,What is wavelength?,Wave height,Distance between wave peaks,Wave speed,Wave frequency,Wave energy,1,This is the spatial period of a periodic wave
sci-l2-059,Science,2,What is an isotope?,Different element,Same element with different neutron number,Ion,Molecule,Compound,1,Carbon-12 and Carbon-14 are examples of this
sci-l2-060,Science,2,What is static electricity?,Current flow,Imbalance of electric charges,Magnetism,Heat,Light,1,This causes your hair to stand up when rubbed with a balloon
sci-l2-061,Science,2,What is Newton's First Law?,F=ma,Objects in motion stay in motion,Action-reaction,Gravity formula,Energy conservation,1,Also called the law of inertia
sci-l2-062,Science,2,What is the pH scale?,Temperature,Acidity/basicity measurement,Pressure,Volume,Density,1,"Ranges from 0-14, with 7 being neutral"
sci-l2-063,Science,2,What is an acid?,pH above 7,pH below 7,pH exactly 7,pH of 14,pH of 0,1,These substances taste sour and can donate protons
sci-l2-064,Science,2,What is kinetic energy?,Stored energy,Energy of motion,Heat energy,Light energy,Chemical energy,1,A moving car has this type of energy
sci-l2-065,Science,2,What is the periodic table?,List of planets,Organization of elements,Types of rocks,Animal classifications,Cloud types,1,Dmitri Mendeleev organized chemical elements this way
sci-l2-066,Science,2,What is potential energy?,Energy of motion,Stored energy,Heat,Light,Sound,1,A book on a high shelf has this type of energy
sci-l2-067,Science,2,What is the Doppler effect?,Light bending,Frequency change due to motion,Sound absorption,Heat transfer,Magnetic field,1,This makes a siren sound different as it passes you
sci-l2-068,Science,2,What is the law of conservation of energy?,Energy is created,Energy is destroyed,Energy changes form but total stays constant,Energy increases,Energy decreases,2,"Energy cannot be created or destroyed, only transformed"
sci-l2-069,Science,2,What is an exothermic reaction?,Absorbs heat,Releases heat,No heat change,Freezes,Evaporates,1,Burning wood is an example of this type of reaction
sci-l2-070,Science,2,What is the electromagnetic spectrum?,Types of metals,Range of electromagnetic radiation,Sound frequencies,Temperature scale,Pressure ranges,1,"Includes radio waves, visible light, X-rays, and more"
sci-l2-071,Science,2,What is a compound?,Single element,Two or more elements bonded,Mixture,Solution,Pure substance,1,Water (H₂O) is an example of this
sci-l2-072,Science,2,What is density?,Mass times volume,Mass divided by volume,Weight,Size,Shape,1,This property determines if objects float or sink
sci-l2-073,Science,2,What is momentum?,Force,Mass times velocity,Acceleration,Energy,Power,1,A bowling ball rolling has more of this than a tennis ball
sci-l2-074,Science,2,What is an endothermic reaction?,Releases heat,Absorbs heat,No heat change,Creates light,Makes sound,1,Ice melting is an example of this type of reaction
sci-l2-075,Science,2,What is the difference between heat and temperature?,They're the same,"Heat is energy, temperature is measure of average kinetic energy",Heat is cold,Temperature is energy,No difference,1,Heat flows from hot to cold objects
sci-l2-076,Science,2,What is a covalent bond?,Metal bond,Electrons shared between atoms,Ionic attraction,Van der Waals force,Hydrogen bond,1,This bond forms when atoms share electron pairs
sci-l2-077,Science,2,What is buoyancy?,Sinking,Upward force on submerged objects,Friction,Gravity,Magnetism,1,Archimedes' principle explains this force that makes things float
sci-l2-078,Science,2,What is wavelength?,Wave height,Distance between wave peaks,Wave speed,Wave frequency,Wave energy,1,This is the spatial period of a periodic wave
sci-l2-079,Science,2,What is an isotope?,Different element,Same element with different neutron number,Ion,Molecule,Compound,1,Carbon-12 and Carbon-14 are examples of this
sci-l2-080,Science,2,What is static electricity?,Current flow,Imbalance of electric charges,Magnetism,Heat,Light,1,This causes your hair to stand up when rubbed with a balloon
sci-l2-081,Science,2,What is Newton's First Law?,F=ma,Objects in motion stay in motion,Action-reaction,Gravity formula,Energy conservation,1,Also called the law of inertia
sci-l2-082,Science,2,What is the pH scale?,Temperature,Acidity/basicity measurement,Pressure,Volume,Density,1,"Ranges from 0-14, with 7 being neutral"
sci-l2-083,Science,2,What is an acid?,pH above 7,pH below 7,pH exactly 7,pH of 14,pH of 0,1,These substances taste sour and can donate protons
sci-l2-084,Science,2,What is kinetic energy?,Stored energy,Energy of motion,Heat energy,Light energy,Chemical energy,1,A moving car has this type of energy
sci-l2-085,Science,2,What is the periodic table?,List of planets,Organization of elements,Types of rocks,Animal classifications,Cloud types,1,Dmitri Mendeleev organized chemical elements this way
sci-l2-086,Science,2,What is potential energy?,Energy of motion,Stored energy,Heat,Light,Sound,1,A book on a high shelf has this type of energy
sci-l2-087,Science,2,What is the Doppler effect?,Light bending,Frequency change due to motion,Sound absorption,Heat transfer,Magnetic field,1,This makes a siren sound different as it passes you
sci-l2-088,Science,2,What is the law of conservation of energy?,Energy is created,Energy is destroyed,Energy changes form but total stays constant,Energy increases,Energy decreases,2,"Energy cannot be created or destroyed, only transformed"
sci-l2-089,Science,2,What is an exothermic reaction?,Absorbs heat,Releases heat,No heat change,Freezes,Evaporates,1,Burning wood is an example of this type of reaction
sci-l2-090,Science,2,What is the electromagnetic spectrum?,Types of metals,Range of electromagnetic radiation,Sound frequencies,Temperature scale,Pressure ranges,1,"Includes radio waves, visible light, X-rays, and more"
sci-l2-091,Science,2,What is a compound?,Single element,Two or more elements bonded,Mixture,Solution,Pure substance,1,Water (H₂O) is an example of this
sci-l2-092,Science,2,What is density?,Mass times volume,Mass divided by volume,Weight,Size,Shape,1,This property determines if objects float or sink
sci-l2-093,Science,2,What is momentum?,Force,Mass times velocity,Acceleration,Energy,Power,1,A bowling ball rolling has more of this than a tennis ball
sci-l2-094,Science,2,What is an endothermic reaction?,Releases heat,Absorbs heat,No heat change,Creates light,Makes sound,1,Ice melting is an example of this type of reaction
sci-l2-095,Science,2,What is the difference between heat and temperature?,They're the same,"Heat is energy, temperature is measure of average kinetic energy",Heat is cold,Temperature is energy,No difference,1,Heat flows from hot to cold objects
sci-l2-096,Science,2,What is a covalent bond?,Metal bond,Electrons shared between atoms,Ionic attraction,Van der Waals force,Hydrogen bond,1,This bond forms when atoms share electron pairs
sci-l2-097,Science,2,What is buoyancy?,Sinking,Upward force on submerged objects,Friction,Gravity,Magnetism,1,Archimedes' principle explains this force that makes things float
sci-l2-098,Science,2,What is wavelength?,Wave height,Distance between wave peaks,Wave speed,Wave frequency,Wave energy,1,This is the spatial period of a periodic wave
sci-l2-099,Science,2,What is an isotope?,Different element,Same element with different neutron number,Ion,Molecule,Compound,1,Carbon-12 and Carbon-14 are examples of this
sci-l2-100,Science,2,What is static electricity?,Current flow,Imbalance of electric charges,Magnetism,Heat,Light,1,This causes your hair to stand up when rubbed with a balloon
sci-l3-001,Science,3,What is Newton's Second Law (equation)?,v = d/t,F = ma,E = mc²,W = Fd,P = mv,1,Force equals mass times acceleration
sci-l3-002,Science,3,What is Avogadro's number?,3.14 × 10¹⁵,6.02 × 10²³,9.8 m/s²,3 × 10⁸ m/s,6.67 × 10⁻¹¹,1,Number of particles in one mole of substance
sci-l3-003,Science,3,What is entropy?,Energy,Measure of disorder,Temperature,Pressure,Volume,1,This thermodynamic property tends to increase in isolated systems
sci-l3-004,Science,3,What is the Heisenberg uncertainty principle?,E=mc²,Can't know position and momentum exactly,Energy conservation,Wave-particle duality,Relativity,1,Fundamental limit in quantum mechanics
sci-l3-005,Science,3,What is Le Chatelier's principle?,Acid-base,System responds to oppose changes,Ideal gas,Thermodynamics,Kinetics,1,Equilibrium shifts to counteract stress on the system
sci-l3-006,Science,3,What is a catalyst?,Reactant,Speeds reaction without being consumed,Product,Inhibitor,Solvent,1,Enzymes are biological examples of this
sci-l3-007,Science,3,What is the ideal gas law?,PV = nRT,F = ma,E = mc²,V = IR,W = Fd,0,"Relates pressure, volume, temperature, and amount of gas"
sci-l3-008,Science,3,What is half-life?,Total decay time,Time for half to decay,Reaction rate,Frequency,Wavelength,1,Used to measure radioactive decay and reaction kinetics
sci-l3-009,Science,3,What is the strong nuclear force?,Gravity,Electromagnetic,Force binding protons and neutrons,Weak force,Friction,2,This strongest fundamental force holds atomic nuclei together
sci-l3-010,Science,3,What is resonance in chemistry?,Sound waves,Multiple valid Lewis structures,Vibration,Frequency,Amplitude,1,Benzene is a classic example with delocalized electrons
sci-l3-011,Science,3,What is Ohm's law?,F = ma,E = mc²,V = IR,PV = nRT,W = Fd,2,"Relates voltage, current, and resistance in circuits"
sci-l3-012,Science,3,What is the photoelectric effect?,Light diffraction,Light ejecting electrons from metal,Light refraction,Light absorption,Light reflection,1,Einstein explained this quantum phenomenon
sci-l3-013,Science,3,What is oxidation?,Gain of electrons,Loss of electrons,Gain of protons,Loss of neutrons,No change,1,"In redox reactions, this is loss of electrons"
sci-l3-014,Science,3,What is the Pauli exclusion principle?,Energy conservation,No two electrons in same quantum state,Wave-particle duality,Uncertainty principle,Relativity,1,This explains electron configuration in atoms
sci-l3-015,Science,3,What is enthalpy?,Free energy,Heat content of system,Entropy,Temperature,Pressure,1,Change in this equals heat absorbed or released at constant pressure
sci-l3-016,Science,3,What is the Schrödinger equation?,Relativity,Quantum wave function evolution,Thermodynamics,Classical mechanics,Electromagnetism,1,Fundamental equation of quantum mechanics
sci-l3-017,Science,3,What is molarity?,g/L,moles/liter,moles/kg,g/mL,atoms/volume,1,Most common concentration unit in chemistry
sci-l3-018,Science,3,What is the Doppler shift formula?,E = mc²,f' = f(v ± vo)/(v ± vs),F = ma,V = IR,PV = nRT,1,Calculates frequency change due to relative motion
sci-l3-019,Science,3,What is nuclear fission?,Atoms combining,Heavy nucleus splitting,Electron emission,Neutron capture,Fusion,1,This process powers nuclear reactors and atomic bombs
sci-l3-020,Science,3,What is the work-energy theorem?,F = ma,Work done equals change in kinetic energy,E = mc²,Conservation of momentum,Power formula,1,Net work on object equals its change in kinetic energy
sci-l3-021,Science,3,What is Newton's Second Law (equation)?,v = d/t,F = ma,E = mc²,W = Fd,P = mv,1,Force equals mass times acceleration
sci-l3-022,Science,3,What is Avogadro's number?,3.14 × 10¹⁵,6.02 × 10²³,9.8 m/s²,3 × 10⁸ m/s,6.67 × 10⁻¹¹,1,Number of particles in one mole of substance
sci-l3-023,Science,3,What is entropy?,Energy,Measure of disorder,Temperature,Pressure,Volume,1,This thermodynamic property tends to increase in isolated systems
sci-l3-024,Science,3,What is the Heisenberg uncertainty principle?,E=mc²,Can't know position and momentum exactly,Energy conservation,Wave-particle duality,Relativity,1,Fundamental limit in quantum mechanics
sci-l3-025,Science,3,What is Le Chatelier's principle?,Acid-base,System responds to oppose changes,Ideal gas,Thermodynamics,Kinetics,1,Equilibrium shifts to counteract stress on the system
sci-l3-026,Science,3,What is a catalyst?,Reactant,Speeds reaction without being consumed,Product,Inhibitor,Solvent,1,Enzymes are biological examples of this
sci-l3-027,Science,3,What is the ideal gas law?,PV = nRT,F = ma,E = mc²,V = IR,W = Fd,0,"Relates pressure, volume, temperature, and amount of gas"
sci-l3-028,Science,3,What is half-life?,Total decay time,Time for half to decay,Reaction rate,Frequency,Wavelength,1,Used to measure radioactive decay and reaction kinetics
sci-l3-029,Science,3,What is the strong nuclear force?,Gravity,Electromagnetic,Force binding protons and neutrons,Weak force,Friction,2,This strongest fundamental force holds atomic nuclei together
sci-l3-030,Science,3,What is resonance in chemistry?,Sound waves,Multiple valid Lewis structures,Vibration,Frequency,Amplitude,1,Benzene is a classic example with delocalized electrons
sci-l3-031,Science,3,What is Ohm's law?,F = ma,E = mc²,V = IR,PV = nRT,W = Fd,2,"Relates voltage, current, and resistance in circuits"
sci-l3-032,Science,3,What is the photoelectric effect?,Light diffraction,Light ejecting electrons from metal,Light refraction,Light absorption,Light reflection,1,Einstein explained this quantum phenomenon
sci-l3-033,Science,3,What is oxidation?,Gain of electrons,Loss of electrons,Gain of protons,Loss of neutrons,No change,1,"In redox reactions, this is loss of electrons"
sci-l3-034,Science,3,What is the Pauli exclusion principle?,Energy conservation,No two electrons in same quantum state,Wave-particle duality,Uncertainty principle,Relativity,1,This explains electron configuration in atoms
sci-l3-035,Science,3,What is enthalpy?,Free energy,Heat content of system,Entropy,Temperature,Pressure,1,Change in this equals heat absorbed or released at constant pressure
sci-l3-036,Science,3,What is the Schrödinger equation?,Relativity,Quantum wave function evolution,Thermodynamics,Classical mechanics,Electromagnetism,1,Fundamental equation of quantum mechanics
sci-l3-037,Science,3,What is molarity?,g/L,moles/liter,moles/kg,g/mL,atoms/volume,1,Most common concentration unit in chemistry
sci-l3-038,Science,3,What is the Doppler shift formula?,E = mc²,f' = f(v ± vo)/(v ± vs),F = ma,V = IR,PV = nRT,1,Calculates frequency change due to relative motion
sci-l3-039,Science,3,What is nuclear fission?,Atoms combining,Heavy nucleus splitting,Electron emission,Neutron capture,Fusion,1,This process powers nuclear reactors and atomic bombs
sci-l3-040,Science,3,What is the work-energy theorem?,F = ma,Work done equals change in kinetic energy,E = mc²,Conservation of momentum,Power formula,1,Net work on object equals its change in kinetic energy
sci-l3-041,Science,3,What is Newton's Second Law (equation)?,v = d/t,F = ma,E = mc²,W = Fd,P = mv,1,Force equals mass times acceleration
sci-l3-042,Science,3,What is Avogadro's number?,3.14 × 10¹⁵,6.02 × 10²³,9.8 m/s²,3 × 10⁸ m/s,6.67 × 10⁻¹¹,1,Number of particles in one mole of substance
sci-l3-043,Science,3,What is entropy?,Energy,Measure of disorder,Temperature,Pressure,Volume,1,This thermodynamic property tends to increase in isolated systems
sci-l3-044,Science,3,What is the Heisenberg uncertainty principle?,E=mc²,Can't know position and momentum exactly,Energy conservation,Wave-particle duality,Relativity,1,Fundamental limit in quantum mechanics
sci-l3-045,Science,3,What is Le Chatelier's principle?,Acid-base,System responds to oppose changes,Ideal gas,Thermodynamics,Kinetics,1,Equilibrium shifts to counteract stress on the system
sci-l3-046,Science,3,What is a catalyst?,Reactant,Speeds reaction without being consumed,Product,Inhibitor,Solvent,1,Enzymes are biological examples of this
sci-l3-047,Science,3,What is the ideal gas law?,PV = nRT,F = ma,E = mc²,V = IR,W = Fd,0,"Relates pressure, volume, temperature, and amount of gas"
sci-l3-048,Science,3,What is half-life?,Total decay time,Time for half to decay,Reaction rate,Frequency,Wavelength,1,Used to measure radioactive decay and reaction kinetics
sci-l3-049,Science,3,What is the strong nuclear force?,Gravity,Electromagnetic,Force binding protons and neutrons,Weak force,Friction,2,This strongest fundamental force holds atomic nuclei together
sci-l3-050,Science,3,What is resonance in chemistry?,Sound waves,Multiple valid Lewis structures,Vibration,Frequency,Amplitude,1,Benzene is a classic example with delocalized electrons
sci-l3-051,Science,3,What is Ohm's law?,F = ma,E = mc²,V = IR,PV = nRT,W = Fd,2,"Relates voltage, current, and resistance in circuits"
sci-l3-052,Science,3,What is the photoelectric effect?,Light diffraction,Light ejecting electrons from metal,Light refraction,Light absorption,Light reflection,1,Einstein explained this quantum phenomenon
sci-l3-053,Science,3,What is oxidation?,Gain of electrons,Loss of electrons,Gain of protons,Loss of neutrons,No change,1,"In redox reactions, this is loss of electrons"
sci-l3-054,Science,3,What is the Pauli exclusion principle?,Energy conservation,No two electrons in same quantum state,Wave-particle duality,Uncertainty principle,Relativity,1,This explains electron configuration in atoms
sci-l3-055,Science,3,What is enthalpy?,Free energy,Heat content of system,Entropy,Temperature,Pressure,1,Change in this equals heat absorbed or released at constant pressure
sci-l3-056,Science,3,What is the Schrödinger equation?,Relativity,Quantum wave function evolution,Thermodynamics,Classical mechanics,Electromagnetism,1,Fundamental equation of quantum mechanics
sci-l3-057,Science,3,What is molarity?,g/L,moles/liter,moles/kg,g/mL,atoms/volume,1,Most common concentration unit in chemistry
sci-l3-058,Science,3,What is the Doppler shift formula?,E = mc²,f' = f(v ± vo)/(v ± vs),F = ma,V = IR,PV = nRT,1,Calculates frequency change due to relative motion
sci-l3-059,Science,3,What is nuclear fission?,Atoms combining,Heavy nucleus splitting,Electron emission,Neutron capture,Fusion,1,This process powers nuclear reactors and atomic bombs
sci-l3-060,Science,3,What is the work-energy theorem?,F = ma,Work done equals change in kinetic energy,E = mc²,Conservation of momentum,Power formula,1,Net work on object equals its change in kinetic energy
sci-l3-061,Science,3,What is Newton's Second Law (equation)?,v = d/t,F = ma,E = mc²,W = Fd,P = mv,1,Force equals mass times acceleration
sci-l3-062,Science,3,What is Avogadro's number?,3.14 × 10¹⁵,6.02 × 10²³,9.8 m/s²,3 × 10⁸ m/s,6.67 × 10⁻¹¹,1,Number of particles in one mole of substance
sci-l3-063,Science,3,What is entropy?,Energy,Measure of disorder,Temperature,Pressure,Volume,1,This thermodynamic property tends to increase in isolated systems
sci-l3-064,Science,3,What is the Heisenberg uncertainty principle?,E=mc²,Can't know position and momentum exactly,Energy conservation,Wave-particle duality,Relativity,1,Fundamental limit in quantum mechanics
sci-l3-065,Science,3,What is Le Chatelier's principle?,Acid-base,System responds to oppose changes,Ideal gas,Thermodynamics,Kinetics,1,Equilibrium shifts to counteract stress on the system
sci-l3-066,Science,3,What is a catalyst?,Reactant,Speeds reaction without being consumed,Product,Inhibitor,Solvent,1,Enzymes are biological examples of this
sci-l3-067,Science,3,What is the ideal gas law?,PV = nRT,F = ma,E = mc²,V = IR,W = Fd,0,"Relates pressure, volume, temperature, and amount of gas"
sci-l3-068,Science,3,What is half-life?,Total decay time,Time for half to decay,Reaction rate,Frequency,Wavelength,1,Used to measure radioactive decay and reaction kinetics
sci-l3-069,Science,3,What is the strong nuclear force?,Gravity,Electromagnetic,Force binding protons and neutrons,Weak force,Friction,2,This strongest fundamental force holds atomic nuclei together
sci-l3-070,Science,3,What is resonance in chemistry?,Sound waves,Multiple valid Lewis structures,Vibration,Frequency,Amplitude,1,Benzene is a classic example with delocalized electrons
sci-l3-071,Science,3,What is Ohm's law?,F = ma,E = mc²,V = IR,PV = nRT,W = Fd,2,"Relates voltage, current, and resistance in circuits"
sci-l3-072,Science,3,What is the photoelectric effect?,Light diffraction,Light ejecting electrons from metal,Light refraction,Light absorption,Light reflection,1,Einstein explained this quantum phenomenon
sci-l3-073,Science,3,What is oxidation?,Gain of electrons,Loss of electrons,Gain of protons,Loss of neutrons,No change,1,"In redox reactions, this is loss of electrons"
sci-l3-074,Science,3,What is the Pauli exclusion principle?,Energy conservation,No two electrons in same quantum state,Wave-particle duality,Uncertainty principle,Relativity,1,This explains electron configuration in atoms
sci-l3-075,Science,3,What is enthalpy?,Free energy,Heat content of system,Entropy,Temperature,Pressure,1,Change in this equals heat absorbed or released at constant pressure
sci-l3-076,Science,3,What is the Schrödinger equation?,Relativity,Quantum wave function evolution,Thermodynamics,Classical mechanics,Electromagnetism,1,Fundamental equation of quantum mechanics
sci-l3-077,Science,3,What is molarity?,g/L,moles/liter,moles/kg,g/mL,atoms/volume,1,Most common concentration unit in chemistry
sci-l3-078,Science,3,What is the Doppler shift formula?,E = mc²,f' = f(v ± vo)/(v ± vs),F = ma,V = IR,PV = nRT,1,Calculates frequency change due to relative motion
sci-l3-079,Science,3,What is nuclear fission?,Atoms combining,Heavy nucleus splitting,Electron emission,Neutron capture,Fusion,1,This process powers nuclear reactors and atomic bombs
sci-l3-080,Science,3,What is the work-energy theorem?,F = ma,Work done equals change in kinetic energy,E = mc²,Conservation of momentum,Power formula,1,Net work on object equals its change in kinetic energy
sci-l3-081,Science,3,What is Newton's Second Law (equation)?,v = d/t,F = ma,E = mc²,W = Fd,P = mv,1,Force equals mass times acceleration
sci-l3-082,Science,3,What is Avogadro's number?,3.14 × 10¹⁵,6.02 × 10²³,9.8 m/s²,3 × 10⁸ m/s,6.67 × 10⁻¹¹,1,Number of particles in one mole of substance
sci-l3-083,Science,3,What is entropy?,Energy,Measure of disorder,Temperature,Pressure,Volume,1,This thermodynamic property tends to increase in isolated systems
sci-l3-084,Science,3,What is the Heisenberg uncertainty principle?,E=mc²,Can't know position and momentum exactly,Energy conservation,Wave-particle duality,Relativity,1,Fundamental limit in quantum mechanics
sci-l3-085,Science,3,What is Le Chatelier's principle?,Acid-base,System responds to oppose changes,Ideal gas,Thermodynamics,Kinetics,1,Equilibrium shifts to counteract stress on the system
sci-l3-086,Science,3,What is a catalyst?,Reactant,Speeds reaction without being consumed,Product,Inhibitor,Solvent,1,Enzymes are biological examples of this
sci-l3-087,Science,3,What is the ideal gas law?,PV = nRT,F = ma,E = mc²,V = IR,W = Fd,0,"Relates pressure, volume, temperature, and amount of gas"
sci-l3-088,Science,3,What is half-life?,Total decay time,Time for half to decay,Reaction rate,Frequency,Wavelength,1,Used to measure radioactive decay and reaction kinetics
sci-l3-089,Science,3,What is the strong nuclear force?,Gravity,Electromagnetic,Force binding protons and neutrons,Weak force,Friction,2,This strongest fundamental force holds atomic nuclei together
sci-l3-090,Science,3,What is resonance in chemistry?,Sound waves,Multiple valid Lewis structures,Vibration,Frequency,Amplitude,1,Benzene is a classic example with delocalized electrons
sci-l3-091,Science,3,What is Ohm's law?,F = ma,E = mc²,V = IR,PV = nRT,W = Fd,2,"Relates voltage, current, and resistance in circuits"
sci-l3-092,Science,3,What is the photoelectric effect?,Light diffraction,Light ejecting electrons from metal,Light refraction,Light absorption,Light reflection,1,Einstein explained this quantum phenomenon
sci-l3-093,Science,3,What is oxidation?,Gain of electrons,Loss of electrons,Gain of protons,Loss of neutrons,No change,1,"In redox reactions, this is loss of electrons"
sci-l3-094,Science,3,What is the Pauli exclusion principle?,Energy conservation,No two electrons in same quantum state,Wave-particle duality,Uncertainty principle,Relativity,1,This explains electron configuration in atoms
sci-l3-095,Science,3,What is enthalpy?,Free energy,Heat content of system,Entropy,Temperature,Pressure,1,Change in this equals heat absorbed or released at constant pressure
sci-l3-096,Science,3,What is the Schrödinger equation?,Relativity,Quantum wave function evolution,Thermodynamics,Classical mechanics,Electromagnetism,1,Fundamental equation of quantum mechanics
sci-l3-097,Science,3,What is molarity?,g/L,moles/liter,moles/kg,g/mL,atoms/volume,1,Most common concentration unit in chemistry
sci-l3-098,Science,3,What is the Doppler shift formula?,E = mc²,f' = f(v ± vo)/(v ± vs),F = ma,V = IR,PV = nRT,1,Calculates frequency change due to relative motion
sci-l3-099,Science,3,What is nuclear fission?,Atoms combining,Heavy nucleus splitting,Electron emission,Neutron capture,Fusion,1,This process powers nuclear reactors and atomic bombs
sci-l3-100,Science,3,What is the work-energy theorem?,F = ma,Work done equals change in kinetic energy,E = mc²,Conservation of momentum,Power formula,1,Net work on object equals its change in kinetic energy
sci-l4-001,Science,4,What is the Carnot efficiency formula?,η = 1 - Tc/Th,η = W/Q,η = 100%,η = T/P,η = PV,0,Maximum theoretical efficiency of heat engine
sci-l4-002,Science,4,What is the Hamiltonian in quantum mechanics?,Energy operator,Position operator,Momentum operator,Spin operator,Charge operator,0,This operator corresponds to total energy of the system
sci-l4-003,Science,4,What is the Gibbs free energy equation?,G = H - TS,G = U + PV,G = H + TS,G = F + PV,G = E - TS,0,Determines spontaneity of reactions at constant T and P
sci-l4-004,Science,4,What is the de Broglie wavelength?,λ = h/p,λ = c/f,λ = hf,λ = mv,λ = E/c,0,Relates wavelength to momentum for matter waves
sci-l4-005,Science,4,What is Maxwell's equations count?,Two,Three,Four,Five,Six,2,These fundamental equations describe electromagnetism
sci-l4-006,Science,4,What is the Boltzmann distribution?,Quantum states,Energy state population,Particle velocity,Pressure distribution,Temperature profile,1,Describes probability distribution of particles over energy states
sci-l4-007,Science,4,What is the Nernst equation?,Relates electrode potential to concentration,Ideal gas law,Rate law,Osmotic pressure,Equilibrium constant,0,Used in electrochemistry to find cell potential
sci-l4-008,Science,4,What is a Bose-Einstein condensate?,Hot plasma,State of matter at near absolute zero,Nuclear fusion,Chemical bond,Crystalline solid,1,Quantum state where particles occupy the same quantum state
sci-l4-009,Science,4,What is the Lorentz transformation?,Galilean relativity,Special relativity space-time,Quantum mechanics,Thermodynamics,Classical mechanics,1,Relates space and time coordinates between reference frames
sci-l4-010,Science,4,What is the partition function in stat mech?,Sums over all states,Energy eigenvalue,Wave function,Hamiltonian,Density matrix,0,Central quantity that sums Boltzmann factors over states
sci-l4-011,Science,4,What is the Born-Oppenheimer approximation?,Electron motion separate from nuclei,Particle-wave duality,Uncertainty principle,Exclusion principle,Spin-orbit coupling,0,Treats nuclear and electronic motion separately
sci-l4-012,Science,4,What is the Arrhenius equation?,k = Ae^(-Ea/RT),PV = nRT,F = ma,V = IR,E = mc²,0,Relates reaction rate to temperature and activation energy
sci-l4-013,Science,4,What is chirality in molecules?,Color,Non-superimposable mirror images,Size,Charge,Mass,1,Property of molecules that are mirror images but not identical
sci-l4-014,Science,4,What is the Stark effect?,Zeeman effect,Electric field splitting spectral lines,Magnetic splitting,Doppler shift,Pressure broadening,1,Splitting of spectral lines by electric field
sci-l4-015,Science,4,What is VSEPR theory?,Bonding theory,Electron pairs repel to determine shape,Orbital hybridization,Molecular orbital,Crystal field,1,Valence Shell Electron Pair Repulsion predicts molecular geometry
sci-l4-016,Science,4,What is the Compton effect?,Photoelectric effect,X-ray scattering by electrons,Pair production,Bremsstrahlung,Fluorescence,1,Demonstrates photon momentum through wavelength shift
sci-l4-017,Science,4,What is band theory?,Atomic orbitals,Electronic structure of solids,Molecular orbitals,Crystal structure,Phonons,1,Explains conductivity in solids through energy bands
sci-l4-018,Science,4,What is the Zeeman effect?,Electric splitting,Magnetic field splitting spectral lines,Pressure effect,Temperature shift,Doppler shift,1,Magnetic field splits degenerate energy levels
sci-l4-019,Science,4,What is ligand field theory?,Ionic bonding,Metal-ligand bonding in complexes,Covalent bonding,Metallic bonding,Hydrogen bonding,1,Describes bonding and electronic structure in coordination compounds
sci-l4-020,Science,4,What is tunneling in quantum mechanics?,Classical barrier crossing,Particle penetrating classically forbidden region,Diffusion,Conduction,Diffraction,1,Allows particles to pass through potential barriers
sci-l4-021,Science,4,What is the Carnot efficiency formula?,η = 1 - Tc/Th,η = W/Q,η = 100%,η = T/P,η = PV,0,Maximum theoretical efficiency of heat engine
sci-l4-022,Science,4,What is the Hamiltonian in quantum mechanics?,Energy operator,Position operator,Momentum operator,Spin operator,Charge operator,0,This operator corresponds to total energy of the system
sci-l4-023,Science,4,What is the Gibbs free energy equation?,G = H - TS,G = U + PV,G = H + TS,G = F + PV,G = E - TS,0,Determines spontaneity of reactions at constant T and P
sci-l4-024,Science,4,What is the de Broglie wavelength?,λ = h/p,λ = c/f,λ = hf,λ = mv,λ = E/c,0,Relates wavelength to momentum for matter waves
sci-l4-025,Science,4,What is Maxwell's equations count?,Two,Three,Four,Five,Six,2,These fundamental equations describe electromagnetism
sci-l4-026,Science,4,What is the Boltzmann distribution?,Quantum states,Energy state population,Particle velocity,Pressure distribution,Temperature profile,1,Describes probability distribution of particles over energy states
sci-l4-027,Science,4,What is the Nernst equation?,Relates electrode potential to concentration,Ideal gas law,Rate law,Osmotic pressure,Equilibrium constant,0,Used in electrochemistry to find cell potential
sci-l4-028,Science,4,What is a Bose-Einstein condensate?,Hot plasma,State of matter at near absolute zero,Nuclear fusion,Chemical bond,Crystalline solid,1,Quantum state where particles occupy the same quantum state
sci-l4-029,Science,4,What is the Lorentz transformation?,Galilean relativity,Special relativity space-time,Quantum mechanics,Thermodynamics,Classical mechanics,1,Relates space and time coordinates between reference frames
sci-l4-030,Science,4,What is the partition function in stat mech?,Sums over all states,Energy eigenvalue,Wave function,Hamiltonian,Density matrix,0,Central quantity that sums Boltzmann factors over states
sci-l4-031,Science,4,What is the Born-Oppenheimer approximation?,Electron motion separate from nuclei,Particle-wave duality,Uncertainty principle,Exclusion principle,Spin-orbit coupling,0,Treats nuclear and electronic motion separately
sci-l4-032,Science,4,What is the Arrhenius equation?,k = Ae^(-Ea/RT),PV = nRT,F = ma,V = IR,E = mc²,0,Relates reaction rate to temperature and activation energy
sci-l4-033,Science,4,What is chirality in molecules?,Color,Non-superimposable mirror images,Size,Charge,Mass,1,Property of molecules that are mirror images but not identical
sci-l4-034,Science,4,What is the Stark effect?,Zeeman effect,Electric field splitting spectral lines,Magnetic splitting,Doppler shift,Pressure broadening,1,Splitting of spectral lines by electric field
sci-l4-035,Science,4,What is VSEPR theory?,Bonding theory,Electron pairs repel to determine shape,Orbital hybridization,Molecular orbital,Crystal field,1,Valence Shell Electron Pair Repulsion predicts molecular geometry
sci-l4-036,Science,4,What is the Compton effect?,Photoelectric effect,X-ray scattering by electrons,Pair production,Bremsstrahlung,Fluorescence,1,Demonstrates photon momentum through wavelength shift
sci-l4-037,Science,4,What is band theory?,Atomic orbitals,Electronic structure of solids,Molecular orbitals,Crystal structure,Phonons,1,Explains conductivity in solids through energy bands
sci-l4-038,Science,4,What is the Zeeman effect?,Electric splitting,Magnetic field splitting spectral lines,Pressure effect,Temperature shift,Doppler shift,1,Magnetic field splits degenerate energy levels
sci-l4-039,Science,4,What is ligand field theory?,Ionic bonding,Metal-ligand bonding in complexes,Covalent bonding,Metallic bonding,Hydrogen bonding,1,Describes bonding and electronic structure in coordination compounds
sci-l4-040,Science,4,What is tunneling in quantum mechanics?,Classical barrier crossing,Particle penetrating classically forbidden region,Diffusion,Conduction,Diffraction,1,Allows particles to pass through potential barriers
sci-l4-041,Science,4,What is the Carnot efficiency formula?,η = 1 - Tc/Th,η = W/Q,η = 100%,η = T/P,η = PV,0,Maximum theoretical efficiency of heat engine
sci-l4-042,Science,4,What is the Hamiltonian in quantum mechanics?,Energy operator,Position operator,Momentum operator,Spin operator,Charge operator,0,This operator corresponds to total energy of the system
sci-l4-043,Science,4,What is the Gibbs free energy equation?,G = H - TS,G = U + PV,G = H + TS,G = F + PV,G = E - TS,0,Determines spontaneity of reactions at constant T and P
sci-l4-044,Science,4,What is the de Broglie wavelength?,λ = h/p,λ = c/f,λ = hf,λ = mv,λ = E/c,0,Relates wavelength to momentum for matter waves
sci-l4-045,Science,4,What is Maxwell's equations count?,Two,Three,Four,Five,Six,2,These fundamental equations describe electromagnetism
sci-l4-046,Science,4,What is the Boltzmann distribution?,Quantum states,Energy state population,Particle velocity,Pressure distribution,Temperature profile,1,Describes probability distribution of particles over energy states
sci-l4-047,Science,4,What is the Nernst equation?,Relates electrode potential to concentration,Ideal gas law,Rate law,Osmotic pressure,Equilibrium constant,0,Used in electrochemistry to find cell potential
sci-l4-048,Science,4,What is a Bose-Einstein condensate?,Hot plasma,State of matter at near absolute zero,Nuclear fusion,Chemical bond,Crystalline solid,1,Quantum state where particles occupy the same quantum state
sci-l4-049,Science,4,What is the Lorentz transformation?,Galilean relativity,Special relativity space-time,Quantum mechanics,Thermodynamics,Classical mechanics,1,Relates space and time coordinates between reference frames
sci-l4-050,Science,4,What is the partition function in stat mech?,Sums over all states,Energy eigenvalue,Wave function,Hamiltonian,Density matrix,0,Central quantity that sums Boltzmann factors over states
sci-l4-051,Science,4,What is the Born-Oppenheimer approximation?,Electron motion separate from nuclei,Particle-wave duality,Uncertainty principle,Exclusion principle,Spin-orbit coupling,0,Treats nuclear and electronic motion separately
sci-l4-052,Science,4,What is the Arrhenius equation?,k = Ae^(-Ea/RT),PV = nRT,F = ma,V = IR,E = mc²,0,Relates reaction rate to temperature and activation energy
sci-l4-053,Science,4,What is chirality in molecules?,Color,Non-superimposable mirror images,Size,Charge,Mass,1,Property of molecules that are mirror images but not identical
sci-l4-054,Science,4,What is the Stark effect?,Zeeman effect,Electric field splitting spectral lines,Magnetic splitting,Doppler shift,Pressure broadening,1,Splitting of spectral lines by electric field
sci-l4-055,Science,4,What is VSEPR theory?,Bonding theory,Electron pairs repel to determine shape,Orbital hybridization,Molecular orbital,Crystal field,1,Valence Shell Electron Pair Repulsion predicts molecular geometry
sci-l4-056,Science,4,What is the Compton effect?,Photoelectric effect,X-ray scattering by electrons,Pair production,Bremsstrahlung,Fluorescence,1,Demonstrates photon momentum through wavelength shift
sci-l4-057,Science,4,What is band theory?,Atomic orbitals,Electronic structure of solids,Molecular orbitals,Crystal structure,Phonons,1,Explains conductivity in solids through energy bands
sci-l4-058,Science,4,What is the Zeeman effect?,Electric splitting,Magnetic field splitting spectral lines,Pressure effect,Temperature shift,Doppler shift,1,Magnetic field splits degenerate energy levels
sci-l4-059,Science,4,What is ligand field theory?,Ionic bonding,Metal-ligand bonding in complexes,Covalent bonding,Metallic bonding,Hydrogen bonding,1,Describes bonding and electronic structure in coordination compounds
sci-l4-060,Science,4,What is tunneling in quantum mechanics?,Classical barrier crossing,Particle penetrating classically forbidden region,Diffusion,Conduction,Diffraction,1,Allows particles to pass through potential barriers
sci-l4-061,Science,4,What is the Carnot efficiency formula?,η = 1 - Tc/Th,η = W/Q,η = 100%,η = T/P,η = PV,0,Maximum theoretical efficiency of heat engine
sci-l4-062,Science,4,What is the Hamiltonian in quantum mechanics?,Energy operator,Position operator,Momentum operator,Spin operator,Charge operator,0,This operator corresponds to total energy of the system
sci-l4-063,Science,4,What is the Gibbs free energy equation?,G = H - TS,G = U + PV,G = H + TS,G = F + PV,G = E - TS,0,Determines spontaneity of reactions at constant T and P
sci-l4-064,Science,4,What is the de Broglie wavelength?,λ = h/p,λ = c/f,λ = hf,λ = mv,λ = E/c,0,Relates wavelength to momentum for matter waves
sci-l4-065,Science,4,What is Maxwell's equations count?,Two,Three,Four,Five,Six,2,These fundamental equations describe electromagnetism
sci-l4-066,Science,4,What is the Boltzmann distribution?,Quantum states,Energy state population,Particle velocity,Pressure distribution,Temperature profile,1,Describes probability distribution of particles over energy states
sci-l4-067,Science,4,What is the Nernst equation?,Relates electrode potential to concentration,Ideal gas law,Rate law,Osmotic pressure,Equilibrium constant,0,Used in electrochemistry to find cell potential
sci-l4-068,Science,4,What is a Bose-Einstein condensate?,Hot plasma,State of matter at near absolute zero,Nuclear fusion,Chemical bond,Crystalline solid,1,Quantum state where particles occupy the same quantum state
sci-l4-069,Science,4,What is the Lorentz transformation?,Galilean relativity,Special relativity space-time,Quantum mechanics,Thermodynamics,Classical mechanics,1,Relates space and time coordinates between reference frames
sci-l4-070,Science,4,What is the partition function in stat mech?,Sums over all states,Energy eigenvalue,Wave function,Hamiltonian,Density matrix,0,Central quantity that sums Boltzmann factors over states
sci-l4-071,Science,4,What is the Born-Oppenheimer approximation?,Electron motion separate from nuclei,Particle-wave duality,Uncertainty principle,Exclusion principle,Spin-orbit coupling,0,Treats nuclear and electronic motion separately
sci-l4-072,Science,4,What is the Arrhenius equation?,k = Ae^(-Ea/RT),PV = nRT,F = ma,V = IR,E = mc²,0,Relates reaction rate to temperature and activation energy
sci-l4-073,Science,4,What is chirality in molecules?,Color,Non-superimposable mirror images,Size,Charge,Mass,1,Property of molecules that are mirror images but not identical
sci-l4-074,Science,4,What is the Stark effect?,Zeeman effect,Electric field splitting spectral lines,Magnetic splitting,Doppler shift,Pressure broadening,1,Splitting of spectral lines by electric field
sci-l4-075,Science,4,What is VSEPR theory?,Bonding theory,Electron pairs repel to determine shape,Orbital hybridization,Molecular orbital,Crystal field,1,Valence Shell Electron Pair Repulsion predicts molecular geometry
sci-l4-076,Science,4,What is the Compton effect?,Photoelectric effect,X-ray scattering by electrons,Pair production,Bremsstrahlung,Fluorescence,1,Demonstrates photon momentum through wavelength shift
sci-l4-077,Science,4,What is band theory?,Atomic orbitals,Electronic structure of solids,Molecular orbitals,Crystal structure,Phonons,1,Explains conductivity in solids through energy bands
sci-l4-078,Science,4,What is the Zeeman effect?,Electric splitting,Magnetic field splitting spectral lines,Pressure effect,Temperature shift,Doppler shift,1,Magnetic field splits degenerate energy levels
sci-l4-079,Science,4,What is ligand field theory?,Ionic bonding,Metal-ligand bonding in complexes,Covalent bonding,Metallic bonding,Hydrogen bonding,1,Describes bonding and electronic structure in coordination compounds
sci-l4-080,Science,4,What is tunneling in quantum mechanics?,Classical barrier crossing,Particle penetrating classically forbidden region,Diffusion,Conduction,Diffraction,1,Allows particles to pass through potential barriers
sci-l4-081,Science,4,What is the Carnot efficiency formula?,η = 1 - Tc/Th,η = W/Q,η = 100%,η = T/P,η = PV,0,Maximum theoretical efficiency of heat engine
sci-l4-082,Science,4,What is the Hamiltonian in quantum mechanics?,Energy operator,Position operator,Momentum operator,Spin operator,Charge operator,0,This operator corresponds to total energy of the system
sci-l4-083,Science,4,What is the Gibbs free energy equation?,G = H - TS,G = U + PV,G = H + TS,G = F + PV,G = E - TS,0,Determines spontaneity of reactions at constant T and P
sci-l4-084,Science,4,What is the de Broglie wavelength?,λ = h/p,λ = c/f,λ = hf,λ = mv,λ = E/c,0,Relates wavelength to momentum for matter waves
sci-l4-085,Science,4,What is Maxwell's equations count?,Two,Three,Four,Five,Six,2,These fundamental equations describe electromagnetism
sci-l4-086,Science,4,What is the Boltzmann distribution?,Quantum states,Energy state population,Particle velocity,Pressure distribution,Temperature profile,1,Describes probability distribution of particles over energy states
sci-l4-087,Science,4,What is the Nernst equation?,Relates electrode potential to concentration,Ideal gas law,Rate law,Osmotic pressure,Equilibrium constant,0,Used in electrochemistry to find cell potential
sci-l4-088,Science,4,What is a Bose-Einstein condensate?,Hot plasma,State of matter at near absolute zero,Nuclear fusion,Chemical bond,Crystalline solid,1,Quantum state where particles occupy the same quantum state
sci-l4-089,Science,4,What is the Lorentz transformation?,Galilean relativity,Special relativity space-time,Quantum mechanics,Thermodynamics,Classical mechanics,1,Relates space and time coordinates between reference frames
sci-l4-090,Science,4,What is the partition function in stat mech?,Sums over all states,Energy eigenvalue,Wave function,Hamiltonian,Density matrix,0,Central quantity that sums Boltzmann factors over states
sci-l4-091,Science,4,What is the Born-Oppenheimer approximation?,Electron motion separate from nuclei,Particle-wave duality,Uncertainty principle,Exclusion principle,Spin-orbit coupling,0,Treats nuclear and electronic motion separately
sci-l4-092,Science,4,What is the Arrhenius equation?,k = Ae^(-Ea/RT),PV = nRT,F = ma,V = IR,E = mc²,0,Relates reaction rate to temperature and activation energy
sci-l4-093,Science,4,What is chirality in molecules?,Color,Non-superimposable mirror images,Size,Charge,Mass,1,Property of molecules that are mirror images but not identical
sci-l4-094,Science,4,What is the Stark effect?,Zeeman effect,Electric field splitting spectral lines,Magnetic splitting,Doppler shift,Pressure broadening,1,Splitting of spectral lines by electric field
sci-l4-095,Science,4,What is VSEPR theory?,Bonding theory,Electron pairs repel to determine shape,Orbital hybridization,Molecular orbital,Crystal field,1,Valence Shell Electron Pair Repulsion predicts molecular geometry
sci-l4-096,Science,4,What is the Compton effect?,Photoelectric effect,X-ray scattering by electrons,Pair production,Bremsstrahlung,Fluorescence,1,Demonstrates photon momentum through wavelength shift
sci-l4-097,Science,4,What is band theory?,Atomic orbitals,Electronic structure of solids,Molecular orbitals,Crystal structure,Phonons,1,Explains conductivity in solids through energy bands
sci-l4-098,Science,4,What is the Zeeman effect?,Electric splitting,Magnetic field splitting spectral lines,Pressure effect,Temperature shift,Doppler shift,1,Magnetic field splits degenerate energy levels
sci-l4-099,Science,4,What is ligand field theory?,Ionic bonding,Metal-ligand bonding in complexes,Covalent bonding,Metallic bonding,Hydrogen bonding,1,Describes bonding and electronic structure in coordination compounds
sci-l4-100,Science,4,What is tunneling in quantum mechanics?,Classical barrier crossing,Particle penetrating classically forbidden region,Diffusion,Conduction,Diffraction,1,Allows particles to pass through potential barriers
sci-l5-001,Science,5,What is the Yang-Mills theory?,Quantum gravity,Non-Abelian gauge theory,String theory,Electroweak theory alone,QCD alone,1,Foundation for Standard Model with SU(N) symmetry
sci-l5-002,Science,5,What is renormalization in QFT?,Classical scaling,Removing infinities systematically,Normalization,Calibration,Discretization,1,Technique to deal with divergences in quantum field theory
sci-l5-003,Science,5,What is the Higgs mechanism?,Gives mass through spontaneous symmetry breaking,Generates charge,Creates spin,Produces forces,Makes particles,0,Explains how particles acquire mass via symmetry breaking
sci-l5-004,Science,5,What is topological order?,Geometric arrangement,Quantum entanglement pattern,Crystal structure,Phase transition,Orbital ordering,1,Long-range quantum entanglement beyond Landau paradigm
sci-l5-005,Science,5,What is the AdS/CFT correspondence?,Quantum-classical duality,Gravity/quantum field theory duality,Wave-particle duality,Space-time duality,Matter-energy duality,1,Maldacena's holographic principle relating gravity to CFT
sci-l5-006,Science,5,What is the Kondo effect?,Superconductivity,Resistance minimum in metals with magnetic impurities,Hall effect,Quantum Hall,Josephson effect,1,Due to scattering of conduction electrons off magnetic impurity
sci-l5-007,Science,5,What is a Majorana fermion?,Dirac particle,Particle that is its own antiparticle,Boson,Gauge boson,Virtual particle,1,"Fermion that is its own antiparticle, sought in topological superconductors"
sci-l5-008,Science,5,What is the Casimir effect?,Van der Waals force,Force from quantum vacuum fluctuations,Electromagnetic induction,Strong force,Gravitational effect,1,Attractive force between uncharged conducting plates from vacuum
sci-l5-009,Science,5,What is Chern-Simons theory?,3D topological gauge theory,4D Yang-Mills,String theory,Loop quantum gravity,Classical field theory,0,Topological field theory in odd dimensions
sci-l5-010,Science,5,What is the BCS theory?,Quantum Hall effect,Superconductivity from electron pairing,Ferromagnetism,Quantum criticality,Mott transition,1,Bardeen-Cooper-Schrieffer theory of conventional superconductivity
sci-l5-011,Science,5,What is the Berry phase?,Dynamic phase,Geometric phase from adiabatic evolution,Topological charge,Quantum number,Symmetry eigenvalue,1,Geometric phase acquired in cyclic adiabatic process
sci-l5-012,Science,5,What is anomaly in QFT?,Error,Quantum breaking of classical symmetry,Divergence,Singularity,Approximation,1,Symmetry of classical theory broken by quantization
sci-l5-013,Science,5,What is the Sachdev-Ye-Kitaev model?,Lattice model,Quantum chaos model,Ising model,Hubbard model,Heisenberg model,1,Solvable model of non-Fermi liquid with maximal chaos
sci-l5-014,Science,5,What is conformal field theory?,Theory invariant under conformal transformations,Topological theory,Gauge theory,String theory,Supersymmetry,0,Quantum field theory with conformal (angle-preserving) symmetry
sci-l5-015,Science,5,What is the quantum spin Hall effect?,Classical Hall,Topological insulator edge states,Integer quantum Hall,Fractional quantum Hall,Anomalous Hall,1,Time-reversal invariant topological state with helical edge states
sci-l5-016,Science,5,What is a soliton?,Linear wave,Localized nonlinear wave that maintains shape,Standing wave,Shock wave,Sound wave,1,Self-reinforcing wave packet that maintains its shape
sci-l5-017,Science,5,What is holonomy in gauge theory?,Local transformation,Path-ordered integral of connection,Curvature,Torsion,Metric,1,Parallel transport around closed loop in gauge theory
sci-l5-018,Science,5,What is the Affleck-Kennedy-Lieb-Tasaki state?,Ferromagnetic ground state,Valence bond solid state,Néel state,Fermi liquid,BCS state,1,Exactly solvable quantum spin chain with hidden antiferromagnetic order
sci-l5-019,Science,5,What is the Aharonov-Bohm effect?,Classical E&M,Quantum phase from vector potential,Zeeman effect,Stark effect,Lamb shift,1,Charged particle affected by EM potential despite zero field
sci-l5-020,Science,5,What is the modular S-matrix?,Scattering amplitude,Encodes topological data of anyons,Quantum gate,Transfer matrix,Density matrix,1,Matrix describing braiding and fusion of anyons in topological phases
sci-l5-021,Science,5,What is the Yang-Mills theory?,Quantum gravity,Non-Abelian gauge theory,String theory,Electroweak theory alone,QCD alone,1,Foundation for Standard Model with SU(N) symmetry
sci-l5-022,Science,5,What is renormalization in QFT?,Classical scaling,Removing infinities systematically,Normalization,Calibration,Discretization,1,Technique to deal with divergences in quantum field theory
sci-l5-023,Science,5,What is the Higgs mechanism?,Gives mass through spontaneous symmetry breaking,Generates charge,Creates spin,Produces forces,Makes particles,0,Explains how particles acquire mass via symmetry breaking
sci-l5-024,Science,5,What is topological order?,Geometric arrangement,Quantum entanglement pattern,Crystal structure,Phase transition,Orbital ordering,1,Long-range quantum entanglement beyond Landau paradigm
sci-l5-025,Science,5,What is the AdS/CFT correspondence?,Quantum-classical duality,Gravity/quantum field theory duality,Wave-particle duality,Space-time duality,Matter-energy duality,1,Maldacena's holographic principle relating gravity to CFT
sci-l5-026,Science,5,What is the Kondo effect?,Superconductivity,Resistance minimum in metals with magnetic impurities,Hall effect,Quantum Hall,Josephson effect,1,Due to scattering of conduction electrons off magnetic impurity
sci-l5-027,Science,5,What is a Majorana fermion?,Dirac particle,Particle that is its own antiparticle,Boson,Gauge boson,Virtual particle,1,"Fermion that is its own antiparticle, sought in topological superconductors"
sci-l5-028,Science,5,What is the Casimir effect?,Van der Waals force,Force from quantum vacuum fluctuations,Electromagnetic induction,Strong force,Gravitational effect,1,Attractive force between uncharged conducting plates from vacuum
sci-l5-029,Science,5,What is Chern-Simons theory?,3D topological gauge theory,4D Yang-Mills,String theory,Loop quantum gravity,Classical field theory,0,Topological field theory in odd dimensions
sci-l5-030,Science,5,What is the BCS theory?,Quantum Hall effect,Superconductivity from electron pairing,Ferromagnetism,Quantum criticality,Mott transition,1,Bardeen-Cooper-Schrieffer theory of conventional superconductivity
sci-l5-031,Science,5,What is the Berry phase?,Dynamic phase,Geometric phase from adiabatic evolution,Topological charge,Quantum number,Symmetry eigenvalue,1,Geometric phase acquired in cyclic adiabatic process
sci-l5-032,Science,5,What is anomaly in QFT?,Error,Quantum breaking of classical symmetry,Divergence,Singularity,Approximation,1,Symmetry of classical theory broken by quantization
sci-l5-033,Science,5,What is the Sachdev-Ye-Kitaev model?,Lattice model,Quantum chaos model,Ising model,Hubbard model,Heisenberg model,1,Solvable model of non-Fermi liquid with maximal chaos
sci-l5-034,Science,5,What is conformal field theory?,Theory invariant under conformal transformations,Topological theory,Gauge theory,String theory,Supersymmetry,0,Quantum field theory with conformal (angle-preserving) symmetry
sci-l5-035,Science,5,What is the quantum spin Hall effect?,Classical Hall,Topological insulator edge states,Integer quantum Hall,Fractional quantum Hall,Anomalous Hall,1,Time-reversal invariant topological state with helical edge states
sci-l5-036,Science,5,What is a soliton?,Linear wave,Localized nonlinear wave that maintains shape,Standing wave,Shock wave,Sound wave,1,Self-reinforcing wave packet that maintains its shape
sci-l5-037,Science,5,What is holonomy in gauge theory?,Local transformation,Path-ordered integral of connection,Curvature,Torsion,Metric,1,Parallel transport around closed loop in gauge theory
sci-l5-038,Science,5,What is the Affleck-Kennedy-Lieb-Tasaki state?,Ferromagnetic ground state,Valence bond solid state,Néel state,Fermi liquid,BCS state,1,Exactly solvable quantum spin chain with hidden antiferromagnetic order
sci-l5-039,Science,5,What is the Aharonov-Bohm effect?,Classical E&M,Quantum phase from vector potential,Zeeman effect,Stark effect,Lamb shift,1,Charged particle affected by EM potential despite zero field
sci-l5-040,Science,5,What is the modular S-matrix?,Scattering amplitude,Encodes topological data of anyons,Quantum gate,Transfer matrix,Density matrix,1,Matrix describing braiding and fusion of anyons in topological phases
sci-l5-041,Science,5,What is the Yang-Mills theory?,Quantum gravity,Non-Abelian gauge theory,String theory,Electroweak theory alone,QCD alone,1,Foundation for Standard Model with SU(N) symmetry
sci-l5-042,Science,5,What is renormalization in QFT?,Classical scaling,Removing infinities systematically,Normalization,Calibration,Discretization,1,Technique to deal with divergences in quantum field theory
sci-l5-043,Science,5,What is the Higgs mechanism?,Gives mass through spontaneous symmetry breaking,Generates charge,Creates spin,Produces forces,Makes particles,0,Explains how particles acquire mass via symmetry breaking
sci-l5-044,Science,5,What is topological order?,Geometric arrangement,Quantum entanglement pattern,Crystal structure,Phase transition,Orbital ordering,1,Long-range quantum entanglement beyond Landau paradigm
sci-l5-045,Science,5,What is the AdS/CFT correspondence?,Quantum-classical duality,Gravity/quantum field theory duality,Wave-particle duality,Space-time duality,Matter-energy duality,1,Maldacena's holographic principle relating gravity to CFT
sci-l5-046,Science,5,What is the Kondo effect?,Superconductivity,Resistance minimum in metals with magnetic impurities,Hall effect,Quantum Hall,Josephson effect,1,Due to scattering of conduction electrons off magnetic impurity
sci-l5-047,Science,5,What is a Majorana fermion?,Dirac particle,Particle that is its own antiparticle,Boson,Gauge boson,Virtual particle,1,"Fermion that is its own antiparticle, sought in topological superconductors"
sci-l5-048,Science,5,What is the Casimir effect?,Van der Waals force,Force from quantum vacuum fluctuations,Electromagnetic induction,Strong force,Gravitational effect,1,Attractive force between uncharged conducting plates from vacuum
sci-l5-049,Science,5,What is Chern-Simons theory?,3D topological gauge theory,4D Yang-Mills,String theory,Loop quantum gravity,Classical field theory,0,Topological field theory in odd dimensions
sci-l5-050,Science,5,What is the BCS theory?,Quantum Hall effect,Superconductivity from electron pairing,Ferromagnetism,Quantum criticality,Mott transition,1,Bardeen-Cooper-Schrieffer theory of conventional superconductivity
sci-l5-051,Science,5,What is the Berry phase?,Dynamic phase,Geometric phase from adiabatic evolution,Topological charge,Quantum number,Symmetry eigenvalue,1,Geometric phase acquired in cyclic adiabatic process
sci-l5-052,Science,5,What is anomaly in QFT?,Error,Quantum breaking of classical symmetry,Divergence,Singularity,Approximation,1,Symmetry of classical theory broken by quantization
sci-l5-053,Science,5,What is the Sachdev-Ye-Kitaev model?,Lattice model,Quantum chaos model,Ising model,Hubbard model,Heisenberg model,1,Solvable model of non-Fermi liquid with maximal chaos
sci-l5-054,Science,5,What is conformal field theory?,Theory invariant under conformal transformations,Topological theory,Gauge theory,String theory,Supersymmetry,0,Quantum field theory with conformal (angle-preserving) symmetry
sci-l5-055,Science,5,What is the quantum spin Hall effect?,Classical Hall,Topological insulator edge states,Integer quantum Hall,Fractional quantum Hall,Anomalous Hall,1,Time-reversal invariant topological state with helical edge states
sci-l5-056,Science,5,What is a soliton?,Linear wave,Localized nonlinear wave that maintains shape,Standing wave,Shock wave,Sound wave,1,Self-reinforcing wave packet that maintains its shape
sci-l5-057,Science,5,What is holonomy in gauge theory?,Local transformation,Path-ordered integral of connection,Curvature,Torsion,Metric,1,Parallel transport around closed loop in gauge theory
sci-l5-058,Science,5,What is the Affleck-Kennedy-Lieb-Tasaki state?,Ferromagnetic ground state,Valence bond solid state,Néel state,Fermi liquid,BCS state,1,Exactly solvable quantum spin chain with hidden antiferromagnetic order
sci-l5-059,Science,5,What is the Aharonov-Bohm effect?,Classical E&M,Quantum phase from vector potential,Zeeman effect,Stark effect,Lamb shift,1,Charged particle affected by EM potential despite zero field
sci-l5-060,Science,5,What is the modular S-matrix?,Scattering amplitude,Encodes topological data of anyons,Quantum gate,Transfer matrix,Density matrix,1,Matrix describing braiding and fusion of anyons in topological phases
sci-l5-061,Science,5,What is the Yang-Mills theory?,Quantum gravity,Non-Abelian gauge theory,String theory,Electroweak theory alone,QCD alone,1,Foundation for Standard Model with SU(N) symmetry
sci-l5-062,Science,5,What is renormalization in QFT?,Classical scaling,Removing infinities systematically,Normalization,Calibration,Discretization,1,Technique to deal with divergences in quantum field theory
sci-l5-063,Science,5,What is the Higgs mechanism?,Gives mass through spontaneous symmetry breaking,Generates charge,Creates spin,Produces forces,Makes particles,0,Explains how particles acquire mass via symmetry breaking
sci-l5-064,Science,5,What is topological order?,Geometric arrangement,Quantum entanglement pattern,Crystal structure,Phase transition,Orbital ordering,1,Long-range quantum entanglement beyond Landau paradigm
sci-l5-065,Science,5,What is the AdS/CFT correspondence?,Quantum-classical duality,Gravity/quantum field theory duality,Wave-particle duality,Space-time duality,Matter-energy duality,1,Maldacena's holographic principle relating gravity to CFT
sci-l5-066,Science,5,What is the Kondo effect?,Superconductivity,Resistance minimum in metals with magnetic impurities,Hall effect,Quantum Hall,Josephson effect,1,Due to scattering of conduction electrons off magnetic impurity
sci-l5-067,Science,5,What is a Majorana fermion?,Dirac particle,Particle that is its own antiparticle,Boson,Gauge boson,Virtual particle,1,"Fermion that is its own antiparticle, sought in topological superconductors"
sci-l5-068,Science,5,What is the Casimir effect?,Van der Waals force,Force from quantum vacuum fluctuations,Electromagnetic induction,Strong force,Gravitational effect,1,Attractive force between uncharged conducting plates from vacuum
sci-l5-069,Science,5,What is Chern-Simons theory?,3D topological gauge theory,4D Yang-Mills,String theory,Loop quantum gravity,Classical field theory,0,Topological field theory in odd dimensions
sci-l5-070,Science,5,What is the BCS theory?,Quantum Hall effect,Superconductivity from electron pairing,Ferromagnetism,Quantum criticality,Mott transition,1,Bardeen-Cooper-Schrieffer theory of conventional superconductivity
sci-l5-071,Science,5,What is the Berry phase?,Dynamic phase,Geometric phase from adiabatic evolution,Topological charge,Quantum number,Symmetry eigenvalue,1,Geometric phase acquired in cyclic adiabatic process
sci-l5-072,Science,5,What is anomaly in QFT?,Error,Quantum breaking of classical symmetry,Divergence,Singularity,Approximation,1,Symmetry of classical theory broken by quantization
sci-l5-073,Science,5,What is the Sachdev-Ye-Kitaev model?,Lattice model,Quantum chaos model,Ising model,Hubbard model,Heisenberg model,1,Solvable model of non-Fermi liquid with maximal chaos
sci-l5-074,Science,5,What is conformal field theory?,Theory invariant under conformal transformations,Topological theory,Gauge theory,String theory,Supersymmetry,0,Quantum field theory with conformal (angle-preserving) symmetry
sci-l5-075,Science,5,What is the quantum spin Hall effect?,Classical Hall,Topological insulator edge states,Integer quantum Hall,Fractional quantum Hall,Anomalous Hall,1,Time-reversal invariant topological state with helical edge states
sci-l5-076,Science,5,What is a soliton?,Linear wave,Localized nonlinear wave that maintains shape,Standing wave,Shock wave,Sound wave,1,Self-reinforcing wave packet that maintains its shape
sci-l5-077,Science,5,What is holonomy in gauge theory?,Local transformation,Path-ordered integral of connection,Curvature,Torsion,Metric,1,Parallel transport around closed loop in gauge theory
sci-l5-078,Science,5,What is the Affleck-Kennedy-Lieb-Tasaki state?,Ferromagnetic ground state,Valence bond solid state,Néel state,Fermi liquid,BCS state,1,Exactly solvable quantum spin chain with hidden antiferromagnetic order
sci-l5-079,Science,5,What is the Aharonov-Bohm effect?,Classical E&M,Quantum phase from vector potential,Zeeman effect,Stark effect,Lamb shift,1,Charged particle affected by EM potential despite zero field
sci-l5-080,Science,5,What is the modular S-matrix?,Scattering amplitude,Encodes topological data of anyons,Quantum gate,Transfer matrix,Density matrix,1,Matrix describing braiding and fusion of anyons in topological phases
sci-l5-081,Science,5,What is the Yang-Mills theory?,Quantum gravity,Non-Abelian gauge theory,String theory,Electroweak theory alone,QCD alone,1,Foundation for Standard Model with SU(N) symmetry
sci-l5-082,Science,5,What is renormalization in QFT?,Classical scaling,Removing infinities systematically,Normalization,Calibration,Discretization,1,Technique to deal with divergences in quantum field theory
sci-l5-083,Science,5,What is the Higgs mechanism?,Gives mass through spontaneous symmetry breaking,Generates charge,Creates spin,Produces forces,Makes particles,0,Explains how particles acquire mass via symmetry breaking
sci-l5-084,Science,5,What is topological order?,Geometric arrangement,Quantum entanglement pattern,Crystal structure,Phase transition,Orbital ordering,1,Long-range quantum entanglement beyond Landau paradigm
sci-l5-085,Science,5,What is the AdS/CFT correspondence?,Quantum-classical duality,Gravity/quantum field theory duality,Wave-particle duality,Space-time duality,Matter-energy duality,1,Maldacena's holographic principle relating gravity to CFT
sci-l5-086,Science,5,What is the Kondo effect?,Superconductivity,Resistance minimum in metals with magnetic impurities,Hall effect,Quantum Hall,Josephson effect,1,Due to scattering of conduction electrons off magnetic impurity
sci-l5-087,Science,5,What is a Majorana fermion?,Dirac particle,Particle that is its own antiparticle,Boson,Gauge boson,Virtual particle,1,"Fermion that is its own antiparticle, sought in topological superconductors"
sci-l5-088,Science,5,What is the Casimir effect?,Van der Waals force,Force from quantum vacuum fluctuations,Electromagnetic induction,Strong force,Gravitational effect,1,Attractive force between uncharged conducting plates from vacuum
sci-l5-089,Science,5,What is Chern-Simons theory?,3D topological gauge theory,4D Yang-Mills,String theory,Loop quantum gravity,Classical field theory,0,Topological field theory in odd dimensions
sci-l5-090,Science,5,What is the BCS theory?,Quantum Hall effect,Superconductivity from electron pairing,Ferromagnetism,Quantum criticality,Mott transition,1,Bardeen-Cooper-Schrieffer theory of conventional superconductivity
sci-l5-091,Science,5,What is the Berry phase?,Dynamic phase,Geometric phase from adiabatic evolution,Topological charge,Quantum number,Symmetry eigenvalue,1,Geometric phase acquired in cyclic adiabatic process
sci-l5-092,Science,5,What is anomaly in QFT?,Error,Quantum breaking of classical symmetry,Divergence,Singularity,Approximation,1,Symmetry of classical theory broken by quantization
sci-l5-093,Science,5,What is the Sachdev-Ye-Kitaev model?,Lattice model,Quantum chaos model,Ising model,Hubbard model,Heisenberg model,1,Solvable model of non-Fermi liquid with maximal chaos
sci-l5-094,Science,5,What is conformal field theory?,Theory invariant under conformal transformations,Topological theory,Gauge theory,String theory,Supersymmetry,0,Quantum field theory with conformal (angle-preserving) symmetry
sci-l5-095,Science,5,What is the quantum spin Hall effect?,Classical Hall,Topological insulator edge states,Integer quantum Hall,Fractional quantum Hall,Anomalous Hall,1,Time-reversal invariant topological state with helical edge states
sci-l5-096,Science,5,What is a soliton?,Linear wave,Localized nonlinear wave that maintains shape,Standing wave,Shock wave,Sound wave,1,Self-reinforcing wave packet that maintains its shape
sci-l5-097,Science,5,What is holonomy in gauge theory?,Local transformation,Path-ordered integral of connection,Curvature,Torsion,Metric,1,Parallel transport around closed loop in gauge theory
sci-l5-098,Science,5,What is the Affleck-Kennedy-Lieb-Tasaki state?,Ferromagnetic ground state,Valence bond solid state,Néel state,Fermi liquid,BCS state,1,Exactly solvable quantum spin chain with hidden antiferromagnetic order
sci-l5-099,Science,5,What is the Aharonov-Bohm effect?,Classical E&M,Quantum phase from vector potential,Zeeman effect,Stark effect,Lamb shift,1,Charged particle affected by EM potential despite zero field
sci-l5-100,Science,5,What is the modular S-matrix?,Scattering amplitude,Encodes topological data of anyons,Quantum gate,Transfer matrix,Density matrix,1,Matrix describing braiding and fusion of anyons in topological phases
tec-l1-001,Technology,1,What does CPU stand for?,Computer Processing Unit,Central Processing Unit,Central Program Utility,Computer Program Unit,Core Processing Unit,1,This is the brain of the computer that executes instructions
tec-l1-002,Technology,1,What is RAM?,Read-Only Memory,Random Access Memory,Rapid Action Memory,Remote Access Module,Random Action Module,1,Temporary memory that stores data while computer is running
tec-l1-003,Technology,1,What is the internet?,A single computer,Global network of computers,A website,An email,A program,1,Worldwide system of interconnected computer networks
tec-l1-004,Technology,1,What is an operating system?,A game,Software managing computer hardware,Internet browser,Word processor,Antivirus,1,"Windows, macOS, and Linux are examples of this"
tec-l1-005,Technology,1,What does WWW stand for?,World Wide Webinar,World Wide Web,Worldwide Website,Web Wide World,Wireless Wide Web,1,System of interlinked hypertext documents accessed via the internet
tec-l1-006,Technology,1,What is a byte?,1 bit,8 bits,16 bits,32 bits,64 bits,1,Basic unit of digital information storage
tec-l1-007,Technology,1,What is a browser?,Operating system,Software for accessing websites,Email client,Text editor,Spreadsheet,1,"Chrome, Firefox, and Safari are examples of this"
tec-l1-008,Technology,1,What is USB?,University Serial Bus,Universal Serial Bus,United States Bureau,Ultra Speed Bus,Universal Speed Board,1,Common interface for connecting devices to computers
tec-l1-009,Technology,1,What is Wi-Fi?,Wired connection,Wireless network technology,A type of cable,Computer virus,Operating system,1,Technology allowing devices to connect to internet wirelessly
tec-l1-010,Technology,1,What is a mouse in computing?,Type of virus,Pointing device,Storage device,Network cable,Printer,1,Device that controls cursor movement on screen
tec-l1-011,Technology,1,What is HTML?,Programming language,Markup language for web pages,Operating system,Database,Antivirus,1,Standard language for creating web page structure
tec-l1-012,Technology,1,What is a pixel?,Large image,Smallest element of digital image,Screen size,Color type,File format,1,Millions of these tiny dots make up digital displays
tec-l1-013,Technology,1,What is Bluetooth?,Internet cable,Wireless technology for short distances,Operating system,Web browser,Email protocol,1,Technology for wireless communication between nearby devices
tec-l1-014,Technology,1,What is software?,Physical components,Programs and applications,Internet connection,Monitor,Keyboard,1,Intangible programs that run on hardware
tec-l1-015,Technology,1,What is hardware?,Programs,Physical computer components,Internet,Software updates,Cloud storage,1,Physical parts of computer you can touch
tec-l1-016,Technology,1,What is a URL?,User Research Lab,Web address,Username,Computer virus,File type,1,Address used to access websites on the internet
tec-l1-017,Technology,1,What is the cloud?,Weather system,Remote servers for storage,Type of software,Computer part,Internet cable,1,Remote servers accessed via internet for storage and computing
tec-l1-018,Technology,1,What is spam?,Computer part,Unwanted email,Antivirus,Search engine,Operating system,1,"Unsolicited bulk messages, usually commercial"
tec-l1-019,Technology,1,What does PDF stand for?,Personal Data File,Portable Document Format,Public Domain Format,Print Data File,Protected Document Format,1,File format that preserves document formatting across platforms
tec-l1-020,Technology,1,What is a virus in computing?,Hardware failure,Malicious software,Update,Website,Email,1,Malicious code that replicates and spreads to harm computers
tec-l1-021,Technology,1,What does CPU stand for?,Computer Processing Unit,Central Processing Unit,Central Program Utility,Computer Program Unit,Core Processing Unit,1,This is the brain of the computer that executes instructions
tec-l1-022,Technology,1,What is RAM?,Read-Only Memory,Random Access Memory,Rapid Action Memory,Remote Access Module,Random Action Module,1,Temporary memory that stores data while computer is running
tec-l1-023,Technology,1,What is the internet?,A single computer,Global network of computers,A website,An email,A program,1,Worldwide system of interconnected computer networks
tec-l1-024,Technology,1,What is an operating system?,A game,Software managing computer hardware,Internet browser,Word processor,Antivirus,1,"Windows, macOS, and Linux are examples of this"
tec-l1-025,Technology,1,What does WWW stand for?,World Wide Webinar,World Wide Web,Worldwide Website,Web Wide World,Wireless Wide Web,1,System of interlinked hypertext documents accessed via the internet
tec-l1-026,Technology,1,What is a byte?,1 bit,8 bits,16 bits,32 bits,64 bits,1,Basic unit of digital information storage
tec-l1-027,Technology,1,What is a browser?,Operating system,Software for accessing websites,Email client,Text editor,Spreadsheet,1,"Chrome, Firefox, and Safari are examples of this"
tec-l1-028,Technology,1,What is USB?,University Serial Bus,Universal Serial Bus,United States Bureau,Ultra Speed Bus,Universal Speed Board,1,Common interface for connecting devices to computers
tec-l1-029,Technology,1,What is Wi-Fi?,Wired connection,Wireless network technology,A type of cable,Computer virus,Operating system,1,Technology allowing devices to connect to internet wirelessly
tec-l1-030,Technology,1,What is a mouse in computing?,Type of virus,Pointing device,Storage device,Network cable,Printer,1,Device that controls cursor movement on screen
tec-l1-031,Technology,1,What is HTML?,Programming language,Markup language for web pages,Operating system,Database,Antivirus,1,Standard language for creating web page structure
tec-l1-032,Technology,1,What is a pixel?,Large image,Smallest element of digital image,Screen size,Color type,File format,1,Millions of these tiny dots make up digital displays
tec-l1-033,Technology,1,What is Bluetooth?,Internet cable,Wireless technology for short distances,Operating system,Web browser,Email protocol,1,Technology for wireless communication between nearby devices
tec-l1-034,Technology,1,What is software?,Physical components,Programs and applications,Internet connection,Monitor,Keyboard,1,Intangible programs that run on hardware
tec-l1-035,Technology,1,What is hardware?,Programs,Physical computer components,Internet,Software updates,Cloud storage,1,Physical parts of computer you can touch
tec-l1-036,Technology,1,What is a URL?,User Research Lab,Web address,Username,Computer virus,File type,1,Address used to access websites on the internet
tec-l1-037,Technology,1,What is the cloud?,Weather system,Remote servers for storage,Type of software,Computer part,Internet cable,1,Remote servers accessed via internet for storage and computing
tec-l1-038,Technology,1,What is spam?,Computer part,Unwanted email,Antivirus,Search engine,Operating system,1,"Unsolicited bulk messages, usually commercial"
tec-l1-039,Technology,1,What does PDF stand for?,Personal Data File,Portable Document Format,Public Domain Format,Print Data File,Protected Document Format,1,File format that preserves document formatting across platforms
tec-l1-040,Technology,1,What is a virus in computing?,Hardware failure,Malicious software,Update,Website,Email,1,Malicious code that replicates and spreads to harm computers
tec-l1-041,Technology,1,What does CPU stand for?,Computer Processing Unit,Central Processing Unit,Central Program Utility,Computer Program Unit,Core Processing Unit,1,This is the brain of the computer that executes instructions
tec-l1-042,Technology,1,What is RAM?,Read-Only Memory,Random Access Memory,Rapid Action Memory,Remote Access Module,Random Action Module,1,Temporary memory that stores data while computer is running
tec-l1-043,Technology,1,What is the internet?,A single computer,Global network of computers,A website,An email,A program,1,Worldwide system of interconnected computer networks
tec-l1-044,Technology,1,What is an operating system?,A game,Software managing computer hardware,Internet browser,Word processor,Antivirus,1,"Windows, macOS, and Linux are examples of this"
tec-l1-045,Technology,1,What does WWW stand for?,World Wide Webinar,World Wide Web,Worldwide Website,Web Wide World,Wireless Wide Web,1,System of interlinked hypertext documents accessed via the internet
tec-l1-046,Technology,1,What is a byte?,1 bit,8 bits,16 bits,32 bits,64 bits,1,Basic unit of digital information storage
tec-l1-047,Technology,1,What is a browser?,Operating system,Software for accessing websites,Email client,Text editor,Spreadsheet,1,"Chrome, Firefox, and Safari are examples of this"
tec-l1-048,Technology,1,What is USB?,University Serial Bus,Universal Serial Bus,United States Bureau,Ultra Speed Bus,Universal Speed Board,1,Common interface for connecting devices to computers
tec-l1-049,Technology,1,What is Wi-Fi?,Wired connection,Wireless network technology,A type of cable,Computer virus,Operating system,1,Technology allowing devices to connect to internet wirelessly
tec-l1-050,Technology,1,What is a mouse in computing?,Type of virus,Pointing device,Storage device,Network cable,Printer,1,Device that controls cursor movement on screen
tec-l1-051,Technology,1,What is HTML?,Programming language,Markup language for web pages,Operating system,Database,Antivirus,1,Standard language for creating web page structure
tec-l1-052,Technology,1,What is a pixel?,Large image,Smallest element of digital image,Screen size,Color type,File format,1,Millions of these tiny dots make up digital displays
tec-l1-053,Technology,1,What is Bluetooth?,Internet cable,Wireless technology for short distances,Operating system,Web browser,Email protocol,1,Technology for wireless communication between nearby devices
tec-l1-054,Technology,1,What is software?,Physical components,Programs and applications,Internet connection,Monitor,Keyboard,1,Intangible programs that run on hardware
tec-l1-055,Technology,1,What is hardware?,Programs,Physical computer components,Internet,Software updates,Cloud storage,1,Physical parts of computer you can touch
tec-l1-056,Technology,1,What is a URL?,User Research Lab,Web address,Username,Computer virus,File type,1,Address used to access websites on the internet
tec-l1-057,Technology,1,What is the cloud?,Weather system,Remote servers for storage,Type of software,Computer part,Internet cable,1,Remote servers accessed via internet for storage and computing
tec-l1-058,Technology,1,What is spam?,Computer part,Unwanted email,Antivirus,Search engine,Operating system,1,"Unsolicited bulk messages, usually commercial"
tec-l1-059,Technology,1,What does PDF stand for?,Personal Data File,Portable Document Format,Public Domain Format,Print Data File,Protected Document Format,1,File format that preserves document formatting across platforms
tec-l1-060,Technology,1,What is a virus in computing?,Hardware failure,Malicious software,Update,Website,Email,1,Malicious code that replicates and spreads to harm computers
tec-l1-061,Technology,1,What does CPU stand for?,Computer Processing Unit,Central Processing Unit,Central Program Utility,Computer Program Unit,Core Processing Unit,1,This is the brain of the computer that executes instructions
tec-l1-062,Technology,1,What is RAM?,Read-Only Memory,Random Access Memory,Rapid Action Memory,Remote Access Module,Random Action Module,1,Temporary memory that stores data while computer is running
tec-l1-063,Technology,1,What is the internet?,A single computer,Global network of computers,A website,An email,A program,1,Worldwide system of interconnected computer networks
tec-l1-064,Technology,1,What is an operating system?,A game,Software managing computer hardware,Internet browser,Word processor,Antivirus,1,"Windows, macOS, and Linux are examples of this"
tec-l1-065,Technology,1,What does WWW stand for?,World Wide Webinar,World Wide Web,Worldwide Website,Web Wide World,Wireless Wide Web,1,System of interlinked hypertext documents accessed via the internet
tec-l1-066,Technology,1,What is a byte?,1 bit,8 bits,16 bits,32 bits,64 bits,1,Basic unit of digital information storage
tec-l1-067,Technology,1,What is a browser?,Operating system,Software for accessing websites,Email client,Text editor,Spreadsheet,1,"Chrome, Firefox, and Safari are examples of this"
tec-l1-068,Technology,1,What is USB?,University Serial Bus,Universal Serial Bus,United States Bureau,Ultra Speed Bus,Universal Speed Board,1,Common interface for connecting devices to computers
tec-l1-069,Technology,1,What is Wi-Fi?,Wired connection,Wireless network technology,A type of cable,Computer virus,Operating system,1,Technology allowing devices to connect to internet wirelessly
tec-l1-070,Technology,1,What is a mouse in computing?,Type of virus,Pointing device,Storage device,Network cable,Printer,1,Device that controls cursor movement on screen
tec-l1-071,Technology,1,What is HTML?,Programming language,Markup language for web pages,Operating system,Database,Antivirus,1,Standard language for creating web page structure
tec-l1-072,Technology,1,What is a pixel?,Large image,Smallest element of digital image,Screen size,Color type,File format,1,Millions of these tiny dots make up digital displays
tec-l1-073,Technology,1,What is Bluetooth?,Internet cable,Wireless technology for short distances,Operating system,Web browser,Email protocol,1,Technology for wireless communication between nearby devices
tec-l1-074,Technology,1,What is software?,Physical components,Programs and applications,Internet connection,Monitor,Keyboard,1,Intangible programs that run on hardware
tec-l1-075,Technology,1,What is hardware?,Programs,Physical computer components,Internet,Software updates,Cloud storage,1,Physical parts of computer you can touch
tec-l1-076,Technology,1,What is a URL?,User Research Lab,Web address,Username,Computer virus,File type,1,Address used to access websites on the internet
tec-l1-077,Technology,1,What is the cloud?,Weather system,Remote servers for storage,Type of software,Computer part,Internet cable,1,Remote servers accessed via internet for storage and computing
tec-l1-078,Technology,1,What is spam?,Computer part,Unwanted email,Antivirus,Search engine,Operating system,1,"Unsolicited bulk messages, usually commercial"
tec-l1-079,Technology,1,What does PDF stand for?,Personal Data File,Portable Document Format,Public Domain Format,Print Data File,Protected Document Format,1,File format that preserves document formatting across platforms
tec-l1-080,Technology,1,What is a virus in computing?,Hardware failure,Malicious software,Update,Website,Email,1,Malicious code that replicates and spreads to harm computers
tec-l1-081,Technology,1,What does CPU stand for?,Computer Processing Unit,Central Processing Unit,Central Program Utility,Computer Program Unit,Core Processing Unit,1,This is the brain of the computer that executes instructions
tec-l1-082,Technology,1,What is RAM?,Read-Only Memory,Random Access Memory,Rapid Action Memory,Remote Access Module,Random Action Module,1,Temporary memory that stores data while computer is running
tec-l1-083,Technology,1,What is the internet?,A single computer,Global network of computers,A website,An email,A program,1,Worldwide system of interconnected computer networks
tec-l1-084,Technology,1,What is an operating system?,A game,Software managing computer hardware,Internet browser,Word processor,Antivirus,1,"Windows, macOS, and Linux are examples of this"
tec-l1-085,Technology,1,What does WWW stand for?,World Wide Webinar,World Wide Web,Worldwide Website,Web Wide World,Wireless Wide Web,1,System of interlinked hypertext documents accessed via the internet
tec-l1-086,Technology,1,What is a byte?,1 bit,8 bits,16 bits,32 bits,64 bits,1,Basic unit of digital information storage
tec-l1-087,Technology,1,What is a browser?,Operating system,Software for accessing websites,Email client,Text editor,Spreadsheet,1,"Chrome, Firefox, and Safari are examples of this"
tec-l1-088,Technology,1,What is USB?,University Serial Bus,Universal Serial Bus,United States Bureau,Ultra Speed Bus,Universal Speed Board,1,Common interface for connecting devices to computers
tec-l1-089,Technology,1,What is Wi-Fi?,Wired connection,Wireless network technology,A type of cable,Computer virus,Operating system,1,Technology allowing devices to connect to internet wirelessly
tec-l1-090,Technology,1,What is a mouse in computing?,Type of virus,Pointing device,Storage device,Network cable,Printer,1,Device that controls cursor movement on screen
tec-l1-091,Technology,1,What is HTML?,Programming language,Markup language for web pages,Operating system,Database,Antivirus,1,Standard language for creating web page structure
tec-l1-092,Technology,1,What is a pixel?,Large image,Smallest element of digital image,Screen size,Color type,File format,1,Millions of these tiny dots make up digital displays
tec-l1-093,Technology,1,What is Bluetooth?,Internet cable,Wireless technology for short distances,Operating system,Web browser,Email protocol,1,Technology for wireless communication between nearby devices
tec-l1-094,Technology,1,What is software?,Physical components,Programs and applications,Internet connection,Monitor,Keyboard,1,Intangible programs that run on hardware
tec-l1-095,Technology,1,What is hardware?,Programs,Physical computer components,Internet,Software updates,Cloud storage,1,Physical parts of computer you can touch
tec-l1-096,Technology,1,What is a URL?,User Research Lab,Web address,Username,Computer virus,File type,1,Address used to access websites on the internet
tec-l1-097,Technology,1,What is the cloud?,Weather system,Remote servers for storage,Type of software,Computer part,Internet cable,1,Remote servers accessed via internet for storage and computing
tec-l1-098,Technology,1,What is spam?,Computer part,Unwanted email,Antivirus,Search engine,Operating system,1,"Unsolicited bulk messages, usually commercial"
tec-l1-099,Technology,1,What does PDF stand for?,Personal Data File,Portable Document Format,Public Domain Format,Print Data File,Protected Document Format,1,File format that preserves document formatting across platforms
tec-l1-100,Technology,1,What is a virus in computing?,Hardware failure,Malicious software,Update,Website,Email,1,Malicious code that replicates and spreads to harm computers
tec-l2-001,Technology,2,What is binary code?,Decimal system,Base-2 number system using 0 and 1,Programming language,Color code,File format,1,Fundamental language computers use with only two digits
tec-l2-002,Technology,2,What is bandwidth?,Cable width,Data transfer rate,Screen size,Storage capacity,Processing speed,1,Maximum amount of data transmitted over connection per unit time
tec-l2-003,Technology,2,What is encryption?,File compression,Converting data into coded form,Deleting files,Downloading,Uploading,1,Process of encoding information to prevent unauthorized access
tec-l2-004,Technology,2,What is an IP address?,Internet Password,Numerical label for network device,Website name,Email address,Username,1,Unique identifier for devices on a network
tec-l2-005,Technology,2,What is HTTP?,Hyperlink Transfer Protocol,HyperText Transfer Protocol,High Tech Transfer Protocol,Home Text Transfer Protocol,Hyper Transfer Tool Protocol,1,Protocol for transmitting web pages over the internet
tec-l2-006,Technology,2,What is a firewall?,Physical wall,Security system controlling network traffic,Antivirus,Web browser,Search engine,1,Network security system that monitors and controls traffic
tec-l2-007,Technology,2,What is cache?,Trash folder,Temporary storage for quick access,Permanent storage,Internet speed,Screen resolution,1,Temporary storage that speeds up data retrieval
tec-l2-008,Technology,2,What is an algorithm?,Computer part,Step-by-step problem-solving procedure,Programming language,Operating system,Website,1,Finite sequence of well-defined instructions to solve problems
tec-l2-009,Technology,2,What is open source?,Expensive software,Software with publicly available code,Closed platform,Proprietary system,Paid license,1,Software whose source code is freely available to modify
tec-l2-010,Technology,2,What is a server?,Client computer,Computer providing services to other computers,Monitor,Keyboard,Mouse,1,Computer that provides data or services to other computers
tec-l2-011,Technology,2,What is GPU?,General Processing Unit,Graphics Processing Unit,Global Program Utility,Game Processing Unit,Graphical Program Unit,1,Specialized processor designed for handling graphics and parallel tasks
tec-l2-012,Technology,2,What is phishing?,Legitimate website,Fraudulent attempt to steal information,Antivirus scan,Software update,File download,1,Cyberattack using fake communications to steal sensitive data
tec-l2-013,Technology,2,What is a router?,Storage device,Device forwarding data between networks,Monitor,Printer,Scanner,1,Networking device that routes data packets between networks
tec-l2-014,Technology,2,What is malware?,Helpful software,Malicious software,Operating system,Web browser,Email client,1,"Software designed to harm, exploit, or disable computers"
tec-l2-015,Technology,2,What is a cookie in web terms?,Virus,Small data file stored by browser,Email,Password,Firewall,1,Small text files websites store on your computer to remember information
tec-l2-016,Technology,2,What is SSD?,Super Speed Drive,Solid State Drive,System Storage Device,Slow Storage Drive,Secure Storage Disk,1,Storage device using integrated circuits with no moving parts
tec-l2-017,Technology,2,What is ping?,Sound,Network utility testing reachability,Virus,Password,File type,1,Network utility measuring round-trip time for messages
tec-l2-018,Technology,2,What is API?,Application Programming Interface,Advanced Program Integration,Automated Process Interface,Application Process Integration,Advanced Programming Interface,0,Set of protocols allowing software applications to communicate
tec-l2-019,Technology,2,What is latency?,Storage size,Delay before data transfer begins,Screen brightness,Sound volume,File size,1,Time delay between cause and effect in a system
tec-l2-020,Technology,2,What is VPN?,Virtual Private Network,Very Private Network,Visual Program Network,Verified Public Network,Virtual Public Node,0,Encrypted connection over internet for privacy and security
tec-l2-021,Technology,2,What is binary code?,Decimal system,Base-2 number system using 0 and 1,Programming language,Color code,File format,1,Fundamental language computers use with only two digits
tec-l2-022,Technology,2,What is bandwidth?,Cable width,Data transfer rate,Screen size,Storage capacity,Processing speed,1,Maximum amount of data transmitted over connection per unit time
tec-l2-023,Technology,2,What is encryption?,File compression,Converting data into coded form,Deleting files,Downloading,Uploading,1,Process of encoding information to prevent unauthorized access
tec-l2-024,Technology,2,What is an IP address?,Internet Password,Numerical label for network device,Website name,Email address,Username,1,Unique identifier for devices on a network
tec-l2-025,Technology,2,What is HTTP?,Hyperlink Transfer Protocol,HyperText Transfer Protocol,High Tech Transfer Protocol,Home Text Transfer Protocol,Hyper Transfer Tool Protocol,1,Protocol for transmitting web pages over the internet
tec-l2-026,Technology,2,What is a firewall?,Physical wall,Security system controlling network traffic,Antivirus,Web browser,Search engine,1,Network security system that monitors and controls traffic
tec-l2-027,Technology,2,What is cache?,Trash folder,Temporary storage for quick access,Permanent storage,Internet speed,Screen resolution,1,Temporary storage that speeds up data retrieval
tec-l2-028,Technology,2,What is an algorithm?,Computer part,Step-by-step problem-solving procedure,Programming language,Operating system,Website,1,Finite sequence of well-defined instructions to solve problems
tec-l2-029,Technology,2,What is open source?,Expensive software,Software with publicly available code,Closed platform,Proprietary system,Paid license,1,Software whose source code is freely available to modify
tec-l2-030,Technology,2,What is a server?,Client computer,Computer providing services to other computers,Monitor,Keyboard,Mouse,1,Computer that provides data or services to other computers
tec-l2-031,Technology,2,What is GPU?,General Processing Unit,Graphics Processing Unit,Global Program Utility,Game Processing Unit,Graphical Program Unit,1,Specialized processor designed for handling graphics and parallel tasks
tec-l2-032,Technology,2,What is phishing?,Legitimate website,Fraudulent attempt to steal information,Antivirus scan,Software update,File download,1,Cyberattack using fake communications to steal sensitive data
tec-l2-033,Technology,2,What is a router?,Storage device,Device forwarding data between networks,Monitor,Printer,Scanner,1,Networking device that routes data packets between networks
tec-l2-034,Technology,2,What is malware?,Helpful software,Malicious software,Operating system,Web browser,Email client,1,"Software designed to harm, exploit, or disable computers"
tec-l2-035,Technology,2,What is a cookie in web terms?,Virus,Small data file stored by browser,Email,Password,Firewall,1,Small text files websites store on your computer to remember information
tec-l2-036,Technology,2,What is SSD?,Super Speed Drive,Solid State Drive,System Storage Device,Slow Storage Drive,Secure Storage Disk,1,Storage device using integrated circuits with no moving parts
tec-l2-037,Technology,2,What is ping?,Sound,Network utility testing reachability,Virus,Password,File type,1,Network utility measuring round-trip time for messages
tec-l2-038,Technology,2,What is API?,Application Programming Interface,Advanced Program Integration,Automated Process Interface,Application Process Integration,Advanced Programming Interface,0,Set of protocols allowing software applications to communicate
tec-l2-039,Technology,2,What is latency?,Storage size,Delay before data transfer begins,Screen brightness,Sound volume,File size,1,Time delay between cause and effect in a system
tec-l2-040,Technology,2,What is VPN?,Virtual Private Network,Very Private Network,Visual Program Network,Verified Public Network,Virtual Public Node,0,Encrypted connection over internet for privacy and security
tec-l2-041,Technology,2,What is binary code?,Decimal system,Base-2 number system using 0 and 1,Programming language,Color code,File format,1,Fundamental language computers use with only two digits
tec-l2-042,Technology,2,What is bandwidth?,Cable width,Data transfer rate,Screen size,Storage capacity,Processing speed,1,Maximum amount of data transmitted over connection per unit time
tec-l2-043,Technology,2,What is encryption?,File compression,Converting data into coded form,Deleting files,Downloading,Uploading,1,Process of encoding information to prevent unauthorized access
tec-l2-044,Technology,2,What is an IP address?,Internet Password,Numerical label for network device,Website name,Email address,Username,1,Unique identifier for devices on a network
tec-l2-045,Technology,2,What is HTTP?,Hyperlink Transfer Protocol,HyperText Transfer Protocol,High Tech Transfer Protocol,Home Text Transfer Protocol,Hyper Transfer Tool Protocol,1,Protocol for transmitting web pages over the internet
tec-l2-046,Technology,2,What is a firewall?,Physical wall,Security system controlling network traffic,Antivirus,Web browser,Search engine,1,Network security system that monitors and controls traffic
tec-l2-047,Technology,2,What is cache?,Trash folder,Temporary storage for quick access,Permanent storage,Internet speed,Screen resolution,1,Temporary storage that speeds up data retrieval
tec-l2-048,Technology,2,What is an algorithm?,Computer part,Step-by-step problem-solving procedure,Programming language,Operating system,Website,1,Finite sequence of well-defined instructions to solve problems
tec-l2-049,Technology,2,What is open source?,Expensive software,Software with publicly available code,Closed platform,Proprietary system,Paid license,1,Software whose source code is freely available to modify
tec-l2-050,Technology,2,What is a server?,Client computer,Computer providing services to other computers,Monitor,Keyboard,Mouse,1,Computer that provides data or services to other computers
tec-l2-051,Technology,2,What is GPU?,General Processing Unit,Graphics Processing Unit,Global Program Utility,Game Processing Unit,Graphical Program Unit,1,Specialized processor designed for handling graphics and parallel tasks
tec-l2-052,Technology,2,What is phishing?,Legitimate website,Fraudulent attempt to steal information,Antivirus scan,Software update,File download,1,Cyberattack using fake communications to steal sensitive data
tec-l2-053,Technology,2,What is a router?,Storage device,Device forwarding data between networks,Monitor,Printer,Scanner,1,Networking device that routes data packets between networks
tec-l2-054,Technology,2,What is malware?,Helpful software,Malicious software,Operating system,Web browser,Email client,1,"Software designed to harm, exploit, or disable computers"
tec-l2-055,Technology,2,What is a cookie in web terms?,Virus,Small data file stored by browser,Email,Password,Firewall,1,Small text files websites store on your computer to remember information
tec-l2-056,Technology,2,What is SSD?,Super Speed Drive,Solid State Drive,System Storage Device,Slow Storage Drive,Secure Storage Disk,1,Storage device using integrated circuits with no moving parts
tec-l2-057,Technology,2,What is ping?,Sound,Network utility testing reachability,Virus,Password,File type,1,Network utility measuring round-trip time for messages
tec-l2-058,Technology,2,What is API?,Application Programming Interface,Advanced Program Integration,Automated Process Interface,Application Process Integration,Advanced Programming Interface,0,Set of protocols allowing software applications to communicate
tec-l2-059,Technology,2,What is latency?,Storage size,Delay before data transfer begins,Screen brightness,Sound volume,File size,1,Time delay between cause and effect in a system
tec-l2-060,Technology,2,What is VPN?,Virtual Private Network,Very Private Network,Visual Program Network,Verified Public Network,Virtual Public Node,0,Encrypted connection over internet for privacy and security
tec-l2-061,Technology,2,What is binary code?,Decimal system,Base-2 number system using 0 and 1,Programming language,Color code,File format,1,Fundamental language computers use with only two digits
tec-l2-062,Technology,2,What is bandwidth?,Cable width,Data transfer rate,Screen size,Storage capacity,Processing speed,1,Maximum amount of data transmitted over connection per unit time
tec-l2-063,Technology,2,What is encryption?,File compression,Converting data into coded form,Deleting files,Downloading,Uploading,1,Process of encoding information to prevent unauthorized access
tec-l2-064,Technology,2,What is an IP address?,Internet Password,Numerical label for network device,Website name,Email address,Username,1,Unique identifier for devices on a network
tec-l2-065,Technology,2,What is HTTP?,Hyperlink Transfer Protocol,HyperText Transfer Protocol,High Tech Transfer Protocol,Home Text Transfer Protocol,Hyper Transfer Tool Protocol,1,Protocol for transmitting web pages over the internet
tec-l2-066,Technology,2,What is a firewall?,Physical wall,Security system controlling network traffic,Antivirus,Web browser,Search engine,1,Network security system that monitors and controls traffic
tec-l2-067,Technology,2,What is cache?,Trash folder,Temporary storage for quick access,Permanent storage,Internet speed,Screen resolution,1,Temporary storage that speeds up data retrieval
tec-l2-068,Technology,2,What is an algorithm?,Computer part,Step-by-step problem-solving procedure,Programming language,Operating system,Website,1,Finite sequence of well-defined instructions to solve problems
tec-l2-069,Technology,2,What is open source?,Expensive software,Software with publicly available code,Closed platform,Proprietary system,Paid license,1,Software whose source code is freely available to modify
tec-l2-070,Technology,2,What is a server?,Client computer,Computer providing services to other computers,Monitor,Keyboard,Mouse,1,Computer that provides data or services to other computers
tec-l2-071,Technology,2,What is GPU?,General Processing Unit,Graphics Processing Unit,Global Program Utility,Game Processing Unit,Graphical Program Unit,1,Specialized processor designed for handling graphics and parallel tasks
tec-l2-072,Technology,2,What is phishing?,Legitimate website,Fraudulent attempt to steal information,Antivirus scan,Software update,File download,1,Cyberattack using fake communications to steal sensitive data
tec-l2-073,Technology,2,What is a router?,Storage device,Device forwarding data between networks,Monitor,Printer,Scanner,1,Networking device that routes data packets between networks
tec-l2-074,Technology,2,What is malware?,Helpful software,Malicious software,Operating system,Web browser,Email client,1,"Software designed to harm, exploit, or disable computers"
tec-l2-075,Technology,2,What is a cookie in web terms?,Virus,Small data file stored by browser,Email,Password,Firewall,1,Small text files websites store on your computer to remember information
tec-l2-076,Technology,2,What is SSD?,Super Speed Drive,Solid State Drive,System Storage Device,Slow Storage Drive,Secure Storage Disk,1,Storage device using integrated circuits with no moving parts
tec-l2-077,Technology,2,What is ping?,Sound,Network utility testing reachability,Virus,Password,File type,1,Network utility measuring round-trip time for messages
tec-l2-078,Technology,2,What is API?,Application Programming Interface,Advanced Program Integration,Automated Process Interface,Application Process Integration,Advanced Programming Interface,0,Set of protocols allowing software applications to communicate
tec-l2-079,Technology,2,What is latency?,Storage size,Delay before data transfer begins,Screen brightness,Sound volume,File size,1,Time delay between cause and effect in a system
tec-l2-080,Technology,2,What is VPN?,Virtual Private Network,Very Private Network,Visual Program Network,Verified Public Network,Virtual Public Node,0,Encrypted connection over internet for privacy and security
tec-l2-081,Technology,2,What is binary code?,Decimal system,Base-2 number system using 0 and 1,Programming language,Color code,File format,1,Fundamental language computers use with only two digits
tec-l2-082,Technology,2,What is bandwidth?,Cable width,Data transfer rate,Screen size,Storage capacity,Processing speed,1,Maximum amount of data transmitted over connection per unit time
tec-l2-083,Technology,2,What is encryption?,File compression,Converting data into coded form,Deleting files,Downloading,Uploading,1,Process of encoding information to prevent unauthorized access
tec-l2-084,Technology,2,What is an IP address?,Internet Password,Numerical label for network device,Website name,Email address,Username,1,Unique identifier for devices on a network
tec-l2-085,Technology,2,What is HTTP?,Hyperlink Transfer Protocol,HyperText Transfer Protocol,High Tech Transfer Protocol,Home Text Transfer Protocol,Hyper Transfer Tool Protocol,1,Protocol for transmitting web pages over the internet
tec-l2-086,Technology,2,What is a firewall?,Physical wall,Security system controlling network traffic,Antivirus,Web browser,Search engine,1,Network security system that monitors and controls traffic
tec-l2-087,Technology,2,What is cache?,Trash folder,Temporary storage for quick access,Permanent storage,Internet speed,Screen resolution,1,Temporary storage that speeds up data retrieval
tec-l2-088,Technology,2,What is an algorithm?,Computer part,Step-by-step problem-solving procedure,Programming language,Operating system,Website,1,Finite sequence of well-defined instructions to solve problems
tec-l2-089,Technology,2,What is open source?,Expensive software,Software with publicly available code,Closed platform,Proprietary system,Paid license,1,Software whose source code is freely available to modify
tec-l2-090,Technology,2,What is a server?,Client computer,Computer providing services to other computers,Monitor,Keyboard,Mouse,1,Computer that provides data or services to other computers
tec-l2-091,Technology,2,What is GPU?,General Processing Unit,Graphics Processing Unit,Global Program Utility,Game Processing Unit,Graphical Program Unit,1,Specialized processor designed for handling graphics and parallel tasks
tec-l2-092,Technology,2,What is phishing?,Legitimate website,Fraudulent attempt to steal information,Antivirus scan,Software update,File download,1,Cyberattack using fake communications to steal sensitive data
tec-l2-093,Technology,2,What is a router?,Storage device,Device forwarding data between networks,Monitor,Printer,Scanner,1,Networking device that routes data packets between networks
tec-l2-094,Technology,2,What is malware?,Helpful software,Malicious software,Operating system,Web browser,Email client,1,"Software designed to harm, exploit, or disable computers"
tec-l2-095,Technology,2,What is a cookie in web terms?,Virus,Small data file stored by browser,Email,Password,Firewall,1,Small text files websites store on your computer to remember information
tec-l2-096,Technology,2,What is SSD?,Super Speed Drive,Solid State Drive,System Storage Device,Slow Storage Drive,Secure Storage Disk,1,Storage device using integrated circuits with no moving parts
tec-l2-097,Technology,2,What is ping?,Sound,Network utility testing reachability,Virus,Password,File type,1,Network utility measuring round-trip time for messages
tec-l2-098,Technology,2,What is API?,Application Programming Interface,Advanced Program Integration,Automated Process Interface,Application Process Integration,Advanced Programming Interface,0,Set of protocols allowing software applications to communicate
tec-l2-099,Technology,2,What is latency?,Storage size,Delay before data transfer begins,Screen brightness,Sound volume,File size,1,Time delay between cause and effect in a system
tec-l2-100,Technology,2,What is VPN?,Virtual Private Network,Very Private Network,Visual Program Network,Verified Public Network,Virtual Public Node,0,Encrypted connection over internet for privacy and security
tec-l3-001,Technology,3,What is machine learning?,Physical machines,AI systems learning from data,Assembly line,Cloud storage,Network protocol,1,Subset of AI where systems improve from experience without explicit programming
tec-l3-002,Technology,3,What is blockchain?,Type of virus,Distributed ledger technology,Programming language,Web browser,Operating system,1,"Decentralized, distributed ledger recording transactions across computers"
tec-l3-003,Technology,3,What is quantum computing?,Fast classical computer,Computing using quantum mechanics,Cloud computing,Supercomputer,Parallel processing,1,Computing using quantum bits that can be in superposition
tec-l3-004,Technology,3,What is REST API?,Sleep mode,Representational State Transfer,Restart Protocol,Remote System Transfer,Real-time Execution System,1,Architectural style for designing networked applications using HTTP
tec-l3-005,Technology,3,What is Docker?,Ship container,Platform for containerizing applications,Programming language,Database,Web framework,1,"Platform for developing, shipping, and running applications in containers"
tec-l3-006,Technology,3,What is regex?,Programming language,Pattern matching for text,File format,Database,Operating system,1,Sequence of characters defining search patterns in text
tec-l3-007,Technology,3,What is SQL?,Structured Query Language,Simple Question Language,System Query Logic,Software Quality Language,Secure Query Link,0,Language for managing and querying relational databases
tec-l3-008,Technology,3,What is Git?,GitHub,Version control system,Programming language,Web framework,Database,1,Distributed version control system for tracking code changes
tec-l3-009,Technology,3,What is a hash function?,Search function,Maps data to fixed-size value,Password,Encryption key,Database query,1,Function that maps data of arbitrary size to fixed-size values
tec-l3-010,Technology,3,What is DNS?,Domain Name System,Data Network Service,Digital Name Server,Direct Network System,Domain Network Service,0,System translating domain names to IP addresses
tec-l3-011,Technology,3,What is NoSQL?,No database,Non-relational database,Not Structured Query Language exactly,New Operating System Query Language,Network Operating SQL,1,Database design providing flexible schema for modern applications
tec-l3-012,Technology,3,What is a CDN?,Content Delivery Network,Central Data Network,Computer Design Network,Cloud Data Node,Central Distribution Network,0,Distributed network of servers delivering web content efficiently
tec-l3-013,Technology,3,What is OAuth?,Authentication framework,Programming language,Database type,File format,Operating system,0,Open standard for access delegation and authorization
tec-l3-014,Technology,3,What is microservices architecture?,Small computers,Application structured as independent services,Miniature software,Embedded systems,Mobile apps,1,Architectural style structuring application as collection of loosely coupled services
tec-l3-015,Technology,3,What is a compiler?,Text editor,Translates high-level code to machine code,Web browser,Database,Operating system,1,Program that translates source code into executable machine code
tec-l3-016,Technology,3,What is TCP/IP?,Text Control Protocol,Suite of communication protocols,Programming language,File format,Web browser,1,Fundamental suite of protocols for internet communication
tec-l3-017,Technology,3,What is Kubernetes?,Programming language,Container orchestration platform,Database,Web framework,Operating system,1,Open-source system for automating deployment and scaling of containerized applications
tec-l3-018,Technology,3,What is edge computing?,Sharp display,Computing at network edge near data source,Cloud computing,Old technology,Gaming,1,Distributed computing bringing computation near data sources
tec-l3-019,Technology,3,What is a deadlock?,Computer freeze,Situation where processes wait for each other,Broken lock,Security feature,File corruption,1,Situation where two or more processes are unable to proceed
tec-l3-020,Technology,3,What is polymorphism in OOP?,Many shapes,Objects taking multiple forms,Data structure,Algorithm,Network protocol,1,Ability of objects to take on multiple forms in object-oriented programming
tec-l3-021,Technology,3,What is machine learning?,Physical machines,AI systems learning from data,Assembly line,Cloud storage,Network protocol,1,Subset of AI where systems improve from experience without explicit programming
tec-l3-022,Technology,3,What is blockchain?,Type of virus,Distributed ledger technology,Programming language,Web browser,Operating system,1,"Decentralized, distributed ledger recording transactions across computers"
tec-l3-023,Technology,3,What is quantum computing?,Fast classical computer,Computing using quantum mechanics,Cloud computing,Supercomputer,Parallel processing,1,Computing using quantum bits that can be in superposition
tec-l3-024,Technology,3,What is REST API?,Sleep mode,Representational State Transfer,Restart Protocol,Remote System Transfer,Real-time Execution System,1,Architectural style for designing networked applications using HTTP
tec-l3-025,Technology,3,What is Docker?,Ship container,Platform for containerizing applications,Programming language,Database,Web framework,1,"Platform for developing, shipping, and running applications in containers"
tec-l3-026,Technology,3,What is regex?,Programming language,Pattern matching for text,File format,Database,Operating system,1,Sequence of characters defining search patterns in text
tec-l3-027,Technology,3,What is SQL?,Structured Query Language,Simple Question Language,System Query Logic,Software Quality Language,Secure Query Link,0,Language for managing and querying relational databases
tec-l3-028,Technology,3,What is Git?,GitHub,Version control system,Programming language,Web framework,Database,1,Distributed version control system for tracking code changes
tec-l3-029,Technology,3,What is a hash function?,Search function,Maps data to fixed-size value,Password,Encryption key,Database query,1,Function that maps data of arbitrary size to fixed-size values
tec-l3-030,Technology,3,What is DNS?,Domain Name System,Data Network Service,Digital Name Server,Direct Network System,Domain Network Service,0,System translating domain names to IP addresses
tec-l3-031,Technology,3,What is NoSQL?,No database,Non-relational database,Not Structured Query Language exactly,New Operating System Query Language,Network Operating SQL,1,Database design providing flexible schema for modern applications
tec-l3-032,Technology,3,What is a CDN?,Content Delivery Network,Central Data Network,Computer Design Network,Cloud Data Node,Central Distribution Network,0,Distributed network of servers delivering web content efficiently
tec-l3-033,Technology,3,What is OAuth?,Authentication framework,Programming language,Database type,File format,Operating system,0,Open standard for access delegation and authorization
tec-l3-034,Technology,3,What is microservices architecture?,Small computers,Application structured as independent services,Miniature software,Embedded systems,Mobile apps,1,Architectural style structuring application as collection of loosely coupled services
tec-l3-035,Technology,3,What is a compiler?,Text editor,Translates high-level code to machine code,Web browser,Database,Operating system,1,Program that translates source code into executable machine code
tec-l3-036,Technology,3,What is TCP/IP?,Text Control Protocol,Suite of communication protocols,Programming language,File format,Web browser,1,Fundamental suite of protocols for internet communication
tec-l3-037,Technology,3,What is Kubernetes?,Programming language,Container orchestration platform,Database,Web framework,Operating system,1,Open-source system for automating deployment and scaling of containerized applications
tec-l3-038,Technology,3,What is edge computing?,Sharp display,Computing at network edge near data source,Cloud computing,Old technology,Gaming,1,Distributed computing bringing computation near data sources
tec-l3-039,Technology,3,What is a deadlock?,Computer freeze,Situation where processes wait for each other,Broken lock,Security feature,File corruption,1,Situation where two or more processes are unable to proceed
tec-l3-040,Technology,3,What is polymorphism in OOP?,Many shapes,Objects taking multiple forms,Data structure,Algorithm,Network protocol,1,Ability of objects to take on multiple forms in object-oriented programming
tec-l3-041,Technology,3,What is machine learning?,Physical machines,AI systems learning from data,Assembly line,Cloud storage,Network protocol,1,Subset of AI where systems improve from experience without explicit programming
tec-l3-042,Technology,3,What is blockchain?,Type of virus,Distributed ledger technology,Programming language,Web browser,Operating system,1,"Decentralized, distributed ledger recording transactions across computers"
tec-l3-043,Technology,3,What is quantum computing?,Fast classical computer,Computing using quantum mechanics,Cloud computing,Supercomputer,Parallel processing,1,Computing using quantum bits that can be in superposition
tec-l3-044,Technology,3,What is REST API?,Sleep mode,Representational State Transfer,Restart Protocol,Remote System Transfer,Real-time Execution System,1,Architectural style for designing networked applications using HTTP
tec-l3-045,Technology,3,What is Docker?,Ship container,Platform for containerizing applications,Programming language,Database,Web framework,1,"Platform for developing, shipping, and running applications in containers"
tec-l3-046,Technology,3,What is regex?,Programming language,Pattern matching for text,File format,Database,Operating system,1,Sequence of characters defining search patterns in text
tec-l3-047,Technology,3,What is SQL?,Structured Query Language,Simple Question Language,System Query Logic,Software Quality Language,Secure Query Link,0,Language for managing and querying relational databases
tec-l3-048,Technology,3,What is Git?,GitHub,Version control system,Programming language,Web framework,Database,1,Distributed version control system for tracking code changes
tec-l3-049,Technology,3,What is a hash function?,Search function,Maps data to fixed-size value,Password,Encryption key,Database query,1,Function that maps data of arbitrary size to fixed-size values
tec-l3-050,Technology,3,What is DNS?,Domain Name System,Data Network Service,Digital Name Server,Direct Network System,Domain Network Service,0,System translating domain names to IP addresses
tec-l3-051,Technology,3,What is NoSQL?,No database,Non-relational database,Not Structured Query Language exactly,New Operating System Query Language,Network Operating SQL,1,Database design providing flexible schema for modern applications
tec-l3-052,Technology,3,What is a CDN?,Content Delivery Network,Central Data Network,Computer Design Network,Cloud Data Node,Central Distribution Network,0,Distributed network of servers delivering web content efficiently
tec-l3-053,Technology,3,What is OAuth?,Authentication framework,Programming language,Database type,File format,Operating system,0,Open standard for access delegation and authorization
tec-l3-054,Technology,3,What is microservices architecture?,Small computers,Application structured as independent services,Miniature software,Embedded systems,Mobile apps,1,Architectural style structuring application as collection of loosely coupled services
tec-l3-055,Technology,3,What is a compiler?,Text editor,Translates high-level code to machine code,Web browser,Database,Operating system,1,Program that translates source code into executable machine code
tec-l3-056,Technology,3,What is TCP/IP?,Text Control Protocol,Suite of communication protocols,Programming language,File format,Web browser,1,Fundamental suite of protocols for internet communication
tec-l3-057,Technology,3,What is Kubernetes?,Programming language,Container orchestration platform,Database,Web framework,Operating system,1,Open-source system for automating deployment and scaling of containerized applications
tec-l3-058,Technology,3,What is edge computing?,Sharp display,Computing at network edge near data source,Cloud computing,Old technology,Gaming,1,Distributed computing bringing computation near data sources
tec-l3-059,Technology,3,What is a deadlock?,Computer freeze,Situation where processes wait for each other,Broken lock,Security feature,File corruption,1,Situation where two or more processes are unable to proceed
tec-l3-060,Technology,3,What is polymorphism in OOP?,Many shapes,Objects taking multiple forms,Data structure,Algorithm,Network protocol,1,Ability of objects to take on multiple forms in object-oriented programming
tec-l3-061,Technology,3,What is machine learning?,Physical machines,AI systems learning from data,Assembly line,Cloud storage,Network protocol,1,Subset of AI where systems improve from experience without explicit programming
tec-l3-062,Technology,3,What is blockchain?,Type of virus,Distributed ledger technology,Programming language,Web browser,Operating system,1,"Decentralized, distributed ledger recording transactions across computers"
tec-l3-063,Technology,3,What is quantum computing?,Fast classical computer,Computing using quantum mechanics,Cloud computing,Supercomputer,Parallel processing,1,Computing using quantum bits that can be in superposition
tec-l3-064,Technology,3,What is REST API?,Sleep mode,Representational State Transfer,Restart Protocol,Remote System Transfer,Real-time Execution System,1,Architectural style for designing networked applications using HTTP
tec-l3-065,Technology,3,What is Docker?,Ship container,Platform for containerizing applications,Programming language,Database,Web framework,1,"Platform for developing, shipping, and running applications in containers"
tec-l3-066,Technology,3,What is regex?,Programming language,Pattern matching for text,File format,Database,Operating system,1,Sequence of characters defining search patterns in text
tec-l3-067,Technology,3,What is SQL?,Structured Query Language,Simple Question Language,System Query Logic,Software Quality Language,Secure Query Link,0,Language for managing and querying relational databases
tec-l3-068,Technology,3,What is Git?,GitHub,Version control system,Programming language,Web framework,Database,1,Distributed version control system for tracking code changes
tec-l3-069,Technology,3,What is a hash function?,Search function,Maps data to fixed-size value,Password,Encryption key,Database query,1,Function that maps data of arbitrary size to fixed-size values
tec-l3-070,Technology,3,What is DNS?,Domain Name System,Data Network Service,Digital Name Server,Direct Network System,Domain Network Service,0,System translating domain names to IP addresses
tec-l3-071,Technology,3,What is NoSQL?,No database,Non-relational database,Not Structured Query Language exactly,New Operating System Query Language,Network Operating SQL,1,Database design providing flexible schema for modern applications
tec-l3-072,Technology,3,What is a CDN?,Content Delivery Network,Central Data Network,Computer Design Network,Cloud Data Node,Central Distribution Network,0,Distributed network of servers delivering web content efficiently
tec-l3-073,Technology,3,What is OAuth?,Authentication framework,Programming language,Database type,File format,Operating system,0,Open standard for access delegation and authorization
tec-l3-074,Technology,3,What is microservices architecture?,Small computers,Application structured as independent services,Miniature software,Embedded systems,Mobile apps,1,Architectural style structuring application as collection of loosely coupled services
tec-l3-075,Technology,3,What is a compiler?,Text editor,Translates high-level code to machine code,Web browser,Database,Operating system,1,Program that translates source code into executable machine code
tec-l3-076,Technology,3,What is TCP/IP?,Text Control Protocol,Suite of communication protocols,Programming language,File format,Web browser,1,Fundamental suite of protocols for internet communication
tec-l3-077,Technology,3,What is Kubernetes?,Programming language,Container orchestration platform,Database,Web framework,Operating system,1,Open-source system for automating deployment and scaling of containerized applications
tec-l3-078,Technology,3,What is edge computing?,Sharp display,Computing at network edge near data source,Cloud computing,Old technology,Gaming,1,Distributed computing bringing computation near data sources
tec-l3-079,Technology,3,What is a deadlock?,Computer freeze,Situation where processes wait for each other,Broken lock,Security feature,File corruption,1,Situation where two or more processes are unable to proceed
tec-l3-080,Technology,3,What is polymorphism in OOP?,Many shapes,Objects taking multiple forms,Data structure,Algorithm,Network protocol,1,Ability of objects to take on multiple forms in object-oriented programming
tec-l3-081,Technology,3,What is machine learning?,Physical machines,AI systems learning from data,Assembly line,Cloud storage,Network protocol,1,Subset of AI where systems improve from experience without explicit programming
tec-l3-082,Technology,3,What is blockchain?,Type of virus,Distributed ledger technology,Programming language,Web browser,Operating system,1,"Decentralized, distributed ledger recording transactions across computers"
tec-l3-083,Technology,3,What is quantum computing?,Fast classical computer,Computing using quantum mechanics,Cloud computing,Supercomputer,Parallel processing,1,Computing using quantum bits that can be in superposition
tec-l3-084,Technology,3,What is REST API?,Sleep mode,Representational State Transfer,Restart Protocol,Remote System Transfer,Real-time Execution System,1,Architectural style for designing networked applications using HTTP
tec-l3-085,Technology,3,What is Docker?,Ship container,Platform for containerizing applications,Programming language,Database,Web framework,1,"Platform for developing, shipping, and running applications in containers"
tec-l3-086,Technology,3,What is regex?,Programming language,Pattern matching for text,File format,Database,Operating system,1,Sequence of characters defining search patterns in text
tec-l3-087,Technology,3,What is SQL?,Structured Query Language,Simple Question Language,System Query Logic,Software Quality Language,Secure Query Link,0,Language for managing and querying relational databases
tec-l3-088,Technology,3,What is Git?,GitHub,Version control system,Programming language,Web framework,Database,1,Distributed version control system for tracking code changes
tec-l3-089,Technology,3,What is a hash function?,Search function,Maps data to fixed-size value,Password,Encryption key,Database query,1,Function that maps data of arbitrary size to fixed-size values
tec-l3-090,Technology,3,What is DNS?,Domain Name System,Data Network Service,Digital Name Server,Direct Network System,Domain Network Service,0,System translating domain names to IP addresses
tec-l3-091,Technology,3,What is NoSQL?,No database,Non-relational database,Not Structured Query Language exactly,New Operating System Query Language,Network Operating SQL,1,Database design providing flexible schema for modern applications
tec-l3-092,Technology,3,What is a CDN?,Content Delivery Network,Central Data Network,Computer Design Network,Cloud Data Node,Central Distribution Network,0,Distributed network of servers delivering web content efficiently
tec-l3-093,Technology,3,What is OAuth?,Authentication framework,Programming language,Database type,File format,Operating system,0,Open standard for access delegation and authorization
tec-l3-094,Technology,3,What is microservices architecture?,Small computers,Application structured as independent services,Miniature software,Embedded systems,Mobile apps,1,Architectural style structuring application as collection of loosely coupled services
tec-l3-095,Technology,3,What is a compiler?,Text editor,Translates high-level code to machine code,Web browser,Database,Operating system,1,Program that translates source code into executable machine code
tec-l3-096,Technology,3,What is TCP/IP?,Text Control Protocol,Suite of communication protocols,Programming language,File format,Web browser,1,Fundamental suite of protocols for internet communication
tec-l3-097,Technology,3,What is Kubernetes?,Programming language,Container orchestration platform,Database,Web framework,Operating system,1,Open-source system for automating deployment and scaling of containerized applications
tec-l3-098,Technology,3,What is edge computing?,Sharp display,Computing at network edge near data source,Cloud computing,Old technology,Gaming,1,Distributed computing bringing computation near data sources
tec-l3-099,Technology,3,What is a deadlock?,Computer freeze,Situation where processes wait for each other,Broken lock,Security feature,File corruption,1,Situation where two or more processes are unable to proceed
tec-l3-100,Technology,3,What is polymorphism in OOP?,Many shapes,Objects taking multiple forms,Data structure,Algorithm,Network protocol,1,Ability of objects to take on multiple forms in object-oriented programming
tec-l4-001,Technology,4,What is the CAP theorem?,Capacity Planning,"Consistency, Availability, Partition tolerance tradeoff",Computer Algorithm Protocol,Central Access Point,Cloud Application Platform,1,Impossible for distributed system to simultaneously provide all three guarantees
tec-l4-002,Technology,4,What is MapReduce?,GPS navigation,Programming model for processing large datasets,Graphics rendering,Network routing,File compression,1,Programming model for processing and generating large datasets in parallel
tec-l4-003,Technology,4,What is eventual consistency?,Immediate consistency,Consistency model achieving consistency over time,Strong consistency,No consistency,Perfect consistency,1,Consistency model where system becomes consistent if no new updates made
tec-l4-004,Technology,4,What is ACID in databases?,"Atomicity, Consistency, Isolation, Durability",Advanced Computer Interface Design,Application Code Integration Database,Automated Consistency In Data,All Changes In Database,0,Set of properties guaranteeing reliable database transactions
tec-l4-005,Technology,4,What is the Byzantine Generals Problem?,Military strategy,Distributed consensus with unreliable actors,Network routing,Database sharding,Load balancing,1,Challenge of achieving consensus in distributed system with faulty components
tec-l4-006,Technology,4,What is WebAssembly?,Web framework,Binary instruction format for web,JavaScript library,HTML standard,CSS preprocessor,1,Binary instruction format enabling high-performance web applications
tec-l4-007,Technology,4,What is a Turing machine?,Physical computer,Abstract computational model,Programming language,Operating system,Network device,1,Mathematical model of computation defining abstract machine
tec-l4-008,Technology,4,What is the halting problem?,Computer shutdown,Undecidable problem about program termination,Sleep mode,Crash detection,Performance issue,1,Proof that no algorithm can determine if arbitrary program will halt
tec-l4-009,Technology,4,What is lambda calculus?,Mathematics course,Formal system for computation,Programming language,Database query,Statistical method,1,Formal system in mathematical logic for expressing computation
tec-l4-010,Technology,4,What is zero-knowledge proof?,No knowledge,Proving statement without revealing info,Empty database,Deleted files,Unsecured connection,1,Cryptographic method proving truth of statement without revealing information
tec-l4-011,Technology,4,What is consensus algorithm?,Voting system,Process for distributed agreement,Sorting algorithm,Search method,Encryption,1,Process used to achieve agreement among distributed processes
tec-l4-012,Technology,4,What is sharding?,Breaking glass,Database partitioning,Code splitting,Network segmentation,File fragmentation,1,Database architecture pattern for horizontal partitioning across multiple databases
tec-l4-013,Technology,4,What is idempotence?,Unique operation,Operation producing same result if repeated,One-time action,Reversible process,Parallel execution,1,Property where operation produces same result regardless of how many times executed
tec-l4-014,Technology,4,What is functional programming?,Working code,Programming paradigm using pure functions,Object-oriented programming,Procedural coding,Assembly language,1,Programming paradigm treating computation as evaluation of mathematical functions
tec-l4-015,Technology,4,What is memoization?,Memorization,Caching results of expensive function calls,Memory allocation,File storage,Database indexing,1,Optimization technique storing results of expensive function calls
tec-l4-016,Technology,4,What is reactive programming?,Responsive UI,Programming with asynchronous data streams,Fast code,Real-time systems,Interactive apps,1,Programming paradigm oriented around data flows and change propagation
tec-l4-017,Technology,4,What is garbage collection?,Deleting files,Automatic memory management,Disk cleanup,Cache clearing,Virus removal,1,Automatic memory management reclaiming memory no longer in use
tec-l4-018,Technology,4,What is tail recursion?,Last function,Recursion where recursive call is last operation,Loop,Iteration,Stack overflow,1,Recursion where recursive call is the last operation in function
tec-l4-019,Technology,4,What is a monad in functional programming?,Single unit,Design pattern for function composition,Data structure,Algorithm,Loop construct,1,Design pattern allowing structuring of computations in functional programming
tec-l4-020,Technology,4,What is the actor model?,Theater system,Concurrent computation model,Database pattern,Network protocol,Graphics rendering,1,Mathematical model of concurrent computation treating actors as universal primitives
tec-l4-021,Technology,4,What is the CAP theorem?,Capacity Planning,"Consistency, Availability, Partition tolerance tradeoff",Computer Algorithm Protocol,Central Access Point,Cloud Application Platform,1,Impossible for distributed system to simultaneously provide all three guarantees
tec-l4-022,Technology,4,What is MapReduce?,GPS navigation,Programming model for processing large datasets,Graphics rendering,Network routing,File compression,1,Programming model for processing and generating large datasets in parallel
tec-l4-023,Technology,4,What is eventual consistency?,Immediate consistency,Consistency model achieving consistency over time,Strong consistency,No consistency,Perfect consistency,1,Consistency model where system becomes consistent if no new updates made
tec-l4-024,Technology,4,What is ACID in databases?,"Atomicity, Consistency, Isolation, Durability",Advanced Computer Interface Design,Application Code Integration Database,Automated Consistency In Data,All Changes In Database,0,Set of properties guaranteeing reliable database transactions
tec-l4-025,Technology,4,What is the Byzantine Generals Problem?,Military strategy,Distributed consensus with unreliable actors,Network routing,Database sharding,Load balancing,1,Challenge of achieving consensus in distributed system with faulty components
tec-l4-026,Technology,4,What is WebAssembly?,Web framework,Binary instruction format for web,JavaScript library,HTML standard,CSS preprocessor,1,Binary instruction format enabling high-performance web applications
tec-l4-027,Technology,4,What is a Turing machine?,Physical computer,Abstract computational model,Programming language,Operating system,Network device,1,Mathematical model of computation defining abstract machine
tec-l4-028,Technology,4,What is the halting problem?,Computer shutdown,Undecidable problem about program termination,Sleep mode,Crash detection,Performance issue,1,Proof that no algorithm can determine if arbitrary program will halt
tec-l4-029,Technology,4,What is lambda calculus?,Mathematics course,Formal system for computation,Programming language,Database query,Statistical method,1,Formal system in mathematical logic for expressing computation
tec-l4-030,Technology,4,What is zero-knowledge proof?,No knowledge,Proving statement without revealing info,Empty database,Deleted files,Unsecured connection,1,Cryptographic method proving truth of statement without revealing information
tec-l4-031,Technology,4,What is consensus algorithm?,Voting system,Process for distributed agreement,Sorting algorithm,Search method,Encryption,1,Process used to achieve agreement among distributed processes
tec-l4-032,Technology,4,What is sharding?,Breaking glass,Database partitioning,Code splitting,Network segmentation,File fragmentation,1,Database architecture pattern for horizontal partitioning across multiple databases
tec-l4-033,Technology,4,What is idempotence?,Unique operation,Operation producing same result if repeated,One-time action,Reversible process,Parallel execution,1,Property where operation produces same result regardless of how many times executed
tec-l4-034,Technology,4,What is functional programming?,Working code,Programming paradigm using pure functions,Object-oriented programming,Procedural coding,Assembly language,1,Programming paradigm treating computation as evaluation of mathematical functions
tec-l4-035,Technology,4,What is memoization?,Memorization,Caching results of expensive function calls,Memory allocation,File storage,Database indexing,1,Optimization technique storing results of expensive function calls
tec-l4-036,Technology,4,What is reactive programming?,Responsive UI,Programming with asynchronous data streams,Fast code,Real-time systems,Interactive apps,1,Programming paradigm oriented around data flows and change propagation
tec-l4-037,Technology,4,What is garbage collection?,Deleting files,Automatic memory management,Disk cleanup,Cache clearing,Virus removal,1,Automatic memory management reclaiming memory no longer in use
tec-l4-038,Technology,4,What is tail recursion?,Last function,Recursion where recursive call is last operation,Loop,Iteration,Stack overflow,1,Recursion where recursive call is the last operation in function
tec-l4-039,Technology,4,What is a monad in functional programming?,Single unit,Design pattern for function composition,Data structure,Algorithm,Loop construct,1,Design pattern allowing structuring of computations in functional programming
tec-l4-040,Technology,4,What is the actor model?,Theater system,Concurrent computation model,Database pattern,Network protocol,Graphics rendering,1,Mathematical model of concurrent computation treating actors as universal primitives
tec-l4-041,Technology,4,What is the CAP theorem?,Capacity Planning,"Consistency, Availability, Partition tolerance tradeoff",Computer Algorithm Protocol,Central Access Point,Cloud Application Platform,1,Impossible for distributed system to simultaneously provide all three guarantees
tec-l4-042,Technology,4,What is MapReduce?,GPS navigation,Programming model for processing large datasets,Graphics rendering,Network routing,File compression,1,Programming model for processing and generating large datasets in parallel
tec-l4-043,Technology,4,What is eventual consistency?,Immediate consistency,Consistency model achieving consistency over time,Strong consistency,No consistency,Perfect consistency,1,Consistency model where system becomes consistent if no new updates made
tec-l4-044,Technology,4,What is ACID in databases?,"Atomicity, Consistency, Isolation, Durability",Advanced Computer Interface Design,Application Code Integration Database,Automated Consistency In Data,All Changes In Database,0,Set of properties guaranteeing reliable database transactions
tec-l4-045,Technology,4,What is the Byzantine Generals Problem?,Military strategy,Distributed consensus with unreliable actors,Network routing,Database sharding,Load balancing,1,Challenge of achieving consensus in distributed system with faulty components
tec-l4-046,Technology,4,What is WebAssembly?,Web framework,Binary instruction format for web,JavaScript library,HTML standard,CSS preprocessor,1,Binary instruction format enabling high-performance web applications
tec-l4-047,Technology,4,What is a Turing machine?,Physical computer,Abstract computational model,Programming language,Operating system,Network device,1,Mathematical model of computation defining abstract machine
tec-l4-048,Technology,4,What is the halting problem?,Computer shutdown,Undecidable problem about program termination,Sleep mode,Crash detection,Performance issue,1,Proof that no algorithm can determine if arbitrary program will halt
tec-l4-049,Technology,4,What is lambda calculus?,Mathematics course,Formal system for computation,Programming language,Database query,Statistical method,1,Formal system in mathematical logic for expressing computation
tec-l4-050,Technology,4,What is zero-knowledge proof?,No knowledge,Proving statement without revealing info,Empty database,Deleted files,Unsecured connection,1,Cryptographic method proving truth of statement without revealing information
tec-l4-051,Technology,4,What is consensus algorithm?,Voting system,Process for distributed agreement,Sorting algorithm,Search method,Encryption,1,Process used to achieve agreement among distributed processes
tec-l4-052,Technology,4,What is sharding?,Breaking glass,Database partitioning,Code splitting,Network segmentation,File fragmentation,1,Database architecture pattern for horizontal partitioning across multiple databases
tec-l4-053,Technology,4,What is idempotence?,Unique operation,Operation producing same result if repeated,One-time action,Reversible process,Parallel execution,1,Property where operation produces same result regardless of how many times executed
tec-l4-054,Technology,4,What is functional programming?,Working code,Programming paradigm using pure functions,Object-oriented programming,Procedural coding,Assembly language,1,Programming paradigm treating computation as evaluation of mathematical functions
tec-l4-055,Technology,4,What is memoization?,Memorization,Caching results of expensive function calls,Memory allocation,File storage,Database indexing,1,Optimization technique storing results of expensive function calls
tec-l4-056,Technology,4,What is reactive programming?,Responsive UI,Programming with asynchronous data streams,Fast code,Real-time systems,Interactive apps,1,Programming paradigm oriented around data flows and change propagation
tec-l4-057,Technology,4,What is garbage collection?,Deleting files,Automatic memory management,Disk cleanup,Cache clearing,Virus removal,1,Automatic memory management reclaiming memory no longer in use
tec-l4-058,Technology,4,What is tail recursion?,Last function,Recursion where recursive call is last operation,Loop,Iteration,Stack overflow,1,Recursion where recursive call is the last operation in function
tec-l4-059,Technology,4,What is a monad in functional programming?,Single unit,Design pattern for function composition,Data structure,Algorithm,Loop construct,1,Design pattern allowing structuring of computations in functional programming
tec-l4-060,Technology,4,What is the actor model?,Theater system,Concurrent computation model,Database pattern,Network protocol,Graphics rendering,1,Mathematical model of concurrent computation treating actors as universal primitives
tec-l4-061,Technology,4,What is the CAP theorem?,Capacity Planning,"Consistency, Availability, Partition tolerance tradeoff",Computer Algorithm Protocol,Central Access Point,Cloud Application Platform,1,Impossible for distributed system to simultaneously provide all three guarantees
tec-l4-062,Technology,4,What is MapReduce?,GPS navigation,Programming model for processing large datasets,Graphics rendering,Network routing,File compression,1,Programming model for processing and generating large datasets in parallel
tec-l4-063,Technology,4,What is eventual consistency?,Immediate consistency,Consistency model achieving consistency over time,Strong consistency,No consistency,Perfect consistency,1,Consistency model where system becomes consistent if no new updates made
tec-l4-064,Technology,4,What is ACID in databases?,"Atomicity, Consistency, Isolation, Durability",Advanced Computer Interface Design,Application Code Integration Database,Automated Consistency In Data,All Changes In Database,0,Set of properties guaranteeing reliable database transactions
tec-l4-065,Technology,4,What is the Byzantine Generals Problem?,Military strategy,Distributed consensus with unreliable actors,Network routing,Database sharding,Load balancing,1,Challenge of achieving consensus in distributed system with faulty components
tec-l4-066,Technology,4,What is WebAssembly?,Web framework,Binary instruction format for web,JavaScript library,HTML standard,CSS preprocessor,1,Binary instruction format enabling high-performance web applications
tec-l4-067,Technology,4,What is a Turing machine?,Physical computer,Abstract computational model,Programming language,Operating system,Network device,1,Mathematical model of computation defining abstract machine
tec-l4-068,Technology,4,What is the halting problem?,Computer shutdown,Undecidable problem about program termination,Sleep mode,Crash detection,Performance issue,1,Proof that no algorithm can determine if arbitrary program will halt
tec-l4-069,Technology,4,What is lambda calculus?,Mathematics course,Formal system for computation,Programming language,Database query,Statistical method,1,Formal system in mathematical logic for expressing computation
tec-l4-070,Technology,4,What is zero-knowledge proof?,No knowledge,Proving statement without revealing info,Empty database,Deleted files,Unsecured connection,1,Cryptographic method proving truth of statement without revealing information
tec-l4-071,Technology,4,What is consensus algorithm?,Voting system,Process for distributed agreement,Sorting algorithm,Search method,Encryption,1,Process used to achieve agreement among distributed processes
tec-l4-072,Technology,4,What is sharding?,Breaking glass,Database partitioning,Code splitting,Network segmentation,File fragmentation,1,Database architecture pattern for horizontal partitioning across multiple databases
tec-l4-073,Technology,4,What is idempotence?,Unique operation,Operation producing same result if repeated,One-time action,Reversible process,Parallel execution,1,Property where operation produces same result regardless of how many times executed
tec-l4-074,Technology,4,What is functional programming?,Working code,Programming paradigm using pure functions,Object-oriented programming,Procedural coding,Assembly language,1,Programming paradigm treating computation as evaluation of mathematical functions
tec-l4-075,Technology,4,What is memoization?,Memorization,Caching results of expensive function calls,Memory allocation,File storage,Database indexing,1,Optimization technique storing results of expensive function calls
tec-l4-076,Technology,4,What is reactive programming?,Responsive UI,Programming with asynchronous data streams,Fast code,Real-time systems,Interactive apps,1,Programming paradigm oriented around data flows and change propagation
tec-l4-077,Technology,4,What is garbage collection?,Deleting files,Automatic memory management,Disk cleanup,Cache clearing,Virus removal,1,Automatic memory management reclaiming memory no longer in use
tec-l4-078,Technology,4,What is tail recursion?,Last function,Recursion where recursive call is last operation,Loop,Iteration,Stack overflow,1,Recursion where recursive call is the last operation in function
tec-l4-079,Technology,4,What is a monad in functional programming?,Single unit,Design pattern for function composition,Data structure,Algorithm,Loop construct,1,Design pattern allowing structuring of computations in functional programming
tec-l4-080,Technology,4,What is the actor model?,Theater system,Concurrent computation model,Database pattern,Network protocol,Graphics rendering,1,Mathematical model of concurrent computation treating actors as universal primitives
tec-l4-081,Technology,4,What is the CAP theorem?,Capacity Planning,"Consistency, Availability, Partition tolerance tradeoff",Computer Algorithm Protocol,Central Access Point,Cloud Application Platform,1,Impossible for distributed system to simultaneously provide all three guarantees
tec-l4-082,Technology,4,What is MapReduce?,GPS navigation,Programming model for processing large datasets,Graphics rendering,Network routing,File compression,1,Programming model for processing and generating large datasets in parallel
tec-l4-083,Technology,4,What is eventual consistency?,Immediate consistency,Consistency model achieving consistency over time,Strong consistency,No consistency,Perfect consistency,1,Consistency model where system becomes consistent if no new updates made
tec-l4-084,Technology,4,What is ACID in databases?,"Atomicity, Consistency, Isolation, Durability",Advanced Computer Interface Design,Application Code Integration Database,Automated Consistency In Data,All Changes In Database,0,Set of properties guaranteeing reliable database transactions
tec-l4-085,Technology,4,What is the Byzantine Generals Problem?,Military strategy,Distributed consensus with unreliable actors,Network routing,Database sharding,Load balancing,1,Challenge of achieving consensus in distributed system with faulty components
tec-l4-086,Technology,4,What is WebAssembly?,Web framework,Binary instruction format for web,JavaScript library,HTML standard,CSS preprocessor,1,Binary instruction format enabling high-performance web applications
tec-l4-087,Technology,4,What is a Turing machine?,Physical computer,Abstract computational model,Programming language,Operating system,Network device,1,Mathematical model of computation defining abstract machine
tec-l4-088,Technology,4,What is the halting problem?,Computer shutdown,Undecidable problem about program termination,Sleep mode,Crash detection,Performance issue,1,Proof that no algorithm can determine if arbitrary program will halt
tec-l4-089,Technology,4,What is lambda calculus?,Mathematics course,Formal system for computation,Programming language,Database query,Statistical method,1,Formal system in mathematical logic for expressing computation
tec-l4-090,Technology,4,What is zero-knowledge proof?,No knowledge,Proving statement without revealing info,Empty database,Deleted files,Unsecured connection,1,Cryptographic method proving truth of statement without revealing information
tec-l4-091,Technology,4,What is consensus algorithm?,Voting system,Process for distributed agreement,Sorting algorithm,Search method,Encryption,1,Process used to achieve agreement among distributed processes
tec-l4-092,Technology,4,What is sharding?,Breaking glass,Database partitioning,Code splitting,Network segmentation,File fragmentation,1,Database architecture pattern for horizontal partitioning across multiple databases
tec-l4-093,Technology,4,What is idempotence?,Unique operation,Operation producing same result if repeated,One-time action,Reversible process,Parallel execution,1,Property where operation produces same result regardless of how many times executed
tec-l4-094,Technology,4,What is functional programming?,Working code,Programming paradigm using pure functions,Object-oriented programming,Procedural coding,Assembly language,1,Programming paradigm treating computation as evaluation of mathematical functions
tec-l4-095,Technology,4,What is memoization?,Memorization,Caching results of expensive function calls,Memory allocation,File storage,Database indexing,1,Optimization technique storing results of expensive function calls
tec-l4-096,Technology,4,What is reactive programming?,Responsive UI,Programming with asynchronous data streams,Fast code,Real-time systems,Interactive apps,1,Programming paradigm oriented around data flows and change propagation
tec-l4-097,Technology,4,What is garbage collection?,Deleting files,Automatic memory management,Disk cleanup,Cache clearing,Virus removal,1,Automatic memory management reclaiming memory no longer in use
tec-l4-098,Technology,4,What is tail recursion?,Last function,Recursion where recursive call is last operation,Loop,Iteration,Stack overflow,1,Recursion where recursive call is the last operation in function
tec-l4-099,Technology,4,What is a monad in functional programming?,Single unit,Design pattern for function composition,Data structure,Algorithm,Loop construct,1,Design pattern allowing structuring of computations in functional programming
tec-l4-100,Technology,4,What is the actor model?,Theater system,Concurrent computation model,Database pattern,Network protocol,Graphics rendering,1,Mathematical model of concurrent computation treating actors as universal primitives
tec-l5-001,Technology,5,What is homomorphic encryption?,Same encryption,Computing on encrypted data,Symmetric encryption,Hash function,Public key,1,Encryption allowing computation on ciphertexts without decryption
tec-l5-002,Technology,5,What is differential privacy?,Different passwords,Privacy-preserving data analysis,Encryption method,Access control,Network security,1,System for publicly sharing information about dataset while protecting individual privacy
tec-l5-003,Technology,5,What is the P vs NP problem?,Password vs No Password,Computational complexity question,Programming languages,Network protocols,Database types,1,Open question whether every problem whose solution is quickly verifiable is quickly solvable
tec-l5-004,Technology,5,What is program synthesis?,Writing code,Automatically generating programs,Code optimization,Compilation,Debugging,1,Automatic generation of programs from specification
tec-l5-005,Technology,5,What is dependent type theory?,Type system,Types depending on values,Database schema,Network topology,Class hierarchy,1,Type system where types can depend on values
tec-l5-006,Technology,5,What is category theory in computing?,Data classification,Mathematical framework for abstractions,Database categories,File types,Network categories,1,Mathematical theory of structures and relationships applied to type systems
tec-l5-007,Technology,5,What is the Curry-Howard correspondence?,Food-name pairing,Proofs-programs correspondence,Type matching,Function calling,Data binding,1,Correspondence between programs and mathematical proofs
tec-l5-008,Technology,5,What is a comonad?,Reversed monad,Dual of monad,Data structure,Algorithm,Pattern,1,Categorical dual of monad used in functional programming
tec-l5-009,Technology,5,What is semantic web?,Web meaning,Web of machine-readable data,Search engines,Social media,Websites,1,Extension of web through standards promoting common data formats
tec-l5-010,Technology,5,What is proof-carrying code?,Documented code,Code with embedded correctness proof,Tested software,Verified program,Certified application,1,Executable code that includes proof of its safety properties
tec-l5-011,Technology,5,What is abstract interpretation?,Code comments,Static analysis technique,Dynamic typing,Runtime evaluation,Compilation,1,Theory of sound approximation of program semantics
tec-l5-012,Technology,5,What is the Liskov substitution principle?,Code replacement,Subtype substitutability,Function overriding,Class inheritance,Interface implementation,1,Objects should be replaceable with instances of their subtypes
tec-l5-013,Technology,5,What is operational semantics?,Runtime behavior,Meaning of programs through execution,Performance analysis,Code optimization,Profiling,1,Defines meaning of programs in terms of their execution
tec-l5-014,Technology,5,What is temporal logic?,Time-based rules,Logic with temporal operators,Scheduling algorithm,Real-time systems,Timing analysis,1,System of rules for reasoning about propositions qualified in terms of time
tec-l5-015,Technology,5,What is a fixed-point combinator?,Repair tool,Higher-order function implementing recursion,Loop construct,Iteration method,Optimization,1,Higher-order function that computes fixed point of other functions
tec-l5-016,Technology,5,What is type erasure?,Deleting types,Removing type information at runtime,Generic programming,Dynamic typing,Weak typing,1,Load-time process removing explicit type annotations
tec-l5-017,Technology,5,What is coinduction?,Joint induction,Proof technique for infinite structures,Recursion,Iteration,Mathematical induction,1,Proof technique for reasoning about infinite data structures
tec-l5-018,Technology,5,What is capability-based security?,Skill requirements,Access control using unforgeable references,Permission system,Authentication,Encryption,1,Security model based on possession of unforgeable references
tec-l5-019,Technology,5,What is a pullback in category theory?,Reverse operation,Limit of diagram in category,Function inverse,Type conversion,Data transformation,1,Categorical construction generalizing fiber product
tec-l5-020,Technology,5,What is the Yoneda lemma?,Programming principle,Fundamental result in category theory,Algorithm,Data structure,Pattern,1,Fundamental result relating functors to natural transformations
tec-l5-021,Technology,5,What is homomorphic encryption?,Same encryption,Computing on encrypted data,Symmetric encryption,Hash function,Public key,1,Encryption allowing computation on ciphertexts without decryption
tec-l5-022,Technology,5,What is differential privacy?,Different passwords,Privacy-preserving data analysis,Encryption method,Access control,Network security,1,System for publicly sharing information about dataset while protecting individual privacy
tec-l5-023,Technology,5,What is the P vs NP problem?,Password vs No Password,Computational complexity question,Programming languages,Network protocols,Database types,1,Open question whether every problem whose solution is quickly verifiable is quickly solvable
tec-l5-024,Technology,5,What is program synthesis?,Writing code,Automatically generating programs,Code optimization,Compilation,Debugging,1,Automatic generation of programs from specification
tec-l5-025,Technology,5,What is dependent type theory?,Type system,Types depending on values,Database schema,Network topology,Class hierarchy,1,Type system where types can depend on values
tec-l5-026,Technology,5,What is category theory in computing?,Data classification,Mathematical framework for abstractions,Database categories,File types,Network categories,1,Mathematical theory of structures and relationships applied to type systems
tec-l5-027,Technology,5,What is the Curry-Howard correspondence?,Food-name pairing,Proofs-programs correspondence,Type matching,Function calling,Data binding,1,Correspondence between programs and mathematical proofs
tec-l5-028,Technology,5,What is a comonad?,Reversed monad,Dual of monad,Data structure,Algorithm,Pattern,1,Categorical dual of monad used in functional programming
tec-l5-029,Technology,5,What is semantic web?,Web meaning,Web of machine-readable data,Search engines,Social media,Websites,1,Extension of web through standards promoting common data formats
tec-l5-030,Technology,5,What is proof-carrying code?,Documented code,Code with embedded correctness proof,Tested software,Verified program,Certified application,1,Executable code that includes proof of its safety properties
tec-l5-031,Technology,5,What is abstract interpretation?,Code comments,Static analysis technique,Dynamic typing,Runtime evaluation,Compilation,1,Theory of sound approximation of program semantics
tec-l5-032,Technology,5,What is the Liskov substitution principle?,Code replacement,Subtype substitutability,Function overriding,Class inheritance,Interface implementation,1,Objects should be replaceable with instances of their subtypes
tec-l5-033,Technology,5,What is operational semantics?,Runtime behavior,Meaning of programs through execution,Performance analysis,Code optimization,Profiling,1,Defines meaning of programs in terms of their execution
tec-l5-034,Technology,5,What is temporal logic?,Time-based rules,Logic with temporal operators,Scheduling algorithm,Real-time systems,Timing analysis,1,System of rules for reasoning about propositions qualified in terms of time
tec-l5-035,Technology,5,What is a fixed-point combinator?,Repair tool,Higher-order function implementing recursion,Loop construct,Iteration method,Optimization,1,Higher-order function that computes fixed point of other functions
tec-l5-036,Technology,5,What is type erasure?,Deleting types,Removing type information at runtime,Generic programming,Dynamic typing,Weak typing,1,Load-time process removing explicit type annotations
tec-l5-037,Technology,5,What is coinduction?,Joint induction,Proof technique for infinite structures,Recursion,Iteration,Mathematical induction,1,Proof technique for reasoning about infinite data structures
tec-l5-038,Technology,5,What is capability-based security?,Skill requirements,Access control using unforgeable references,Permission system,Authentication,Encryption,1,Security model based on possession of unforgeable references
tec-l5-039,Technology,5,What is a pullback in category theory?,Reverse operation,Limit of diagram in category,Function inverse,Type conversion,Data transformation,1,Categorical construction generalizing fiber product
tec-l5-040,Technology,5,What is the Yoneda lemma?,Programming principle,Fundamental result in category theory,Algorithm,Data structure,Pattern,1,Fundamental result relating functors to natural transformations
tec-l5-041,Technology,5,What is homomorphic encryption?,Same encryption,Computing on encrypted data,Symmetric encryption,Hash function,Public key,1,Encryption allowing computation on ciphertexts without decryption
tec-l5-042,Technology,5,What is differential privacy?,Different passwords,Privacy-preserving data analysis,Encryption method,Access control,Network security,1,System for publicly sharing information about dataset while protecting individual privacy
tec-l5-043,Technology,5,What is the P vs NP problem?,Password vs No Password,Computational complexity question,Programming languages,Network protocols,Database types,1,Open question whether every problem whose solution is quickly verifiable is quickly solvable
tec-l5-044,Technology,5,What is program synthesis?,Writing code,Automatically generating programs,Code optimization,Compilation,Debugging,1,Automatic generation of programs from specification
tec-l5-045,Technology,5,What is dependent type theory?,Type system,Types depending on values,Database schema,Network topology,Class hierarchy,1,Type system where types can depend on values
tec-l5-046,Technology,5,What is category theory in computing?,Data classification,Mathematical framework for abstractions,Database categories,File types,Network categories,1,Mathematical theory of structures and relationships applied to type systems
tec-l5-047,Technology,5,What is the Curry-Howard correspondence?,Food-name pairing,Proofs-programs correspondence,Type matching,Function calling,Data binding,1,Correspondence between programs and mathematical proofs
tec-l5-048,Technology,5,What is a comonad?,Reversed monad,Dual of monad,Data structure,Algorithm,Pattern,1,Categorical dual of monad used in functional programming
tec-l5-049,Technology,5,What is semantic web?,Web meaning,Web of machine-readable data,Search engines,Social media,Websites,1,Extension of web through standards promoting common data formats
tec-l5-050,Technology,5,What is proof-carrying code?,Documented code,Code with embedded correctness proof,Tested software,Verified program,Certified application,1,Executable code that includes proof of its safety properties
tec-l5-051,Technology,5,What is abstract interpretation?,Code comments,Static analysis technique,Dynamic typing,Runtime evaluation,Compilation,1,Theory of sound approximation of program semantics
tec-l5-052,Technology,5,What is the Liskov substitution principle?,Code replacement,Subtype substitutability,Function overriding,Class inheritance,Interface implementation,1,Objects should be replaceable with instances of their subtypes
tec-l5-053,Technology,5,What is operational semantics?,Runtime behavior,Meaning of programs through execution,Performance analysis,Code optimization,Profiling,1,Defines meaning of programs in terms of their execution
tec-l5-054,Technology,5,What is temporal logic?,Time-based rules,Logic with temporal operators,Scheduling algorithm,Real-time systems,Timing analysis,1,System of rules for reasoning about propositions qualified in terms of time
tec-l5-055,Technology,5,What is a fixed-point combinator?,Repair tool,Higher-order function implementing recursion,Loop construct,Iteration method,Optimization,1,Higher-order function that computes fixed point of other functions
tec-l5-056,Technology,5,What is type erasure?,Deleting types,Removing type information at runtime,Generic programming,Dynamic typing,Weak typing,1,Load-time process removing explicit type annotations
tec-l5-057,Technology,5,What is coinduction?,Joint induction,Proof technique for infinite structures,Recursion,Iteration,Mathematical induction,1,Proof technique for reasoning about infinite data structures
tec-l5-058,Technology,5,What is capability-based security?,Skill requirements,Access control using unforgeable references,Permission system,Authentication,Encryption,1,Security model based on possession of unforgeable references
tec-l5-059,Technology,5,What is a pullback in category theory?,Reverse operation,Limit of diagram in category,Function inverse,Type conversion,Data transformation,1,Categorical construction generalizing fiber product
tec-l5-060,Technology,5,What is the Yoneda lemma?,Programming principle,Fundamental result in category theory,Algorithm,Data structure,Pattern,1,Fundamental result relating functors to natural transformations
tec-l5-061,Technology,5,What is homomorphic encryption?,Same encryption,Computing on encrypted data,Symmetric encryption,Hash function,Public key,1,Encryption allowing computation on ciphertexts without decryption
tec-l5-062,Technology,5,What is differential privacy?,Different passwords,Privacy-preserving data analysis,Encryption method,Access control,Network security,1,System for publicly sharing information about dataset while protecting individual privacy
tec-l5-063,Technology,5,What is the P vs NP problem?,Password vs No Password,Computational complexity question,Programming languages,Network protocols,Database types,1,Open question whether every problem whose solution is quickly verifiable is quickly solvable
tec-l5-064,Technology,5,What is program synthesis?,Writing code,Automatically generating programs,Code optimization,Compilation,Debugging,1,Automatic generation of programs from specification
tec-l5-065,Technology,5,What is dependent type theory?,Type system,Types depending on values,Database schema,Network topology,Class hierarchy,1,Type system where types can depend on values
tec-l5-066,Technology,5,What is category theory in computing?,Data classification,Mathematical framework for abstractions,Database categories,File types,Network categories,1,Mathematical theory of structures and relationships applied to type systems
tec-l5-067,Technology,5,What is the Curry-Howard correspondence?,Food-name pairing,Proofs-programs correspondence,Type matching,Function calling,Data binding,1,Correspondence between programs and mathematical proofs
tec-l5-068,Technology,5,What is a comonad?,Reversed monad,Dual of monad,Data structure,Algorithm,Pattern,1,Categorical dual of monad used in functional programming
tec-l5-069,Technology,5,What is semantic web?,Web meaning,Web of machine-readable data,Search engines,Social media,Websites,1,Extension of web through standards promoting common data formats
tec-l5-070,Technology,5,What is proof-carrying code?,Documented code,Code with embedded correctness proof,Tested software,Verified program,Certified application,1,Executable code that includes proof of its safety properties
tec-l5-071,Technology,5,What is abstract interpretation?,Code comments,Static analysis technique,Dynamic typing,Runtime evaluation,Compilation,1,Theory of sound approximation of program semantics
tec-l5-072,Technology,5,What is the Liskov substitution principle?,Code replacement,Subtype substitutability,Function overriding,Class inheritance,Interface implementation,1,Objects should be replaceable with instances of their subtypes
tec-l5-073,Technology,5,What is operational semantics?,Runtime behavior,Meaning of programs through execution,Performance analysis,Code optimization,Profiling,1,Defines meaning of programs in terms of their execution
tec-l5-074,Technology,5,What is temporal logic?,Time-based rules,Logic with temporal operators,Scheduling algorithm,Real-time systems,Timing analysis,1,System of rules for reasoning about propositions qualified in terms of time
tec-l5-075,Technology,5,What is a fixed-point combinator?,Repair tool,Higher-order function implementing recursion,Loop construct,Iteration method,Optimization,1,Higher-order function that computes fixed point of other functions
tec-l5-076,Technology,5,What is type erasure?,Deleting types,Removing type information at runtime,Generic programming,Dynamic typing,Weak typing,1,Load-time process removing explicit type annotations
tec-l5-077,Technology,5,What is coinduction?,Joint induction,Proof technique for infinite structures,Recursion,Iteration,Mathematical induction,1,Proof technique for reasoning about infinite data structures
tec-l5-078,Technology,5,What is capability-based security?,Skill requirements,Access control using unforgeable references,Permission system,Authentication,Encryption,1,Security model based on possession of unforgeable references
tec-l5-079,Technology,5,What is a pullback in category theory?,Reverse operation,Limit of diagram in category,Function inverse,Type conversion,Data transformation,1,Categorical construction generalizing fiber product
tec-l5-080,Technology,5,What is the Yoneda lemma?,Programming principle,Fundamental result in category theory,Algorithm,Data structure,Pattern,1,Fundamental result relating functors to natural transformations
tec-l5-081,Technology,5,What is homomorphic encryption?,Same encryption,Computing on encrypted data,Symmetric encryption,Hash function,Public key,1,Encryption allowing computation on ciphertexts without decryption
tec-l5-082,Technology,5,What is differential privacy?,Different passwords,Privacy-preserving data analysis,Encryption method,Access control,Network security,1,System for publicly sharing information about dataset while protecting individual privacy
tec-l5-083,Technology,5,What is the P vs NP problem?,Password vs No Password,Computational complexity question,Programming languages,Network protocols,Database types,1,Open question whether every problem whose solution is quickly verifiable is quickly solvable
tec-l5-084,Technology,5,What is program synthesis?,Writing code,Automatically generating programs,Code optimization,Compilation,Debugging,1,Automatic generation of programs from specification
tec-l5-085,Technology,5,What is dependent type theory?,Type system,Types depending on values,Database schema,Network topology,Class hierarchy,1,Type system where types can depend on values
tec-l5-086,Technology,5,What is category theory in computing?,Data classification,Mathematical framework for abstractions,Database categories,File types,Network categories,1,Mathematical theory of structures and relationships applied to type systems
tec-l5-087,Technology,5,What is the Curry-Howard correspondence?,Food-name pairing,Proofs-programs correspondence,Type matching,Function calling,Data binding,1,Correspondence between programs and mathematical proofs
tec-l5-088,Technology,5,What is a comonad?,Reversed monad,Dual of monad,Data structure,Algorithm,Pattern,1,Categorical dual of monad used in functional programming
tec-l5-089,Technology,5,What is semantic web?,Web meaning,Web of machine-readable data,Search engines,Social media,Websites,1,Extension of web through standards promoting common data formats
tec-l5-090,Technology,5,What is proof-carrying code?,Documented code,Code with embedded correctness proof,Tested software,Verified program,Certified application,1,Executable code that includes proof of its safety properties
tec-l5-091,Technology,5,What is abstract interpretation?,Code comments,Static analysis technique,Dynamic typing,Runtime evaluation,Compilation,1,Theory of sound approximation of program semantics
tec-l5-092,Technology,5,What is the Liskov substitution principle?,Code replacement,Subtype substitutability,Function overriding,Class inheritance,Interface implementation,1,Objects should be replaceable with instances of their subtypes
tec-l5-093,Technology,5,What is operational semantics?,Runtime behavior,Meaning of programs through execution,Performance analysis,Code optimization,Profiling,1,Defines meaning of programs in terms of their execution
tec-l5-094,Technology,5,What is temporal logic?,Time-based rules,Logic with temporal operators,Scheduling algorithm,Real-time systems,Timing analysis,1,System of rules for reasoning about propositions qualified in terms of time
tec-l5-095,Technology,5,What is a fixed-point combinator?,Repair tool,Higher-order function implementing recursion,Loop construct,Iteration method,Optimization,1,Higher-order function that computes fixed point of other functions
tec-l5-096,Technology,5,What is type erasure?,Deleting types,Removing type information at runtime,Generic programming,Dynamic typing,Weak typing,1,Load-time process removing explicit type annotations
tec-l5-097,Technology,5,What is coinduction?,Joint induction,Proof technique for infinite structures,Recursion,Iteration,Mathematical induction,1,Proof technique for reasoning about infinite data structures
tec-l5-098,Technology,5,What is capability-based security?,Skill requirements,Access control using unforgeable references,Permission system,Authentication,Encryption,1,Security model based on possession of unforgeable references
tec-l5-099,Technology,5,What is a pullback in category theory?,Reverse operation,Limit of diagram in category,Function inverse,Type conversion,Data transformation,1,Categorical construction generalizing fiber product
tec-l5-100,Technology,5,What is the Yoneda lemma?,Programming principle,Fundamental result in category theory,Algorithm,Data structure,Pattern,1,Fundamental result relating functors to natural transformations
his-l1-001,History,1,In which year did World War II end?,1943,1944,1945,1946,1947,2,This global conflict ended in the mid-1940s
his-l1-002,History,1,Who was the first President of the United States?,Thomas Jefferson,George Washington,John Adams,Benjamin Franklin,Abraham Lincoln,1,Founding father who led the Continental Army
his-l1-003,History,1,When did Christopher Columbus reach the Americas?,1442,1492,1542,1592,1692,1,Famous voyage in the late 15th century
his-l1-004,History,1,Which ancient civilization built the pyramids?,Romans,Greeks,Egyptians,Mayans,Persians,2,Ancient civilization along the Nile River
his-l1-005,History,1,What was the name of the ship on which the Pilgrims traveled?,Santa Maria,Mayflower,Titanic,Beagle,Victory,1,Ship that brought Pilgrims to Plymouth in 1620
his-l1-006,History,1,Who wrote the Declaration of Independence?,George Washington,Benjamin Franklin,Thomas Jefferson,John Adams,James Madison,2,Third U.S. President and author of this founding document
his-l1-007,History,1,What year did the Berlin Wall fall?,1985,1987,1989,1991,1993,2,Symbol of Cold War division came down in late 1980s
his-l1-008,History,1,Which war was fought between the North and South in America?,Revolutionary War,Civil War,War of 1812,Mexican War,Spanish-American War,1,Conflict from 1861-1865 over slavery and states' rights
his-l1-009,History,1,Who discovered penicillin?,Louis Pasteur,Marie Curie,Alexander Fleming,Jonas Salk,Edward Jenner,2,Scottish scientist made this discovery in 1928
his-l1-010,History,1,What was the Renaissance?,A war,Cultural rebirth in Europe,A disease,A trade route,A religion,1,Period of cultural rebirth in Europe from 14th-17th century
his-l1-011,History,1,Who was the first man on the moon?,Buzz Aldrin,Neil Armstrong,Yuri Gagarin,John Glenn,Alan Shepard,1,American astronaut who took historic step in 1969
his-l1-012,History,1,When did the Roman Empire fall?,376 CE,476 CE,576 CE,676 CE,776 CE,1,Western Roman Empire fell in the 5th century CE
his-l1-013,History,1,Who was Cleopatra?,Greek goddess,Egyptian queen,Roman empress,Persian princess,Chinese empress,1,Last active ruler of Ptolemaic Egypt
his-l1-014,History,1,What was the Cold War?,War in Antarctica,Tension between US and USSR,Winter warfare,Naval conflict,Ancient war,1,Period of geopolitical tension after World War II
his-l1-015,History,1,Who invented the printing press?,Leonardo da Vinci,Johannes Gutenberg,Benjamin Franklin,Thomas Edison,Isaac Newton,1,German inventor revolutionized book production in 1440s
his-l1-016,History,1,What was the Silk Road?,Ancient road in China,Trade route connecting East and West,Roman highway,Modern expressway,Railroad,1,"Historic trade routes connecting Asia, Europe, and Africa"
his-l1-017,History,1,Who was Martin Luther King Jr.?,President,Civil rights leader,Inventor,Explorer,Scientist,1,American civil rights activist who led nonviolent protests
his-l1-018,History,1,What was Prohibition?,Ban on alcohol,Ban on voting,Ban on cars,Ban on radios,Ban on immigration,0,Period when alcohol was banned in the US from 1920-1933
his-l1-019,History,1,Who painted the Mona Lisa?,Michelangelo,Raphael,Leonardo da Vinci,Donatello,Botticelli,2,Renaissance artist created this famous portrait
his-l1-020,History,1,What was the Industrial Revolution?,Computer age,Period of industrialization,Agricultural reform,Political revolution,Religious movement,1,Major shift to manufacturing from 18th-19th century
his-l1-021,History,1,In which year did World War II end?,1943,1944,1945,1946,1947,2,This global conflict ended in the mid-1940s
his-l1-022,History,1,Who was the first President of the United States?,Thomas Jefferson,George Washington,John Adams,Benjamin Franklin,Abraham Lincoln,1,Founding father who led the Continental Army
his-l1-023,History,1,When did Christopher Columbus reach the Americas?,1442,1492,1542,1592,1692,1,Famous voyage in the late 15th century
his-l1-024,History,1,Which ancient civilization built the pyramids?,Romans,Greeks,Egyptians,Mayans,Persians,2,Ancient civilization along the Nile River
his-l1-025,History,1,What was the name of the ship on which the Pilgrims traveled?,Santa Maria,Mayflower,Titanic,Beagle,Victory,1,Ship that brought Pilgrims to Plymouth in 1620
his-l1-026,History,1,Who wrote the Declaration of Independence?,George Washington,Benjamin Franklin,Thomas Jefferson,John Adams,James Madison,2,Third U.S. President and author of this founding document
his-l1-027,History,1,What year did the Berlin Wall fall?,1985,1987,1989,1991,1993,2,Symbol of Cold War division came down in late 1980s
his-l1-028,History,1,Which war was fought between the North and South in America?,Revolutionary War,Civil War,War of 1812,Mexican War,Spanish-American War,1,Conflict from 1861-1865 over slavery and states' rights
his-l1-029,History,1,Who discovered penicillin?,Louis Pasteur,Marie Curie,Alexander Fleming,Jonas Salk,Edward Jenner,2,Scottish scientist made this discovery in 1928
his-l1-030,History,1,What was the Renaissance?,A war,Cultural rebirth in Europe,A disease,A trade route,A religion,1,Period of cultural rebirth in Europe from 14th-17th century
his-l1-031,History,1,Who was the first man on the moon?,Buzz Aldrin,Neil Armstrong,Yuri Gagarin,John Glenn,Alan Shepard,1,American astronaut who took historic step in 1969
his-l1-032,History,1,When did the Roman Empire fall?,376 CE,476 CE,576 CE,676 CE,776 CE,1,Western Roman Empire fell in the 5th century CE
his-l1-033,History,1,Who was Cleopatra?,Greek goddess,Egyptian queen,Roman empress,Persian princess,Chinese empress,1,Last active ruler of Ptolemaic Egypt
his-l1-034,History,1,What was the Cold War?,War in Antarctica,Tension between US and USSR,Winter warfare,Naval conflict,Ancient war,1,Period of geopolitical tension after World War II
his-l1-035,History,1,Who invented the printing press?,Leonardo da Vinci,Johannes Gutenberg,Benjamin Franklin,Thomas Edison,Isaac Newton,1,German inventor revolutionized book production in 1440s
his-l1-036,History,1,What was the Silk Road?,Ancient road in China,Trade route connecting East and West,Roman highway,Modern expressway,Railroad,1,"Historic trade routes connecting Asia, Europe, and Africa"
his-l1-037,History,1,Who was Martin Luther King Jr.?,President,Civil rights leader,Inventor,Explorer,Scientist,1,American civil rights activist who led nonviolent protests
his-l1-038,History,1,What was Prohibition?,Ban on alcohol,Ban on voting,Ban on cars,Ban on radios,Ban on immigration,0,Period when alcohol was banned in the US from 1920-1933
his-l1-039,History,1,Who painted the Mona Lisa?,Michelangelo,Raphael,Leonardo da Vinci,Donatello,Botticelli,2,Renaissance artist created this famous portrait
his-l1-040,History,1,What was the Industrial Revolution?,Computer age,Period of industrialization,Agricultural reform,Political revolution,Religious movement,1,Major shift to manufacturing from 18th-19th century
his-l1-041,History,1,In which year did World War II end?,1943,1944,1945,1946,1947,2,This global conflict ended in the mid-1940s
his-l1-042,History,1,Who was the first President of the United States?,Thomas Jefferson,George Washington,John Adams,Benjamin Franklin,Abraham Lincoln,1,Founding father who led the Continental Army
his-l1-043,History,1,When did Christopher Columbus reach the Americas?,1442,1492,1542,1592,1692,1,Famous voyage in the late 15th century
his-l1-044,History,1,Which ancient civilization built the pyramids?,Romans,Greeks,Egyptians,Mayans,Persians,2,Ancient civilization along the Nile River
his-l1-045,History,1,What was the name of the ship on which the Pilgrims traveled?,Santa Maria,Mayflower,Titanic,Beagle,Victory,1,Ship that brought Pilgrims to Plymouth in 1620
his-l1-046,History,1,Who wrote the Declaration of Independence?,George Washington,Benjamin Franklin,Thomas Jefferson,John Adams,James Madison,2,Third U.S. President and author of this founding document
his-l1-047,History,1,What year did the Berlin Wall fall?,1985,1987,1989,1991,1993,2,Symbol of Cold War division came down in late 1980s
his-l1-048,History,1,Which war was fought between the North and South in America?,Revolutionary War,Civil War,War of 1812,Mexican War,Spanish-American War,1,Conflict from 1861-1865 over slavery and states' rights
his-l1-049,History,1,Who discovered penicillin?,Louis Pasteur,Marie Curie,Alexander Fleming,Jonas Salk,Edward Jenner,2,Scottish scientist made this discovery in 1928
his-l1-050,History,1,What was the Renaissance?,A war,Cultural rebirth in Europe,A disease,A trade route,A religion,1,Period of cultural rebirth in Europe from 14th-17th century
his-l1-051,History,1,Who was the first man on the moon?,Buzz Aldrin,Neil Armstrong,Yuri Gagarin,John Glenn,Alan Shepard,1,American astronaut who took historic step in 1969
his-l1-052,History,1,When did the Roman Empire fall?,376 CE,476 CE,576 CE,676 CE,776 CE,1,Western Roman Empire fell in the 5th century CE
his-l1-053,History,1,Who was Cleopatra?,Greek goddess,Egyptian queen,Roman empress,Persian princess,Chinese empress,1,Last active ruler of Ptolemaic Egypt
his-l1-054,History,1,What was the Cold War?,War in Antarctica,Tension between US and USSR,Winter warfare,Naval conflict,Ancient war,1,Period of geopolitical tension after World War II
his-l1-055,History,1,Who invented the printing press?,Leonardo da Vinci,Johannes Gutenberg,Benjamin Franklin,Thomas Edison,Isaac Newton,1,German inventor revolutionized book production in 1440s
his-l1-056,History,1,What was the Silk Road?,Ancient road in China,Trade route connecting East and West,Roman highway,Modern expressway,Railroad,1,"Historic trade routes connecting Asia, Europe, and Africa"
his-l1-057,History,1,Who was Martin Luther King Jr.?,President,Civil rights leader,Inventor,Explorer,Scientist,1,American civil rights activist who led nonviolent protests
his-l1-058,History,1,What was Prohibition?,Ban on alcohol,Ban on voting,Ban on cars,Ban on radios,Ban on immigration,0,Period when alcohol was banned in the US from 1920-1933
his-l1-059,History,1,Who painted the Mona Lisa?,Michelangelo,Raphael,Leonardo da Vinci,Donatello,Botticelli,2,Renaissance artist created this famous portrait
his-l1-060,History,1,What was the Industrial Revolution?,Computer age,Period of industrialization,Agricultural reform,Political revolution,Religious movement,1,Major shift to manufacturing from 18th-19th century
his-l1-061,History,1,In which year did World War II end?,1943,1944,1945,1946,1947,2,This global conflict ended in the mid-1940s
his-l1-062,History,1,Who was the first President of the United States?,Thomas Jefferson,George Washington,John Adams,Benjamin Franklin,Abraham Lincoln,1,Founding father who led the Continental Army
his-l1-063,History,1,When did Christopher Columbus reach the Americas?,1442,1492,1542,1592,1692,1,Famous voyage in the late 15th century
his-l1-064,History,1,Which ancient civilization built the pyramids?,Romans,Greeks,Egyptians,Mayans,Persians,2,Ancient civilization along the Nile River
his-l1-065,History,1,What was the name of the ship on which the Pilgrims traveled?,Santa Maria,Mayflower,Titanic,Beagle,Victory,1,Ship that brought Pilgrims to Plymouth in 1620
his-l1-066,History,1,Who wrote the Declaration of Independence?,George Washington,Benjamin Franklin,Thomas Jefferson,John Adams,James Madison,2,Third U.S. President and author of this founding document
his-l1-067,History,1,What year did the Berlin Wall fall?,1985,1987,1989,1991,1993,2,Symbol of Cold War division came down in late 1980s
his-l1-068,History,1,Which war was fought between the North and South in America?,Revolutionary War,Civil War,War of 1812,Mexican War,Spanish-American War,1,Conflict from 1861-1865 over slavery and states' rights
his-l1-069,History,1,Who discovered penicillin?,Louis Pasteur,Marie Curie,Alexander Fleming,Jonas Salk,Edward Jenner,2,Scottish scientist made this discovery in 1928
his-l1-070,History,1,What was the Renaissance?,A war,Cultural rebirth in Europe,A disease,A trade route,A religion,1,Period of cultural rebirth in Europe from 14th-17th century
his-l1-071,History,1,Who was the first man on the moon?,Buzz Aldrin,Neil Armstrong,Yuri Gagarin,John Glenn,Alan Shepard,1,American astronaut who took historic step in 1969
his-l1-072,History,1,When did the Roman Empire fall?,376 CE,476 CE,576 CE,676 CE,776 CE,1,Western Roman Empire fell in the 5th century CE
his-l1-073,History,1,Who was Cleopatra?,Greek goddess,Egyptian queen,Roman empress,Persian princess,Chinese empress,1,Last active ruler of Ptolemaic Egypt
his-l1-074,History,1,What was the Cold War?,War in Antarctica,Tension between US and USSR,Winter warfare,Naval conflict,Ancient war,1,Period of geopolitical tension after World War II
his-l1-075,History,1,Who invented the printing press?,Leonardo da Vinci,Johannes Gutenberg,Benjamin Franklin,Thomas Edison,Isaac Newton,1,German inventor revolutionized book production in 1440s
his-l1-076,History,1,What was the Silk Road?,Ancient road in China,Trade route connecting East and West,Roman highway,Modern expressway,Railroad,1,"Historic trade routes connecting Asia, Europe, and Africa"
his-l1-077,History,1,Who was Martin Luther King Jr.?,President,Civil rights leader,Inventor,Explorer,Scientist,1,American civil rights activist who led nonviolent protests
his-l1-078,History,1,What was Prohibition?,Ban on alcohol,Ban on voting,Ban on cars,Ban on radios,Ban on immigration,0,Period when alcohol was banned in the US from 1920-1933
his-l1-079,History,1,Who painted the Mona Lisa?,Michelangelo,Raphael,Leonardo da Vinci,Donatello,Botticelli,2,Renaissance artist created this famous portrait
his-l1-080,History,1,What was the Industrial Revolution?,Computer age,Period of industrialization,Agricultural reform,Political revolution,Religious movement,1,Major shift to manufacturing from 18th-19th century
his-l1-081,History,1,In which year did World War II end?,1943,1944,1945,1946,1947,2,This global conflict ended in the mid-1940s
his-l1-082,History,1,Who was the first President of the United States?,Thomas Jefferson,George Washington,John Adams,Benjamin Franklin,Abraham Lincoln,1,Founding father who led the Continental Army
his-l1-083,History,1,When did Christopher Columbus reach the Americas?,1442,1492,1542,1592,1692,1,Famous voyage in the late 15th century
his-l1-084,History,1,Which ancient civilization built the pyramids?,Romans,Greeks,Egyptians,Mayans,Persians,2,Ancient civilization along the Nile River
his-l1-085,History,1,What was the name of the ship on which the Pilgrims traveled?,Santa Maria,Mayflower,Titanic,Beagle,Victory,1,Ship that brought Pilgrims to Plymouth in 1620
his-l1-086,History,1,Who wrote the Declaration of Independence?,George Washington,Benjamin Franklin,Thomas Jefferson,John Adams,James Madison,2,Third U.S. President and author of this founding document
his-l1-087,History,1,What year did the Berlin Wall fall?,1985,1987,1989,1991,1993,2,Symbol of Cold War division came down in late 1980s
his-l1-088,History,1,Which war was fought between the North and South in America?,Revolutionary War,Civil War,War of 1812,Mexican War,Spanish-American War,1,Conflict from 1861-1865 over slavery and states' rights
his-l1-089,History,1,Who discovered penicillin?,Louis Pasteur,Marie Curie,Alexander Fleming,Jonas Salk,Edward Jenner,2,Scottish scientist made this discovery in 1928
his-l1-090,History,1,What was the Renaissance?,A war,Cultural rebirth in Europe,A disease,A trade route,A religion,1,Period of cultural rebirth in Europe from 14th-17th century
his-l1-091,History,1,Who was the first man on the moon?,Buzz Aldrin,Neil Armstrong,Yuri Gagarin,John Glenn,Alan Shepard,1,American astronaut who took historic step in 1969
his-l1-092,History,1,When did the Roman Empire fall?,376 CE,476 CE,576 CE,676 CE,776 CE,1,Western Roman Empire fell in the 5th century CE
his-l1-093,History,1,Who was Cleopatra?,Greek goddess,Egyptian queen,Roman empress,Persian princess,Chinese empress,1,Last active ruler of Ptolemaic Egypt
his-l1-094,History,1,What was the Cold War?,War in Antarctica,Tension between US and USSR,Winter warfare,Naval conflict,Ancient war,1,Period of geopolitical tension after World War II
his-l1-095,History,1,Who invented the printing press?,Leonardo da Vinci,Johannes Gutenberg,Benjamin Franklin,Thomas Edison,Isaac Newton,1,German inventor revolutionized book production in 1440s
his-l1-096,History,1,What was the Silk Road?,Ancient road in China,Trade route connecting East and West,Roman highway,Modern expressway,Railroad,1,"Historic trade routes connecting Asia, Europe, and Africa"
his-l1-097,History,1,Who was Martin Luther King Jr.?,President,Civil rights leader,Inventor,Explorer,Scientist,1,American civil rights activist who led nonviolent protests
his-l1-098,History,1,What was Prohibition?,Ban on alcohol,Ban on voting,Ban on cars,Ban on radios,Ban on immigration,0,Period when alcohol was banned in the US from 1920-1933
his-l1-099,History,1,Who painted the Mona Lisa?,Michelangelo,Raphael,Leonardo da Vinci,Donatello,Botticelli,2,Renaissance artist created this famous portrait
his-l1-100,History,1,What was the Industrial Revolution?,Computer age,Period of industrialization,Agricultural reform,Political revolution,Religious movement,1,Major shift to manufacturing from 18th-19th century
his-l2-001,History,2,What was the Magna Carta?,Roman law,Charter limiting king's power,Religious text,Trade agreement,Military alliance,1,1215 document limiting English monarch's power
his-l2-002,History,2,Who led the Mongol Empire?,Attila,Genghis Khan,Alexander,Napoleon,Julius Caesar,1,Created the largest contiguous land empire in history
his-l2-003,History,2,What was the Black Death?,War,Plague pandemic,Famine,Political movement,Religious persecution,1,Devastating bubonic plague pandemic in 14th century Europe
his-l2-004,History,2,What was the Enlightenment?,Religious revival,Intellectual movement emphasizing reason,Military campaign,Economic policy,Scientific discovery,1,18th century movement emphasizing reason and individualism
his-l2-005,History,2,Who led the French Revolution?,Napoleon,Multiple leaders including Robespierre,Louis XVI,Marie Antoinette,Charles de Gaulle,1,Complex revolution with various leaders from 1789-1799
his-l2-006,History,2,What was the Treaty of Versailles?,Peace treaty ending WWI,Trade agreement,Alliance pact,Independence declaration,Religious accord,0,1919 peace treaty officially ending World War I
his-l2-007,History,2,What was the Scramble for Africa?,Wildlife safari,European colonization of Africa,African unification,Trade competition,Religious mission,1,Period of rapid European colonization of Africa 1881-1914
his-l2-008,History,2,Who was Napoleon Bonaparte?,French king,French emperor and military leader,British general,Russian tsar,German chancellor,1,French military leader who became emperor in early 1800s
his-l2-009,History,2,What was the Ottoman Empire?,African empire,Turkish empire,South American empire,Asian empire,Australian empire,1,Large empire centered in Turkey lasting until 1922
his-l2-010,History,2,What was the Spanish Inquisition?,Exploration program,Tribunal for religious orthodoxy,Trade organization,Military campaign,Educational reform,1,Tribunal established to maintain Catholic orthodoxy in Spain
his-l2-011,History,2,What was the Hundred Years' War?,100-year war,Series of conflicts between England and France,Religious war,Civil war,Trade war,1,Series of conflicts between England and France 1337-1453
his-l2-012,History,2,Who was Joan of Arc?,English queen,French military leader,Spanish princess,Italian artist,German reformer,1,French heroine and military leader during Hundred Years' War
his-l2-013,History,2,What was the Reformation?,Political reform,Religious movement splitting Christianity,Economic change,Military reorganization,Scientific revolution,1,16th century movement that split Western Christianity
his-l2-014,History,2,What was the Meiji Restoration?,Chinese dynasty,Japanese modernization,Korean independence,Indian reform,Thai revolution,1,1868 event that restored imperial rule in Japan and modernized the country
his-l2-015,History,2,Who was Alexander the Great?,Roman emperor,Macedonian king and conqueror,Greek philosopher,Persian shah,Egyptian pharaoh,1,Ancient Macedonian ruler who created vast empire
his-l2-016,History,2,What was the Boston Tea Party?,Social gathering,Political protest against British tax,Naval battle,Peace treaty,Religious ceremony,1,1773 protest against British tea tax in American colonies
his-l2-017,History,2,Who was Galileo?,Artist,Astronomer and physicist,Explorer,Military leader,Religious leader,1,Italian scientist who improved telescope and supported heliocentrism
his-l2-018,History,2,What was the Peace of Westphalia?,WWI treaty,Treaties ending Thirty Years' War,Trade agreement,Religious accord,Colonial pact,1,1648 treaties ending Thirty Years' War in Holy Roman Empire
his-l2-019,History,2,Who was Charlemagne?,French king,First Holy Roman Emperor,Byzantine emperor,English king,Spanish king,1,King of Franks who united much of Western Europe around 800 CE
his-l2-020,History,2,What was the Manhattan Project?,Urban development,Nuclear weapon development,Space program,Computer project,Medical research,1,Secret U.S. project developing first atomic bombs during WWII
his-l2-021,History,2,What was the Magna Carta?,Roman law,Charter limiting king's power,Religious text,Trade agreement,Military alliance,1,1215 document limiting English monarch's power
his-l2-022,History,2,Who led the Mongol Empire?,Attila,Genghis Khan,Alexander,Napoleon,Julius Caesar,1,Created the largest contiguous land empire in history
his-l2-023,History,2,What was the Black Death?,War,Plague pandemic,Famine,Political movement,Religious persecution,1,Devastating bubonic plague pandemic in 14th century Europe
his-l2-024,History,2,What was the Enlightenment?,Religious revival,Intellectual movement emphasizing reason,Military campaign,Economic policy,Scientific discovery,1,18th century movement emphasizing reason and individualism
his-l2-025,History,2,Who led the French Revolution?,Napoleon,Multiple leaders including Robespierre,Louis XVI,Marie Antoinette,Charles de Gaulle,1,Complex revolution with various leaders from 1789-1799
his-l2-026,History,2,What was the Treaty of Versailles?,Peace treaty ending WWI,Trade agreement,Alliance pact,Independence declaration,Religious accord,0,1919 peace treaty officially ending World War I
his-l2-027,History,2,What was the Scramble for Africa?,Wildlife safari,European colonization of Africa,African unification,Trade competition,Religious mission,1,Period of rapid European colonization of Africa 1881-1914
his-l2-028,History,2,Who was Napoleon Bonaparte?,French king,French emperor and military leader,British general,Russian tsar,German chancellor,1,French military leader who became emperor in early 1800s
his-l2-029,History,2,What was the Ottoman Empire?,African empire,Turkish empire,South American empire,Asian empire,Australian empire,1,Large empire centered in Turkey lasting until 1922
his-l2-030,History,2,What was the Spanish Inquisition?,Exploration program,Tribunal for religious orthodoxy,Trade organization,Military campaign,Educational reform,1,Tribunal established to maintain Catholic orthodoxy in Spain
his-l2-031,History,2,What was the Hundred Years' War?,100-year war,Series of conflicts between England and France,Religious war,Civil war,Trade war,1,Series of conflicts between England and France 1337-1453
his-l2-032,History,2,Who was Joan of Arc?,English queen,French military leader,Spanish princess,Italian artist,German reformer,1,French heroine and military leader during Hundred Years' War
his-l2-033,History,2,What was the Reformation?,Political reform,Religious movement splitting Christianity,Economic change,Military reorganization,Scientific revolution,1,16th century movement that split Western Christianity
his-l2-034,History,2,What was the Meiji Restoration?,Chinese dynasty,Japanese modernization,Korean independence,Indian reform,Thai revolution,1,1868 event that restored imperial rule in Japan and modernized the country
his-l2-035,History,2,Who was Alexander the Great?,Roman emperor,Macedonian king and conqueror,Greek philosopher,Persian shah,Egyptian pharaoh,1,Ancient Macedonian ruler who created vast empire
his-l2-036,History,2,What was the Boston Tea Party?,Social gathering,Political protest against British tax,Naval battle,Peace treaty,Religious ceremony,1,1773 protest against British tea tax in American colonies
his-l2-037,History,2,Who was Galileo?,Artist,Astronomer and physicist,Explorer,Military leader,Religious leader,1,Italian scientist who improved telescope and supported heliocentrism
his-l2-038,History,2,What was the Peace of Westphalia?,WWI treaty,Treaties ending Thirty Years' War,Trade agreement,Religious accord,Colonial pact,1,1648 treaties ending Thirty Years' War in Holy Roman Empire
his-l2-039,History,2,Who was Charlemagne?,French king,First Holy Roman Emperor,Byzantine emperor,English king,Spanish king,1,King of Franks who united much of Western Europe around 800 CE
his-l2-040,History,2,What was the Manhattan Project?,Urban development,Nuclear weapon development,Space program,Computer project,Medical research,1,Secret U.S. project developing first atomic bombs during WWII
his-l2-041,History,2,What was the Magna Carta?,Roman law,Charter limiting king's power,Religious text,Trade agreement,Military alliance,1,1215 document limiting English monarch's power
his-l2-042,History,2,Who led the Mongol Empire?,Attila,Genghis Khan,Alexander,Napoleon,Julius Caesar,1,Created the largest contiguous land empire in history
his-l2-043,History,2,What was the Black Death?,War,Plague pandemic,Famine,Political movement,Religious persecution,1,Devastating bubonic plague pandemic in 14th century Europe
his-l2-044,History,2,What was the Enlightenment?,Religious revival,Intellectual movement emphasizing reason,Military campaign,Economic policy,Scientific discovery,1,18th century movement emphasizing reason and individualism
his-l2-045,History,2,Who led the French Revolution?,Napoleon,Multiple leaders including Robespierre,Louis XVI,Marie Antoinette,Charles de Gaulle,1,Complex revolution with various leaders from 1789-1799
his-l2-046,History,2,What was the Treaty of Versailles?,Peace treaty ending WWI,Trade agreement,Alliance pact,Independence declaration,Religious accord,0,1919 peace treaty officially ending World War I
his-l2-047,History,2,What was the Scramble for Africa?,Wildlife safari,European colonization of Africa,African unification,Trade competition,Religious mission,1,Period of rapid European colonization of Africa 1881-1914
his-l2-048,History,2,Who was Napoleon Bonaparte?,French king,French emperor and military leader,British general,Russian tsar,German chancellor,1,French military leader who became emperor in early 1800s
his-l2-049,History,2,What was the Ottoman Empire?,African empire,Turkish empire,South American empire,Asian empire,Australian empire,1,Large empire centered in Turkey lasting until 1922
his-l2-050,History,2,What was the Spanish Inquisition?,Exploration program,Tribunal for religious orthodoxy,Trade organization,Military campaign,Educational reform,1,Tribunal established to maintain Catholic orthodoxy in Spain
his-l2-051,History,2,What was the Hundred Years' War?,100-year war,Series of conflicts between England and France,Religious war,Civil war,Trade war,1,Series of conflicts between England and France 1337-1453
his-l2-052,History,2,Who was Joan of Arc?,English queen,French military leader,Spanish princess,Italian artist,German reformer,1,French heroine and military leader during Hundred Years' War
his-l2-053,History,2,What was the Reformation?,Political reform,Religious movement splitting Christianity,Economic change,Military reorganization,Scientific revolution,1,16th century movement that split Western Christianity
his-l2-054,History,2,What was the Meiji Restoration?,Chinese dynasty,Japanese modernization,Korean independence,Indian reform,Thai revolution,1,1868 event that restored imperial rule in Japan and modernized the country
his-l2-055,History,2,Who was Alexander the Great?,Roman emperor,Macedonian king and conqueror,Greek philosopher,Persian shah,Egyptian pharaoh,1,Ancient Macedonian ruler who created vast empire
his-l2-056,History,2,What was the Boston Tea Party?,Social gathering,Political protest against British tax,Naval battle,Peace treaty,Religious ceremony,1,1773 protest against British tea tax in American colonies
his-l2-057,History,2,Who was Galileo?,Artist,Astronomer and physicist,Explorer,Military leader,Religious leader,1,Italian scientist who improved telescope and supported heliocentrism
his-l2-058,History,2,What was the Peace of Westphalia?,WWI treaty,Treaties ending Thirty Years' War,Trade agreement,Religious accord,Colonial pact,1,1648 treaties ending Thirty Years' War in Holy Roman Empire
his-l2-059,History,2,Who was Charlemagne?,French king,First Holy Roman Emperor,Byzantine emperor,English king,Spanish king,1,King of Franks who united much of Western Europe around 800 CE
his-l2-060,History,2,What was the Manhattan Project?,Urban development,Nuclear weapon development,Space program,Computer project,Medical research,1,Secret U.S. project developing first atomic bombs during WWII
his-l2-061,History,2,What was the Magna Carta?,Roman law,Charter limiting king's power,Religious text,Trade agreement,Military alliance,1,1215 document limiting English monarch's power
his-l2-062,History,2,Who led the Mongol Empire?,Attila,Genghis Khan,Alexander,Napoleon,Julius Caesar,1,Created the largest contiguous land empire in history
his-l2-063,History,2,What was the Black Death?,War,Plague pandemic,Famine,Political movement,Religious persecution,1,Devastating bubonic plague pandemic in 14th century Europe
his-l2-064,History,2,What was the Enlightenment?,Religious revival,Intellectual movement emphasizing reason,Military campaign,Economic policy,Scientific discovery,1,18th century movement emphasizing reason and individualism
his-l2-065,History,2,Who led the French Revolution?,Napoleon,Multiple leaders including Robespierre,Louis XVI,Marie Antoinette,Charles de Gaulle,1,Complex revolution with various leaders from 1789-1799
his-l2-066,History,2,What was the Treaty of Versailles?,Peace treaty ending WWI,Trade agreement,Alliance pact,Independence declaration,Religious accord,0,1919 peace treaty officially ending World War I
his-l2-067,History,2,What was the Scramble for Africa?,Wildlife safari,European colonization of Africa,African unification,Trade competition,Religious mission,1,Period of rapid European colonization of Africa 1881-1914
his-l2-068,History,2,Who was Napoleon Bonaparte?,French king,French emperor and military leader,British general,Russian tsar,German chancellor,1,French military leader who became emperor in early 1800s
his-l2-069,History,2,What was the Ottoman Empire?,African empire,Turkish empire,South American empire,Asian empire,Australian empire,1,Large empire centered in Turkey lasting until 1922
his-l2-070,History,2,What was the Spanish Inquisition?,Exploration program,Tribunal for religious orthodoxy,Trade organization,Military campaign,Educational reform,1,Tribunal established to maintain Catholic orthodoxy in Spain
his-l2-071,History,2,What was the Hundred Years' War?,100-year war,Series of conflicts between England and France,Religious war,Civil war,Trade war,1,Series of conflicts between England and France 1337-1453
his-l2-072,History,2,Who was Joan of Arc?,English queen,French military leader,Spanish princess,Italian artist,German reformer,1,French heroine and military leader during Hundred Years' War
his-l2-073,History,2,What was the Reformation?,Political reform,Religious movement splitting Christianity,Economic change,Military reorganization,Scientific revolution,1,16th century movement that split Western Christianity
his-l2-074,History,2,What was the Meiji Restoration?,Chinese dynasty,Japanese modernization,Korean independence,Indian reform,Thai revolution,1,1868 event that restored imperial rule in Japan and modernized the country
his-l2-075,History,2,Who was Alexander the Great?,Roman emperor,Macedonian king and conqueror,Greek philosopher,Persian shah,Egyptian pharaoh,1,Ancient Macedonian ruler who created vast empire
his-l2-076,History,2,What was the Boston Tea Party?,Social gathering,Political protest against British tax,Naval battle,Peace treaty,Religious ceremony,1,1773 protest against British tea tax in American colonies
his-l2-077,History,2,Who was Galileo?,Artist,Astronomer and physicist,Explorer,Military leader,Religious leader,1,Italian scientist who improved telescope and supported heliocentrism
his-l2-078,History,2,What was the Peace of Westphalia?,WWI treaty,Treaties ending Thirty Years' War,Trade agreement,Religious accord,Colonial pact,1,1648 treaties ending Thirty Years' War in Holy Roman Empire
his-l2-079,History,2,Who was Charlemagne?,French king,First Holy Roman Emperor,Byzantine emperor,English king,Spanish king,1,King of Franks who united much of Western Europe around 800 CE
his-l2-080,History,2,What was the Manhattan Project?,Urban development,Nuclear weapon development,Space program,Computer project,Medical research,1,Secret U.S. project developing first atomic bombs during WWII
his-l2-081,History,2,What was the Magna Carta?,Roman law,Charter limiting king's power,Religious text,Trade agreement,Military alliance,1,1215 document limiting English monarch's power
his-l2-082,History,2,Who led the Mongol Empire?,Attila,Genghis Khan,Alexander,Napoleon,Julius Caesar,1,Created the largest contiguous land empire in history
his-l2-083,History,2,What was the Black Death?,War,Plague pandemic,Famine,Political movement,Religious persecution,1,Devastating bubonic plague pandemic in 14th century Europe
his-l2-084,History,2,What was the Enlightenment?,Religious revival,Intellectual movement emphasizing reason,Military campaign,Economic policy,Scientific discovery,1,18th century movement emphasizing reason and individualism
his-l2-085,History,2,Who led the French Revolution?,Napoleon,Multiple leaders including Robespierre,Louis XVI,Marie Antoinette,Charles de Gaulle,1,Complex revolution with various leaders from 1789-1799
his-l2-086,History,2,What was the Treaty of Versailles?,Peace treaty ending WWI,Trade agreement,Alliance pact,Independence declaration,Religious accord,0,1919 peace treaty officially ending World War I
his-l2-087,History,2,What was the Scramble for Africa?,Wildlife safari,European colonization of Africa,African unification,Trade competition,Religious mission,1,Period of rapid European colonization of Africa 1881-1914
his-l2-088,History,2,Who was Napoleon Bonaparte?,French king,French emperor and military leader,British general,Russian tsar,German chancellor,1,French military leader who became emperor in early 1800s
his-l2-089,History,2,What was the Ottoman Empire?,African empire,Turkish empire,South American empire,Asian empire,Australian empire,1,Large empire centered in Turkey lasting until 1922
his-l2-090,History,2,What was the Spanish Inquisition?,Exploration program,Tribunal for religious orthodoxy,Trade organization,Military campaign,Educational reform,1,Tribunal established to maintain Catholic orthodoxy in Spain
his-l2-091,History,2,What was the Hundred Years' War?,100-year war,Series of conflicts between England and France,Religious war,Civil war,Trade war,1,Series of conflicts between England and France 1337-1453
his-l2-092,History,2,Who was Joan of Arc?,English queen,French military leader,Spanish princess,Italian artist,German reformer,1,French heroine and military leader during Hundred Years' War
his-l2-093,History,2,What was the Reformation?,Political reform,Religious movement splitting Christianity,Economic change,Military reorganization,Scientific revolution,1,16th century movement that split Western Christianity
his-l2-094,History,2,What was the Meiji Restoration?,Chinese dynasty,Japanese modernization,Korean independence,Indian reform,Thai revolution,1,1868 event that restored imperial rule in Japan and modernized the country
his-l2-095,History,2,Who was Alexander the Great?,Roman emperor,Macedonian king and conqueror,Greek philosopher,Persian shah,Egyptian pharaoh,1,Ancient Macedonian ruler who created vast empire
his-l2-096,History,2,What was the Boston Tea Party?,Social gathering,Political protest against British tax,Naval battle,Peace treaty,Religious ceremony,1,1773 protest against British tea tax in American colonies
his-l2-097,History,2,Who was Galileo?,Artist,Astronomer and physicist,Explorer,Military leader,Religious leader,1,Italian scientist who improved telescope and supported heliocentrism
his-l2-098,History,2,What was the Peace of Westphalia?,WWI treaty,Treaties ending Thirty Years' War,Trade agreement,Religious accord,Colonial pact,1,1648 treaties ending Thirty Years' War in Holy Roman Empire
his-l2-099,History,2,Who was Charlemagne?,French king,First Holy Roman Emperor,Byzantine emperor,English king,Spanish king,1,King of Franks who united much of Western Europe around 800 CE
his-l2-100,History,2,What was the Manhattan Project?,Urban development,Nuclear weapon development,Space program,Computer project,Medical research,1,Secret U.S. project developing first atomic bombs during WWII
his-l3-001,History,3,What was the Congress of Vienna?,WWI conference,Meeting reshaping Europe after Napoleon,Trade summit,Religious council,Scientific conference,1,1814-1815 conference that redrew European map after Napoleonic Wars
his-l3-002,History,3,What were the Punic Wars?,Greek civil wars,Series of wars between Rome and Carthage,Persian conflicts,Medieval crusades,Asian wars,1,Three wars between Rome and Carthage 264-146 BCE
his-l3-003,History,3,What was the Investiture Controversy?,Trade dispute,Conflict over appointing bishops,Territorial war,Succession crisis,Religious schism,1,11th-12th century conflict between Pope and Holy Roman Emperor
his-l3-004,History,3,Who was Suleiman the Magnificent?,Persian shah,Ottoman sultan,Mughal emperor,Chinese emperor,Russian tsar,1,Ottoman sultan who ruled during empire's golden age 1520-1566
his-l3-005,History,3,What was the Defenestration of Prague?,Battle,Throwing officials from window,Peace treaty,Religious reform,Trade agreement,1,"1618 incident throwing Catholic officials from window, sparking Thirty Years' War"
his-l3-006,History,3,What was the Great Schism?,Political division,Split between Eastern and Western Christianity,Economic crisis,Military conflict,Scientific disagreement,1,1054 split dividing Christianity into Catholic and Orthodox churches
his-l3-007,History,3,Who were the Jacobins?,British party,Radical French revolutionaries,Italian merchants,German philosophers,Spanish explorers,1,Radical political club during French Revolution
his-l3-008,History,3,What was the Pax Romana?,Roman war,Period of Roman peace and prosperity,Trade route,Religious movement,Legal code,1,200-year period of relative peace across Roman Empire
his-l3-009,History,3,What was the Glorious Revolution?,French revolution,English overthrow of James II,American independence,Russian revolution,Chinese revolution,1,1688 overthrow of James II in England without bloodshed
his-l3-010,History,3,Who was Akbar the Great?,Chinese emperor,Mughal emperor of India,Persian shah,Ottoman sultan,Japanese shogun,1,Third Mughal emperor who expanded empire and promoted tolerance
his-l3-011,History,3,What was the War of the Roses?,Flower trade,English civil wars,French conflict,Religious war,Colonial war,1,English civil wars between Houses of Lancaster and York 1455-1487
his-l3-012,History,3,What was the Hanseatic League?,Military alliance,Commercial and defensive confederation,Religious order,Political union,Cultural movement,1,Medieval commercial and defensive confederation of merchant guilds
his-l3-013,History,3,Who was Catherine the Great?,French queen,Russian empress,British queen,Austrian empress,Prussian queen,1,Empress of Russia 1762-1796 who expanded and modernized empire
his-l3-014,History,3,What was the Merovingian Dynasty?,Roman dynasty,Frankish ruling family,Byzantine dynasty,Persian dynasty,Chinese dynasty,1,Frankish dynasty that ruled Gauls 450-750 CE
his-l3-015,History,3,What was the Taiping Rebellion?,Japanese uprising,Massive Chinese civil war,Indian revolt,Korean conflict,Southeast Asian war,1,Devastating civil war in China 1850-1864 against Qing Dynasty
his-l3-016,History,3,Who was Saladin?,European crusader,Muslim leader during Crusades,Byzantine emperor,Persian shah,Mongol khan,1,Kurdish Muslim leader who fought Crusaders and recaptured Jerusalem
his-l3-017,History,3,What was the Kulturkampf?,Cultural exchange,Bismarck's conflict with Catholic Church,Artistic movement,Trade policy,Military campaign,1,Bismarck's 1870s struggle against Catholic Church influence in Germany
his-l3-018,History,3,What was the Opium War?,Drug prohibition,Conflicts between China and Britain,Trade dispute,Religious war,Colonial conflict,1,Mid-19th century conflicts between China and Western powers over trade
his-l3-019,History,3,Who was Cyrus the Great?,Roman emperor,Persian emperor who founded Achaemenid Empire,Greek king,Egyptian pharaoh,Babylonian king,1,"Founder of Achaemenid Empire, created largest empire of ancient world"
his-l3-020,History,3,What was the Dreyfus Affair?,Military battle,Political scandal in France,Trade dispute,Religious conflict,Espionage case,1,Political scandal dividing France 1894-1906 over false treason charge
his-l3-021,History,3,What was the Congress of Vienna?,WWI conference,Meeting reshaping Europe after Napoleon,Trade summit,Religious council,Scientific conference,1,1814-1815 conference that redrew European map after Napoleonic Wars
his-l3-022,History,3,What were the Punic Wars?,Greek civil wars,Series of wars between Rome and Carthage,Persian conflicts,Medieval crusades,Asian wars,1,Three wars between Rome and Carthage 264-146 BCE
his-l3-023,History,3,What was the Investiture Controversy?,Trade dispute,Conflict over appointing bishops,Territorial war,Succession crisis,Religious schism,1,11th-12th century conflict between Pope and Holy Roman Emperor
his-l3-024,History,3,Who was Suleiman the Magnificent?,Persian shah,Ottoman sultan,Mughal emperor,Chinese emperor,Russian tsar,1,Ottoman sultan who ruled during empire's golden age 1520-1566
his-l3-025,History,3,What was the Defenestration of Prague?,Battle,Throwing officials from window,Peace treaty,Religious reform,Trade agreement,1,"1618 incident throwing Catholic officials from window, sparking Thirty Years' War"
his-l3-026,History,3,What was the Great Schism?,Political division,Split between Eastern and Western Christianity,Economic crisis,Military conflict,Scientific disagreement,1,1054 split dividing Christianity into Catholic and Orthodox churches
his-l3-027,History,3,Who were the Jacobins?,British party,Radical French revolutionaries,Italian merchants,German philosophers,Spanish explorers,1,Radical political club during French Revolution
his-l3-028,History,3,What was the Pax Romana?,Roman war,Period of Roman peace and prosperity,Trade route,Religious movement,Legal code,1,200-year period of relative peace across Roman Empire
his-l3-029,History,3,What was the Glorious Revolution?,French revolution,English overthrow of James II,American independence,Russian revolution,Chinese revolution,1,1688 overthrow of James II in England without bloodshed
his-l3-030,History,3,Who was Akbar the Great?,Chinese emperor,Mughal emperor of India,Persian shah,Ottoman sultan,Japanese shogun,1,Third Mughal emperor who expanded empire and promoted tolerance
his-l3-031,History,3,What was the War of the Roses?,Flower trade,English civil wars,French conflict,Religious war,Colonial war,1,English civil wars between Houses of Lancaster and York 1455-1487
his-l3-032,History,3,What was the Hanseatic League?,Military alliance,Commercial and defensive confederation,Religious order,Political union,Cultural movement,1,Medieval commercial and defensive confederation of merchant guilds
his-l3-033,History,3,Who was Catherine the Great?,French queen,Russian empress,British queen,Austrian empress,Prussian queen,1,Empress of Russia 1762-1796 who expanded and modernized empire
his-l3-034,History,3,What was the Merovingian Dynasty?,Roman dynasty,Frankish ruling family,Byzantine dynasty,Persian dynasty,Chinese dynasty,1,Frankish dynasty that ruled Gauls 450-750 CE
his-l3-035,History,3,What was the Taiping Rebellion?,Japanese uprising,Massive Chinese civil war,Indian revolt,Korean conflict,Southeast Asian war,1,Devastating civil war in China 1850-1864 against Qing Dynasty
his-l3-036,History,3,Who was Saladin?,European crusader,Muslim leader during Crusades,Byzantine emperor,Persian shah,Mongol khan,1,Kurdish Muslim leader who fought Crusaders and recaptured Jerusalem
his-l3-037,History,3,What was the Kulturkampf?,Cultural exchange,Bismarck's conflict with Catholic Church,Artistic movement,Trade policy,Military campaign,1,Bismarck's 1870s struggle against Catholic Church influence in Germany
his-l3-038,History,3,What was the Opium War?,Drug prohibition,Conflicts between China and Britain,Trade dispute,Religious war,Colonial conflict,1,Mid-19th century conflicts between China and Western powers over trade
his-l3-039,History,3,Who was Cyrus the Great?,Roman emperor,Persian emperor who founded Achaemenid Empire,Greek king,Egyptian pharaoh,Babylonian king,1,"Founder of Achaemenid Empire, created largest empire of ancient world"
his-l3-040,History,3,What was the Dreyfus Affair?,Military battle,Political scandal in France,Trade dispute,Religious conflict,Espionage case,1,Political scandal dividing France 1894-1906 over false treason charge
his-l3-041,History,3,What was the Congress of Vienna?,WWI conference,Meeting reshaping Europe after Napoleon,Trade summit,Religious council,Scientific conference,1,1814-1815 conference that redrew European map after Napoleonic Wars
his-l3-042,History,3,What were the Punic Wars?,Greek civil wars,Series of wars between Rome and Carthage,Persian conflicts,Medieval crusades,Asian wars,1,Three wars between Rome and Carthage 264-146 BCE
his-l3-043,History,3,What was the Investiture Controversy?,Trade dispute,Conflict over appointing bishops,Territorial war,Succession crisis,Religious schism,1,11th-12th century conflict between Pope and Holy Roman Emperor
his-l3-044,History,3,Who was Suleiman the Magnificent?,Persian shah,Ottoman sultan,Mughal emperor,Chinese emperor,Russian tsar,1,Ottoman sultan who ruled during empire's golden age 1520-1566
his-l3-045,History,3,What was the Defenestration of Prague?,Battle,Throwing officials from window,Peace treaty,Religious reform,Trade agreement,1,"1618 incident throwing Catholic officials from window, sparking Thirty Years' War"
his-l3-046,History,3,What was the Great Schism?,Political division,Split between Eastern and Western Christianity,Economic crisis,Military conflict,Scientific disagreement,1,1054 split dividing Christianity into Catholic and Orthodox churches
his-l3-047,History,3,Who were the Jacobins?,British party,Radical French revolutionaries,Italian merchants,German philosophers,Spanish explorers,1,Radical political club during French Revolution
his-l3-048,History,3,What was the Pax Romana?,Roman war,Period of Roman peace and prosperity,Trade route,Religious movement,Legal code,1,200-year period of relative peace across Roman Empire
his-l3-049,History,3,What was the Glorious Revolution?,French revolution,English overthrow of James II,American independence,Russian revolution,Chinese revolution,1,1688 overthrow of James II in England without bloodshed
his-l3-050,History,3,Who was Akbar the Great?,Chinese emperor,Mughal emperor of India,Persian shah,Ottoman sultan,Japanese shogun,1,Third Mughal emperor who expanded empire and promoted tolerance
his-l3-051,History,3,What was the War of the Roses?,Flower trade,English civil wars,French conflict,Religious war,Colonial war,1,English civil wars between Houses of Lancaster and York 1455-1487
his-l3-052,History,3,What was the Hanseatic League?,Military alliance,Commercial and defensive confederation,Religious order,Political union,Cultural movement,1,Medieval commercial and defensive confederation of merchant guilds
his-l3-053,History,3,Who was Catherine the Great?,French queen,Russian empress,British queen,Austrian empress,Prussian queen,1,Empress of Russia 1762-1796 who expanded and modernized empire
his-l3-054,History,3,What was the Merovingian Dynasty?,Roman dynasty,Frankish ruling family,Byzantine dynasty,Persian dynasty,Chinese dynasty,1,Frankish dynasty that ruled Gauls 450-750 CE
his-l3-055,History,3,What was the Taiping Rebellion?,Japanese uprising,Massive Chinese civil war,Indian revolt,Korean conflict,Southeast Asian war,1,Devastating civil war in China 1850-1864 against Qing Dynasty
his-l3-056,History,3,Who was Saladin?,European crusader,Muslim leader during Crusades,Byzantine emperor,Persian shah,Mongol khan,1,Kurdish Muslim leader who fought Crusaders and recaptured Jerusalem
his-l3-057,History,3,What was the Kulturkampf?,Cultural exchange,Bismarck's conflict with Catholic Church,Artistic movement,Trade policy,Military campaign,1,Bismarck's 1870s struggle against Catholic Church influence in Germany
his-l3-058,History,3,What was the Opium War?,Drug prohibition,Conflicts between China and Britain,Trade dispute,Religious war,Colonial conflict,1,Mid-19th century conflicts between China and Western powers over trade
his-l3-059,History,3,Who was Cyrus the Great?,Roman emperor,Persian emperor who founded Achaemenid Empire,Greek king,Egyptian pharaoh,Babylonian king,1,"Founder of Achaemenid Empire, created largest empire of ancient world"
his-l3-060,History,3,What was the Dreyfus Affair?,Military battle,Political scandal in France,Trade dispute,Religious conflict,Espionage case,1,Political scandal dividing France 1894-1906 over false treason charge
his-l3-061,History,3,What was the Congress of Vienna?,WWI conference,Meeting reshaping Europe after Napoleon,Trade summit,Religious council,Scientific conference,1,1814-1815 conference that redrew European map after Napoleonic Wars
his-l3-062,History,3,What were the Punic Wars?,Greek civil wars,Series of wars between Rome and Carthage,Persian conflicts,Medieval crusades,Asian wars,1,Three wars between Rome and Carthage 264-146 BCE
his-l3-063,History,3,What was the Investiture Controversy?,Trade dispute,Conflict over appointing bishops,Territorial war,Succession crisis,Religious schism,1,11th-12th century conflict between Pope and Holy Roman Emperor
his-l3-064,History,3,Who was Suleiman the Magnificent?,Persian shah,Ottoman sultan,Mughal emperor,Chinese emperor,Russian tsar,1,Ottoman sultan who ruled during empire's golden age 1520-1566
his-l3-065,History,3,What was the Defenestration of Prague?,Battle,Throwing officials from window,Peace treaty,Religious reform,Trade agreement,1,"1618 incident throwing Catholic officials from window, sparking Thirty Years' War"
his-l3-066,History,3,What was the Great Schism?,Political division,Split between Eastern and Western Christianity,Economic crisis,Military conflict,Scientific disagreement,1,1054 split dividing Christianity into Catholic and Orthodox churches
his-l3-067,History,3,Who were the Jacobins?,British party,Radical French revolutionaries,Italian merchants,German philosophers,Spanish explorers,1,Radical political club during French Revolution
his-l3-068,History,3,What was the Pax Romana?,Roman war,Period of Roman peace and prosperity,Trade route,Religious movement,Legal code,1,200-year period of relative peace across Roman Empire
his-l3-069,History,3,What was the Glorious Revolution?,French revolution,English overthrow of James II,American independence,Russian revolution,Chinese revolution,1,1688 overthrow of James II in England without bloodshed
his-l3-070,History,3,Who was Akbar the Great?,Chinese emperor,Mughal emperor of India,Persian shah,Ottoman sultan,Japanese shogun,1,Third Mughal emperor who expanded empire and promoted tolerance
his-l3-071,History,3,What was the War of the Roses?,Flower trade,English civil wars,French conflict,Religious war,Colonial war,1,English civil wars between Houses of Lancaster and York 1455-1487
his-l3-072,History,3,What was the Hanseatic League?,Military alliance,Commercial and defensive confederation,Religious order,Political union,Cultural movement,1,Medieval commercial and defensive confederation of merchant guilds
his-l3-073,History,3,Who was Catherine the Great?,French queen,Russian empress,British queen,Austrian empress,Prussian queen,1,Empress of Russia 1762-1796 who expanded and modernized empire
his-l3-074,History,3,What was the Merovingian Dynasty?,Roman dynasty,Frankish ruling family,Byzantine dynasty,Persian dynasty,Chinese dynasty,1,Frankish dynasty that ruled Gauls 450-750 CE
his-l3-075,History,3,What was the Taiping Rebellion?,Japanese uprising,Massive Chinese civil war,Indian revolt,Korean conflict,Southeast Asian war,1,Devastating civil war in China 1850-1864 against Qing Dynasty
his-l3-076,History,3,Who was Saladin?,European crusader,Muslim leader during Crusades,Byzantine emperor,Persian shah,Mongol khan,1,Kurdish Muslim leader who fought Crusaders and recaptured Jerusalem
his-l3-077,History,3,What was the Kulturkampf?,Cultural exchange,Bismarck's conflict with Catholic Church,Artistic movement,Trade policy,Military campaign,1,Bismarck's 1870s struggle against Catholic Church influence in Germany
his-l3-078,History,3,What was the Opium War?,Drug prohibition,Conflicts between China and Britain,Trade dispute,Religious war,Colonial conflict,1,Mid-19th century conflicts between China and Western powers over trade
his-l3-079,History,3,Who was Cyrus the Great?,Roman emperor,Persian emperor who founded Achaemenid Empire,Greek king,Egyptian pharaoh,Babylonian king,1,"Founder of Achaemenid Empire, created largest empire of ancient world"
his-l3-080,History,3,What was the Dreyfus Affair?,Military battle,Political scandal in France,Trade dispute,Religious conflict,Espionage case,1,Political scandal dividing France 1894-1906 over false treason charge
his-l3-081,History,3,What was the Congress of Vienna?,WWI conference,Meeting reshaping Europe after Napoleon,Trade summit,Religious council,Scientific conference,1,1814-1815 conference that redrew European map after Napoleonic Wars
his-l3-082,History,3,What were the Punic Wars?,Greek civil wars,Series of wars between Rome and Carthage,Persian conflicts,Medieval crusades,Asian wars,1,Three wars between Rome and Carthage 264-146 BCE
his-l3-083,History,3,What was the Investiture Controversy?,Trade dispute,Conflict over appointing bishops,Territorial war,Succession crisis,Religious schism,1,11th-12th century conflict between Pope and Holy Roman Emperor
his-l3-084,History,3,Who was Suleiman the Magnificent?,Persian shah,Ottoman sultan,Mughal emperor,Chinese emperor,Russian tsar,1,Ottoman sultan who ruled during empire's golden age 1520-1566
his-l3-085,History,3,What was the Defenestration of Prague?,Battle,Throwing officials from window,Peace treaty,Religious reform,Trade agreement,1,"1618 incident throwing Catholic officials from window, sparking Thirty Years' War"
his-l3-086,History,3,What was the Great Schism?,Political division,Split between Eastern and Western Christianity,Economic crisis,Military conflict,Scientific disagreement,1,1054 split dividing Christianity into Catholic and Orthodox churches
his-l3-087,History,3,Who were the Jacobins?,British party,Radical French revolutionaries,Italian merchants,German philosophers,Spanish explorers,1,Radical political club during French Revolution
his-l3-088,History,3,What was the Pax Romana?,Roman war,Period of Roman peace and prosperity,Trade route,Religious movement,Legal code,1,200-year period of relative peace across Roman Empire
his-l3-089,History,3,What was the Glorious Revolution?,French revolution,English overthrow of James II,American independence,Russian revolution,Chinese revolution,1,1688 overthrow of James II in England without bloodshed
his-l3-090,History,3,Who was Akbar the Great?,Chinese emperor,Mughal emperor of India,Persian shah,Ottoman sultan,Japanese shogun,1,Third Mughal emperor who expanded empire and promoted tolerance
his-l3-091,History,3,What was the War of the Roses?,Flower trade,English civil wars,French conflict,Religious war,Colonial war,1,English civil wars between Houses of Lancaster and York 1455-1487
his-l3-092,History,3,What was the Hanseatic League?,Military alliance,Commercial and defensive confederation,Religious order,Political union,Cultural movement,1,Medieval commercial and defensive confederation of merchant guilds
his-l3-093,History,3,Who was Catherine the Great?,French queen,Russian empress,British queen,Austrian empress,Prussian queen,1,Empress of Russia 1762-1796 who expanded and modernized empire
his-l3-094,History,3,What was the Merovingian Dynasty?,Roman dynasty,Frankish ruling family,Byzantine dynasty,Persian dynasty,Chinese dynasty,1,Frankish dynasty that ruled Gauls 450-750 CE
his-l3-095,History,3,What was the Taiping Rebellion?,Japanese uprising,Massive Chinese civil war,Indian revolt,Korean conflict,Southeast Asian war,1,Devastating civil war in China 1850-1864 against Qing Dynasty
his-l3-096,History,3,Who was Saladin?,European crusader,Muslim leader during Crusades,Byzantine emperor,Persian shah,Mongol khan,1,Kurdish Muslim leader who fought Crusaders and recaptured Jerusalem
his-l3-097,History,3,What was the Kulturkampf?,Cultural exchange,Bismarck's conflict with Catholic Church,Artistic movement,Trade policy,Military campaign,1,Bismarck's 1870s struggle against Catholic Church influence in Germany
his-l3-098,History,3,What was the Opium War?,Drug prohibition,Conflicts between China and Britain,Trade dispute,Religious war,Colonial conflict,1,Mid-19th century conflicts between China and Western powers over trade
his-l3-099,History,3,Who was Cyrus the Great?,Roman emperor,Persian emperor who founded Achaemenid Empire,Greek king,Egyptian pharaoh,Babylonian king,1,"Founder of Achaemenid Empire, created largest empire of ancient world"
his-l3-100,History,3,What was the Dreyfus Affair?,Military battle,Political scandal in France,Trade dispute,Religious conflict,Espionage case,1,Political scandal dividing France 1894-1906 over false treason charge
his-l4-001,History,4,What was the Peace of Augsburg?,WWI treaty,1555 agreement on religious coexistence,Trade pact,Territorial agreement,Military alliance,1,1555 treaty allowing princes to choose Catholicism or Lutheranism
his-l4-002,History,4,Who was Hammurabi?,Egyptian pharaoh,Babylonian king who created law code,Persian emperor,Greek philosopher,Roman senator,1,Sixth king of Babylon famous for law code circa 1750 BCE
his-l4-003,History,4,What was the Edict of Nantes?,Trade regulation,French decree granting religious tolerance,Declaration of war,Tax law,Land grant,1,1598 decree granting rights to Protestants in Catholic France
his-l4-004,History,4,What was the Glorious Revolution's Bill of Rights?,American document,1689 English limits on monarchy,French declaration,UN charter,Trade agreement,1,1689 document establishing constitutional monarchy in England
his-l4-005,History,4,Who was Diocletian?,Greek philosopher,Roman emperor who divided empire,Byzantine general,Persian shah,Carthaginian leader,1,Roman emperor who divided empire into East and West 284-305 CE
his-l4-006,History,4,What was the Synod of Whitby?,Political assembly,664 CE conference on Christian practices,Military council,Trade meeting,Legal court,1,664 CE council deciding between Roman and Celtic Christian practices
his-l4-007,History,4,What were the Tanzimat reforms?,Japanese modernization,Ottoman modernization reforms,Chinese reforms,Russian reforms,Persian reforms,1,19th century Ottoman modernization reforms
his-l4-008,History,4,Who was Pericles?,Roman emperor,Athenian statesman during Golden Age,Spartan king,Macedonian general,Persian emperor,1,Athenian statesman during Athens' Golden Age 461-429 BCE
his-l4-009,History,4,What was the Pragmatic Sanction?,Religious law,1713 decree on Habsburg succession,Trade regulation,Military code,Land reform,1,1713 edict ensuring Maria Theresa's succession to Habsburg throne
his-l4-010,History,4,What was the Concordat of Worms?,Food treaty,1122 agreement ending Investiture Controversy,Trade pact,Military alliance,Territorial division,1,1122 agreement between Pope and Emperor ending Investiture Controversy
his-l4-011,History,4,Who was Justinian I?,Persian emperor,Byzantine emperor who codified Roman law,Holy Roman Emperor,Frankish king,Visigoth king,1,Byzantine emperor 527-565 who reconquered much of Roman Empire
his-l4-012,History,4,What was the Defenestration of 1419?,Peace treaty,Hussite uprising in Prague,Religious reform,Trade dispute,Succession crisis,1,Hussite uprising in Prague throwing councilors from windows
his-l4-013,History,4,What was the Thermidorian Reaction?,Scientific discovery,1794 overthrow of Robespierre,Industrial innovation,Agricultural reform,Military coup,1,1794 coup ending Reign of Terror in French Revolution
his-l4-014,History,4,Who was Frederick Barbarossa?,French king,Holy Roman Emperor,Byzantine emperor,English king,Spanish king,1,Holy Roman Emperor 1155-1190 who led Third Crusade
his-l4-015,History,4,What was the Zollverein?,Political alliance,German customs union,Military pact,Religious league,Cultural association,1,19th century coalition of German states forming customs union
his-l4-016,History,4,What was the Babylonian Captivity of the Papacy?,Mesopotamian era,Pope residing in Avignon 1309-1376,Ancient conquest,Religious persecution,Crusade,1,"Period 1309-1376 when popes resided in Avignon, not Rome"
his-l4-017,History,4,Who was Ashoka?,Chinese emperor,Mauryan emperor who spread Buddhism,Persian shah,Greek king,Roman emperor,1,Mauryan emperor 268-232 BCE who spread Buddhism across Asia
his-l4-018,History,4,What was the Sejm?,Ottoman council,Polish parliament,Russian assembly,German diet,French estates,1,"Parliament of Poland-Lithuania, one of earliest legislative bodies"
his-l4-019,History,4,What was the Treaty of Tordesillas?,Peace treaty,1494 division of New World between Spain and Portugal,Trade agreement,Military alliance,Religious accord,1,1494 treaty dividing newly discovered lands between Spain and Portugal
his-l4-020,History,4,Who was Solon?,Roman consul,Athenian lawmaker and poet,Spartan general,Persian satrap,Macedonian prince,1,Athenian statesman who reformed laws and created democratic foundations
his-l4-021,History,4,What was the Peace of Augsburg?,WWI treaty,1555 agreement on religious coexistence,Trade pact,Territorial agreement,Military alliance,1,1555 treaty allowing princes to choose Catholicism or Lutheranism
his-l4-022,History,4,Who was Hammurabi?,Egyptian pharaoh,Babylonian king who created law code,Persian emperor,Greek philosopher,Roman senator,1,Sixth king of Babylon famous for law code circa 1750 BCE
his-l4-023,History,4,What was the Edict of Nantes?,Trade regulation,French decree granting religious tolerance,Declaration of war,Tax law,Land grant,1,1598 decree granting rights to Protestants in Catholic France
his-l4-024,History,4,What was the Glorious Revolution's Bill of Rights?,American document,1689 English limits on monarchy,French declaration,UN charter,Trade agreement,1,1689 document establishing constitutional monarchy in England
his-l4-025,History,4,Who was Diocletian?,Greek philosopher,Roman emperor who divided empire,Byzantine general,Persian shah,Carthaginian leader,1,Roman emperor who divided empire into East and West 284-305 CE
his-l4-026,History,4,What was the Synod of Whitby?,Political assembly,664 CE conference on Christian practices,Military council,Trade meeting,Legal court,1,664 CE council deciding between Roman and Celtic Christian practices
his-l4-027,History,4,What were the Tanzimat reforms?,Japanese modernization,Ottoman modernization reforms,Chinese reforms,Russian reforms,Persian reforms,1,19th century Ottoman modernization reforms
his-l4-028,History,4,Who was Pericles?,Roman emperor,Athenian statesman during Golden Age,Spartan king,Macedonian general,Persian emperor,1,Athenian statesman during Athens' Golden Age 461-429 BCE
his-l4-029,History,4,What was the Pragmatic Sanction?,Religious law,1713 decree on Habsburg succession,Trade regulation,Military code,Land reform,1,1713 edict ensuring Maria Theresa's succession to Habsburg throne
his-l4-030,History,4,What was the Concordat of Worms?,Food treaty,1122 agreement ending Investiture Controversy,Trade pact,Military alliance,Territorial division,1,1122 agreement between Pope and Emperor ending Investiture Controversy
his-l4-031,History,4,Who was Justinian I?,Persian emperor,Byzantine emperor who codified Roman law,Holy Roman Emperor,Frankish king,Visigoth king,1,Byzantine emperor 527-565 who reconquered much of Roman Empire
his-l4-032,History,4,What was the Defenestration of 1419?,Peace treaty,Hussite uprising in Prague,Religious reform,Trade dispute,Succession crisis,1,Hussite uprising in Prague throwing councilors from windows
his-l4-033,History,4,What was the Thermidorian Reaction?,Scientific discovery,1794 overthrow of Robespierre,Industrial innovation,Agricultural reform,Military coup,1,1794 coup ending Reign of Terror in French Revolution
his-l4-034,History,4,Who was Frederick Barbarossa?,French king,Holy Roman Emperor,Byzantine emperor,English king,Spanish king,1,Holy Roman Emperor 1155-1190 who led Third Crusade
his-l4-035,History,4,What was the Zollverein?,Political alliance,German customs union,Military pact,Religious league,Cultural association,1,19th century coalition of German states forming customs union
his-l4-036,History,4,What was the Babylonian Captivity of the Papacy?,Mesopotamian era,Pope residing in Avignon 1309-1376,Ancient conquest,Religious persecution,Crusade,1,"Period 1309-1376 when popes resided in Avignon, not Rome"
his-l4-037,History,4,Who was Ashoka?,Chinese emperor,Mauryan emperor who spread Buddhism,Persian shah,Greek king,Roman emperor,1,Mauryan emperor 268-232 BCE who spread Buddhism across Asia
his-l4-038,History,4,What was the Sejm?,Ottoman council,Polish parliament,Russian assembly,German diet,French estates,1,"Parliament of Poland-Lithuania, one of earliest legislative bodies"
his-l4-039,History,4,What was the Treaty of Tordesillas?,Peace treaty,1494 division of New World between Spain and Portugal,Trade agreement,Military alliance,Religious accord,1,1494 treaty dividing newly discovered lands between Spain and Portugal
his-l4-040,History,4,Who was Solon?,Roman consul,Athenian lawmaker and poet,Spartan general,Persian satrap,Macedonian prince,1,Athenian statesman who reformed laws and created democratic foundations
his-l4-041,History,4,What was the Peace of Augsburg?,WWI treaty,1555 agreement on religious coexistence,Trade pact,Territorial agreement,Military alliance,1,1555 treaty allowing princes to choose Catholicism or Lutheranism
his-l4-042,History,4,Who was Hammurabi?,Egyptian pharaoh,Babylonian king who created law code,Persian emperor,Greek philosopher,Roman senator,1,Sixth king of Babylon famous for law code circa 1750 BCE
his-l4-043,History,4,What was the Edict of Nantes?,Trade regulation,French decree granting religious tolerance,Declaration of war,Tax law,Land grant,1,1598 decree granting rights to Protestants in Catholic France
his-l4-044,History,4,What was the Glorious Revolution's Bill of Rights?,American document,1689 English limits on monarchy,French declaration,UN charter,Trade agreement,1,1689 document establishing constitutional monarchy in England
his-l4-045,History,4,Who was Diocletian?,Greek philosopher,Roman emperor who divided empire,Byzantine general,Persian shah,Carthaginian leader,1,Roman emperor who divided empire into East and West 284-305 CE
his-l4-046,History,4,What was the Synod of Whitby?,Political assembly,664 CE conference on Christian practices,Military council,Trade meeting,Legal court,1,664 CE council deciding between Roman and Celtic Christian practices
his-l4-047,History,4,What were the Tanzimat reforms?,Japanese modernization,Ottoman modernization reforms,Chinese reforms,Russian reforms,Persian reforms,1,19th century Ottoman modernization reforms
his-l4-048,History,4,Who was Pericles?,Roman emperor,Athenian statesman during Golden Age,Spartan king,Macedonian general,Persian emperor,1,Athenian statesman during Athens' Golden Age 461-429 BCE
his-l4-049,History,4,What was the Pragmatic Sanction?,Religious law,1713 decree on Habsburg succession,Trade regulation,Military code,Land reform,1,1713 edict ensuring Maria Theresa's succession to Habsburg throne
his-l4-050,History,4,What was the Concordat of Worms?,Food treaty,1122 agreement ending Investiture Controversy,Trade pact,Military alliance,Territorial division,1,1122 agreement between Pope and Emperor ending Investiture Controversy
his-l4-051,History,4,Who was Justinian I?,Persian emperor,Byzantine emperor who codified Roman law,Holy Roman Emperor,Frankish king,Visigoth king,1,Byzantine emperor 527-565 who reconquered much of Roman Empire
his-l4-052,History,4,What was the Defenestration of 1419?,Peace treaty,Hussite uprising in Prague,Religious reform,Trade dispute,Succession crisis,1,Hussite uprising in Prague throwing councilors from windows
his-l4-053,History,4,What was the Thermidorian Reaction?,Scientific discovery,1794 overthrow of Robespierre,Industrial innovation,Agricultural reform,Military coup,1,1794 coup ending Reign of Terror in French Revolution
his-l4-054,History,4,Who was Frederick Barbarossa?,French king,Holy Roman Emperor,Byzantine emperor,English king,Spanish king,1,Holy Roman Emperor 1155-1190 who led Third Crusade
his-l4-055,History,4,What was the Zollverein?,Political alliance,German customs union,Military pact,Religious league,Cultural association,1,19th century coalition of German states forming customs union
his-l4-056,History,4,What was the Babylonian Captivity of the Papacy?,Mesopotamian era,Pope residing in Avignon 1309-1376,Ancient conquest,Religious persecution,Crusade,1,"Period 1309-1376 when popes resided in Avignon, not Rome"
his-l4-057,History,4,Who was Ashoka?,Chinese emperor,Mauryan emperor who spread Buddhism,Persian shah,Greek king,Roman emperor,1,Mauryan emperor 268-232 BCE who spread Buddhism across Asia
his-l4-058,History,4,What was the Sejm?,Ottoman council,Polish parliament,Russian assembly,German diet,French estates,1,"Parliament of Poland-Lithuania, one of earliest legislative bodies"
his-l4-059,History,4,What was the Treaty of Tordesillas?,Peace treaty,1494 division of New World between Spain and Portugal,Trade agreement,Military alliance,Religious accord,1,1494 treaty dividing newly discovered lands between Spain and Portugal
his-l4-060,History,4,Who was Solon?,Roman consul,Athenian lawmaker and poet,Spartan general,Persian satrap,Macedonian prince,1,Athenian statesman who reformed laws and created democratic foundations
his-l4-061,History,4,What was the Peace of Augsburg?,WWI treaty,1555 agreement on religious coexistence,Trade pact,Territorial agreement,Military alliance,1,1555 treaty allowing princes to choose Catholicism or Lutheranism
his-l4-062,History,4,Who was Hammurabi?,Egyptian pharaoh,Babylonian king who created law code,Persian emperor,Greek philosopher,Roman senator,1,Sixth king of Babylon famous for law code circa 1750 BCE
his-l4-063,History,4,What was the Edict of Nantes?,Trade regulation,French decree granting religious tolerance,Declaration of war,Tax law,Land grant,1,1598 decree granting rights to Protestants in Catholic France
his-l4-064,History,4,What was the Glorious Revolution's Bill of Rights?,American document,1689 English limits on monarchy,French declaration,UN charter,Trade agreement,1,1689 document establishing constitutional monarchy in England
his-l4-065,History,4,Who was Diocletian?,Greek philosopher,Roman emperor who divided empire,Byzantine general,Persian shah,Carthaginian leader,1,Roman emperor who divided empire into East and West 284-305 CE
his-l4-066,History,4,What was the Synod of Whitby?,Political assembly,664 CE conference on Christian practices,Military council,Trade meeting,Legal court,1,664 CE council deciding between Roman and Celtic Christian practices
his-l4-067,History,4,What were the Tanzimat reforms?,Japanese modernization,Ottoman modernization reforms,Chinese reforms,Russian reforms,Persian reforms,1,19th century Ottoman modernization reforms
his-l4-068,History,4,Who was Pericles?,Roman emperor,Athenian statesman during Golden Age,Spartan king,Macedonian general,Persian emperor,1,Athenian statesman during Athens' Golden Age 461-429 BCE
his-l4-069,History,4,What was the Pragmatic Sanction?,Religious law,1713 decree on Habsburg succession,Trade regulation,Military code,Land reform,1,1713 edict ensuring Maria Theresa's succession to Habsburg throne
his-l4-070,History,4,What was the Concordat of Worms?,Food treaty,1122 agreement ending Investiture Controversy,Trade pact,Military alliance,Territorial division,1,1122 agreement between Pope and Emperor ending Investiture Controversy
his-l4-071,History,4,Who was Justinian I?,Persian emperor,Byzantine emperor who codified Roman law,Holy Roman Emperor,Frankish king,Visigoth king,1,Byzantine emperor 527-565 who reconquered much of Roman Empire
his-l4-072,History,4,What was the Defenestration of 1419?,Peace treaty,Hussite uprising in Prague,Religious reform,Trade dispute,Succession crisis,1,Hussite uprising in Prague throwing councilors from windows
his-l4-073,History,4,What was the Thermidorian Reaction?,Scientific discovery,1794 overthrow of Robespierre,Industrial innovation,Agricultural reform,Military coup,1,1794 coup ending Reign of Terror in French Revolution
his-l4-074,History,4,Who was Frederick Barbarossa?,French king,Holy Roman Emperor,Byzantine emperor,English king,Spanish king,1,Holy Roman Emperor 1155-1190 who led Third Crusade
his-l4-075,History,4,What was the Zollverein?,Political alliance,German customs union,Military pact,Religious league,Cultural association,1,19th century coalition of German states forming customs union
his-l4-076,History,4,What was the Babylonian Captivity of the Papacy?,Mesopotamian era,Pope residing in Avignon 1309-1376,Ancient conquest,Religious persecution,Crusade,1,"Period 1309-1376 when popes resided in Avignon, not Rome"
his-l4-077,History,4,Who was Ashoka?,Chinese emperor,Mauryan emperor who spread Buddhism,Persian shah,Greek king,Roman emperor,1,Mauryan emperor 268-232 BCE who spread Buddhism across Asia
his-l4-078,History,4,What was the Sejm?,Ottoman council,Polish parliament,Russian assembly,German diet,French estates,1,"Parliament of Poland-Lithuania, one of earliest legislative bodies"
his-l4-079,History,4,What was the Treaty of Tordesillas?,Peace treaty,1494 division of New World between Spain and Portugal,Trade agreement,Military alliance,Religious accord,1,1494 treaty dividing newly discovered lands between Spain and Portugal
his-l4-080,History,4,Who was Solon?,Roman consul,Athenian lawmaker and poet,Spartan general,Persian satrap,Macedonian prince,1,Athenian statesman who reformed laws and created democratic foundations
his-l4-081,History,4,What was the Peace of Augsburg?,WWI treaty,1555 agreement on religious coexistence,Trade pact,Territorial agreement,Military alliance,1,1555 treaty allowing princes to choose Catholicism or Lutheranism
his-l4-082,History,4,Who was Hammurabi?,Egyptian pharaoh,Babylonian king who created law code,Persian emperor,Greek philosopher,Roman senator,1,Sixth king of Babylon famous for law code circa 1750 BCE
his-l4-083,History,4,What was the Edict of Nantes?,Trade regulation,French decree granting religious tolerance,Declaration of war,Tax law,Land grant,1,1598 decree granting rights to Protestants in Catholic France
his-l4-084,History,4,What was the Glorious Revolution's Bill of Rights?,American document,1689 English limits on monarchy,French declaration,UN charter,Trade agreement,1,1689 document establishing constitutional monarchy in England
his-l4-085,History,4,Who was Diocletian?,Greek philosopher,Roman emperor who divided empire,Byzantine general,Persian shah,Carthaginian leader,1,Roman emperor who divided empire into East and West 284-305 CE
his-l4-086,History,4,What was the Synod of Whitby?,Political assembly,664 CE conference on Christian practices,Military council,Trade meeting,Legal court,1,664 CE council deciding between Roman and Celtic Christian practices
his-l4-087,History,4,What were the Tanzimat reforms?,Japanese modernization,Ottoman modernization reforms,Chinese reforms,Russian reforms,Persian reforms,1,19th century Ottoman modernization reforms
his-l4-088,History,4,Who was Pericles?,Roman emperor,Athenian statesman during Golden Age,Spartan king,Macedonian general,Persian emperor,1,Athenian statesman during Athens' Golden Age 461-429 BCE
his-l4-089,History,4,What was the Pragmatic Sanction?,Religious law,1713 decree on Habsburg succession,Trade regulation,Military code,Land reform,1,1713 edict ensuring Maria Theresa's succession to Habsburg throne
his-l4-090,History,4,What was the Concordat of Worms?,Food treaty,1122 agreement ending Investiture Controversy,Trade pact,Military alliance,Territorial division,1,1122 agreement between Pope and Emperor ending Investiture Controversy
his-l4-091,History,4,Who was Justinian I?,Persian emperor,Byzantine emperor who codified Roman law,Holy Roman Emperor,Frankish king,Visigoth king,1,Byzantine emperor 527-565 who reconquered much of Roman Empire
his-l4-092,History,4,What was the Defenestration of 1419?,Peace treaty,Hussite uprising in Prague,Religious reform,Trade dispute,Succession crisis,1,Hussite uprising in Prague throwing councilors from windows
his-l4-093,History,4,What was the Thermidorian Reaction?,Scientific discovery,1794 overthrow of Robespierre,Industrial innovation,Agricultural reform,Military coup,1,1794 coup ending Reign of Terror in French Revolution
his-l4-094,History,4,Who was Frederick Barbarossa?,French king,Holy Roman Emperor,Byzantine emperor,English king,Spanish king,1,Holy Roman Emperor 1155-1190 who led Third Crusade
his-l4-095,History,4,What was the Zollverein?,Political alliance,German customs union,Military pact,Religious league,Cultural association,1,19th century coalition of German states forming customs union
his-l4-096,History,4,What was the Babylonian Captivity of the Papacy?,Mesopotamian era,Pope residing in Avignon 1309-1376,Ancient conquest,Religious persecution,Crusade,1,"Period 1309-1376 when popes resided in Avignon, not Rome"
his-l4-097,History,4,Who was Ashoka?,Chinese emperor,Mauryan emperor who spread Buddhism,Persian shah,Greek king,Roman emperor,1,Mauryan emperor 268-232 BCE who spread Buddhism across Asia
his-l4-098,History,4,What was the Sejm?,Ottoman council,Polish parliament,Russian assembly,German diet,French estates,1,"Parliament of Poland-Lithuania, one of earliest legislative bodies"
his-l4-099,History,4,What was the Treaty of Tordesillas?,Peace treaty,1494 division of New World between Spain and Portugal,Trade agreement,Military alliance,Religious accord,1,1494 treaty dividing newly discovered lands between Spain and Portugal
his-l4-100,History,4,Who was Solon?,Roman consul,Athenian lawmaker and poet,Spartan general,Persian satrap,Macedonian prince,1,Athenian statesman who reformed laws and created democratic foundations
his-l5-001,History,5,What was the Carolingian Renaissance?,Italian movement,Frankish revival of learning under Charlemagne,Spanish golden age,Byzantine revival,English reformation,1,Cultural and intellectual revival in Carolingian Empire 8th-9th century
his-l5-002,History,5,What was the Peace of Karlowitz?,WWI treaty,1699 Ottoman territorial losses,Religious agreement,Trade pact,Dynastic marriage,1,1699 treaty where Ottomans lost significant European territory
his-l5-003,History,5,Who was Diocletian's tetrarchy?,Four emperors,System of rule by four emperors,Four provinces,Four legions,Four reforms,1,Diocletian's division of Roman rule among four emperors
his-l5-004,History,5,What was the Diggers movement?,Mining guild,1649 English agrarian communism movement,Religious sect,Trade union,Military group,1,Radical 1649 movement advocating common ownership of land
his-l5-005,History,5,What was the Iconoclasm?,Art movement,Byzantine controversy over religious images,Religious reform,Political revolution,Scientific method,1,Byzantine controversy 726-843 over use of religious images
his-l5-006,History,5,Who was Al-Mamun?,Ottoman sultan,Abbasid caliph promoting learning,Umayyad caliph,Persian shah,Mughal emperor,1,Abbasid caliph 813-833 who founded House of Wisdom
his-l5-007,History,5,What was the Sicilian Vespers?,Prayer service,1282 rebellion against French rule,Religious festival,Trade agreement,Peace treaty,1,1282 rebellion in Sicily against French Angevin rule
his-l5-008,History,5,What was the Formula of Concord?,Mathematical equation,1577 Lutheran doctrinal statement,Peace treaty,Trade formula,Legal code,1,1577 Lutheran statement resolving doctrinal controversies
his-l5-009,History,5,Who was Emperor Heraclius?,Roman emperor,Byzantine emperor who reorganized empire,Holy Roman Emperor,Persian emperor,Chinese emperor,1,Byzantine emperor 610-641 who reorganized empire and fought Persians
his-l5-010,History,5,What was the Cluniac Reform?,Political reform,Monastic reform movement,Educational reform,Economic reform,Military reform,1,10th-12th century movement reforming Benedictine monasticism
his-l5-011,History,5,What was the Cadmean victory?,Pyrrhic victory,Victory with such cost it's tantamount to defeat,Decisive win,Naval triumph,Diplomatic success,1,Victory that inflicts such devastating toll it's equivalent to defeat
his-l5-012,History,5,Who was Ibn Khaldun?,Ottoman official,Arab historiographer and historian,Persian poet,Indian scholar,Chinese philosopher,1,14th century Arab scholar considered father of sociology and historiography
his-l5-013,History,5,What was the Kappel Wars?,German conflicts,Swiss religious wars,Italian wars,French wars,English wars,1,1529 and 1531 wars between Protestant and Catholic Swiss cantons
his-l5-014,History,5,What was the Perpetual Edict?,Eternal law,1577 pacification attempt in Netherlands,Roman decree,Byzantine law,Medieval charter,1,1577 attempt to pacify Netherlands by recognizing religious division
his-l5-015,History,5,Who was Isocrates?,Philosopher,Ancient Athenian rhetorician,Spartan general,Persian diplomat,Roman orator,1,"Ancient Greek rhetorician 436-338 BCE, one of ten Attic orators"
his-l5-016,History,5,What was the Quirinal Palace originally?,Church,Papal summer residence,Military fortress,Government building,Royal palace,1,"Built as papal summer residence, now official residence of Italian president"
his-l5-017,History,5,What was the Pragmatic Army?,Professional force,Austrian army sent to Rhine 1743,Roman legion,Byzantine guard,Frankish host,1,Austrian army under Maria Theresa sent to Rhine in War of Austrian Succession
his-l5-018,History,5,Who was Sidonius Apollinaris?,Byzantine general,Gallic poet and bishop,Roman senator,Gothic king,Frankish noble,1,"5th century Gallic-Roman poet, diplomat, and bishop during fall of Western Empire"
his-l5-019,History,5,What was the Assizes of Jerusalem?,Peace treaty,Crusader legal code,Religious edict,Trade regulation,Military order,1,Legal code governing Crusader Kingdom of Jerusalem
his-l5-020,History,5,What was the Assize of Clarendon?,Military review,1166 English legal reform,French decree,Church council,Trade regulation,1,1166 act by Henry II establishing common law procedures
his-l5-021,History,5,What was the Carolingian Renaissance?,Italian movement,Frankish revival of learning under Charlemagne,Spanish golden age,Byzantine revival,English reformation,1,Cultural and intellectual revival in Carolingian Empire 8th-9th century
his-l5-022,History,5,What was the Peace of Karlowitz?,WWI treaty,1699 Ottoman territorial losses,Religious agreement,Trade pact,Dynastic marriage,1,1699 treaty where Ottomans lost significant European territory
his-l5-023,History,5,Who was Diocletian's tetrarchy?,Four emperors,System of rule by four emperors,Four provinces,Four legions,Four reforms,1,Diocletian's division of Roman rule among four emperors
his-l5-024,History,5,What was the Diggers movement?,Mining guild,1649 English agrarian communism movement,Religious sect,Trade union,Military group,1,Radical 1649 movement advocating common ownership of land
his-l5-025,History,5,What was the Iconoclasm?,Art movement,Byzantine controversy over religious images,Religious reform,Political revolution,Scientific method,1,Byzantine controversy 726-843 over use of religious images
his-l5-026,History,5,Who was Al-Mamun?,Ottoman sultan,Abbasid caliph promoting learning,Umayyad caliph,Persian shah,Mughal emperor,1,Abbasid caliph 813-833 who founded House of Wisdom
his-l5-027,History,5,What was the Sicilian Vespers?,Prayer service,1282 rebellion against French rule,Religious festival,Trade agreement,Peace treaty,1,1282 rebellion in Sicily against French Angevin rule
his-l5-028,History,5,What was the Formula of Concord?,Mathematical equation,1577 Lutheran doctrinal statement,Peace treaty,Trade formula,Legal code,1,1577 Lutheran statement resolving doctrinal controversies
his-l5-029,History,5,Who was Emperor Heraclius?,Roman emperor,Byzantine emperor who reorganized empire,Holy Roman Emperor,Persian emperor,Chinese emperor,1,Byzantine emperor 610-641 who reorganized empire and fought Persians
his-l5-030,History,5,What was the Cluniac Reform?,Political reform,Monastic reform movement,Educational reform,Economic reform,Military reform,1,10th-12th century movement reforming Benedictine monasticism
his-l5-031,History,5,What was the Cadmean victory?,Pyrrhic victory,Victory with such cost it's tantamount to defeat,Decisive win,Naval triumph,Diplomatic success,1,Victory that inflicts such devastating toll it's equivalent to defeat
his-l5-032,History,5,Who was Ibn Khaldun?,Ottoman official,Arab historiographer and historian,Persian poet,Indian scholar,Chinese philosopher,1,14th century Arab scholar considered father of sociology and historiography
his-l5-033,History,5,What was the Kappel Wars?,German conflicts,Swiss religious wars,Italian wars,French wars,English wars,1,1529 and 1531 wars between Protestant and Catholic Swiss cantons
his-l5-034,History,5,What was the Perpetual Edict?,Eternal law,1577 pacification attempt in Netherlands,Roman decree,Byzantine law,Medieval charter,1,1577 attempt to pacify Netherlands by recognizing religious division
his-l5-035,History,5,Who was Isocrates?,Philosopher,Ancient Athenian rhetorician,Spartan general,Persian diplomat,Roman orator,1,"Ancient Greek rhetorician 436-338 BCE, one of ten Attic orators"
his-l5-036,History,5,What was the Quirinal Palace originally?,Church,Papal summer residence,Military fortress,Government building,Royal palace,1,"Built as papal summer residence, now official residence of Italian president"
his-l5-037,History,5,What was the Pragmatic Army?,Professional force,Austrian army sent to Rhine 1743,Roman legion,Byzantine guard,Frankish host,1,Austrian army under Maria Theresa sent to Rhine in War of Austrian Succession
his-l5-038,History,5,Who was Sidonius Apollinaris?,Byzantine general,Gallic poet and bishop,Roman senator,Gothic king,Frankish noble,1,"5th century Gallic-Roman poet, diplomat, and bishop during fall of Western Empire"
his-l5-039,History,5,What was the Assizes of Jerusalem?,Peace treaty,Crusader legal code,Religious edict,Trade regulation,Military order,1,Legal code governing Crusader Kingdom of Jerusalem
his-l5-040,History,5,What was the Assize of Clarendon?,Military review,1166 English legal reform,French decree,Church council,Trade regulation,1,1166 act by Henry II establishing common law procedures
his-l5-041,History,5,What was the Carolingian Renaissance?,Italian movement,Frankish revival of learning under Charlemagne,Spanish golden age,Byzantine revival,English reformation,1,Cultural and intellectual revival in Carolingian Empire 8th-9th century
his-l5-042,History,5,What was the Peace of Karlowitz?,WWI treaty,1699 Ottoman territorial losses,Religious agreement,Trade pact,Dynastic marriage,1,1699 treaty where Ottomans lost significant European territory
his-l5-043,History,5,Who was Diocletian's tetrarchy?,Four emperors,System of rule by four emperors,Four provinces,Four legions,Four reforms,1,Diocletian's division of Roman rule among four emperors
his-l5-044,History,5,What was the Diggers movement?,Mining guild,1649 English agrarian communism movement,Religious sect,Trade union,Military group,1,Radical 1649 movement advocating common ownership of land
his-l5-045,History,5,What was the Iconoclasm?,Art movement,Byzantine controversy over religious images,Religious reform,Political revolution,Scientific method,1,Byzantine controversy 726-843 over use of religious images
his-l5-046,History,5,Who was Al-Mamun?,Ottoman sultan,Abbasid caliph promoting learning,Umayyad caliph,Persian shah,Mughal emperor,1,Abbasid caliph 813-833 who founded House of Wisdom
his-l5-047,History,5,What was the Sicilian Vespers?,Prayer service,1282 rebellion against French rule,Religious festival,Trade agreement,Peace treaty,1,1282 rebellion in Sicily against French Angevin rule
his-l5-048,History,5,What was the Formula of Concord?,Mathematical equation,1577 Lutheran doctrinal statement,Peace treaty,Trade formula,Legal code,1,1577 Lutheran statement resolving doctrinal controversies
his-l5-049,History,5,Who was Emperor Heraclius?,Roman emperor,Byzantine emperor who reorganized empire,Holy Roman Emperor,Persian emperor,Chinese emperor,1,Byzantine emperor 610-641 who reorganized empire and fought Persians
his-l5-050,History,5,What was the Cluniac Reform?,Political reform,Monastic reform movement,Educational reform,Economic reform,Military reform,1,10th-12th century movement reforming Benedictine monasticism
his-l5-051,History,5,What was the Cadmean victory?,Pyrrhic victory,Victory with such cost it's tantamount to defeat,Decisive win,Naval triumph,Diplomatic success,1,Victory that inflicts such devastating toll it's equivalent to defeat
his-l5-052,History,5,Who was Ibn Khaldun?,Ottoman official,Arab historiographer and historian,Persian poet,Indian scholar,Chinese philosopher,1,14th century Arab scholar considered father of sociology and historiography
his-l5-053,History,5,What was the Kappel Wars?,German conflicts,Swiss religious wars,Italian wars,French wars,English wars,1,1529 and 1531 wars between Protestant and Catholic Swiss cantons
his-l5-054,History,5,What was the Perpetual Edict?,Eternal law,1577 pacification attempt in Netherlands,Roman decree,Byzantine law,Medieval charter,1,1577 attempt to pacify Netherlands by recognizing religious division
his-l5-055,History,5,Who was Isocrates?,Philosopher,Ancient Athenian rhetorician,Spartan general,Persian diplomat,Roman orator,1,"Ancient Greek rhetorician 436-338 BCE, one of ten Attic orators"
his-l5-056,History,5,What was the Quirinal Palace originally?,Church,Papal summer residence,Military fortress,Government building,Royal palace,1,"Built as papal summer residence, now official residence of Italian president"
his-l5-057,History,5,What was the Pragmatic Army?,Professional force,Austrian army sent to Rhine 1743,Roman legion,Byzantine guard,Frankish host,1,Austrian army under Maria Theresa sent to Rhine in War of Austrian Succession
his-l5-058,History,5,Who was Sidonius Apollinaris?,Byzantine general,Gallic poet and bishop,Roman senator,Gothic king,Frankish noble,1,"5th century Gallic-Roman poet, diplomat, and bishop during fall of Western Empire"
his-l5-059,History,5,What was the Assizes of Jerusalem?,Peace treaty,Crusader legal code,Religious edict,Trade regulation,Military order,1,Legal code governing Crusader Kingdom of Jerusalem
his-l5-060,History,5,What was the Assize of Clarendon?,Military review,1166 English legal reform,French decree,Church council,Trade regulation,1,1166 act by Henry II establishing common law procedures
his-l5-061,History,5,What was the Carolingian Renaissance?,Italian movement,Frankish revival of learning under Charlemagne,Spanish golden age,Byzantine revival,English reformation,1,Cultural and intellectual revival in Carolingian Empire 8th-9th century
his-l5-062,History,5,What was the Peace of Karlowitz?,WWI treaty,1699 Ottoman territorial losses,Religious agreement,Trade pact,Dynastic marriage,1,1699 treaty where Ottomans lost significant European territory
his-l5-063,History,5,Who was Diocletian's tetrarchy?,Four emperors,System of rule by four emperors,Four provinces,Four legions,Four reforms,1,Diocletian's division of Roman rule among four emperors
his-l5-064,History,5,What was the Diggers movement?,Mining guild,1649 English agrarian communism movement,Religious sect,Trade union,Military group,1,Radical 1649 movement advocating common ownership of land
his-l5-065,History,5,What was the Iconoclasm?,Art movement,Byzantine controversy over religious images,Religious reform,Political revolution,Scientific method,1,Byzantine controversy 726-843 over use of religious images
his-l5-066,History,5,Who was Al-Mamun?,Ottoman sultan,Abbasid caliph promoting learning,Umayyad caliph,Persian shah,Mughal emperor,1,Abbasid caliph 813-833 who founded House of Wisdom
his-l5-067,History,5,What was the Sicilian Vespers?,Prayer service,1282 rebellion against French rule,Religious festival,Trade agreement,Peace treaty,1,1282 rebellion in Sicily against French Angevin rule
his-l5-068,History,5,What was the Formula of Concord?,Mathematical equation,1577 Lutheran doctrinal statement,Peace treaty,Trade formula,Legal code,1,1577 Lutheran statement resolving doctrinal controversies
his-l5-069,History,5,Who was Emperor Heraclius?,Roman emperor,Byzantine emperor who reorganized empire,Holy Roman Emperor,Persian emperor,Chinese emperor,1,Byzantine emperor 610-641 who reorganized empire and fought Persians
his-l5-070,History,5,What was the Cluniac Reform?,Political reform,Monastic reform movement,Educational reform,Economic reform,Military reform,1,10th-12th century movement reforming Benedictine monasticism
his-l5-071,History,5,What was the Cadmean victory?,Pyrrhic victory,Victory with such cost it's tantamount to defeat,Decisive win,Naval triumph,Diplomatic success,1,Victory that inflicts such devastating toll it's equivalent to defeat
his-l5-072,History,5,Who was Ibn Khaldun?,Ottoman official,Arab historiographer and historian,Persian poet,Indian scholar,Chinese philosopher,1,14th century Arab scholar considered father of sociology and historiography
his-l5-073,History,5,What was the Kappel Wars?,German conflicts,Swiss religious wars,Italian wars,French wars,English wars,1,1529 and 1531 wars between Protestant and Catholic Swiss cantons
his-l5-074,History,5,What was the Perpetual Edict?,Eternal law,1577 pacification attempt in Netherlands,Roman decree,Byzantine law,Medieval charter,1,1577 attempt to pacify Netherlands by recognizing religious division
his-l5-075,History,5,Who was Isocrates?,Philosopher,Ancient Athenian rhetorician,Spartan general,Persian diplomat,Roman orator,1,"Ancient Greek rhetorician 436-338 BCE, one of ten Attic orators"
his-l5-076,History,5,What was the Quirinal Palace originally?,Church,Papal summer residence,Military fortress,Government building,Royal palace,1,"Built as papal summer residence, now official residence of Italian president"
his-l5-077,History,5,What was the Pragmatic Army?,Professional force,Austrian army sent to Rhine 1743,Roman legion,Byzantine guard,Frankish host,1,Austrian army under Maria Theresa sent to Rhine in War of Austrian Succession
his-l5-078,History,5,Who was Sidonius Apollinaris?,Byzantine general,Gallic poet and bishop,Roman senator,Gothic king,Frankish noble,1,"5th century Gallic-Roman poet, diplomat, and bishop during fall of Western Empire"
his-l5-079,History,5,What was the Assizes of Jerusalem?,Peace treaty,Crusader legal code,Religious edict,Trade regulation,Military order,1,Legal code governing Crusader Kingdom of Jerusalem
his-l5-080,History,5,What was the Assize of Clarendon?,Military review,1166 English legal reform,French decree,Church council,Trade regulation,1,1166 act by Henry II establishing common law procedures
his-l5-081,History,5,What was the Carolingian Renaissance?,Italian movement,Frankish revival of learning under Charlemagne,Spanish golden age,Byzantine revival,English reformation,1,Cultural and intellectual revival in Carolingian Empire 8th-9th century
his-l5-082,History,5,What was the Peace of Karlowitz?,WWI treaty,1699 Ottoman territorial losses,Religious agreement,Trade pact,Dynastic marriage,1,1699 treaty where Ottomans lost significant European territory
his-l5-083,History,5,Who was Diocletian's tetrarchy?,Four emperors,System of rule by four emperors,Four provinces,Four legions,Four reforms,1,Diocletian's division of Roman rule among four emperors
his-l5-084,History,5,What was the Diggers movement?,Mining guild,1649 English agrarian communism movement,Religious sect,Trade union,Military group,1,Radical 1649 movement advocating common ownership of land
his-l5-085,History,5,What was the Iconoclasm?,Art movement,Byzantine controversy over religious images,Religious reform,Political revolution,Scientific method,1,Byzantine controversy 726-843 over use of religious images
his-l5-086,History,5,Who was Al-Mamun?,Ottoman sultan,Abbasid caliph promoting learning,Umayyad caliph,Persian shah,Mughal emperor,1,Abbasid caliph 813-833 who founded House of Wisdom
his-l5-087,History,5,What was the Sicilian Vespers?,Prayer service,1282 rebellion against French rule,Religious festival,Trade agreement,Peace treaty,1,1282 rebellion in Sicily against French Angevin rule
his-l5-088,History,5,What was the Formula of Concord?,Mathematical equation,1577 Lutheran doctrinal statement,Peace treaty,Trade formula,Legal code,1,1577 Lutheran statement resolving doctrinal controversies
his-l5-089,History,5,Who was Emperor Heraclius?,Roman emperor,Byzantine emperor who reorganized empire,Holy Roman Emperor,Persian emperor,Chinese emperor,1,Byzantine emperor 610-641 who reorganized empire and fought Persians
his-l5-090,History,5,What was the Cluniac Reform?,Political reform,Monastic reform movement,Educational reform,Economic reform,Military reform,1,10th-12th century movement reforming Benedictine monasticism
his-l5-091,History,5,What was the Cadmean victory?,Pyrrhic victory,Victory with such cost it's tantamount to defeat,Decisive win,Naval triumph,Diplomatic success,1,Victory that inflicts such devastating toll it's equivalent to defeat
his-l5-092,History,5,Who was Ibn Khaldun?,Ottoman official,Arab historiographer and historian,Persian poet,Indian scholar,Chinese philosopher,1,14th century Arab scholar considered father of sociology and historiography
his-l5-093,History,5,What was the Kappel Wars?,German conflicts,Swiss religious wars,Italian wars,French wars,English wars,1,1529 and 1531 wars between Protestant and Catholic Swiss cantons
his-l5-094,History,5,What was the Perpetual Edict?,Eternal law,1577 pacification attempt in Netherlands,Roman decree,Byzantine law,Medieval charter,1,1577 attempt to pacify Netherlands by recognizing religious division
his-l5-095,History,5,Who was Isocrates?,Philosopher,Ancient Athenian rhetorician,Spartan general,Persian diplomat,Roman orator,1,"Ancient Greek rhetorician 436-338 BCE, one of ten Attic orators"
his-l5-096,History,5,What was the Quirinal Palace originally?,Church,Papal summer residence,Military fortress,Government building,Royal palace,1,"Built as papal summer residence, now official residence of Italian president"
his-l5-097,History,5,What was the Pragmatic Army?,Professional force,Austrian army sent to Rhine 1743,Roman legion,Byzantine guard,Frankish host,1,Austrian army under Maria Theresa sent to Rhine in War of Austrian Succession
his-l5-098,History,5,Who was Sidonius Apollinaris?,Byzantine general,Gallic poet and bishop,Roman senator,Gothic king,Frankish noble,1,"5th century Gallic-Roman poet, diplomat, and bishop during fall of Western Empire"
his-l5-099,History,5,What was the Assizes of Jerusalem?,Peace treaty,Crusader legal code,Religious edict,Trade regulation,Military order,1,Legal code governing Crusader Kingdom of Jerusalem
his-l5-100,History,5,What was the Assize of Clarendon?,Military review,1166 English legal reform,French decree,Church council,Trade regulation,1,1166 act by Henry II establishing common law procedures
